woman_id,distance_km,ipv_response
1,42.962762727853395,0
2,42.962762727853395,1
3,42.962762727853395,0
4,42.962762727853395,0
5,42.962762727853395,0
6,42.962762727853395,0
7,42.962762727853395,1
8,42.962762727853395,0
9,42.962762727853395,0
10,42.962762727853395,0
11,42.962762727853395,0
12,0.947995507393471,0
13,0.947995507393471,0
14,0.947995507393471,0
15,0.947995507393471,0
16,0.947995507393471,0
17,0.947995507393471,0
18,0.947995507393471,0
19,0.947995507393471,0
20,0.947995507393471,0
21,0.947995507393471,0
22,0.947995507393471,0
23,0.947995507393471,0
24,0.947995507393471,0
25,2.1495338861390376,0
26,2.1495338861390376,0
27,2.1495338861390376,0
28,2.1495338861390376,0
29,2.1495338861390376,0
30,2.1495338861390376,0
31,2.1495338861390376,0
32,2.1495338861390376,0
33,2.1495338861390376,0
34,2.1495338861390376,0
35,2.1495338861390376,0
36,2.1495338861390376,0
37,2.1495338861390376,0
38,2.1495338861390376,0
39,19.340296003841885,0
40,19.340296003841885,0
41,19.340296003841885,0
42,19.340296003841885,0
43,19.340296003841885,0
44,19.340296003841885,0
45,19.340296003841885,0
46,19.340296003841885,0
47,1.162632545122324,0
48,1.162632545122324,0
49,1.162632545122324,0
50,1.162632545122324,0
51,1.162632545122324,0
52,1.162632545122324,0
53,1.162632545122324,0
54,93.95777345487899,0
55,93.95777345487899,0
56,93.95777345487899,0
57,93.95777345487899,0
58,93.95777345487899,0
59,93.95777345487899,0
60,93.95777345487899,0
61,93.95777345487899,0
62,93.95777345487899,0
63,93.95777345487899,0
64,1.9107560935549572,0
65,1.9107560935549572,0
66,1.9107560935549572,0
67,1.9107560935549572,0
68,1.9107560935549572,0
69,1.9107560935549572,0
70,1.9107560935549572,0
71,1.9107560935549572,0
72,1.9107560935549572,0
73,1.9107560935549572,0
74,52.537811596360946,0
75,52.537811596360946,0
76,52.537811596360946,0
77,52.537811596360946,0
78,52.537811596360946,0
79,52.537811596360946,0
80,52.537811596360946,0
81,54.4989639184153,0
82,54.4989639184153,0
83,54.4989639184153,0
84,54.4989639184153,0
85,54.4989639184153,0
86,54.4989639184153,0
87,54.4989639184153,0
88,54.4989639184153,0
89,5.663096891653038,0
90,5.663096891653038,0
91,5.663096891653038,0
92,5.663096891653038,0
93,5.663096891653038,0
94,5.663096891653038,0
95,5.663096891653038,0
96,0.5378313742003593,0
97,0.5378313742003593,0
98,0.5378313742003593,0
99,0.5378313742003593,0
100,0.5378313742003593,0
101,0.5378313742003593,0
102,0.5378313742003593,0
103,0.5378313742003593,0
104,0.5378313742003593,0
105,0.5378313742003593,0
106,0.5378313742003593,0
107,35.6262327085162,0
108,35.6262327085162,0
109,35.6262327085162,0
110,35.6262327085162,0
111,35.6262327085162,0
112,35.6262327085162,0
113,35.6262327085162,0
114,35.6262327085162,0
115,35.6262327085162,0
116,35.6262327085162,0
117,35.6262327085162,0
118,59.50711928527656,0
119,59.50711928527656,0
120,59.50711928527656,0
121,59.50711928527656,0
122,59.50711928527656,0
123,59.50711928527656,0
124,59.50711928527656,0
125,59.50711928527656,0
126,59.50711928527656,0
127,59.50711928527656,0
128,20.51973509318807,0
129,20.51973509318807,0
130,20.51973509318807,0
131,20.51973509318807,0
132,2.561814076333186,0
133,2.561814076333186,0
134,2.561814076333186,0
135,2.561814076333186,0
136,2.561814076333186,0
137,2.561814076333186,0
138,2.561814076333186,0
139,2.561814076333186,0
140,23.296747772643112,0
141,23.296747772643112,0
142,23.296747772643112,0
143,23.296747772643112,0
144,23.296747772643112,0
145,23.296747772643112,0
146,23.296747772643112,0
147,23.296747772643112,0
148,23.296747772643112,0
149,23.296747772643112,0
150,48.14361415644939,0
151,48.14361415644939,0
152,48.14361415644939,0
153,48.14361415644939,0
154,48.14361415644939,0
155,48.14361415644939,0
156,48.14361415644939,0
157,48.14361415644939,0
158,48.14361415644939,0
159,48.14361415644939,0
160,48.14361415644939,0
161,27.67264904040023,0
162,27.67264904040023,0
163,27.67264904040023,0
164,27.67264904040023,0
165,27.67264904040023,0
166,27.67264904040023,0
167,27.67264904040023,0
168,27.67264904040023,0
169,27.67264904040023,0
170,27.67264904040023,0
171,51.50083952278129,0
172,51.50083952278129,0
173,51.50083952278129,0
174,51.50083952278129,0
175,51.50083952278129,0
176,51.50083952278129,0
177,51.50083952278129,0
178,51.50083952278129,0
179,51.50083952278129,0
180,9.164810099502608,0
181,9.164810099502608,0
182,9.164810099502608,0
183,9.164810099502608,0
184,9.164810099502608,0
185,9.164810099502608,0
186,9.164810099502608,0
187,9.164810099502608,0
188,9.164810099502608,0
189,9.164810099502608,0
190,34.32928956700285,0
191,34.32928956700285,0
192,34.32928956700285,0
193,34.32928956700285,0
194,34.32928956700285,0
195,34.32928956700285,0
196,34.32928956700285,0
197,34.32928956700285,0
198,0.8503700033034108,0
199,0.8503700033034108,0
200,0.8503700033034108,0
201,0.8503700033034108,0
202,0.8503700033034108,0
203,0.8503700033034108,0
204,0.8503700033034108,0
205,0.8503700033034108,0
206,0.8503700033034108,0
207,0.8503700033034108,0
208,0.8503700033034108,0
209,0.8503700033034108,0
210,31.454919636090928,0
211,31.454919636090928,0
212,31.454919636090928,0
213,31.454919636090928,0
214,31.454919636090928,0
215,31.454919636090928,0
216,31.454919636090928,0
217,5.253671660587237,0
218,5.253671660587237,0
219,5.253671660587237,0
220,5.253671660587237,1
221,5.253671660587237,0
222,5.253671660587237,0
223,5.253671660587237,0
224,5.253671660587237,0
225,5.253671660587237,0
226,25.559286497331758,0
227,25.559286497331758,0
228,25.559286497331758,0
229,25.559286497331758,0
230,25.559286497331758,0
231,25.559286497331758,0
232,25.559286497331758,0
233,117.95569704514641,0
234,117.95569704514641,0
235,117.95569704514641,0
236,117.95569704514641,0
237,117.95569704514641,0
238,117.95569704514641,0
239,117.95569704514641,0
240,117.95569704514641,0
241,117.95569704514641,0
242,98.19229178523032,0
243,98.19229178523032,0
244,98.19229178523032,0
245,98.19229178523032,0
246,98.19229178523032,0
247,98.19229178523032,0
248,98.19229178523032,0
249,98.19229178523032,0
250,98.19229178523032,0
251,34.420008856767616,0
252,34.420008856767616,0
253,34.420008856767616,0
254,34.420008856767616,0
255,34.420008856767616,0
256,34.420008856767616,0
257,34.420008856767616,0
258,34.420008856767616,0
259,34.420008856767616,0
260,34.420008856767616,0
261,2.045780697961672,0
262,2.045780697961672,0
263,2.045780697961672,0
264,2.045780697961672,1
265,2.045780697961672,0
266,2.045780697961672,0
267,2.045780697961672,0
268,2.045780697961672,0
269,2.045780697961672,0
270,2.045780697961672,0
271,1.309031502707331,0
272,1.309031502707331,0
273,1.309031502707331,0
274,1.309031502707331,0
275,1.309031502707331,0
276,1.309031502707331,0
277,1.309031502707331,0
278,1.309031502707331,0
279,1.309031502707331,0
280,1.309031502707331,0
281,1.309031502707331,0
282,1.309031502707331,0
283,1.309031502707331,0
284,1.309031502707331,0
285,1.309031502707331,0
286,1.309031502707331,0
287,20.14949974360467,0
288,20.14949974360467,0
289,20.14949974360467,0
290,20.14949974360467,0
291,20.14949974360467,0
292,20.14949974360467,0
293,20.14949974360467,0
294,20.14949974360467,0
295,20.14949974360467,0
296,20.14949974360467,0
297,20.14949974360467,0
298,82.98958977179815,0
299,82.98958977179815,0
300,82.98958977179815,0
301,82.98958977179815,0
302,82.98958977179815,0
303,82.98958977179815,0
304,82.98958977179815,0
305,82.98958977179815,0
306,82.98958977179815,0
307,82.98958977179815,0
308,82.98958977179815,0
309,82.98958977179815,0
310,59.97578157701314,0
311,59.97578157701314,0
312,59.97578157701314,0
313,59.97578157701314,0
314,59.97578157701314,0
315,59.97578157701314,0
316,59.97578157701314,0
317,59.97578157701314,0
318,59.97578157701314,0
319,104.88297083064651,0
320,104.88297083064651,0
321,104.88297083064651,0
322,104.88297083064651,0
323,104.88297083064651,0
324,104.88297083064651,0
325,104.88297083064651,0
326,104.88297083064651,0
327,104.88297083064651,0
328,104.88297083064651,0
329,2.5422270618677847,0
330,2.5422270618677847,0
331,2.5422270618677847,0
332,2.5422270618677847,0
333,2.5422270618677847,0
334,2.5422270618677847,0
335,2.5422270618677847,0
336,2.5422270618677847,0
337,2.5422270618677847,0
338,2.5422270618677847,0
339,2.5422270618677847,0
340,2.5422270618677847,0
341,0.260089178757357,0
342,0.260089178757357,0
343,0.260089178757357,0
344,0.260089178757357,0
345,0.260089178757357,0
346,0.260089178757357,0
347,0.260089178757357,0
348,0.260089178757357,0
349,0.260089178757357,0
350,61.27531545423346,0
351,61.27531545423346,0
352,61.27531545423346,0
353,61.27531545423346,0
354,61.27531545423346,0
355,61.27531545423346,0
356,61.27531545423346,0
357,67.25281860207457,0
358,67.25281860207457,0
359,67.25281860207457,1
360,67.25281860207457,0
361,67.25281860207457,0
362,67.25281860207457,0
363,20.901725612850058,0
364,20.901725612850058,0
365,20.901725612850058,0
366,20.901725612850058,0
367,20.901725612850058,0
368,20.901725612850058,0
369,20.901725612850058,0
370,20.901725612850058,0
371,19.392427993443803,0
372,19.392427993443803,0
373,19.392427993443803,0
374,19.392427993443803,0
375,19.392427993443803,0
376,19.392427993443803,0
377,19.392427993443803,0
378,19.392427993443803,0
379,19.392427993443803,0
380,19.392427993443803,0
381,19.392427993443803,0
382,28.352050755690446,0
383,28.352050755690446,0
384,28.352050755690446,0
385,28.352050755690446,0
386,28.352050755690446,0
387,17.06326050652264,0
388,17.06326050652264,0
389,17.06326050652264,0
390,17.06326050652264,0
391,17.06326050652264,0
392,17.06326050652264,0
393,17.06326050652264,0
394,17.06326050652264,0
395,17.06326050652264,0
396,17.06326050652264,0
397,17.06326050652264,0
398,38.73183806715245,0
399,38.73183806715245,0
400,38.73183806715245,0
401,38.73183806715245,0
402,38.73183806715245,0
403,38.73183806715245,0
404,38.73183806715245,0
405,137.3934026899716,0
406,137.3934026899716,0
407,137.3934026899716,0
408,137.3934026899716,0
409,137.3934026899716,0
410,137.3934026899716,0
411,137.3934026899716,0
412,137.3934026899716,0
413,137.3934026899716,0
414,137.3934026899716,0
415,41.06857101847662,0
416,41.06857101847662,0
417,41.06857101847662,0
418,41.06857101847662,0
419,41.06857101847662,0
420,41.06857101847662,0
421,41.06857101847662,0
422,41.06857101847662,0
423,41.06857101847662,0
424,41.06857101847662,0
425,3.6515106414840424,0
426,3.6515106414840424,0
427,3.6515106414840424,0
428,3.6515106414840424,0
429,3.6515106414840424,0
430,3.6515106414840424,0
431,3.6515106414840424,0
432,3.6515106414840424,0
433,3.6515106414840424,0
434,3.6515106414840424,0
435,3.6515106414840424,0
436,42.28188885039578,0
437,42.28188885039578,0
438,42.28188885039578,0
439,42.28188885039578,0
440,42.28188885039578,0
441,1.7127444539835708,0
442,1.7127444539835708,0
443,1.7127444539835708,0
444,1.7127444539835708,0
445,1.7127444539835708,0
446,1.7127444539835708,0
447,1.7127444539835708,0
448,1.7127444539835708,0
449,3.7370908852705997,0
450,3.7370908852705997,0
451,3.7370908852705997,0
452,3.7370908852705997,0
453,3.7370908852705997,0
454,3.7370908852705997,0
455,3.7370908852705997,0
456,3.7370908852705997,0
457,19.075987394691545,0
458,19.075987394691545,0
459,19.075987394691545,0
460,19.075987394691545,0
461,19.075987394691545,0
462,19.075987394691545,0
463,19.075987394691545,0
464,19.075987394691545,0
465,19.075987394691545,0
466,19.075987394691545,0
467,19.075987394691545,0
468,19.075987394691545,0
469,19.075987394691545,0
470,19.075987394691545,0
471,40.52307371389421,0
472,40.52307371389421,0
473,40.52307371389421,0
474,40.52307371389421,0
475,40.52307371389421,0
476,40.52307371389421,0
477,40.52307371389421,0
478,40.52307371389421,0
479,4.033765366835584,0
480,4.033765366835584,0
481,4.033765366835584,0
482,4.033765366835584,0
483,4.033765366835584,0
484,4.033765366835584,0
485,4.033765366835584,0
486,30.208112665726745,0
487,30.208112665726745,0
488,30.208112665726745,0
489,30.208112665726745,0
490,30.208112665726745,0
491,30.208112665726745,0
492,30.208112665726745,0
493,30.208112665726745,0
494,30.208112665726745,0
495,1.7030725936762554,0
496,1.7030725936762554,0
497,1.7030725936762554,0
498,83.47712796094417,0
499,83.47712796094417,0
500,83.47712796094417,0
501,83.47712796094417,0
502,83.47712796094417,0
503,83.47712796094417,0
504,83.47712796094417,0
505,83.47712796094417,0
506,83.47712796094417,0
507,54.3644916043884,0
508,54.3644916043884,0
509,54.3644916043884,0
510,54.3644916043884,0
511,54.3644916043884,0
512,54.3644916043884,0
513,54.3644916043884,0
514,54.3644916043884,0
515,54.3644916043884,0
516,54.3644916043884,0
517,17.90492016779832,0
518,17.90492016779832,0
519,17.90492016779832,0
520,17.90492016779832,0
521,17.90492016779832,0
522,17.90492016779832,0
523,17.90492016779832,0
524,17.90492016779832,0
525,8.778292007180227,0
526,8.778292007180227,0
527,8.778292007180227,0
528,8.778292007180227,0
529,8.778292007180227,0
530,8.778292007180227,0
531,8.778292007180227,0
532,8.778292007180227,0
533,8.778292007180227,0
534,8.778292007180227,0
535,8.778292007180227,0
536,31.691183751419917,0
537,31.691183751419917,0
538,31.691183751419917,0
539,31.691183751419917,0
540,31.691183751419917,0
541,31.691183751419917,0
542,31.691183751419917,0
543,31.691183751419917,0
544,31.691183751419917,0
545,31.691183751419917,0
546,31.691183751419917,0
547,19.60944340880366,0
548,19.60944340880366,0
549,19.60944340880366,0
550,19.60944340880366,0
551,19.60944340880366,0
552,19.60944340880366,0
553,31.644612963982375,0
554,31.644612963982375,0
555,31.644612963982375,0
556,31.644612963982375,0
557,31.644612963982375,0
558,31.644612963982375,0
559,31.644612963982375,0
560,31.644612963982375,0
561,14.726727542465873,0
562,14.726727542465873,0
563,14.726727542465873,0
564,14.726727542465873,0
565,14.726727542465873,0
566,14.726727542465873,0
567,14.726727542465873,0
568,14.726727542465873,0
569,110.9642578671639,0
570,110.9642578671639,0
571,110.9642578671639,0
572,110.9642578671639,0
573,110.9642578671639,0
574,110.9642578671639,0
575,110.9642578671639,0
576,110.9642578671639,0
577,110.9642578671639,0
578,110.9642578671639,0
579,32.45438642913027,0
580,32.45438642913027,0
581,32.45438642913027,0
582,32.45438642913027,0
583,12.601888453743355,0
584,12.601888453743355,0
585,12.601888453743355,0
586,12.601888453743355,0
587,12.601888453743355,0
588,12.601888453743355,0
589,12.601888453743355,0
590,12.601888453743355,0
591,12.601888453743355,0
592,12.601888453743355,0
593,12.601888453743355,0
594,14.228114046414829,0
595,14.228114046414829,0
596,14.228114046414829,0
597,14.228114046414829,0
598,14.228114046414829,0
599,14.228114046414829,0
600,14.228114046414829,0
601,4.7919298679432085,0
602,4.7919298679432085,0
603,4.7919298679432085,1
604,4.7919298679432085,0
605,4.7919298679432085,0
606,4.7919298679432085,0
607,4.7919298679432085,0
608,4.7919298679432085,0
609,46.8066956347803,0
610,46.8066956347803,0
611,46.8066956347803,0
612,46.8066956347803,0
613,46.8066956347803,0
614,46.8066956347803,0
615,46.8066956347803,0
616,46.8066956347803,0
617,46.8066956347803,0
618,46.8066956347803,0
619,46.8066956347803,0
620,46.8066956347803,0
621,34.79379551250186,0
622,34.79379551250186,0
623,34.79379551250186,0
624,34.79379551250186,0
625,34.79379551250186,0
626,34.79379551250186,1
627,34.79379551250186,0
628,34.79379551250186,0
629,5.714470338580612,0
630,5.714470338580612,0
631,5.714470338580612,0
632,5.714470338580612,0
633,5.714470338580612,0
634,5.714470338580612,0
635,5.714470338580612,0
636,5.714470338580612,0
637,5.714470338580612,0
638,5.714470338580612,0
639,47.812958158462195,0
640,47.812958158462195,0
641,47.812958158462195,0
642,47.812958158462195,0
643,47.812958158462195,0
644,47.812958158462195,0
645,2.1112808665511626,0
646,2.1112808665511626,0
647,2.1112808665511626,0
648,2.1112808665511626,0
649,2.1112808665511626,0
650,2.1112808665511626,1
651,2.1112808665511626,0
652,2.1112808665511626,0
653,2.1112808665511626,0
654,2.1112808665511626,0
655,80.65526183156284,0
656,80.65526183156284,1
657,80.65526183156284,0
658,80.65526183156284,0
659,80.65526183156284,0
660,80.65526183156284,0
661,80.65526183156284,0
662,80.65526183156284,0
663,80.65526183156284,0
664,78.06990566844324,0
665,78.06990566844324,0
666,78.06990566844324,0
667,78.06990566844324,0
668,101.60684786107358,0
669,101.60684786107358,0
670,101.60684786107358,0
671,101.60684786107358,1
672,101.60684786107358,0
673,101.60684786107358,0
674,101.60684786107358,0
675,101.60684786107358,0
676,101.60684786107358,0
677,101.60684786107358,1
678,101.60684786107358,0
679,2.5207899425355658,0
680,2.5207899425355658,0
681,2.5207899425355658,0
682,2.5207899425355658,0
683,96.44950151573357,0
684,96.44950151573357,0
685,96.44950151573357,0
686,96.44950151573357,0
687,96.44950151573357,0
688,96.44950151573357,0
689,96.44950151573357,0
690,96.44950151573357,0
691,0.6590085280083539,0
692,0.6590085280083539,0
693,0.6590085280083539,0
694,0.6590085280083539,0
695,0.6590085280083539,0
696,0.6590085280083539,0
697,0.6590085280083539,0
698,0.6590085280083539,0
699,1.218694272542931,0
700,1.218694272542931,0
701,1.218694272542931,0
702,1.218694272542931,0
703,1.218694272542931,0
704,1.218694272542931,0
705,1.218694272542931,0
706,1.218694272542931,0
707,1.218694272542931,0
708,1.218694272542931,0
709,1.218694272542931,0
710,57.64021830801692,0
711,57.64021830801692,0
712,57.64021830801692,0
713,57.64021830801692,0
714,57.64021830801692,0
715,57.64021830801692,0
716,57.64021830801692,0
717,57.64021830801692,0
718,57.64021830801692,0
719,57.64021830801692,0
720,5.644916275358885,0
721,5.644916275358885,0
722,5.644916275358885,0
723,5.644916275358885,0
724,5.644916275358885,0
725,5.644916275358885,0
726,5.644916275358885,0
727,5.644916275358885,0
728,5.644916275358885,0
729,5.644916275358885,0
730,5.644916275358885,0
731,34.260078701792075,0
732,34.260078701792075,0
733,34.260078701792075,0
734,34.260078701792075,0
735,34.260078701792075,0
736,34.260078701792075,0
737,34.260078701792075,0
738,34.260078701792075,0
739,34.260078701792075,0
740,45.2053810446314,0
741,45.2053810446314,0
742,45.2053810446314,0
743,45.2053810446314,0
744,45.2053810446314,0
745,45.2053810446314,0
746,45.2053810446314,0
747,45.2053810446314,0
748,45.2053810446314,0
749,45.2053810446314,0
750,45.2053810446314,0
751,45.2053810446314,0
752,7.454393695445649,0
753,7.454393695445649,0
754,7.454393695445649,0
755,7.454393695445649,0
756,34.28640041287236,0
757,34.28640041287236,0
758,34.28640041287236,0
759,34.28640041287236,0
760,34.28640041287236,0
761,34.28640041287236,0
762,34.28640041287236,0
763,34.28640041287236,0
764,34.28640041287236,0
765,34.28640041287236,0
766,34.28640041287236,0
767,34.28640041287236,0
768,34.28640041287236,0
769,41.32838559659339,0
770,41.32838559659339,0
771,41.32838559659339,0
772,41.32838559659339,0
773,41.32838559659339,0
774,41.32838559659339,0
775,41.32838559659339,0
776,41.32838559659339,0
777,41.32838559659339,0
778,41.32838559659339,0
779,41.32838559659339,0
780,1.6120159492327377,0
781,1.6120159492327377,0
782,1.6120159492327377,0
783,1.6120159492327377,0
784,1.6120159492327377,0
785,1.6120159492327377,0
786,1.6120159492327377,0
787,1.6120159492327377,0
788,1.6120159492327377,0
789,31.651471407304506,0
790,31.651471407304506,0
791,31.651471407304506,0
792,31.651471407304506,0
793,31.651471407304506,0
794,31.651471407304506,0
795,31.651471407304506,0
796,31.651471407304506,0
797,31.651471407304506,0
798,31.651471407304506,0
799,3.7619998873621254,0
800,3.7619998873621254,0
801,3.7619998873621254,0
802,3.7619998873621254,0
803,3.7619998873621254,0
804,3.7619998873621254,0
805,22.682607296055906,0
806,22.682607296055906,0
807,22.682607296055906,0
808,22.682607296055906,0
809,22.682607296055906,0
810,22.682607296055906,0
811,22.682607296055906,0
812,22.682607296055906,0
813,22.682607296055906,0
814,22.682607296055906,0
815,22.682607296055906,0
816,22.682607296055906,0
817,22.682607296055906,0
818,22.682607296055906,0
819,22.682607296055906,0
820,22.682607296055906,0
821,23.166643300242427,0
822,23.166643300242427,0
823,23.166643300242427,0
824,23.166643300242427,0
825,23.166643300242427,0
826,23.166643300242427,0
827,23.166643300242427,0
828,23.166643300242427,0
829,23.166643300242427,0
830,23.166643300242427,0
831,23.166643300242427,0
832,23.166643300242427,0
833,23.166643300242427,0
834,23.166643300242427,0
835,23.166643300242427,0
836,0.22296444995945322,0
837,0.22296444995945322,0
838,0.22296444995945322,0
839,0.22296444995945322,0
840,0.22296444995945322,0
841,0.22296444995945322,0
842,0.22296444995945322,0
843,0.22296444995945322,0
844,0.22296444995945322,0
845,0.22296444995945322,0
846,0.22296444995945322,0
847,0.22296444995945322,0
848,0.22296444995945322,0
849,30.076750452244134,0
850,30.076750452244134,0
851,30.076750452244134,0
852,30.076750452244134,0
853,30.076750452244134,0
854,30.076750452244134,0
855,30.076750452244134,0
856,30.076750452244134,0
857,0.841555671612081,0
858,0.841555671612081,0
859,0.841555671612081,0
860,0.841555671612081,0
861,0.841555671612081,0
862,0.841555671612081,0
863,0.841555671612081,0
864,0.841555671612081,0
865,17.90905875276293,0
866,17.90905875276293,0
867,17.90905875276293,0
868,17.90905875276293,0
869,17.90905875276293,0
870,17.90905875276293,0
871,17.90905875276293,0
872,17.90905875276293,0
873,17.90905875276293,0
874,56.08837547075039,0
875,56.08837547075039,0
876,56.08837547075039,0
877,56.08837547075039,0
878,56.08837547075039,0
879,56.08837547075039,0
880,56.08837547075039,0
881,56.08837547075039,0
882,56.08837547075039,0
883,79.04872143244826,0
884,79.04872143244826,0
885,79.04872143244826,0
886,79.04872143244826,0
887,79.04872143244826,0
888,79.04872143244826,0
889,9.915852897361614,0
890,9.915852897361614,0
891,9.915852897361614,0
892,9.915852897361614,0
893,9.915852897361614,0
894,9.915852897361614,0
895,9.915852897361614,0
896,9.915852897361614,0
897,9.915852897361614,0
898,35.7518279096394,0
899,35.7518279096394,0
900,35.7518279096394,0
901,35.7518279096394,0
902,35.7518279096394,0
903,35.7518279096394,0
904,35.7518279096394,0
905,37.021895164383366,0
906,37.021895164383366,0
907,37.021895164383366,0
908,37.021895164383366,0
909,37.021895164383366,0
910,37.021895164383366,0
911,37.021895164383366,0
912,39.043176674059936,0
913,39.043176674059936,0
914,39.043176674059936,0
915,39.043176674059936,0
916,39.043176674059936,0
917,39.043176674059936,0
918,39.043176674059936,0
919,39.043176674059936,0
920,39.043176674059936,0
921,39.043176674059936,0
922,39.043176674059936,0
923,39.043176674059936,0
924,39.043176674059936,0
925,39.043176674059936,0
926,39.043176674059936,0
927,60.54374217671084,0
928,60.54374217671084,0
929,60.54374217671084,0
930,60.54374217671084,0
931,60.54374217671084,0
932,60.54374217671084,0
933,32.69921885649955,0
934,32.69921885649955,0
935,32.69921885649955,0
936,32.69921885649955,0
937,32.69921885649955,0
938,32.69921885649955,0
939,32.69921885649955,0
940,16.749395677016057,0
941,16.749395677016057,0
942,16.749395677016057,0
943,16.749395677016057,0
944,16.749395677016057,0
945,16.749395677016057,0
946,16.749395677016057,0
947,16.749395677016057,0
948,16.749395677016057,0
949,16.749395677016057,0
950,16.749395677016057,0
951,16.749395677016057,0
952,16.749395677016057,0
953,16.749395677016057,0
954,16.749395677016057,0
955,16.749395677016057,0
956,16.749395677016057,0
957,1.6987302338929589,0
958,1.6987302338929589,0
959,1.6987302338929589,0
960,1.6987302338929589,0
961,1.6987302338929589,0
962,1.6987302338929589,0
963,1.6987302338929589,0
964,1.6987302338929589,0
965,1.6987302338929589,0
966,1.6987302338929589,0
967,54.65397165828025,0
968,54.65397165828025,0
969,54.65397165828025,0
970,54.65397165828025,0
971,54.65397165828025,0
972,54.65397165828025,0
973,54.65397165828025,1
974,54.65397165828025,0
975,54.65397165828025,0
976,54.65397165828025,0
977,1.6053136516226272,0
978,1.6053136516226272,0
979,1.6053136516226272,0
980,1.6053136516226272,0
981,1.6053136516226272,0
982,1.6053136516226272,0
983,1.6053136516226272,0
984,1.6053136516226272,0
985,1.6053136516226272,0
986,1.6053136516226272,0
987,5.763793744811103,0
988,5.763793744811103,0
989,5.763793744811103,0
990,5.763793744811103,0
991,5.763793744811103,0
992,5.763793744811103,0
993,5.763793744811103,0
994,5.763793744811103,0
995,19.00537504816953,0
996,19.00537504816953,0
997,19.00537504816953,0
998,19.00537504816953,0
999,19.00537504816953,0
1000,19.00537504816953,0
1001,19.00537504816953,0
1002,19.00537504816953,0
1003,19.00537504816953,0
1004,0.9996482899712615,1
1005,0.9996482899712615,0
1006,0.9996482899712615,0
1007,0.9996482899712615,0
1008,0.9996482899712615,0
1009,0.9996482899712615,0
1010,0.9996482899712615,0
1011,0.9996482899712615,0
1012,0.9996482899712615,0
1013,42.3591897292036,0
1014,42.3591897292036,0
1015,42.3591897292036,0
1016,42.3591897292036,0
1017,42.3591897292036,0
1018,42.3591897292036,0
1019,42.3591897292036,0
1020,42.3591897292036,0
1021,42.3591897292036,0
1022,42.3591897292036,0
1023,42.3591897292036,0
1024,42.3591897292036,0
1025,42.3591897292036,0
1026,3.2298598956350157,0
1027,3.2298598956350157,0
1028,3.2298598956350157,0
1029,3.2298598956350157,0
1030,3.2298598956350157,0
1031,3.2298598956350157,0
1032,30.83571251539677,0
1033,30.83571251539677,0
1034,30.83571251539677,0
1035,30.83571251539677,0
1036,30.83571251539677,0
1037,30.83571251539677,0
1038,30.83571251539677,0
1039,30.83571251539677,0
1040,30.83571251539677,0
1041,10.819287163167212,0
1042,10.819287163167212,0
1043,10.819287163167212,0
1044,10.819287163167212,0
1045,10.819287163167212,0
1046,10.819287163167212,0
1047,10.819287163167212,0
1048,10.819287163167212,0
1049,10.819287163167212,0
1050,10.819287163167212,0
1051,4.346514010060433,0
1052,4.346514010060433,1
1053,4.346514010060433,0
1054,4.346514010060433,0
1055,4.346514010060433,0
1056,4.346514010060433,0
1057,4.346514010060433,0
1058,4.346514010060433,0
1059,0.8345786410710768,0
1060,0.8345786410710768,0
1061,0.8345786410710768,0
1062,0.8345786410710768,0
1063,0.8345786410710768,0
1064,0.8345786410710768,0
1065,0.8345786410710768,0
1066,0.8345786410710768,0
1067,0.8345786410710768,0
1068,0.8345786410710768,0
1069,0.8345786410710768,0
1070,0.8345786410710768,0
1071,15.394459314921958,0
1072,15.394459314921958,0
1073,15.394459314921958,0
1074,15.394459314921958,0
1075,15.394459314921958,0
1076,15.394459314921958,0
1077,15.394459314921958,0
1078,15.394459314921958,0
1079,39.338971985263846,0
1080,39.338971985263846,0
1081,39.338971985263846,0
1082,39.338971985263846,0
1083,39.338971985263846,0
1084,39.338971985263846,0
1085,39.338971985263846,0
1086,39.338971985263846,0
1087,39.338971985263846,0
1088,39.338971985263846,0
1089,50.82619606007555,0
1090,50.82619606007555,0
1091,50.82619606007555,0
1092,50.82619606007555,0
1093,50.82619606007555,0
1094,50.82619606007555,0
1095,50.82619606007555,0
1096,50.82619606007555,0
1097,50.82619606007555,0
1098,50.82619606007555,0
1099,50.82619606007555,0
1100,50.82619606007555,0
1101,50.82619606007555,0
1102,50.82619606007555,0
1103,30.15619506014614,0
1104,30.15619506014614,0
1105,30.15619506014614,0
1106,30.15619506014614,0
1107,30.15619506014614,0
1108,30.15619506014614,0
1109,30.15619506014614,0
1110,30.15619506014614,0
1111,30.15619506014614,0
1112,30.15619506014614,0
1113,30.15619506014614,0
1114,30.15619506014614,0
1115,30.15619506014614,0
1116,13.940999640679129,0
1117,13.940999640679129,0
1118,13.940999640679129,0
1119,13.940999640679129,0
1120,13.940999640679129,0
1121,13.940999640679129,0
1122,13.940999640679129,0
1123,12.126002165446328,0
1124,12.126002165446328,0
1125,12.126002165446328,0
1126,12.126002165446328,0
1127,12.126002165446328,0
1128,12.126002165446328,0
1129,12.126002165446328,0
1130,12.126002165446328,0
1131,12.126002165446328,0
1132,12.126002165446328,0
1133,48.19844065382281,0
1134,48.19844065382281,0
1135,48.19844065382281,0
1136,48.19844065382281,0
1137,48.19844065382281,0
1138,48.19844065382281,0
1139,48.19844065382281,0
1140,48.19844065382281,0
1141,48.19844065382281,0
1142,48.19844065382281,0
1143,48.19844065382281,0
1144,48.19844065382281,0
1145,48.19844065382281,0
1146,3.8278856510846233,0
1147,3.8278856510846233,0
1148,3.8278856510846233,0
1149,3.8278856510846233,0
1150,3.8278856510846233,0
1151,3.8278856510846233,0
1152,3.8278856510846233,0
1153,3.8278856510846233,0
1154,3.8278856510846233,0
1155,3.8278856510846233,0
1156,3.8278856510846233,0
1157,78.6491394228276,0
1158,78.6491394228276,0
1159,78.6491394228276,0
1160,78.6491394228276,0
1161,78.6491394228276,0
1162,78.6491394228276,0
1163,78.6491394228276,0
1164,2.078667353824944,0
1165,2.078667353824944,0
1166,2.078667353824944,0
1167,2.078667353824944,0
1168,2.078667353824944,0
1169,2.078667353824944,0
1170,2.078667353824944,0
1171,2.078667353824944,0
1172,32.58515270646539,0
1173,32.58515270646539,0
1174,32.58515270646539,0
1175,32.58515270646539,0
1176,32.58515270646539,0
1177,32.58515270646539,0
1178,32.58515270646539,0
1179,32.58515270646539,0
1180,32.58515270646539,0
1181,32.58515270646539,0
1182,32.58515270646539,0
1183,3.4663588744472404,0
1184,3.4663588744472404,0
1185,3.4663588744472404,0
1186,19.48512780472194,0
1187,19.48512780472194,0
1188,19.48512780472194,0
1189,19.48512780472194,0
1190,19.48512780472194,0
1191,19.48512780472194,0
1192,19.48512780472194,0
1193,19.48512780472194,0
1194,158.59235910893477,0
1195,158.59235910893477,0
1196,158.59235910893477,0
1197,158.59235910893477,0
1198,158.59235910893477,0
1199,158.59235910893477,0
1200,158.59235910893477,0
1201,158.59235910893477,0
1202,158.59235910893477,0
1203,43.89624526597628,0
1204,43.89624526597628,0
1205,43.89624526597628,0
1206,43.89624526597628,0
1207,43.89624526597628,0
1208,43.89624526597628,0
1209,36.895468036459185,0
1210,36.895468036459185,0
1211,36.895468036459185,0
1212,36.895468036459185,0
1213,36.895468036459185,0
1214,36.895468036459185,0
1215,36.895468036459185,0
1216,36.895468036459185,0
1217,36.895468036459185,0
1218,11.179255780466358,0
1219,11.179255780466358,0
1220,11.179255780466358,0
1221,11.179255780466358,0
1222,11.179255780466358,0
1223,11.179255780466358,0
1224,11.179255780466358,0
1225,77.74408666733738,0
1226,77.74408666733738,0
1227,77.74408666733738,0
1228,77.74408666733738,0
1229,77.74408666733738,0
1230,77.74408666733738,0
1231,77.74408666733738,0
1232,77.74408666733738,0
1233,77.74408666733738,0
1234,0.8045054734848553,0
1235,0.8045054734848553,0
1236,0.8045054734848553,0
1237,0.8045054734848553,0
1238,0.8045054734848553,0
1239,0.8045054734848553,0
1240,0.8045054734848553,0
1241,0.8045054734848553,0
1242,26.771724941185116,0
1243,26.771724941185116,0
1244,26.771724941185116,0
1245,26.771724941185116,0
1246,26.771724941185116,0
1247,26.771724941185116,0
1248,26.771724941185116,0
1249,26.771724941185116,0
1250,28.16898805956135,0
1251,28.16898805956135,0
1252,28.16898805956135,0
1253,28.16898805956135,0
1254,28.16898805956135,0
1255,28.16898805956135,0
1256,28.16898805956135,0
1257,28.16898805956135,0
1258,28.16898805956135,0
1259,28.16898805956135,0
1260,28.16898805956135,0
1261,28.16898805956135,0
1262,28.16898805956135,0
1263,28.16898805956135,0
1264,37.37576716271252,0
1265,37.37576716271252,0
1266,37.37576716271252,0
1267,37.37576716271252,0
1268,37.37576716271252,0
1269,37.37576716271252,0
1270,37.37576716271252,0
1271,37.37576716271252,0
1272,37.37576716271252,0
1273,37.37576716271252,0
1274,37.37576716271252,0
1275,37.37576716271252,0
1276,37.37576716271252,0
1277,21.72295076590218,0
1278,21.72295076590218,0
1279,21.72295076590218,0
1280,21.72295076590218,0
1281,21.72295076590218,0
1282,21.72295076590218,0
1283,21.72295076590218,0
1284,21.72295076590218,0
1285,18.827765766598652,0
1286,18.827765766598652,0
1287,18.827765766598652,0
1288,18.827765766598652,0
1289,18.827765766598652,0
1290,18.827765766598652,0
1291,18.827765766598652,0
1292,18.827765766598652,0
1293,1.8292853623167953,0
1294,1.8292853623167953,0
1295,1.8292853623167953,0
1296,1.8292853623167953,0
1297,1.8292853623167953,0
1298,43.18125562906112,0
1299,43.18125562906112,0
1300,43.18125562906112,0
1301,43.18125562906112,0
1302,43.18125562906112,0
1303,43.18125562906112,0
1304,43.18125562906112,0
1305,43.18125562906112,0
1306,91.82894299835738,0
1307,91.82894299835738,0
1308,91.82894299835738,0
1309,91.82894299835738,0
1310,91.82894299835738,0
1311,91.82894299835738,0
1312,91.82894299835738,0
1313,91.82894299835738,0
1314,91.82894299835738,0
1315,91.82894299835738,0
1316,4.064373444834622,0
1317,4.064373444834622,0
1318,4.064373444834622,0
1319,4.064373444834622,0
1320,4.064373444834622,0
1321,4.064373444834622,0
1322,4.064373444834622,0
1323,157.70291680334893,0
1324,157.70291680334893,0
1325,157.70291680334893,0
1326,157.70291680334893,0
1327,157.70291680334893,0
1328,157.70291680334893,0
1329,157.70291680334893,0
1330,157.70291680334893,0
1331,157.70291680334893,0
1332,157.70291680334893,0
1333,157.70291680334893,0
1334,157.70291680334893,0
1335,37.38825047241588,0
1336,37.38825047241588,0
1337,37.38825047241588,0
1338,37.38825047241588,0
1339,37.38825047241588,0
1340,37.38825047241588,0
1341,37.38825047241588,0
1342,37.38825047241588,0
1343,37.38825047241588,0
1344,1.2399043955224094,0
1345,1.2399043955224094,0
1346,1.2399043955224094,0
1347,1.2399043955224094,0
1348,13.424906376205959,0
1349,13.424906376205959,0
1350,13.424906376205959,0
1351,13.424906376205959,0
1352,13.424906376205959,0
1353,13.424906376205959,0
1354,13.424906376205959,0
1355,13.424906376205959,0
1356,13.424906376205959,0
1357,68.24271995401263,1
1358,68.24271995401263,0
1359,68.24271995401263,0
1360,68.24271995401263,0
1361,68.24271995401263,0
1362,68.24271995401263,0
1363,59.06365812812898,0
1364,59.06365812812898,0
1365,59.06365812812898,0
1366,59.06365812812898,0
1367,59.06365812812898,0
1368,59.06365812812898,0
1369,59.06365812812898,0
1370,59.06365812812898,0
1371,59.06365812812898,0
1372,59.06365812812898,0
1373,59.06365812812898,0
1374,100.50821498659948,0
1375,100.50821498659948,0
1376,100.50821498659948,0
1377,100.50821498659948,0
1378,100.50821498659948,0
1379,100.50821498659948,0
1380,100.50821498659948,0
1381,100.50821498659948,0
1382,100.50821498659948,0
1383,100.50821498659948,0
1384,57.00041571307573,0
1385,57.00041571307573,0
1386,57.00041571307573,0
1387,57.00041571307573,0
1388,57.00041571307573,0
1389,50.555325151458064,0
1390,50.555325151458064,0
1391,50.555325151458064,0
1392,50.555325151458064,0
1393,50.555325151458064,0
1394,50.555325151458064,0
1395,50.555325151458064,0
1396,8.625824283685668,0
1397,8.625824283685668,0
1398,8.625824283685668,0
1399,8.625824283685668,0
1400,8.625824283685668,0
1401,8.625824283685668,0
1402,8.625824283685668,0
1403,8.625824283685668,0
1404,8.625824283685668,0
1405,2.1617784632081567,0
1406,2.1617784632081567,0
1407,2.1617784632081567,0
1408,2.1617784632081567,0
1409,2.1617784632081567,0
1410,2.1617784632081567,0
1411,2.1617784632081567,0
1412,2.1617784632081567,0
1413,2.1617784632081567,0
1414,2.1617784632081567,0
1415,2.1617784632081567,0
1416,2.1617784632081567,0
1417,2.1617784632081567,0
1418,4.067778834972583,0
1419,4.067778834972583,0
1420,4.067778834972583,0
1421,4.067778834972583,0
1422,21.77638715751485,0
1423,21.77638715751485,0
1424,21.77638715751485,0
1425,21.77638715751485,0
1426,21.77638715751485,0
1427,21.77638715751485,0
1428,21.77638715751485,0
1429,21.77638715751485,0
1430,21.77638715751485,0
1431,21.77638715751485,0
1432,21.77638715751485,0
1433,21.77638715751485,0
1434,21.77638715751485,0
1435,108.69129009580993,0
1436,108.69129009580993,0
1437,108.69129009580993,0
1438,108.69129009580993,0
1439,108.69129009580993,0
1440,108.69129009580993,0
1441,108.69129009580993,0
1442,28.98710924201596,0
1443,28.98710924201596,0
1444,28.98710924201596,0
1445,28.98710924201596,0
1446,28.98710924201596,0
1447,28.98710924201596,0
1448,28.98710924201596,0
1449,28.98710924201596,0
1450,28.98710924201596,0
1451,28.98710924201596,0
1452,28.98710924201596,0
1453,28.98710924201596,0
1454,1.1369172197806994,0
1455,1.1369172197806994,0
1456,1.1369172197806994,0
1457,1.1369172197806994,0
1458,1.1369172197806994,0
1459,1.1369172197806994,0
1460,1.1369172197806994,0
1461,1.1369172197806994,0
1462,1.1369172197806994,0
1463,0.1837082927677286,0
1464,0.1837082927677286,0
1465,0.1837082927677286,0
1466,0.1837082927677286,0
1467,0.1837082927677286,0
1468,0.1837082927677286,0
1469,0.3504779483948694,0
1470,0.3504779483948694,0
1471,0.3504779483948694,0
1472,0.3504779483948694,0
1473,0.3504779483948694,0
1474,0.3504779483948694,0
1475,4.177917367799273,0
1476,4.177917367799273,0
1477,4.177917367799273,0
1478,4.177917367799273,0
1479,4.177917367799273,0
1480,4.177917367799273,0
1481,4.177917367799273,0
1482,4.177917367799273,0
1483,4.177917367799273,0
1484,4.177917367799273,0
1485,4.177917367799273,0
1486,4.177917367799273,0
1487,4.177917367799273,0
1488,4.177917367799273,0
1489,4.177917367799273,0
1490,4.177917367799273,0
1491,2.6787597180788656,0
1492,2.6787597180788656,0
1493,2.6787597180788656,0
1494,2.6787597180788656,0
1495,2.6787597180788656,0
1496,2.6787597180788656,0
1497,139.1477420314804,0
1498,139.1477420314804,0
1499,139.1477420314804,0
1500,139.1477420314804,0
1501,139.1477420314804,0
1502,139.1477420314804,0
1503,139.1477420314804,0
1504,139.1477420314804,0
1505,139.1477420314804,0
1506,139.1477420314804,0
1507,0.9289042991611347,0
1508,0.9289042991611347,0
1509,0.9289042991611347,0
1510,0.9289042991611347,0
1511,0.9289042991611347,0
1512,0.9289042991611347,0
1513,0.9289042991611347,0
1514,0.9801124858676489,0
1515,0.9801124858676489,0
1516,0.9801124858676489,0
1517,0.9801124858676489,0
1518,0.9801124858676489,0
1519,0.9801124858676489,0
1520,0.9801124858676489,0
1521,0.9801124858676489,0
1522,0.9801124858676489,0
1523,0.9801124858676489,0
1524,0.9801124858676489,0
1525,2.3652717953909304,0
1526,2.3652717953909304,0
1527,2.3652717953909304,0
1528,2.3652717953909304,0
1529,2.3652717953909304,0
1530,2.3652717953909304,0
1531,2.3652717953909304,0
1532,2.3652717953909304,0
1533,2.3652717953909304,0
1534,6.763523111848787,0
1535,6.763523111848787,1
1536,6.763523111848787,0
1537,6.763523111848787,0
1538,6.763523111848787,0
1539,6.763523111848787,0
1540,6.763523111848787,0
1541,6.763523111848787,0
1542,6.763523111848787,0
1543,6.763523111848787,0
1544,6.763523111848787,0
1545,3.3688703807009235,0
1546,3.3688703807009235,0
1547,3.3688703807009235,0
1548,3.3688703807009235,0
1549,3.3688703807009235,0
1550,3.3688703807009235,0
1551,3.3688703807009235,0
1552,28.69195306034745,0
1553,28.69195306034745,0
1554,28.69195306034745,0
1555,28.69195306034745,0
1556,28.69195306034745,0
1557,28.69195306034745,0
1558,28.69195306034745,0
1559,28.69195306034745,0
1560,28.69195306034745,0
1561,28.69195306034745,0
1562,28.69195306034745,0
1563,28.69195306034745,0
1564,43.96961885344897,0
1565,43.96961885344897,0
1566,43.96961885344897,0
1567,43.96961885344897,0
1568,43.96961885344897,0
1569,43.96961885344897,0
1570,43.96961885344897,0
1571,1.8500114204235547,0
1572,1.8500114204235547,0
1573,1.8500114204235547,0
1574,1.8500114204235547,0
1575,1.8500114204235547,0
1576,44.13167807381051,0
1577,44.13167807381051,0
1578,44.13167807381051,0
1579,44.13167807381051,0
1580,44.13167807381051,0
1581,44.13167807381051,0
1582,44.13167807381051,0
1583,74.13587780824825,0
1584,74.13587780824825,0
1585,74.13587780824825,0
1586,74.13587780824825,0
1587,74.13587780824825,0
1588,74.13587780824825,0
1589,74.13587780824825,0
1590,1.0972461700210892,0
1591,1.0972461700210892,0
1592,1.0972461700210892,0
1593,1.0972461700210892,0
1594,1.0972461700210892,0
1595,1.0972461700210892,0
1596,48.7458917999872,0
1597,48.7458917999872,0
1598,48.7458917999872,0
1599,48.7458917999872,0
1600,48.7458917999872,0
1601,48.7458917999872,0
1602,48.7458917999872,0
1603,48.7458917999872,0
1604,48.7458917999872,0
1605,48.7458917999872,1
1606,48.7458917999872,0
1607,44.44350437945551,0
1608,44.44350437945551,0
1609,44.44350437945551,0
1610,44.44350437945551,0
1611,44.44350437945551,0
1612,44.44350437945551,0
1613,44.44350437945551,0
1614,44.44350437945551,0
1615,44.44350437945551,0
1616,44.44350437945551,0
1617,44.44350437945551,0
1618,44.44350437945551,0
1619,30.387117673942363,0
1620,30.387117673942363,0
1621,30.387117673942363,0
1622,30.387117673942363,0
1623,30.387117673942363,0
1624,2.494269337977438,0
1625,2.494269337977438,0
1626,2.494269337977438,0
1627,2.494269337977438,0
1628,2.494269337977438,0
1629,2.494269337977438,0
1630,2.494269337977438,0
1631,2.494269337977438,0
1632,2.494269337977438,0
1633,14.586719390826321,0
1634,14.586719390826321,0
1635,14.586719390826321,0
1636,14.586719390826321,0
1637,16.812759922336486,0
1638,16.812759922336486,0
1639,16.812759922336486,0
1640,16.812759922336486,0
1641,16.812759922336486,0
1642,16.812759922336486,0
1643,16.812759922336486,0
1644,16.812759922336486,0
1645,16.812759922336486,0
1646,16.812759922336486,0
1647,16.812759922336486,0
1648,16.812759922336486,0
1649,16.013259696890902,0
1650,16.013259696890902,0
1651,16.013259696890902,0
1652,16.013259696890902,0
1653,16.013259696890902,0
1654,16.013259696890902,0
1655,16.013259696890902,0
1656,16.013259696890902,0
1657,16.013259696890902,0
1658,16.013259696890902,0
1659,33.893366293852566,0
1660,33.893366293852566,0
1661,33.893366293852566,0
1662,33.893366293852566,0
1663,33.893366293852566,0
1664,0.7342228846300097,0
1665,0.7342228846300097,0
1666,0.7342228846300097,0
1667,0.7342228846300097,0
1668,0.7342228846300097,0
1669,0.7342228846300097,0
1670,0.7342228846300097,0
1671,0.7342228846300097,0
1672,0.7342228846300097,0
1673,0.7342228846300097,0
1674,1.567659422187478,0
1675,1.567659422187478,0
1676,1.567659422187478,0
1677,1.567659422187478,0
1678,1.567659422187478,0
1679,1.567659422187478,0
1680,1.567659422187478,0
1681,1.567659422187478,0
1682,1.567659422187478,0
1683,1.567659422187478,0
1684,1.567659422187478,0
1685,70.16499333892418,0
1686,70.16499333892418,0
1687,70.16499333892418,0
1688,70.16499333892418,0
1689,70.16499333892418,0
1690,70.16499333892418,0
1691,70.16499333892418,0
1692,70.16499333892418,0
1693,70.16499333892418,0
1694,4.0225910091831425,0
1695,4.0225910091831425,0
1696,4.0225910091831425,0
1697,4.0225910091831425,0
1698,4.0225910091831425,0
1699,4.0225910091831425,0
1700,4.0225910091831425,0
1701,4.0225910091831425,0
1702,4.0225910091831425,0
1703,25.464919741949494,0
1704,25.464919741949494,0
1705,25.464919741949494,0
1706,25.464919741949494,0
1707,25.464919741949494,0
1708,25.464919741949494,0
1709,25.464919741949494,0
1710,25.464919741949494,0
1711,25.464919741949494,0
1712,25.464919741949494,0
1713,25.464919741949494,0
1714,16.4570781309647,0
1715,16.4570781309647,0
1716,16.4570781309647,0
1717,16.4570781309647,0
1718,16.4570781309647,0
1719,16.4570781309647,0
1720,16.4570781309647,0
1721,16.4570781309647,0
1722,16.4570781309647,0
1723,16.4570781309647,0
1724,16.4570781309647,0
1725,16.4570781309647,0
1726,1.9457197292864152,0
1727,1.9457197292864152,0
1728,1.9457197292864152,0
1729,1.9457197292864152,0
1730,1.9457197292864152,0
1731,1.9457197292864152,0
1732,32.703071882526416,0
1733,32.703071882526416,0
1734,32.703071882526416,0
1735,32.703071882526416,0
1736,32.703071882526416,0
1737,32.703071882526416,0
1738,32.703071882526416,0
1739,32.703071882526416,0
1740,32.703071882526416,0
1741,32.703071882526416,0
1742,32.703071882526416,0
1743,32.703071882526416,0
1744,32.703071882526416,0
1745,32.703071882526416,0
1746,32.703071882526416,0
1747,45.3160147980848,0
1748,45.3160147980848,0
1749,45.3160147980848,0
1750,45.3160147980848,0
1751,45.3160147980848,0
1752,45.3160147980848,1
1753,45.3160147980848,0
1754,45.3160147980848,0
1755,45.3160147980848,0
1756,45.3160147980848,0
1757,45.3160147980848,0
1758,45.3160147980848,0
1759,45.3160147980848,0
1760,96.4648358880317,0
1761,96.4648358880317,0
1762,96.4648358880317,0
1763,96.4648358880317,0
1764,96.4648358880317,0
1765,96.4648358880317,0
1766,96.4648358880317,0
1767,96.4648358880317,0
1768,96.4648358880317,0
1769,96.4648358880317,0
1770,96.4648358880317,0
1771,0.16204108570619238,0
1772,0.16204108570619238,0
1773,0.16204108570619238,0
1774,0.16204108570619238,0
1775,43.092531782400144,0
1776,43.092531782400144,0
1777,43.092531782400144,0
1778,43.092531782400144,0
1779,43.092531782400144,0
1780,43.092531782400144,0
1781,43.092531782400144,0
1782,43.092531782400144,0
1783,43.092531782400144,0
1784,43.092531782400144,0
1785,25.502212749782927,0
1786,25.502212749782927,0
1787,25.502212749782927,0
1788,25.502212749782927,0
1789,25.502212749782927,0
1790,25.502212749782927,0
1791,25.502212749782927,0
1792,25.502212749782927,0
1793,25.502212749782927,0
1794,51.812935124554556,0
1795,51.812935124554556,0
1796,51.812935124554556,0
1797,51.812935124554556,0
1798,51.812935124554556,0
1799,51.812935124554556,0
1800,51.812935124554556,0
1801,51.812935124554556,0
1802,0.9154130158252068,0
1803,0.9154130158252068,0
1804,0.9154130158252068,0
1805,0.9154130158252068,0
1806,0.9154130158252068,0
1807,0.9154130158252068,0
1808,0.9154130158252068,0
1809,0.9154130158252068,0
1810,0.9154130158252068,0
1811,57.2646272823319,0
1812,57.2646272823319,0
1813,57.2646272823319,0
1814,57.2646272823319,0
1815,57.2646272823319,0
1816,57.2646272823319,0
1817,57.2646272823319,1
1818,57.2646272823319,0
1819,14.669324540132044,0
1820,14.669324540132044,0
1821,38.83479101022119,0
1822,38.83479101022119,0
1823,38.83479101022119,0
1824,38.83479101022119,0
1825,38.83479101022119,0
1826,38.83479101022119,0
1827,38.83479101022119,0
1828,5.0158625887524115,0
1829,5.0158625887524115,0
1830,5.0158625887524115,0
1831,5.0158625887524115,0
1832,5.0158625887524115,0
1833,5.0158625887524115,0
1834,5.0158625887524115,0
1835,5.0158625887524115,0
1836,33.757173291899164,0
1837,33.757173291899164,0
1838,33.757173291899164,0
1839,33.757173291899164,0
1840,33.757173291899164,0
1841,33.757173291899164,0
1842,33.757173291899164,0
1843,33.757173291899164,0
1844,33.757173291899164,0
1845,33.757173291899164,0
1846,1.3196271971428173,0
1847,1.3196271971428173,0
1848,1.3196271971428173,0
1849,1.9019910462655722,0
1850,1.9019910462655722,0
1851,1.9019910462655722,0
1852,1.9019910462655722,0
1853,1.9019910462655722,0
1854,15.248191387990078,0
1855,15.248191387990078,0
1856,15.248191387990078,0
1857,15.248191387990078,0
1858,15.248191387990078,0
1859,15.248191387990078,0
1860,15.248191387990078,0
1861,1.077994054637874,0
1862,1.077994054637874,0
1863,1.077994054637874,0
1864,1.077994054637874,0
1865,1.077994054637874,0
1866,1.077994054637874,0
1867,1.077994054637874,0
1868,1.077994054637874,0
1869,1.077994054637874,0
1870,1.077994054637874,0
1871,27.547427562709117,0
1872,27.547427562709117,0
1873,27.547427562709117,0
1874,27.547427562709117,0
1875,27.547427562709117,0
1876,27.547427562709117,0
1877,27.547427562709117,0
1878,27.547427562709117,0
1879,27.547427562709117,0
1880,29.108947235905635,1
1881,29.108947235905635,0
1882,29.108947235905635,0
1883,29.108947235905635,0
1884,29.108947235905635,0
1885,29.108947235905635,1
1886,29.108947235905635,0
1887,32.475110872492735,0
1888,32.475110872492735,0
1889,32.475110872492735,0
1890,32.475110872492735,0
1891,32.475110872492735,0
1892,32.475110872492735,0
1893,32.475110872492735,0
1894,32.475110872492735,0
1895,11.79764907359383,0
1896,11.79764907359383,0
1897,11.79764907359383,0
1898,11.79764907359383,0
1899,11.79764907359383,0
1900,11.79764907359383,0
1901,11.79764907359383,0
1902,11.79764907359383,0
1903,11.79764907359383,0
1904,1.3002266408458483,0
1905,1.3002266408458483,0
1906,1.3002266408458483,0
1907,1.3002266408458483,0
1908,1.3002266408458483,0
1909,1.3002266408458483,0
1910,1.3002266408458483,0
1911,1.3002266408458483,0
1912,1.3002266408458483,0
1913,1.3002266408458483,0
1914,1.3002266408458483,0
1915,1.3002266408458483,0
1916,27.417264645588,0
1917,27.417264645588,0
1918,27.417264645588,0
1919,27.417264645588,0
1920,27.417264645588,0
1921,27.417264645588,0
1922,27.417264645588,0
1923,27.417264645588,0
1924,1.5167518551689272,0
1925,1.5167518551689272,0
1926,1.5167518551689272,0
1927,1.5167518551689272,0
1928,1.5167518551689272,0
1929,1.5167518551689272,0
1930,1.5167518551689272,0
1931,1.5167518551689272,0
1932,1.5167518551689272,0
1933,1.5167518551689272,0
1934,1.5167518551689272,0
1935,1.5167518551689272,0
1936,3.689298368958139,0
1937,3.689298368958139,0
1938,3.689298368958139,0
1939,3.689298368958139,0
1940,3.689298368958139,0
1941,19.762476323897385,0
1942,19.762476323897385,0
1943,19.762476323897385,0
1944,19.762476323897385,0
1945,19.762476323897385,0
1946,19.762476323897385,0
1947,19.762476323897385,0
1948,19.762476323897385,0
1949,19.762476323897385,0
1950,19.762476323897385,0
1951,19.762476323897385,0
1952,203.00394195747273,0
1953,203.00394195747273,0
1954,203.00394195747273,0
1955,203.00394195747273,0
1956,203.00394195747273,0
1957,203.00394195747273,0
1958,203.00394195747273,0
1959,203.00394195747273,0
1960,203.00394195747273,0
1961,203.00394195747273,0
1962,1.9750588863179563,0
1963,1.9750588863179563,0
1964,1.9750588863179563,0
1965,1.9750588863179563,0
1966,1.9750588863179563,0
1967,1.9750588863179563,0
1968,1.9750588863179563,0
1969,32.41275706639857,0
1970,32.41275706639857,0
1971,32.41275706639857,0
1972,32.41275706639857,0
1973,32.41275706639857,0
1974,32.41275706639857,1
1975,32.41275706639857,0
1976,32.41275706639857,0
1977,43.890290562184,0
1978,43.890290562184,0
1979,43.890290562184,0
1980,43.890290562184,0
1981,43.890290562184,0
1982,43.890290562184,0
1983,43.890290562184,0
1984,43.890290562184,0
1985,0.7245420225370898,0
1986,0.7245420225370898,0
1987,0.7245420225370898,0
1988,0.7245420225370898,0
1989,0.7245420225370898,0
1990,0.7245420225370898,0
1991,0.7245420225370898,0
1992,0.7245420225370898,0
1993,45.76215250278103,0
1994,45.76215250278103,0
1995,45.76215250278103,0
1996,45.76215250278103,0
1997,45.76215250278103,0
1998,45.76215250278103,0
1999,45.76215250278103,0
2000,45.76215250278103,0
2001,45.76215250278103,0
2002,0.5774491124652239,0
2003,0.5774491124652239,0
2004,0.5774491124652239,0
2005,0.5774491124652239,0
2006,0.5774491124652239,0
2007,0.5774491124652239,0
2008,0.5774491124652239,0
2009,0.580529064463007,0
2010,0.580529064463007,0
2011,0.580529064463007,0
2012,0.580529064463007,0
2013,0.580529064463007,0
2014,0.580529064463007,0
2015,0.580529064463007,0
2016,0.580529064463007,0
2017,0.580529064463007,0
2018,0.580529064463007,0
2019,0.580529064463007,0
2020,0.580529064463007,0
2021,10.078475389020465,1
2022,10.078475389020465,0
2023,10.078475389020465,0
2024,10.078475389020465,0
2025,10.078475389020465,0
2026,4.1111904093459,0
2027,4.1111904093459,0
2028,4.1111904093459,0
2029,4.1111904093459,0
2030,4.1111904093459,0
2031,1.5656266944967263,0
2032,1.5656266944967263,0
2033,1.5656266944967263,1
2034,1.5656266944967263,0
2035,1.5656266944967263,0
2036,1.5656266944967263,0
2037,1.5656266944967263,0
2038,1.5656266944967263,0
2039,4.130462389346606,0
2040,4.130462389346606,0
2041,4.130462389346606,0
2042,4.130462389346606,0
2043,4.130462389346606,0
2044,4.130462389346606,0
2045,4.130462389346606,0
2046,25.981953726101487,0
2047,25.981953726101487,0
2048,25.981953726101487,0
2049,25.981953726101487,0
2050,25.981953726101487,0
2051,25.981953726101487,0
2052,25.981953726101487,0
2053,25.981953726101487,0
2054,25.981953726101487,0
2055,24.003727045492344,0
2056,24.003727045492344,0
2057,24.003727045492344,0
2058,24.003727045492344,0
2059,24.003727045492344,0
2060,0.3914490818869823,0
2061,0.3914490818869823,0
2062,0.3914490818869823,0
2063,0.3914490818869823,0
2064,0.3914490818869823,0
2065,0.3914490818869823,0
2066,0.3914490818869823,0
2067,0.3914490818869823,0
2068,0.3914490818869823,0
2069,0.3914490818869823,0
2070,5.9875156927404465,0
2071,5.9875156927404465,0
2072,5.9875156927404465,0
2073,5.9875156927404465,0
2074,5.9875156927404465,0
2075,5.9875156927404465,0
2076,5.9875156927404465,0
2077,14.155936262138345,0
2078,14.155936262138345,0
2079,14.155936262138345,0
2080,14.155936262138345,0
2081,14.155936262138345,0
2082,1.6436602066286092,0
2083,1.6436602066286092,0
2084,1.6436602066286092,0
2085,1.6436602066286092,0
2086,1.6436602066286092,0
2087,1.6436602066286092,0
2088,1.6436602066286092,0
2089,1.6436602066286092,0
2090,19.672108626527486,0
2091,19.672108626527486,0
2092,19.672108626527486,0
2093,19.672108626527486,0
2094,19.672108626527486,0
2095,19.672108626527486,0
2096,19.672108626527486,0
2097,82.2861299522867,0
2098,82.2861299522867,0
2099,82.2861299522867,0
2100,82.2861299522867,0
2101,82.2861299522867,0
2102,82.2861299522867,0
2103,5.290241386630726,0
2104,5.290241386630726,0
2105,5.290241386630726,0
2106,5.290241386630726,0
2107,5.290241386630726,0
2108,5.290241386630726,0
2109,5.290241386630726,0
2110,5.290241386630726,0
2111,5.290241386630726,0
2112,5.290241386630726,0
2113,5.290241386630726,0
2114,5.290241386630726,0
2115,5.290241386630726,0
2116,53.87976559718655,0
2117,53.87976559718655,0
2118,53.87976559718655,0
2119,53.87976559718655,0
2120,53.87976559718655,0
2121,53.87976559718655,1
2122,0.2874021965083169,0
2123,0.2874021965083169,0
2124,0.2874021965083169,0
2125,0.2874021965083169,0
2126,0.2874021965083169,0
2127,0.2874021965083169,0
2128,0.2874021965083169,0
2129,0.2874021965083169,0
2130,0.2874021965083169,0
2131,0.2874021965083169,0
2132,2.03113010134274,0
2133,2.03113010134274,0
2134,2.03113010134274,0
2135,2.03113010134274,0
2136,2.03113010134274,0
2137,2.03113010134274,0
2138,2.03113010134274,0
2139,45.631767135708955,0
2140,45.631767135708955,0
2141,45.631767135708955,0
2142,45.631767135708955,0
2143,45.631767135708955,0
2144,45.631767135708955,0
2145,45.631767135708955,0
2146,45.631767135708955,0
2147,45.631767135708955,0
2148,62.38423904921808,0
2149,62.38423904921808,0
2150,62.38423904921808,0
2151,62.38423904921808,0
2152,62.38423904921808,0
2153,62.38423904921808,0
2154,62.38423904921808,0
2155,62.38423904921808,0
2156,62.38423904921808,0
2157,62.38423904921808,0
2158,62.38423904921808,0
2159,70.8187393602838,0
2160,70.8187393602838,0
2161,70.8187393602838,0
2162,70.8187393602838,0
2163,70.8187393602838,0
2164,70.8187393602838,0
2165,70.8187393602838,0
2166,70.8187393602838,0
2167,70.8187393602838,0
2168,70.8187393602838,0
2169,70.8187393602838,0
2170,70.8187393602838,0
2171,1.5027332938878166,0
2172,1.5027332938878166,0
2173,1.5027332938878166,0
2174,1.5027332938878166,0
2175,1.5027332938878166,0
2176,1.5027332938878166,0
2177,1.5027332938878166,0
2178,1.5027332938878166,0
2179,1.5027332938878166,0
2180,1.5027332938878166,0
2181,1.5027332938878166,0
2182,1.5027332938878166,0
2183,1.5027332938878166,0
2184,85.46645547770018,0
2185,85.46645547770018,0
2186,85.46645547770018,0
2187,85.46645547770018,0
2188,85.46645547770018,0
2189,85.46645547770018,0
2190,85.46645547770018,0
2191,85.46645547770018,0
2192,85.46645547770018,0
2193,85.46645547770018,0
2194,85.46645547770018,0
2195,48.379218139134984,0
2196,48.379218139134984,0
2197,48.379218139134984,0
2198,48.379218139134984,0
2199,48.379218139134984,0
2200,48.379218139134984,0
2201,48.379218139134984,0
2202,48.379218139134984,0
2203,48.379218139134984,0
2204,48.379218139134984,0
2205,48.379218139134984,0
2206,48.379218139134984,0
2207,48.379218139134984,0
2208,48.379218139134984,0
2209,48.379218139134984,0
2210,3.7467719986304537,0
2211,3.7467719986304537,0
2212,3.7467719986304537,0
2213,3.7467719986304537,0
2214,3.7467719986304537,0
2215,3.7467719986304537,0
2216,3.7467719986304537,0
2217,3.7467719986304537,0
2218,3.7467719986304537,0
2219,3.7467719986304537,0
2220,2.409708653450608,0
2221,2.409708653450608,0
2222,2.409708653450608,0
2223,2.409708653450608,0
2224,2.409708653450608,0
2225,2.409708653450608,0
2226,2.409708653450608,0
2227,2.409708653450608,0
2228,2.409708653450608,0
2229,2.409708653450608,0
2230,2.409708653450608,0
2231,2.409708653450608,0
2232,64.27241552117496,0
2233,64.27241552117496,0
2234,64.27241552117496,0
2235,64.27241552117496,0
2236,64.27241552117496,0
2237,64.27241552117496,0
2238,64.27241552117496,0
2239,64.27241552117496,0
2240,64.27241552117496,0
2241,64.27241552117496,0
2242,64.27241552117496,0
2243,38.50753991861171,0
2244,38.50753991861171,0
2245,38.50753991861171,0
2246,38.50753991861171,0
2247,38.50753991861171,0
2248,38.50753991861171,0
2249,38.50753991861171,0
2250,38.50753991861171,0
2251,38.50753991861171,0
2252,155.45206512385104,0
2253,155.45206512385104,0
2254,155.45206512385104,0
2255,155.45206512385104,0
2256,155.45206512385104,0
2257,155.45206512385104,0
2258,155.45206512385104,0
2259,155.45206512385104,0
2260,155.45206512385104,0
2261,155.45206512385104,0
2262,2.1156230921168726,0
2263,2.1156230921168726,0
2264,2.1156230921168726,0
2265,2.1156230921168726,0
2266,2.1156230921168726,0
2267,2.338917591516191,0
2268,2.338917591516191,0
2269,2.338917591516191,0
2270,2.338917591516191,0
2271,2.338917591516191,0
2272,2.338917591516191,0
2273,2.338917591516191,0
2274,2.338917591516191,0
2275,2.338917591516191,0
2276,2.338917591516191,0
2277,1.3469325423191505,0
2278,1.3469325423191505,0
2279,1.3469325423191505,0
2280,1.3469325423191505,0
2281,1.3469325423191505,0
2282,1.3469325423191505,0
2283,1.3469325423191505,0
2284,1.3469325423191505,0
2285,1.3469325423191505,0
2286,29.24472250209053,0
2287,29.24472250209053,0
2288,29.24472250209053,0
2289,29.24472250209053,0
2290,29.24472250209053,0
2291,29.24472250209053,0
2292,29.24472250209053,0
2293,29.24472250209053,0
2294,29.24472250209053,0
2295,4.1733857864611945,0
2296,4.1733857864611945,0
2297,4.1733857864611945,0
2298,4.1733857864611945,0
2299,4.1733857864611945,0
2300,4.1733857864611945,0
2301,4.1733857864611945,0
2302,4.1733857864611945,0
2303,4.1733857864611945,0
2304,4.1733857864611945,0
2305,5.983162445026956,0
2306,5.983162445026956,0
2307,5.983162445026956,0
2308,5.983162445026956,0
2309,5.983162445026956,0
2310,5.983162445026956,0
2311,5.983162445026956,0
2312,5.983162445026956,0
2313,33.93277890104712,0
2314,33.93277890104712,0
2315,33.93277890104712,0
2316,33.93277890104712,0
2317,33.93277890104712,1
2318,33.93277890104712,0
2319,33.93277890104712,0
2320,33.93277890104712,0
2321,33.93277890104712,0
2322,47.33123264870874,0
2323,47.33123264870874,0
2324,47.33123264870874,1
2325,47.33123264870874,0
2326,47.33123264870874,0
2327,47.33123264870874,0
2328,47.33123264870874,1
2329,34.393901363687156,0
2330,34.393901363687156,0
2331,34.393901363687156,1
2332,34.393901363687156,0
2333,34.393901363687156,0
2334,34.393901363687156,0
2335,34.393901363687156,0
2336,34.393901363687156,0
2337,34.393901363687156,0
2338,34.393901363687156,0
2339,34.393901363687156,0
2340,34.393901363687156,0
2341,34.393901363687156,0
2342,60.78559376222345,0
2343,60.78559376222345,0
2344,60.78559376222345,0
2345,60.78559376222345,0
2346,60.78559376222345,0
2347,60.78559376222345,0
2348,60.78559376222345,0
2349,60.78559376222345,0
2350,60.78559376222345,0
2351,60.78559376222345,0
2352,60.78559376222345,0
2353,67.61217982616594,0
2354,67.61217982616594,0
2355,67.61217982616594,0
2356,67.61217982616594,0
2357,67.61217982616594,0
2358,67.61217982616594,0
2359,67.61217982616594,0
2360,67.61217982616594,0
2361,67.61217982616594,0
2362,67.61217982616594,0
2363,67.61217982616594,0
2364,67.61217982616594,0
2365,67.61217982616594,0
2366,67.61217982616594,0
2367,54.05574838122615,0
2368,54.05574838122615,0
2369,54.05574838122615,0
2370,54.05574838122615,0
2371,54.05574838122615,0
2372,54.05574838122615,0
2373,54.05574838122615,0
2374,54.05574838122615,0
2375,54.05574838122615,0
2376,54.05574838122615,0
2377,1.727533233260848,0
2378,1.727533233260848,0
2379,1.727533233260848,0
2380,1.727533233260848,0
2381,1.727533233260848,0
2382,1.727533233260848,0
2383,1.727533233260848,0
2384,1.727533233260848,0
2385,1.727533233260848,0
2386,1.727533233260848,0
2387,1.727533233260848,0
2388,1.727533233260848,0
2389,1.727533233260848,0
2390,1.727533233260848,0
2391,103.10378823495986,0
2392,103.10378823495986,0
2393,103.10378823495986,0
2394,103.10378823495986,0
2395,103.10378823495986,0
2396,103.10378823495986,0
2397,103.10378823495986,0
2398,103.10378823495986,0
2399,103.10378823495986,0
2400,103.10378823495986,0
2401,103.10378823495986,0
2402,103.10378823495986,0
2403,22.306717379454504,0
2404,22.306717379454504,0
2405,22.306717379454504,0
2406,22.306717379454504,0
2407,22.306717379454504,0
2408,22.306717379454504,0
2409,22.306717379454504,1
2410,22.306717379454504,0
2411,22.306717379454504,0
2412,22.306717379454504,0
2413,22.306717379454504,0
2414,22.306717379454504,0
2415,22.306717379454504,1
2416,22.306717379454504,0
2417,22.306717379454504,0
2418,22.306717379454504,0
2419,4.709711868721419,0
2420,4.709711868721419,0
2421,4.709711868721419,0
2422,4.709711868721419,0
2423,4.709711868721419,0
2424,4.709711868721419,0
2425,4.709711868721419,0
2426,4.709711868721419,0
2427,4.709711868721419,0
2428,4.709711868721419,0
2429,0.9475005064992953,0
2430,0.9475005064992953,0
2431,0.9475005064992953,0
2432,0.9475005064992953,0
2433,0.9475005064992953,0
2434,0.9475005064992953,0
2435,0.9475005064992953,0
2436,0.9475005064992953,0
2437,0.9475005064992953,0
2438,18.532356910630213,0
2439,18.532356910630213,0
2440,18.532356910630213,0
2441,18.532356910630213,0
2442,18.532356910630213,0
2443,18.532356910630213,0
2444,59.8356369925963,0
2445,59.8356369925963,0
2446,59.8356369925963,0
2447,59.8356369925963,0
2448,59.8356369925963,0
2449,59.8356369925963,0
2450,59.8356369925963,0
2451,1.5404985231402741,1
2452,1.5404985231402741,0
2453,1.5404985231402741,0
2454,1.5404985231402741,0
2455,1.5404985231402741,0
2456,1.5404985231402741,0
2457,1.5404985231402741,0
2458,7.852422655367831,0
2459,7.852422655367831,0
2460,7.852422655367831,0
2461,7.852422655367831,0
2462,7.852422655367831,0
2463,7.852422655367831,0
2464,7.852422655367831,0
2465,39.390006001360135,0
2466,39.390006001360135,0
2467,39.390006001360135,0
2468,39.390006001360135,0
2469,39.390006001360135,0
2470,39.390006001360135,0
2471,35.63185096744711,0
2472,35.63185096744711,0
2473,35.63185096744711,0
2474,35.63185096744711,0
2475,35.63185096744711,0
2476,35.63185096744711,0
2477,33.40058005346203,0
2478,33.40058005346203,0
2479,33.40058005346203,0
2480,33.40058005346203,0
2481,7.082651369012288,0
2482,7.082651369012288,0
2483,7.082651369012288,0
2484,7.082651369012288,0
2485,7.082651369012288,0
2486,7.082651369012288,0
2487,7.082651369012288,0
2488,7.082651369012288,0
2489,7.082651369012288,0
2490,7.082651369012288,0
2491,7.082651369012288,0
2492,5.712577445287802,0
2493,5.712577445287802,0
2494,5.712577445287802,0
2495,5.712577445287802,0
2496,5.712577445287802,0
2497,5.712577445287802,0
2498,0.6356771208057782,0
2499,0.6356771208057782,0
2500,0.6356771208057782,0
2501,0.6356771208057782,0
2502,0.6356771208057782,0
2503,0.6356771208057782,0
2504,0.6356771208057782,0
2505,0.6356771208057782,0
2506,0.6356771208057782,0
2507,0.6356771208057782,0
2508,0.6356771208057782,0
2509,0.6356771208057782,0
2510,0.6356771208057782,0
2511,30.71899052651069,0
2512,30.71899052651069,0
2513,30.71899052651069,0
2514,30.71899052651069,0
2515,30.71899052651069,0
2516,1.1346601606176758,0
2517,1.1346601606176758,0
2518,1.1346601606176758,0
2519,1.1346601606176758,0
2520,1.1346601606176758,0
2521,1.1346601606176758,0
2522,1.1346601606176758,0
2523,2.656264373452355,0
2524,2.656264373452355,0
2525,2.656264373452355,0
2526,2.656264373452355,0
2527,2.656264373452355,0
2528,2.656264373452355,0
2529,2.656264373452355,0
2530,2.656264373452355,0
2531,2.656264373452355,0
2532,2.656264373452355,1
2533,2.656264373452355,0
2534,2.656264373452355,0
2535,42.70967587450657,0
2536,42.70967587450657,0
2537,42.70967587450657,0
2538,42.70967587450657,0
2539,42.70967587450657,0
2540,42.70967587450657,0
2541,42.70967587450657,0
2542,42.70967587450657,0
2543,13.372345038365902,0
2544,13.372345038365902,0
2545,13.372345038365902,0
2546,13.372345038365902,0
2547,13.372345038365902,0
2548,13.372345038365902,0
2549,12.360684039071678,0
2550,12.360684039071678,0
2551,12.360684039071678,0
2552,12.360684039071678,0
2553,12.360684039071678,0
2554,12.360684039071678,0
2555,12.360684039071678,0
2556,61.53140207396485,0
2557,61.53140207396485,0
2558,61.53140207396485,1
2559,61.53140207396485,0
2560,61.53140207396485,0
2561,61.53140207396485,0
2562,61.53140207396485,0
2563,61.53140207396485,0
2564,61.53140207396485,0
2565,61.53140207396485,0
2566,61.53140207396485,0
2567,14.110396616675533,0
2568,14.110396616675533,0
2569,14.110396616675533,0
2570,14.110396616675533,0
2571,14.110396616675533,0
2572,14.110396616675533,1
2573,14.110396616675533,0
2574,14.110396616675533,0
2575,1.7602865502970308,0
2576,1.7602865502970308,0
2577,1.7602865502970308,0
2578,1.7602865502970308,0
2579,1.7602865502970308,0
2580,1.7602865502970308,0
2581,1.7602865502970308,0
2582,1.7602865502970308,0
2583,1.7602865502970308,0
2584,81.80187693332016,0
2585,81.80187693332016,0
2586,81.80187693332016,0
2587,81.80187693332016,0
2588,81.80187693332016,0
2589,81.80187693332016,0
2590,81.80187693332016,0
2591,28.710861586106613,0
2592,28.710861586106613,0
2593,28.710861586106613,0
2594,28.710861586106613,0
2595,28.710861586106613,0
2596,28.710861586106613,0
2597,28.710861586106613,0
2598,28.710861586106613,0
2599,28.710861586106613,0
2600,28.710861586106613,0
2601,28.710861586106613,0
2602,28.710861586106613,0
2603,81.62884562366585,0
2604,81.62884562366585,0
2605,81.62884562366585,0
2606,81.62884562366585,0
2607,81.62884562366585,0
2608,81.62884562366585,0
2609,81.62884562366585,0
2610,81.62884562366585,0
2611,81.62884562366585,0
2612,81.62884562366585,0
2613,81.62884562366585,0
2614,81.62884562366585,0
2615,0.5854213725135473,0
2616,0.5854213725135473,0
2617,0.5854213725135473,0
2618,0.5854213725135473,0
2619,0.5854213725135473,0
2620,0.5854213725135473,0
2621,0.5854213725135473,0
2622,0.5854213725135473,0
2623,0.5854213725135473,0
2624,0.5854213725135473,0
2625,1.7715945235718709,0
2626,1.7715945235718709,0
2627,1.7715945235718709,0
2628,1.7715945235718709,0
2629,1.7715945235718709,0
2630,1.7715945235718709,0
2631,11.683738963589853,0
2632,11.683738963589853,0
2633,11.683738963589853,0
2634,11.683738963589853,0
2635,11.683738963589853,0
2636,11.683738963589853,0
2637,11.683738963589853,0
2638,11.683738963589853,0
2639,11.683738963589853,0
2640,11.683738963589853,0
2641,11.683738963589853,0
2642,11.683738963589853,0
2643,11.683738963589853,0
2644,11.683738963589853,0
2645,1.3822889147399706,0
2646,1.3822889147399706,0
2647,1.3822889147399706,0
2648,1.3822889147399706,0
2649,1.3822889147399706,0
2650,1.3822889147399706,0
2651,1.3822889147399706,0
2652,3.328778954919442,0
2653,3.328778954919442,0
2654,3.328778954919442,0
2655,3.328778954919442,0
2656,3.328778954919442,0
2657,3.328778954919442,0
2658,3.328778954919442,0
2659,3.328778954919442,0
2660,3.328778954919442,0
2661,3.328778954919442,0
2662,8.772098643486187,0
2663,8.772098643486187,0
2664,8.772098643486187,0
2665,8.772098643486187,0
2666,8.772098643486187,0
2667,8.772098643486187,0
2668,8.772098643486187,0
2669,8.772098643486187,0
2670,8.772098643486187,0
2671,8.772098643486187,0
2672,8.772098643486187,0
2673,8.772098643486187,0
2674,8.772098643486187,0
2675,8.772098643486187,0
2676,10.957645588540224,0
2677,10.957645588540224,1
2678,10.957645588540224,0
2679,10.957645588540224,0
2680,10.957645588540224,0
2681,10.957645588540224,0
2682,10.957645588540224,0
2683,10.957645588540224,0
2684,117.5244224301781,0
2685,117.5244224301781,0
2686,117.5244224301781,0
2687,117.5244224301781,0
2688,117.5244224301781,0
2689,117.5244224301781,0
2690,117.5244224301781,0
2691,117.5244224301781,0
2692,117.5244224301781,0
2693,117.5244224301781,0
2694,117.5244224301781,0
2695,117.5244224301781,0
2696,32.714049048783124,0
2697,32.714049048783124,0
2698,32.714049048783124,0
2699,32.714049048783124,0
2700,32.714049048783124,0
2701,32.714049048783124,0
2702,32.714049048783124,0
2703,32.714049048783124,0
2704,32.714049048783124,0
2705,32.714049048783124,0
2706,3.6214048165663493,0
2707,3.6214048165663493,0
2708,3.6214048165663493,0
2709,3.6214048165663493,0
2710,3.6214048165663493,0
2711,3.6214048165663493,0
2712,3.6214048165663493,0
2713,3.6214048165663493,0
2714,3.6214048165663493,0
2715,3.6214048165663493,0
2716,3.6214048165663493,0
2717,43.36368387022526,0
2718,43.36368387022526,0
2719,43.36368387022526,0
2720,43.36368387022526,0
2721,43.36368387022526,0
2722,43.36368387022526,0
2723,43.36368387022526,0
2724,1.0086234957568243,0
2725,1.0086234957568243,0
2726,1.0086234957568243,0
2727,1.0086234957568243,0
2728,1.0086234957568243,0
2729,1.0086234957568243,0
2730,1.0086234957568243,0
2731,1.0086234957568243,0
2732,1.0086234957568243,0
2733,7.106230453498302,0
2734,7.106230453498302,0
2735,7.106230453498302,0
2736,7.106230453498302,0
2737,7.106230453498302,0
2738,7.106230453498302,0
2739,7.106230453498302,0
2740,7.106230453498302,0
2741,7.106230453498302,0
2742,7.106230453498302,0
2743,67.12106588092085,0
2744,67.12106588092085,0
2745,67.12106588092085,0
2746,67.12106588092085,0
2747,67.12106588092085,0
2748,67.12106588092085,0
2749,67.12106588092085,0
2750,67.12106588092085,0
2751,67.12106588092085,0
2752,4.1176290278886105,0
2753,4.1176290278886105,0
2754,4.1176290278886105,0
2755,4.1176290278886105,0
2756,4.1176290278886105,0
2757,4.1176290278886105,0
2758,4.1176290278886105,0
2759,4.1176290278886105,0
2760,3.378504389835268,0
2761,3.378504389835268,0
2762,3.378504389835268,0
2763,3.378504389835268,0
2764,3.378504389835268,0
2765,3.378504389835268,0
2766,3.378504389835268,0
2767,3.378504389835268,0
2768,3.378504389835268,0
2769,9.643789277561254,0
2770,9.643789277561254,0
2771,9.643789277561254,0
2772,9.643789277561254,0
2773,9.643789277561254,0
2774,9.643789277561254,0
2775,9.643789277561254,0
2776,9.643789277561254,0
2777,9.643789277561254,0
2778,9.643789277561254,0
2779,9.643789277561254,0
2780,6.594240001625816,0
2781,6.594240001625816,0
2782,6.594240001625816,0
2783,6.594240001625816,0
2784,6.594240001625816,0
2785,6.594240001625816,0
2786,1.0599504210914483,0
2787,1.0599504210914483,0
2788,1.0599504210914483,0
2789,1.0599504210914483,0
2790,1.0599504210914483,0
2791,1.0599504210914483,0
2792,1.0599504210914483,0
2793,59.879683767916426,0
2794,59.879683767916426,0
2795,59.879683767916426,0
2796,59.879683767916426,0
2797,59.879683767916426,0
2798,59.879683767916426,0
2799,59.879683767916426,0
2800,59.879683767916426,0
2801,21.087782798305703,0
2802,21.087782798305703,0
2803,21.087782798305703,0
2804,21.087782798305703,0
2805,21.087782798305703,0
2806,21.087782798305703,0
2807,21.087782798305703,0
2808,21.087782798305703,0
2809,21.087782798305703,0
2810,21.087782798305703,0
2811,21.087782798305703,0
2812,17.49785476242247,0
2813,17.49785476242247,0
2814,17.49785476242247,0
2815,17.49785476242247,0
2816,17.49785476242247,0
2817,164.71511847037422,0
2818,164.71511847037422,0
2819,164.71511847037422,0
2820,164.71511847037422,0
2821,164.71511847037422,0
2822,164.71511847037422,0
2823,164.71511847037422,0
2824,164.71511847037422,0
2825,164.71511847037422,0
2826,164.71511847037422,0
2827,64.3362014333394,0
2828,64.3362014333394,0
2829,64.3362014333394,0
2830,64.3362014333394,0
2831,64.3362014333394,0
2832,64.3362014333394,0
2833,64.3362014333394,0
2834,64.3362014333394,0
2835,64.3362014333394,0
2836,64.3362014333394,0
2837,64.3362014333394,0
2838,3.309466940754424,0
2839,3.309466940754424,0
2840,3.309466940754424,0
2841,3.309466940754424,0
2842,3.309466940754424,0
2843,3.309466940754424,0
2844,3.309466940754424,0
2845,3.309466940754424,0
2846,3.309466940754424,0
2847,3.309466940754424,0
2848,16.000555071678335,0
2849,16.000555071678335,0
2850,16.000555071678335,0
2851,16.000555071678335,0
2852,16.000555071678335,0
2853,16.000555071678335,0
2854,16.000555071678335,0
2855,16.000555071678335,0
2856,16.000555071678335,0
2857,16.000555071678335,0
2858,16.000555071678335,0
2859,3.2623046559541287,0
2860,3.2623046559541287,0
2861,3.2623046559541287,0
2862,3.2623046559541287,0
2863,20.22836199115036,0
2864,20.22836199115036,0
2865,20.22836199115036,0
2866,20.22836199115036,0
2867,20.22836199115036,0
2868,5.299731849108349,0
2869,5.299731849108349,0
2870,5.299731849108349,0
2871,5.299731849108349,0
2872,5.299731849108349,0
2873,5.299731849108349,0
2874,5.299731849108349,0
2875,5.299731849108349,0
2876,5.299731849108349,0
2877,5.299731849108349,0
2878,77.13316651228321,0
2879,77.13316651228321,0
2880,77.13316651228321,0
2881,77.13316651228321,0
2882,77.13316651228321,0
2883,77.13316651228321,0
2884,27.52031470294538,0
2885,27.52031470294538,0
2886,27.52031470294538,0
2887,27.52031470294538,0
2888,27.52031470294538,0
2889,27.52031470294538,0
2890,27.52031470294538,0
2891,27.52031470294538,0
2892,27.52031470294538,0
2893,27.52031470294538,0
2894,27.52031470294538,0
2895,27.52031470294538,0
2896,1.6781588906444416,0
2897,1.6781588906444416,0
2898,1.6781588906444416,0
2899,1.6781588906444416,0
2900,1.6781588906444416,0
2901,1.6781588906444416,0
2902,1.6781588906444416,0
2903,1.7843040877111578,0
2904,1.7843040877111578,0
2905,1.7843040877111578,0
2906,1.7843040877111578,0
2907,1.7843040877111578,0
2908,1.7843040877111578,0
2909,1.5495346956258347,0
2910,1.5495346956258347,0
2911,1.5495346956258347,0
2912,1.5495346956258347,0
2913,1.5495346956258347,0
2914,1.5495346956258347,0
2915,1.5495346956258347,0
2916,1.4601072021601857,0
2917,1.4601072021601857,0
2918,1.4601072021601857,0
2919,1.4601072021601857,0
2920,1.4601072021601857,0
2921,1.4601072021601857,0
2922,1.4601072021601857,0
2923,1.4601072021601857,0
2924,1.4601072021601857,0
2925,1.4601072021601857,0
2926,1.4601072021601857,0
2927,1.2921165143699336,0
2928,1.2921165143699336,0
2929,1.2921165143699336,0
2930,1.2921165143699336,0
2931,1.2921165143699336,0
2932,1.2921165143699336,0
2933,1.2921165143699336,0
2934,1.2921165143699336,0
2935,1.2921165143699336,0
2936,1.2921165143699336,0
2937,1.2921165143699336,0
2938,68.70292613448292,0
2939,68.70292613448292,1
2940,68.70292613448292,0
2941,68.70292613448292,0
2942,68.70292613448292,0
2943,68.70292613448292,0
2944,68.70292613448292,0
2945,68.70292613448292,0
2946,68.70292613448292,1
2947,68.70292613448292,0
2948,68.70292613448292,0
2949,68.70292613448292,0
2950,6.1442944611734935,0
2951,6.1442944611734935,0
2952,6.1442944611734935,0
2953,6.1442944611734935,0
2954,6.1442944611734935,0
2955,6.1442944611734935,0
2956,1.9454247213534657,0
2957,1.9454247213534657,0
2958,1.9454247213534657,0
2959,1.9454247213534657,0
2960,1.9454247213534657,0
2961,1.9454247213534657,0
2962,1.9454247213534657,0
2963,1.9454247213534657,0
2964,1.9454247213534657,0
2965,1.9454247213534657,0
2966,1.9454247213534657,0
2967,4.2094607155488655,0
2968,4.2094607155488655,0
2969,4.2094607155488655,0
2970,4.2094607155488655,0
2971,4.2094607155488655,0
2972,4.2094607155488655,0
2973,4.2094607155488655,0
2974,4.2094607155488655,0
2975,4.2094607155488655,0
2976,4.2094607155488655,0
2977,4.2094607155488655,0
2978,4.2094607155488655,0
2979,22.83065286891353,0
2980,22.83065286891353,0
2981,22.83065286891353,0
2982,22.83065286891353,0
2983,22.83065286891353,0
2984,22.83065286891353,0
2985,22.83065286891353,0
2986,22.83065286891353,0
2987,22.83065286891353,0
2988,22.83065286891353,0
2989,22.83065286891353,0
2990,22.83065286891353,0
2991,30.033725957535804,0
2992,30.033725957535804,0
2993,30.033725957535804,0
2994,112.56707158523142,0
2995,112.56707158523142,0
2996,112.56707158523142,0
2997,112.56707158523142,0
2998,112.56707158523142,0
2999,112.56707158523142,0
3000,112.56707158523142,0
3001,112.56707158523142,0
3002,112.56707158523142,0
3003,112.56707158523142,0
3004,112.56707158523142,0
3005,27.903452712263867,0
3006,27.903452712263867,0
3007,27.903452712263867,0
3008,27.903452712263867,0
3009,27.903452712263867,0
3010,27.903452712263867,0
3011,27.903452712263867,0
3012,27.903452712263867,0
3013,2.27889147194001,0
3014,2.27889147194001,0
3015,2.27889147194001,0
3016,2.27889147194001,0
3017,2.27889147194001,0
3018,2.27889147194001,0
3019,2.27889147194001,0
3020,2.27889147194001,0
3021,2.27889147194001,0
3022,2.27889147194001,0
3023,2.27889147194001,0
3024,2.27889147194001,0
3025,57.608623205867666,0
3026,57.608623205867666,0
3027,57.608623205867666,0
3028,57.608623205867666,0
3029,57.608623205867666,0
3030,57.608623205867666,0
3031,57.608623205867666,0
3032,57.608623205867666,0
3033,57.608623205867666,0
3034,11.534591075752418,0
3035,11.534591075752418,0
3036,11.534591075752418,0
3037,11.534591075752418,0
3038,11.534591075752418,0
3039,11.534591075752418,0
3040,11.534591075752418,0
3041,11.534591075752418,0
3042,11.534591075752418,0
3043,11.534591075752418,0
3044,11.534591075752418,0
3045,11.534591075752418,0
3046,40.443368100624106,0
3047,40.443368100624106,0
3048,40.443368100624106,0
3049,40.443368100624106,0
3050,40.443368100624106,0
3051,40.443368100624106,0
3052,40.443368100624106,0
3053,40.443368100624106,0
3054,40.443368100624106,0
3055,8.066281900015591,0
3056,8.066281900015591,0
3057,8.066281900015591,0
3058,8.066281900015591,0
3059,8.066281900015591,0
3060,8.066281900015591,0
3061,8.066281900015591,0
3062,8.066281900015591,0
3063,45.185612857826754,0
3064,45.185612857826754,0
3065,45.185612857826754,0
3066,45.185612857826754,0
3067,45.185612857826754,0
3068,45.185612857826754,0
3069,26.00704090674426,0
3070,26.00704090674426,0
3071,26.00704090674426,0
3072,26.00704090674426,0
3073,26.00704090674426,0
3074,26.00704090674426,0
3075,1.1801314898814719,0
3076,1.1801314898814719,0
3077,1.1801314898814719,0
3078,1.1801314898814719,0
3079,1.1801314898814719,0
3080,1.1801314898814719,0
3081,1.1801314898814719,0
3082,1.1801314898814719,0
3083,1.1801314898814719,0
3084,1.1801314898814719,0
3085,29.07160391833291,0
3086,29.07160391833291,0
3087,29.07160391833291,0
3088,29.07160391833291,0
3089,29.07160391833291,0
3090,29.07160391833291,0
3091,29.07160391833291,0
3092,29.07160391833291,0
3093,29.07160391833291,0
3094,29.07160391833291,0
3095,29.07160391833291,0
3096,0.9312769524770923,0
3097,0.9312769524770923,0
3098,0.9312769524770923,0
3099,0.9312769524770923,0
3100,0.9312769524770923,0
3101,0.9312769524770923,0
3102,0.9312769524770923,0
3103,0.9312769524770923,0
3104,0.9312769524770923,0
3105,2.9115731860215344,0
3106,2.9115731860215344,0
3107,2.9115731860215344,0
3108,2.9115731860215344,0
3109,2.9115731860215344,0
3110,2.9115731860215344,0
3111,2.44723061654712,0
3112,2.44723061654712,0
3113,2.44723061654712,0
3114,2.44723061654712,0
3115,2.44723061654712,0
3116,2.44723061654712,0
3117,2.44723061654712,0
3118,2.44723061654712,0
3119,2.44723061654712,0
3120,2.44723061654712,0
3121,2.44723061654712,0
3122,31.370313233360662,0
3123,31.370313233360662,0
3124,31.370313233360662,0
3125,31.370313233360662,0
3126,31.370313233360662,0
3127,31.370313233360662,0
3128,31.370313233360662,0
3129,31.370313233360662,0
3130,31.370313233360662,0
3131,31.370313233360662,0
3132,31.370313233360662,0
3133,31.370313233360662,0
3134,31.370313233360662,0
3135,23.357821734287143,0
3136,23.357821734287143,1
3137,23.357821734287143,0
3138,23.357821734287143,0
3139,23.357821734287143,0
3140,23.357821734287143,0
3141,23.357821734287143,0
3142,23.357821734287143,0
3143,23.357821734287143,1
3144,41.30007906257235,0
3145,41.30007906257235,0
3146,41.30007906257235,0
3147,41.30007906257235,0
3148,41.30007906257235,0
3149,41.30007906257235,0
3150,41.30007906257235,0
3151,41.30007906257235,0
3152,3.9839406979190417,0
3153,3.9839406979190417,0
3154,3.9839406979190417,0
3155,3.9839406979190417,0
3156,3.9839406979190417,0
3157,3.9839406979190417,0
3158,3.9839406979190417,0
3159,3.9839406979190417,0
3160,17.197294330290656,0
3161,17.197294330290656,0
3162,17.197294330290656,0
3163,17.197294330290656,0
3164,17.197294330290656,0
3165,17.197294330290656,0
3166,17.197294330290656,0
3167,17.197294330290656,0
3168,17.197294330290656,0
3169,17.197294330290656,0
3170,17.197294330290656,0
3171,17.197294330290656,0
3172,30.74726870457752,0
3173,30.74726870457752,0
3174,30.74726870457752,0
3175,30.74726870457752,0
3176,53.212541382383684,0
3177,53.212541382383684,0
3178,53.212541382383684,0
3179,53.212541382383684,0
3180,53.212541382383684,0
3181,53.212541382383684,0
3182,53.212541382383684,0
3183,53.212541382383684,0
3184,53.212541382383684,0
3185,13.221459405962952,0
3186,13.221459405962952,0
3187,13.221459405962952,0
3188,13.221459405962952,0
3189,13.221459405962952,0
3190,13.221459405962952,0
3191,13.221459405962952,0
3192,13.221459405962952,0
3193,1.3699879491409137,0
3194,1.3699879491409137,0
3195,1.3699879491409137,0
3196,1.3699879491409137,0
3197,1.3699879491409137,0
3198,1.3699879491409137,0
3199,1.3699879491409137,0
3200,1.3699879491409137,0
3201,1.3699879491409137,0
3202,3.8000949385959,0
3203,3.8000949385959,0
3204,3.8000949385959,0
3205,3.8000949385959,0
3206,3.8000949385959,0
3207,3.8000949385959,0
3208,3.8000949385959,0
3209,3.8000949385959,0
3210,3.8000949385959,0
3211,43.23552753347178,0
3212,43.23552753347178,0
3213,43.23552753347178,0
3214,43.23552753347178,0
3215,43.23552753347178,0
3216,43.23552753347178,0
3217,43.23552753347178,0
3218,43.23552753347178,0
3219,43.23552753347178,0
3220,2.0879831369686217,0
3221,2.0879831369686217,0
3222,2.0879831369686217,0
3223,2.0879831369686217,0
3224,2.0879831369686217,0
3225,2.0879831369686217,0
3226,2.0879831369686217,0
3227,2.0879831369686217,0
3228,2.0879831369686217,0
3229,2.0879831369686217,0
3230,196.74613894667328,0
3231,196.74613894667328,0
3232,196.74613894667328,0
3233,196.74613894667328,0
3234,196.74613894667328,0
3235,2.0233230518914396,0
3236,2.0233230518914396,0
3237,2.0233230518914396,0
3238,2.0233230518914396,0
3239,2.0233230518914396,0
3240,2.0233230518914396,0
3241,2.0233230518914396,0
3242,25.49434459499525,0
3243,25.49434459499525,0
3244,25.49434459499525,0
3245,25.49434459499525,0
3246,25.49434459499525,0
3247,25.49434459499525,0
3248,25.49434459499525,0
3249,3.485705945738842,0
3250,3.485705945738842,0
3251,3.485705945738842,0
3252,3.485705945738842,0
3253,3.485705945738842,0
3254,3.7927260764291684,0
3255,3.7927260764291684,0
3256,3.7927260764291684,0
3257,3.7927260764291684,0
3258,3.7927260764291684,0
3259,3.7927260764291684,0
3260,3.7927260764291684,0
3261,3.7927260764291684,0
3262,3.7927260764291684,0
3263,3.7927260764291684,0
3264,141.40292117269897,0
3265,141.40292117269897,0
3266,141.40292117269897,0
3267,141.40292117269897,0
3268,141.40292117269897,0
3269,141.40292117269897,0
3270,141.40292117269897,0
3271,141.40292117269897,0
3272,1.5690677707357326,0
3273,1.5690677707357326,0
3274,1.5690677707357326,0
3275,1.5690677707357326,0
3276,1.5690677707357326,0
3277,1.5690677707357326,0
3278,1.5690677707357326,0
3279,1.5690677707357326,0
3280,1.5690677707357326,0
3281,12.67061074003976,0
3282,12.67061074003976,0
3283,12.67061074003976,0
3284,12.67061074003976,0
3285,12.67061074003976,0
3286,12.67061074003976,0
3287,12.67061074003976,0
3288,12.67061074003976,0
3289,12.67061074003976,0
3290,12.67061074003976,0
3291,12.67061074003976,0
3292,30.104826290602535,0
3293,30.104826290602535,0
3294,30.104826290602535,0
3295,30.104826290602535,0
3296,30.104826290602535,0
3297,30.104826290602535,0
3298,30.104826290602535,0
3299,30.104826290602535,0
3300,30.104826290602535,0
3301,30.104826290602535,0
3302,30.104826290602535,0
3303,30.104826290602535,0
3304,30.104826290602535,0
3305,9.858696792179462,0
3306,9.858696792179462,0
3307,9.858696792179462,0
3308,9.858696792179462,0
3309,9.858696792179462,0
3310,9.858696792179462,0
3311,9.858696792179462,0
3312,9.858696792179462,0
3313,53.68597500032638,0
3314,53.68597500032638,0
3315,53.68597500032638,0
3316,53.68597500032638,0
3317,53.68597500032638,0
3318,53.68597500032638,0
3319,0.8084959909394577,0
3320,0.8084959909394577,0
3321,0.8084959909394577,0
3322,0.8084959909394577,0
3323,0.8084959909394577,0
3324,0.8084959909394577,0
3325,0.8084959909394577,0
3326,0.8084959909394577,0
3327,0.8084959909394577,0
3328,0.8084959909394577,0
3329,0.8084959909394577,0
3330,0.8084959909394577,0
3331,35.94112456803679,0
3332,35.94112456803679,0
3333,35.94112456803679,0
3334,35.94112456803679,0
3335,35.94112456803679,0
3336,35.94112456803679,0
3337,35.94112456803679,0
3338,35.94112456803679,0
3339,35.94112456803679,0
3340,35.94112456803679,0
3341,35.94112456803679,0
3342,35.94112456803679,0
3343,11.221657174445216,0
3344,11.221657174445216,0
3345,11.221657174445216,0
3346,11.221657174445216,0
3347,11.221657174445216,0
3348,11.221657174445216,0
3349,11.221657174445216,0
3350,11.221657174445216,0
3351,11.221657174445216,0
3352,11.221657174445216,0
3353,11.221657174445216,0
3354,11.221657174445216,0
3355,18.44113417632734,0
3356,18.44113417632734,0
3357,18.44113417632734,0
3358,18.44113417632734,0
3359,18.44113417632734,0
3360,18.44113417632734,0
3361,18.44113417632734,0
3362,18.44113417632734,0
3363,18.44113417632734,0
3364,18.44113417632734,0
3365,18.44113417632734,0
3366,18.44113417632734,0
3367,18.44113417632734,0
3368,18.44113417632734,0
3369,18.44113417632734,0
3370,18.44113417632734,0
3371,18.44113417632734,0
3372,1.1635326409335878,0
3373,1.1635326409335878,0
3374,1.1635326409335878,0
3375,1.1635326409335878,0
3376,156.8033794240996,0
3377,156.8033794240996,0
3378,156.8033794240996,0
3379,156.8033794240996,0
3380,156.8033794240996,0
3381,156.8033794240996,0
3382,44.46281567206114,0
3383,44.46281567206114,0
3384,44.46281567206114,0
3385,44.46281567206114,0
3386,44.46281567206114,0
3387,44.46281567206114,0
3388,44.46281567206114,0
3389,44.46281567206114,0
3390,44.46281567206114,0
3391,44.46281567206114,0
3392,44.46281567206114,0
3393,44.46281567206114,0
3394,44.46281567206114,0
3395,44.46281567206114,0
3396,1.9781044266401209,0
3397,1.9781044266401209,0
3398,1.9781044266401209,0
3399,1.9781044266401209,0
3400,1.9781044266401209,0
3401,1.9781044266401209,0
3402,1.9781044266401209,0
3403,1.9781044266401209,0
3404,1.9781044266401209,0
3405,1.9781044266401209,0
3406,27.89833126860518,0
3407,27.89833126860518,0
3408,27.89833126860518,0
3409,27.89833126860518,0
3410,27.89833126860518,0
3411,27.89833126860518,0
3412,27.89833126860518,0
3413,27.89833126860518,0
3414,27.89833126860518,0
3415,27.89833126860518,0
3416,55.764825429163984,0
3417,55.764825429163984,0
3418,55.764825429163984,0
3419,55.764825429163984,0
3420,55.764825429163984,0
3421,55.764825429163984,0
3422,55.764825429163984,0
3423,55.764825429163984,0
3424,55.764825429163984,0
3425,55.764825429163984,0
3426,75.41635343225174,0
3427,75.41635343225174,0
3428,75.41635343225174,0
3429,75.41635343225174,0
3430,75.41635343225174,0
3431,75.41635343225174,0
3432,75.41635343225174,0
3433,75.41635343225174,0
3434,75.41635343225174,0
3435,75.41635343225174,0
3436,75.41635343225174,0
3437,52.646686318699544,0
3438,52.646686318699544,0
3439,52.646686318699544,0
3440,52.646686318699544,0
3441,52.646686318699544,0
3442,52.646686318699544,0
3443,52.646686318699544,0
3444,1.685051714217224,0
3445,1.685051714217224,0
3446,1.685051714217224,0
3447,1.685051714217224,0
3448,1.685051714217224,0
3449,1.685051714217224,0
3450,1.685051714217224,0
3451,1.685051714217224,0
3452,1.685051714217224,0
3453,1.685051714217224,0
3454,1.685051714217224,0
3455,24.62545783785119,0
3456,24.62545783785119,0
3457,24.62545783785119,0
3458,24.62545783785119,0
3459,24.62545783785119,0
3460,24.62545783785119,0
3461,24.62545783785119,0
3462,24.62545783785119,0
3463,24.62545783785119,0
3464,24.62545783785119,0
3465,24.62545783785119,0
3466,24.62545783785119,0
3467,37.82755274041855,0
3468,37.82755274041855,0
3469,37.82755274041855,0
3470,37.82755274041855,0
3471,37.82755274041855,0
3472,37.82755274041855,0
3473,37.82755274041855,0
3474,12.803719728239017,0
3475,12.803719728239017,0
3476,12.803719728239017,0
3477,12.803719728239017,0
3478,12.803719728239017,0
3479,12.803719728239017,0
3480,12.803719728239017,0
3481,12.803719728239017,0
3482,12.803719728239017,0
3483,12.803719728239017,0
3484,12.803719728239017,0
3485,5.776292412972031,0
3486,5.776292412972031,0
3487,5.776292412972031,0
3488,5.776292412972031,0
3489,5.776292412972031,0
3490,5.776292412972031,0
3491,5.776292412972031,0
3492,5.776292412972031,0
3493,1.9203658268280075,0
3494,1.9203658268280075,0
3495,1.9203658268280075,1
3496,1.9203658268280075,0
3497,1.9203658268280075,0
3498,1.9203658268280075,0
3499,1.9203658268280075,0
3500,1.9203658268280075,0
3501,1.9203658268280075,0
3502,1.9203658268280075,0
3503,1.9203658268280075,0
3504,1.9203658268280075,0
3505,24.596066539494274,0
3506,24.596066539494274,0
3507,24.596066539494274,0
3508,24.596066539494274,0
3509,24.596066539494274,0
3510,24.596066539494274,0
3511,24.596066539494274,0
3512,24.596066539494274,0
3513,24.596066539494274,0
3514,24.596066539494274,0
3515,0.8219651447055523,0
3516,0.8219651447055523,0
3517,0.8219651447055523,0
3518,0.8219651447055523,0
3519,0.8219651447055523,0
3520,0.8219651447055523,0
3521,0.8219651447055523,0
3522,0.8219651447055523,0
3523,0.8219651447055523,0
3524,105.34892220203405,0
3525,105.34892220203405,0
3526,105.34892220203405,0
3527,105.34892220203405,0
3528,105.34892220203405,0
3529,105.34892220203405,0
3530,105.34892220203405,0
3531,105.34892220203405,0
3532,105.34892220203405,0
3533,133.3267896966632,0
3534,133.3267896966632,0
3535,133.3267896966632,0
3536,133.3267896966632,0
3537,133.3267896966632,0
3538,133.3267896966632,0
3539,133.3267896966632,0
3540,133.3267896966632,0
3541,133.3267896966632,0
3542,133.3267896966632,0
3543,133.3267896966632,0
3544,133.3267896966632,0
3545,1.0735439723956444,0
3546,1.0735439723956444,0
3547,1.0735439723956444,0
3548,1.0735439723956444,0
3549,1.0735439723956444,0
3550,1.0735439723956444,0
3551,1.0735439723956444,0
3552,16.57686338660647,0
3553,16.57686338660647,0
3554,16.57686338660647,0
3555,16.57686338660647,1
3556,16.57686338660647,0
3557,16.57686338660647,0
3558,16.57686338660647,0
3559,16.57686338660647,0
3560,52.37998703226782,0
3561,52.37998703226782,0
3562,52.37998703226782,0
3563,52.37998703226782,0
3564,52.37998703226782,0
3565,52.37998703226782,0
3566,52.37998703226782,0
3567,52.37998703226782,0
3568,131.3642133275915,0
3569,131.3642133275915,0
3570,131.3642133275915,0
3571,131.3642133275915,0
3572,131.3642133275915,0
3573,131.3642133275915,0
3574,131.3642133275915,0
3575,131.3642133275915,0
3576,131.3642133275915,0
3577,26.591284706105917,0
3578,26.591284706105917,0
3579,26.591284706105917,0
3580,26.591284706105917,0
3581,26.591284706105917,0
3582,26.591284706105917,0
3583,26.591284706105917,0
3584,26.591284706105917,0
3585,26.591284706105917,0
3586,26.591284706105917,0
3587,83.17687477503584,0
3588,83.17687477503584,0
3589,83.17687477503584,0
3590,83.17687477503584,0
3591,83.17687477503584,0
3592,83.17687477503584,0
3593,83.17687477503584,0
3594,83.17687477503584,0
3595,83.17687477503584,0
3596,83.17687477503584,0
3597,83.17687477503584,0
3598,83.17687477503584,0
3599,35.84188716837392,0
3600,35.84188716837392,0
3601,35.84188716837392,0
3602,35.84188716837392,0
3603,35.84188716837392,0
3604,35.84188716837392,0
3605,35.84188716837392,0
3606,35.84188716837392,0
3607,35.84188716837392,0
3608,1.3826413038292154,0
3609,1.3826413038292154,0
3610,1.3826413038292154,0
3611,1.3826413038292154,0
3612,1.3826413038292154,0
3613,1.3826413038292154,0
3614,1.3826413038292154,0
3615,1.3826413038292154,0
3616,1.3826413038292154,0
3617,1.3826413038292154,0
3618,1.8247614988784324,0
3619,1.8247614988784324,0
3620,1.8247614988784324,0
3621,1.8247614988784324,0
3622,1.8247614988784324,0
3623,1.8247614988784324,0
3624,1.8247614988784324,0
3625,1.8247614988784324,0
3626,1.8930638838382041,0
3627,1.8930638838382041,0
3628,1.8930638838382041,0
3629,1.8930638838382041,0
3630,1.8930638838382041,0
3631,1.8930638838382041,0
3632,1.8930638838382041,0
3633,1.8930638838382041,0
3634,21.365486804827736,0
3635,21.365486804827736,0
3636,21.365486804827736,0
3637,21.365486804827736,0
3638,21.365486804827736,0
3639,21.365486804827736,0
3640,21.365486804827736,0
3641,21.365486804827736,0
3642,21.365486804827736,1
3643,21.365486804827736,0
3644,21.365486804827736,0
3645,21.365486804827736,0
3646,3.114808495543982,0
3647,3.114808495543982,0
3648,3.114808495543982,0
3649,3.114808495543982,0
3650,3.114808495543982,0
3651,3.114808495543982,0
3652,3.114808495543982,0
3653,3.2622765700494765,0
3654,3.2622765700494765,0
3655,3.2622765700494765,0
3656,3.2622765700494765,0
3657,3.2622765700494765,0
3658,3.2622765700494765,0
3659,3.2622765700494765,1
3660,3.2622765700494765,0
3661,3.2622765700494765,0
3662,3.2622765700494765,0
3663,3.2622765700494765,0
3664,85.90274671196987,0
3665,85.90274671196987,0
3666,85.90274671196987,0
3667,85.90274671196987,0
3668,85.90274671196987,0
3669,85.90274671196987,0
3670,40.295731402174816,0
3671,40.295731402174816,0
3672,40.295731402174816,0
3673,40.295731402174816,0
3674,40.295731402174816,0
3675,40.295731402174816,0
3676,2.5798585950294353,0
3677,2.5798585950294353,0
3678,2.5798585950294353,0
3679,2.5798585950294353,0
3680,2.5798585950294353,0
3681,2.5798585950294353,0
3682,2.5798585950294353,0
3683,12.47714584380099,0
3684,12.47714584380099,0
3685,12.47714584380099,0
3686,12.47714584380099,0
3687,85.4316175111395,0
3688,85.4316175111395,0
3689,85.4316175111395,0
3690,85.4316175111395,0
3691,85.4316175111395,0
3692,85.4316175111395,0
3693,85.4316175111395,0
3694,85.4316175111395,0
3695,85.4316175111395,0
3696,85.4316175111395,0
3697,85.4316175111395,0
3698,85.4316175111395,0
3699,30.607028948734115,0
3700,30.607028948734115,0
3701,30.607028948734115,0
3702,30.607028948734115,0
3703,30.607028948734115,0
3704,30.607028948734115,0
3705,30.607028948734115,0
3706,30.607028948734115,0
3707,116.17211390527747,0
3708,116.17211390527747,0
3709,116.17211390527747,0
3710,116.17211390527747,0
3711,116.17211390527747,0
3712,116.17211390527747,0
3713,116.17211390527747,0
3714,116.17211390527747,0
3715,10.45504122720418,0
3716,10.45504122720418,0
3717,10.45504122720418,0
3718,10.45504122720418,0
3719,10.45504122720418,0
3720,10.45504122720418,0
3721,10.45504122720418,0
3722,10.45504122720418,0
3723,10.45504122720418,0
3724,10.45504122720418,0
3725,3.940974724592218,0
3726,3.940974724592218,0
3727,3.940974724592218,0
3728,3.940974724592218,0
3729,3.940974724592218,0
3730,3.940974724592218,0
3731,3.940974724592218,0
3732,3.940974724592218,0
3733,3.940974724592218,0
3734,3.940974724592218,0
3735,3.940974724592218,0
3736,3.940974724592218,0
3737,17.598273139645833,0
3738,17.598273139645833,0
3739,17.598273139645833,0
3740,17.598273139645833,0
3741,17.598273139645833,0
3742,17.598273139645833,0
3743,17.598273139645833,0
3744,17.598273139645833,0
3745,17.598273139645833,0
3746,17.598273139645833,0
3747,17.598273139645833,0
3748,33.336004008157914,0
3749,33.336004008157914,0
3750,33.336004008157914,0
3751,33.336004008157914,0
3752,33.336004008157914,0
3753,33.336004008157914,0
3754,101.26217856713173,0
3755,101.26217856713173,0
3756,101.26217856713173,0
3757,101.26217856713173,0
3758,101.26217856713173,0
3759,101.26217856713173,0
3760,101.26217856713173,0
3761,101.26217856713173,0
3762,101.26217856713173,0
3763,101.26217856713173,0
3764,46.28804452658212,0
3765,46.28804452658212,0
3766,46.28804452658212,0
3767,46.28804452658212,1
3768,46.28804452658212,0
3769,46.28804452658212,0
3770,3.3158866673605925,0
3771,3.3158866673605925,0
3772,3.3158866673605925,0
3773,3.3158866673605925,0
3774,3.3158866673605925,0
3775,3.3158866673605925,0
3776,3.3158866673605925,0
3777,3.3158866673605925,0
3778,3.3158866673605925,0
3779,3.3158866673605925,0
3780,3.3158866673605925,0
3781,3.3158866673605925,0
3782,8.636136340691607,0
3783,8.636136340691607,0
3784,8.636136340691607,0
3785,8.636136340691607,0
3786,8.636136340691607,0
3787,8.636136340691607,0
3788,8.636136340691607,0
3789,8.636136340691607,0
3790,8.636136340691607,0
3791,8.636136340691607,0
3792,1.6909916530053124,0
3793,1.6909916530053124,0
3794,1.6909916530053124,0
3795,1.6909916530053124,0
3796,1.6909916530053124,0
3797,1.6909916530053124,0
3798,1.6909916530053124,0
3799,1.6909916530053124,0
3800,1.6909916530053124,0
3801,1.6909916530053124,0
3802,1.6909916530053124,0
3803,1.8227422916490188,0
3804,1.8227422916490188,0
3805,1.8227422916490188,0
3806,1.8227422916490188,0
3807,1.8227422916490188,0
3808,1.8227422916490188,0
3809,1.8227422916490188,0
3810,1.8227422916490188,0
3811,1.8227422916490188,0
3812,1.8227422916490188,0
3813,1.8227422916490188,0
3814,1.8227422916490188,0
3815,1.8227422916490188,0
3816,1.8227422916490188,0
3817,47.7484620838552,0
3818,47.7484620838552,0
3819,47.7484620838552,0
3820,47.7484620838552,0
3821,47.7484620838552,0
3822,47.7484620838552,0
3823,47.7484620838552,0
3824,47.7484620838552,0
3825,47.7484620838552,0
3826,47.7484620838552,0
3827,29.030196507859362,0
3828,29.030196507859362,0
3829,29.030196507859362,0
3830,29.030196507859362,0
3831,29.030196507859362,0
3832,29.030196507859362,0
3833,29.030196507859362,0
3834,29.030196507859362,0
3835,29.030196507859362,0
3836,29.030196507859362,0
3837,7.354955905773059,0
3838,7.354955905773059,0
3839,7.354955905773059,0
3840,7.354955905773059,0
3841,7.354955905773059,0
3842,7.354955905773059,0
3843,7.354955905773059,0
3844,7.354955905773059,0
3845,7.354955905773059,0
3846,54.56546453651709,0
3847,54.56546453651709,0
3848,54.56546453651709,0
3849,54.56546453651709,0
3850,54.56546453651709,0
3851,54.56546453651709,0
3852,1.5361511858826316,0
3853,1.5361511858826316,0
3854,1.5361511858826316,0
3855,1.5361511858826316,0
3856,1.5361511858826316,0
3857,1.5361511858826316,0
3858,1.5361511858826316,0
3859,1.5361511858826316,0
3860,1.5361511858826316,0
3861,1.5361511858826316,0
3862,1.5361511858826316,0
3863,1.5361511858826316,0
3864,3.0776517280884197,0
3865,3.0776517280884197,0
3866,3.0776517280884197,0
3867,3.0776517280884197,0
3868,3.0776517280884197,0
3869,3.0776517280884197,0
3870,3.0776517280884197,0
3871,3.0776517280884197,0
3872,3.0776517280884197,0
3873,3.0776517280884197,0
3874,3.0776517280884197,0
3875,3.0776517280884197,0
3876,3.0776517280884197,0
3877,3.076030076079799,0
3878,3.076030076079799,0
3879,3.076030076079799,0
3880,3.076030076079799,0
3881,3.076030076079799,0
3882,3.076030076079799,0
3883,3.076030076079799,0
3884,3.076030076079799,0
3885,20.868470284349034,0
3886,20.868470284349034,0
3887,20.868470284349034,0
3888,20.868470284349034,0
3889,20.868470284349034,0
3890,20.868470284349034,0
3891,20.868470284349034,0
3892,20.868470284349034,0
3893,20.868470284349034,0
3894,20.868470284349034,0
3895,20.868470284349034,0
3896,20.868470284349034,0
3897,20.868470284349034,0
3898,23.932203659327286,0
3899,23.932203659327286,0
3900,23.932203659327286,0
3901,23.932203659327286,0
3902,23.932203659327286,0
3903,23.932203659327286,0
3904,23.932203659327286,0
3905,23.932203659327286,0
3906,12.532055238728091,0
3907,12.532055238728091,0
3908,12.532055238728091,0
3909,12.532055238728091,0
3910,12.532055238728091,0
3911,12.532055238728091,0
3912,12.532055238728091,0
3913,12.532055238728091,0
3914,12.532055238728091,0
3915,12.532055238728091,0
3916,12.532055238728091,0
3917,12.532055238728091,0
3918,5.208829352695758,0
3919,5.208829352695758,0
3920,5.208829352695758,0
3921,5.208829352695758,0
3922,5.208829352695758,0
3923,5.208829352695758,0
3924,5.208829352695758,0
3925,5.208829352695758,0
3926,5.208829352695758,0
3927,5.208829352695758,0
3928,5.208829352695758,0
3929,36.26235125476849,0
3930,36.26235125476849,0
3931,36.26235125476849,0
3932,36.26235125476849,0
3933,36.26235125476849,0
3934,36.26235125476849,0
3935,36.26235125476849,0
3936,36.26235125476849,0
3937,36.26235125476849,0
3938,2.7352784875485114,0
3939,2.7352784875485114,0
3940,2.7352784875485114,0
3941,2.7352784875485114,0
3942,2.7352784875485114,0
3943,2.7352784875485114,0
3944,2.7352784875485114,0
3945,2.7352784875485114,0
3946,45.53235070094645,0
3947,45.53235070094645,0
3948,45.53235070094645,0
3949,45.53235070094645,0
3950,45.53235070094645,0
3951,45.53235070094645,0
3952,45.53235070094645,0
3953,45.53235070094645,0
3954,45.53235070094645,0
3955,45.53235070094645,0
3956,29.49971903341274,0
3957,29.49971903341274,1
3958,29.49971903341274,0
3959,29.49971903341274,0
3960,29.49971903341274,0
3961,29.49971903341274,0
3962,29.49971903341274,0
3963,29.49971903341274,0
3964,29.49971903341274,0
3965,29.49971903341274,0
3966,29.49971903341274,0
3967,29.49971903341274,0
3968,29.49971903341274,0
3969,0.9733322592730824,0
3970,0.9733322592730824,0
3971,0.9733322592730824,0
3972,0.9733322592730824,0
3973,0.9733322592730824,0
3974,0.9733322592730824,0
3975,0.9733322592730824,0
3976,0.9733322592730824,0
3977,0.9733322592730824,0
3978,0.365345849974315,0
3979,0.365345849974315,0
3980,0.365345849974315,0
3981,0.365345849974315,0
3982,0.365345849974315,0
3983,0.365345849974315,0
3984,0.365345849974315,0
3985,0.365345849974315,0
3986,0.365345849974315,0
3987,33.34657312261835,0
3988,33.34657312261835,0
3989,33.34657312261835,0
3990,33.34657312261835,0
3991,33.34657312261835,0
3992,33.34657312261835,0
3993,33.34657312261835,0
3994,33.34657312261835,0
3995,33.34657312261835,0
3996,33.34657312261835,0
3997,33.34657312261835,0
3998,33.34657312261835,0
3999,33.34657312261835,0
4000,33.34657312261835,0
4001,94.87672704408406,0
4002,94.87672704408406,0
4003,94.87672704408406,0
4004,94.87672704408406,0
4005,94.87672704408406,0
4006,94.87672704408406,0
4007,94.87672704408406,0
4008,94.87672704408406,0
4009,0.1485128434584376,0
4010,0.1485128434584376,0
4011,0.1485128434584376,0
4012,0.1485128434584376,0
4013,8.044185383585198,0
4014,8.044185383585198,0
4015,8.044185383585198,0
4016,8.044185383585198,0
4017,8.044185383585198,0
4018,8.044185383585198,0
4019,8.044185383585198,0
4020,8.044185383585198,0
4021,8.044185383585198,0
4022,8.044185383585198,0
4023,8.044185383585198,0
4024,19.163847009917156,0
4025,19.163847009917156,0
4026,19.163847009917156,0
4027,19.163847009917156,0
4028,19.163847009917156,0
4029,19.163847009917156,0
4030,19.163847009917156,0
4031,19.163847009917156,0
4032,19.163847009917156,0
4033,0.5221944005702244,0
4034,0.5221944005702244,0
4035,0.5221944005702244,0
4036,0.5221944005702244,0
4037,0.5221944005702244,0
4038,0.5221944005702244,0
4039,0.5221944005702244,0
4040,0.5221944005702244,0
4041,88.08135208551097,0
4042,88.08135208551097,0
4043,88.08135208551097,0
4044,88.08135208551097,0
4045,88.08135208551097,0
4046,88.08135208551097,0
4047,88.08135208551097,0
4048,88.08135208551097,0
4049,88.08135208551097,0
4050,88.08135208551097,0
4051,88.08135208551097,0
4052,88.08135208551097,0
4053,81.01545248093404,0
4054,81.01545248093404,0
4055,81.01545248093404,0
4056,81.01545248093404,0
4057,81.01545248093404,0
4058,81.01545248093404,0
4059,81.01545248093404,0
4060,81.01545248093404,0
4061,81.01545248093404,0
4062,81.01545248093404,0
4063,81.01545248093404,0
4064,81.01545248093404,0
4065,9.487374599371698,0
4066,9.487374599371698,0
4067,9.487374599371698,0
4068,9.487374599371698,0
4069,9.487374599371698,0
4070,9.487374599371698,0
4071,9.487374599371698,0
4072,9.487374599371698,0
4073,2.777553331324304,0
4074,2.777553331324304,0
4075,2.777553331324304,0
4076,2.777553331324304,0
4077,2.777553331324304,0
4078,2.777553331324304,0
4079,2.777553331324304,0
4080,52.941278675451244,0
4081,52.941278675451244,0
4082,52.941278675451244,0
4083,52.941278675451244,0
4084,52.941278675451244,0
4085,52.941278675451244,0
4086,52.941278675451244,0
4087,52.941278675451244,0
4088,52.941278675451244,0
4089,52.941278675451244,0
4090,52.941278675451244,0
4091,52.941278675451244,0
4092,36.914811030868925,0
4093,36.914811030868925,0
4094,36.914811030868925,0
4095,36.914811030868925,0
4096,36.914811030868925,0
4097,36.914811030868925,0
4098,36.914811030868925,0
4099,36.914811030868925,0
4100,36.914811030868925,0
4101,36.914811030868925,0
4102,36.914811030868925,0
4103,36.914811030868925,0
4104,36.914811030868925,0
4105,36.914811030868925,0
4106,36.914811030868925,0
4107,19.678268983922994,0
4108,19.678268983922994,0
4109,19.678268983922994,0
4110,19.678268983922994,0
4111,19.678268983922994,0
4112,19.678268983922994,0
4113,19.678268983922994,0
4114,39.85443402207369,0
4115,39.85443402207369,0
4116,39.85443402207369,0
4117,39.85443402207369,0
4118,39.85443402207369,0
4119,39.85443402207369,0
4120,39.85443402207369,0
4121,39.85443402207369,0
4122,39.85443402207369,0
4123,39.85443402207369,0
4124,39.85443402207369,0
4125,39.85443402207369,0
4126,17.723929336926865,0
4127,17.723929336926865,0
4128,17.723929336926865,0
4129,17.723929336926865,0
4130,17.723929336926865,0
4131,17.723929336926865,0
4132,17.723929336926865,0
4133,17.723929336926865,0
4134,17.723929336926865,0
4135,17.723929336926865,0
4136,17.723929336926865,0
4137,17.723929336926865,0
4138,1.5730253013003528,0
4139,1.5730253013003528,0
4140,1.5730253013003528,0
4141,1.5730253013003528,0
4142,1.5730253013003528,0
4143,1.5730253013003528,0
4144,1.5730253013003528,0
4145,1.5730253013003528,0
4146,1.5730253013003528,0
4147,1.5730253013003528,0
4148,9.763341598749419,0
4149,9.763341598749419,0
4150,9.763341598749419,0
4151,9.763341598749419,0
4152,9.763341598749419,0
4153,9.763341598749419,0
4154,9.763341598749419,0
4155,9.763341598749419,0
4156,9.763341598749419,0
4157,9.763341598749419,0
4158,9.763341598749419,0
4159,9.763341598749419,0
4160,9.763341598749419,0
4161,2.6365155436588434,0
4162,2.6365155436588434,0
4163,2.6365155436588434,0
4164,2.6365155436588434,0
4165,2.6365155436588434,0
4166,2.6365155436588434,0
4167,2.6365155436588434,0
4168,2.6365155436588434,0
4169,17.619985933609414,0
4170,17.619985933609414,0
4171,17.619985933609414,0
4172,17.619985933609414,0
4173,17.619985933609414,0
4174,17.619985933609414,0
4175,17.619985933609414,0
4176,17.619985933609414,0
4177,17.619985933609414,0
4178,17.619985933609414,0
4179,17.619985933609414,0
4180,13.850728552681154,0
4181,13.850728552681154,0
4182,13.850728552681154,0
4183,13.850728552681154,0
4184,13.850728552681154,0
4185,13.850728552681154,0
4186,13.850728552681154,0
4187,13.850728552681154,0
4188,13.850728552681154,0
4189,13.850728552681154,0
4190,13.850728552681154,0
4191,13.850728552681154,0
4192,16.35258541090935,0
4193,16.35258541090935,0
4194,16.35258541090935,0
4195,16.35258541090935,0
4196,16.35258541090935,0
4197,16.35258541090935,0
4198,16.35258541090935,0
4199,16.35258541090935,0
4200,16.35258541090935,0
4201,16.35258541090935,0
4202,12.873893345407616,0
4203,12.873893345407616,0
4204,12.873893345407616,0
4205,12.873893345407616,0
4206,12.873893345407616,0
4207,12.873893345407616,0
4208,12.873893345407616,0
4209,12.873893345407616,0
4210,2.9752115451733316,0
4211,2.9752115451733316,0
4212,2.9752115451733316,0
4213,2.9752115451733316,0
4214,100.4070174227661,0
4215,100.4070174227661,0
4216,100.4070174227661,0
4217,100.4070174227661,0
4218,100.4070174227661,0
4219,100.4070174227661,0
4220,100.4070174227661,0
4221,100.4070174227661,0
4222,100.4070174227661,0
4223,6.302529464163458,0
4224,6.302529464163458,0
4225,6.302529464163458,0
4226,6.302529464163458,0
4227,6.302529464163458,0
4228,6.302529464163458,0
4229,6.302529464163458,0
4230,6.302529464163458,0
4231,6.302529464163458,0
4232,16.013845289265966,1
4233,16.013845289265966,0
4234,16.013845289265966,0
4235,16.013845289265966,0
4236,16.013845289265966,0
4237,16.013845289265966,0
4238,16.013845289265966,0
4239,16.013845289265966,0
4240,16.013845289265966,0
4241,16.013845289265966,0
4242,16.013845289265966,0
4243,16.013845289265966,0
4244,39.43514771868893,0
4245,39.43514771868893,0
4246,39.43514771868893,1
4247,39.43514771868893,0
4248,39.43514771868893,0
4249,39.43514771868893,0
4250,39.43514771868893,0
4251,39.43514771868893,0
4252,51.21105658671711,0
4253,51.21105658671711,0
4254,51.21105658671711,0
4255,51.21105658671711,0
4256,51.21105658671711,0
4257,51.21105658671711,0
4258,51.21105658671711,0
4259,51.21105658671711,0
4260,51.21105658671711,0
4261,51.21105658671711,0
4262,51.21105658671711,0
4263,51.21105658671711,0
4264,51.21105658671711,0
4265,39.58155530815964,0
4266,39.58155530815964,1
4267,39.58155530815964,1
4268,39.58155530815964,0
4269,39.58155530815964,0
4270,39.58155530815964,0
4271,39.58155530815964,0
4272,39.58155530815964,0
4273,39.58155530815964,0
4274,39.58155530815964,0
4275,39.58155530815964,0
4276,2.9293660817037614,0
4277,2.9293660817037614,0
4278,2.9293660817037614,0
4279,2.9293660817037614,0
4280,2.9293660817037614,0
4281,2.9293660817037614,0
4282,2.9293660817037614,0
4283,2.9293660817037614,0
4284,2.9293660817037614,0
4285,2.9293660817037614,0
4286,1.1615580823478342,0
4287,1.1615580823478342,0
4288,1.1615580823478342,0
4289,1.1615580823478342,0
4290,1.1615580823478342,0
4291,1.1615580823478342,0
4292,1.1615580823478342,0
4293,1.1615580823478342,0
4294,1.1615580823478342,0
4295,22.899401781753067,0
4296,22.899401781753067,0
4297,22.899401781753067,0
4298,22.899401781753067,0
4299,22.899401781753067,0
4300,22.899401781753067,0
4301,22.899401781753067,0
4302,22.899401781753067,0
4303,22.899401781753067,0
4304,22.899401781753067,0
4305,22.899401781753067,0
4306,22.899401781753067,0
4307,65.35469155797927,0
4308,65.35469155797927,0
4309,65.35469155797927,0
4310,65.35469155797927,0
4311,65.35469155797927,0
4312,65.35469155797927,0
4313,65.35469155797927,0
4314,65.35469155797927,0
4315,65.35469155797927,0
4316,1.2160820231231044,0
4317,1.2160820231231044,0
4318,1.2160820231231044,0
4319,1.2160820231231044,0
4320,1.2160820231231044,0
4321,1.2160820231231044,0
4322,1.2160820231231044,0
4323,1.2160820231231044,0
4324,1.2160820231231044,0
4325,1.2160820231231044,0
4326,1.2160820231231044,0
4327,1.2160820231231044,0
4328,36.84399518280922,0
4329,36.84399518280922,0
4330,36.84399518280922,0
4331,36.84399518280922,0
4332,36.84399518280922,0
4333,36.84399518280922,0
4334,36.84399518280922,0
4335,36.84399518280922,0
4336,36.84399518280922,0
4337,36.84399518280922,0
4338,36.84399518280922,0
4339,11.140718690982343,0
4340,11.140718690982343,0
4341,11.140718690982343,0
4342,11.140718690982343,0
4343,11.140718690982343,0
4344,11.140718690982343,0
4345,11.140718690982343,0
4346,11.140718690982343,0
4347,11.140718690982343,0
4348,11.140718690982343,0
4349,1.6405027570957036,0
4350,1.6405027570957036,0
4351,1.6405027570957036,0
4352,1.6405027570957036,0
4353,1.6405027570957036,0
4354,1.6405027570957036,0
4355,1.6405027570957036,0
4356,0.8893694742424418,0
4357,0.8893694742424418,0
4358,0.8893694742424418,0
4359,0.8893694742424418,0
4360,0.8893694742424418,0
4361,0.8893694742424418,0
4362,11.11270864919147,0
4363,11.11270864919147,0
4364,11.11270864919147,0
4365,11.11270864919147,0
4366,11.11270864919147,0
4367,11.11270864919147,0
4368,11.11270864919147,0
4369,11.11270864919147,0
4370,11.11270864919147,0
4371,7.8370963616594365,0
4372,7.8370963616594365,0
4373,46.8255777984132,0
4374,46.8255777984132,0
4375,46.8255777984132,0
4376,46.8255777984132,1
4377,46.8255777984132,0
4378,46.8255777984132,0
4379,46.8255777984132,0
4380,131.09594510222325,0
4381,131.09594510222325,0
4382,131.09594510222325,0
4383,131.09594510222325,0
4384,131.09594510222325,0
4385,131.09594510222325,0
4386,131.09594510222325,0
4387,131.09594510222325,0
4388,131.09594510222325,0
4389,131.09594510222325,0
4390,131.09594510222325,0
4391,59.996497408911836,0
4392,59.996497408911836,0
4393,59.996497408911836,0
4394,59.996497408911836,0
4395,59.996497408911836,0
4396,59.996497408911836,0
4397,59.996497408911836,0
4398,59.996497408911836,0
4399,59.996497408911836,0
4400,31.760941700864024,0
4401,31.760941700864024,0
4402,31.760941700864024,0
4403,31.760941700864024,0
4404,31.760941700864024,0
4405,31.760941700864024,0
4406,31.760941700864024,0
4407,31.760941700864024,0
4408,31.760941700864024,0
4409,31.760941700864024,0
4410,31.760941700864024,0
4411,31.760941700864024,0
4412,31.760941700864024,0
4413,47.48665387832337,0
4414,47.48665387832337,0
4415,47.48665387832337,0
4416,47.48665387832337,0
4417,47.48665387832337,0
4418,47.48665387832337,0
4419,47.48665387832337,0
4420,47.48665387832337,0
4421,47.48665387832337,0
4422,47.48665387832337,0
4423,47.48665387832337,0
4424,47.48665387832337,0
4425,47.48665387832337,0
4426,47.48665387832337,0
4427,47.48665387832337,0
4428,2.2701392611119755,0
4429,2.2701392611119755,0
4430,2.2701392611119755,0
4431,2.2701392611119755,0
4432,2.2701392611119755,0
4433,2.2701392611119755,0
4434,2.2701392611119755,0
4435,2.2701392611119755,0
4436,2.2701392611119755,0
4437,2.2701392611119755,0
4438,23.806918956816766,0
4439,23.806918956816766,0
4440,23.806918956816766,0
4441,23.806918956816766,0
4442,23.806918956816766,0
4443,23.806918956816766,0
4444,23.806918956816766,0
4445,23.806918956816766,0
4446,23.806918956816766,0
4447,23.806918956816766,0
4448,23.806918956816766,0
4449,25.445568984544476,0
4450,25.445568984544476,0
4451,25.445568984544476,0
4452,25.445568984544476,0
4453,25.445568984544476,0
4454,25.445568984544476,0
4455,25.445568984544476,0
4456,25.445568984544476,0
4457,25.445568984544476,0
4458,50.25665949689716,0
4459,50.25665949689716,0
4460,50.25665949689716,0
4461,50.25665949689716,0
4462,50.25665949689716,0
4463,50.25665949689716,0
4464,50.25665949689716,0
4465,50.25665949689716,0
4466,0.1756447352600127,0
4467,0.1756447352600127,0
4468,0.1756447352600127,0
4469,0.1756447352600127,0
4470,0.1756447352600127,0
4471,0.1756447352600127,0
4472,80.53555567843267,0
4473,80.53555567843267,0
4474,80.53555567843267,0
4475,80.53555567843267,0
4476,80.53555567843267,0
4477,80.53555567843267,0
4478,80.53555567843267,0
4479,34.96758178962928,0
4480,34.96758178962928,0
4481,34.96758178962928,0
4482,34.96758178962928,0
4483,34.96758178962928,0
4484,34.96758178962928,0
4485,1.416671290576984,0
4486,1.416671290576984,0
4487,1.416671290576984,0
4488,1.416671290576984,0
4489,1.416671290576984,0
4490,1.416671290576984,0
4491,1.416671290576984,0
4492,2.085856052933102,0
4493,2.085856052933102,0
4494,2.085856052933102,0
4495,2.085856052933102,0
4496,2.085856052933102,0
4497,2.085856052933102,0
4498,2.085856052933102,0
4499,2.085856052933102,0
4500,2.085856052933102,0
4501,2.085856052933102,0
4502,1.8327040622209962,0
4503,1.8327040622209962,0
4504,1.8327040622209962,0
4505,1.8327040622209962,0
4506,1.8327040622209962,0
4507,1.8327040622209962,0
4508,1.8327040622209962,0
4509,1.8327040622209962,0
4510,1.8327040622209962,0
4511,1.8327040622209962,0
4512,1.8327040622209962,0
4513,1.8327040622209962,0
4514,1.8327040622209962,0
4515,1.8327040622209962,0
4516,1.8327040622209962,0
4517,41.884121615114736,0
4518,41.884121615114736,0
4519,41.884121615114736,0
4520,41.884121615114736,0
4521,41.884121615114736,0
4522,41.884121615114736,0
4523,41.884121615114736,0
4524,41.884121615114736,0
4525,41.884121615114736,0
4526,41.884121615114736,0
4527,41.884121615114736,0
4528,41.884121615114736,0
4529,4.249396450688154,0
4530,4.249396450688154,0
4531,4.249396450688154,0
4532,4.249396450688154,0
4533,4.249396450688154,0
4534,4.249396450688154,0
4535,4.249396450688154,0
4536,4.249396450688154,0
4537,4.249396450688154,0
4538,16.766571990963822,0
4539,16.766571990963822,0
4540,16.766571990963822,0
4541,16.766571990963822,0
4542,16.766571990963822,0
4543,16.766571990963822,0
4544,16.766571990963822,0
4545,16.766571990963822,0
4546,28.793320918971013,0
4547,28.793320918971013,0
4548,28.793320918971013,0
4549,28.793320918971013,0
4550,28.793320918971013,0
4551,28.793320918971013,0
4552,28.793320918971013,0
4553,28.793320918971013,0
4554,28.793320918971013,0
4555,28.793320918971013,0
4556,28.793320918971013,0
4557,10.784373760313915,0
4558,10.784373760313915,0
4559,10.784373760313915,0
4560,10.784373760313915,0
4561,10.784373760313915,0
4562,10.784373760313915,0
4563,10.784373760313915,0
4564,10.784373760313915,0
4565,10.784373760313915,0
4566,0.7939367146635042,0
4567,0.7939367146635042,0
4568,0.7939367146635042,0
4569,0.7939367146635042,0
4570,0.7939367146635042,0
4571,0.7939367146635042,0
4572,0.7939367146635042,0
4573,0.7939367146635042,0
4574,0.7939367146635042,0
4575,0.7939367146635042,0
4576,0.7939367146635042,0
4577,3.562099087619769,0
4578,3.562099087619769,1
4579,3.562099087619769,0
4580,3.562099087619769,0
4581,3.562099087619769,0
4582,3.562099087619769,0
4583,3.562099087619769,0
4584,5.810295697218286,0
4585,5.810295697218286,0
4586,5.810295697218286,0
4587,2.0647618937231953,0
4588,2.0647618937231953,0
4589,2.0647618937231953,0
4590,2.0647618937231953,0
4591,2.0647618937231953,0
4592,2.0647618937231953,0
4593,2.0647618937231953,0
4594,2.0647618937231953,0
4595,12.59162978552774,0
4596,12.59162978552774,0
4597,12.59162978552774,0
4598,12.59162978552774,0
4599,12.59162978552774,0
4600,12.59162978552774,0
4601,12.59162978552774,0
4602,12.59162978552774,0
4603,12.59162978552774,0
4604,12.59162978552774,0
4605,12.59162978552774,0
4606,12.59162978552774,0
4607,62.837737439396705,0
4608,62.837737439396705,0
4609,62.837737439396705,0
4610,62.837737439396705,0
4611,62.837737439396705,0
4612,62.837737439396705,0
4613,62.837737439396705,0
4614,62.837737439396705,0
4615,73.06399565362157,0
4616,73.06399565362157,0
4617,73.06399565362157,0
4618,73.06399565362157,0
4619,73.06399565362157,0
4620,73.06399565362157,0
4621,73.06399565362157,0
4622,0.7940262338782168,0
4623,0.7940262338782168,0
4624,0.7940262338782168,0
4625,0.7940262338782168,0
4626,0.7940262338782168,0
4627,0.7940262338782168,0
4628,0.7940262338782168,0
4629,0.7940262338782168,0
4630,0.7940262338782168,0
4631,0.7940262338782168,0
4632,0.7940262338782168,0
4633,0.7940262338782168,0
4634,0.7940262338782168,0
4635,0.7940262338782168,0
4636,1.5221558704324716,0
4637,1.5221558704324716,0
4638,1.5221558704324716,0
4639,1.5221558704324716,0
4640,1.5221558704324716,0
4641,1.5221558704324716,0
4642,1.5221558704324716,0
4643,1.5221558704324716,0
4644,1.5221558704324716,0
4645,1.5221558704324716,0
4646,1.5221558704324716,0
4647,74.55506253562278,0
4648,74.55506253562278,0
4649,74.55506253562278,0
4650,74.55506253562278,0
4651,74.55506253562278,0
4652,74.55506253562278,0
4653,74.55506253562278,0
4654,74.55506253562278,0
4655,74.55506253562278,0
4656,18.455918866886694,0
4657,18.455918866886694,0
4658,18.455918866886694,0
4659,18.455918866886694,0
4660,18.455918866886694,0
4661,18.455918866886694,0
4662,18.455918866886694,0
4663,18.455918866886694,0
4664,18.455918866886694,0
4665,18.455918866886694,0
4666,18.455918866886694,0
4667,18.455918866886694,0
4668,3.4129641224549836,0
4669,3.4129641224549836,0
4670,3.4129641224549836,0
4671,3.4129641224549836,0
4672,3.4129641224549836,0
4673,3.4129641224549836,0
4674,3.4129641224549836,0
4675,3.4129641224549836,0
4676,3.4129641224549836,0
4677,3.4129641224549836,0
4678,3.4129641224549836,0
4679,3.4129641224549836,0
4680,13.063240050088863,0
4681,13.063240050088863,0
4682,13.063240050088863,0
4683,13.063240050088863,0
4684,13.063240050088863,0
4685,13.063240050088863,0
4686,13.063240050088863,0
4687,13.063240050088863,0
4688,13.063240050088863,0
4689,13.063240050088863,0
4690,35.375515557059934,0
4691,35.375515557059934,0
4692,35.375515557059934,0
4693,35.375515557059934,0
4694,35.375515557059934,0
4695,35.375515557059934,0
4696,35.375515557059934,0
4697,35.375515557059934,0
4698,35.375515557059934,0
4699,35.375515557059934,0
4700,3.2441778545863293,0
4701,3.2441778545863293,0
4702,3.2441778545863293,0
4703,3.2441778545863293,0
4704,3.2441778545863293,0
4705,3.2441778545863293,0
4706,3.2441778545863293,0
4707,3.2441778545863293,0
4708,3.2441778545863293,0
4709,3.2441778545863293,0
4710,3.2441778545863293,0
4711,3.2441778545863293,0
4712,3.2441778545863293,0
4713,11.518382234211202,0
4714,18.8779008358386,0
4715,18.8779008358386,0
4716,18.8779008358386,0
4717,18.8779008358386,0
4718,18.8779008358386,0
4719,18.8779008358386,0
4720,18.8779008358386,0
4721,18.8779008358386,0
4722,18.8779008358386,0
4723,18.8779008358386,0
4724,18.8779008358386,0
4725,18.8779008358386,0
4726,0.3780213531952649,0
4727,0.3780213531952649,0
4728,0.3780213531952649,0
4729,0.3780213531952649,0
4730,0.3780213531952649,0
4731,0.3780213531952649,0
4732,0.3780213531952649,0
4733,0.3780213531952649,0
4734,0.3780213531952649,0
4735,0.3780213531952649,0
4736,0.3780213531952649,0
4737,4.08418772379476,0
4738,4.08418772379476,0
4739,4.08418772379476,0
4740,4.08418772379476,0
4741,4.08418772379476,0
4742,4.08418772379476,0
4743,4.08418772379476,0
4744,4.08418772379476,0
4745,4.08418772379476,0
4746,45.795093587397275,0
4747,45.795093587397275,0
4748,45.795093587397275,0
4749,45.795093587397275,0
4750,45.795093587397275,0
4751,45.795093587397275,0
4752,45.795093587397275,0
4753,45.795093587397275,0
4754,45.795093587397275,0
4755,45.795093587397275,0
4756,45.795093587397275,0
4757,45.795093587397275,0
4758,45.795093587397275,0
4759,45.795093587397275,0
4760,58.14449738928008,0
4761,58.14449738928008,0
4762,58.14449738928008,0
4763,58.14449738928008,0
4764,58.14449738928008,0
4765,58.14449738928008,0
4766,58.14449738928008,0
4767,58.14449738928008,0
4768,58.14449738928008,0
4769,4.015946278304369,0
4770,4.015946278304369,0
4771,4.015946278304369,0
4772,4.015946278304369,0
4773,4.015946278304369,0
4774,4.015946278304369,0
4775,4.015946278304369,0
4776,18.701441462509834,0
4777,18.701441462509834,0
4778,18.701441462509834,0
4779,18.701441462509834,0
4780,18.701441462509834,0
4781,18.701441462509834,0
4782,18.701441462509834,0
4783,18.701441462509834,0
4784,0.6948914373868669,0
4785,0.6948914373868669,0
4786,0.6948914373868669,0
4787,0.6948914373868669,0
4788,0.6948914373868669,0
4789,0.6948914373868669,0
4790,0.6948914373868669,0
4791,0.6948914373868669,0
4792,0.6948914373868669,0
4793,17.158480916227262,0
4794,17.158480916227262,0
4795,17.158480916227262,0
4796,17.158480916227262,0
4797,17.158480916227262,0
4798,17.158480916227262,0
4799,45.397989620274394,0
4800,45.397989620274394,0
4801,45.397989620274394,0
4802,45.397989620274394,0
4803,45.397989620274394,0
4804,45.397989620274394,0
4805,45.397989620274394,0
4806,45.397989620274394,0
4807,45.397989620274394,0
4808,45.397989620274394,0
4809,45.397989620274394,0
4810,53.39800547961581,0
4811,53.39800547961581,0
4812,53.39800547961581,0
4813,53.39800547961581,0
4814,53.39800547961581,0
4815,53.39800547961581,0
4816,53.39800547961581,0
4817,53.39800547961581,0
4818,53.39800547961581,0
4819,53.39800547961581,0
4820,53.39800547961581,0
4821,50.30926750380642,0
4822,50.30926750380642,0
4823,50.30926750380642,0
4824,50.30926750380642,0
4825,50.30926750380642,0
4826,50.30926750380642,0
4827,50.30926750380642,0
4828,50.30926750380642,0
4829,50.30926750380642,0
4830,50.30926750380642,0
4831,4.946173658933328,0
4832,4.946173658933328,0
4833,4.946173658933328,0
4834,4.946173658933328,0
4835,4.946173658933328,0
4836,88.36751791561468,0
4837,88.36751791561468,0
4838,88.36751791561468,0
4839,88.36751791561468,0
4840,88.36751791561468,0
4841,88.36751791561468,0
4842,88.36751791561468,0
4843,88.36751791561468,0
4844,88.36751791561468,0
4845,88.36751791561468,0
4846,88.36751791561468,0
4847,0.23777744407196472,0
4848,0.23777744407196472,0
4849,0.23777744407196472,0
4850,0.23777744407196472,0
4851,0.23777744407196472,0
4852,0.23777744407196472,0
4853,0.23777744407196472,0
4854,0.23777744407196472,0
4855,0.23777744407196472,0
4856,0.23777744407196472,0
4857,1.047395116279737,0
4858,1.047395116279737,0
4859,1.047395116279737,0
4860,1.047395116279737,0
4861,1.047395116279737,0
4862,1.047395116279737,0
4863,4.028550338353261,0
4864,4.028550338353261,0
4865,4.028550338353261,0
4866,4.028550338353261,0
4867,4.028550338353261,0
4868,4.028550338353261,0
4869,4.028550338353261,0
4870,4.028550338353261,0
4871,4.028550338353261,0
4872,28.000237627342624,0
4873,28.000237627342624,0
4874,28.000237627342624,0
4875,28.000237627342624,0
4876,28.000237627342624,0
4877,28.000237627342624,0
4878,28.000237627342624,0
4879,28.000237627342624,0
4880,28.000237627342624,0
4881,28.000237627342624,0
4882,28.000237627342624,0
4883,28.000237627342624,0
4884,28.000237627342624,0
4885,28.000237627342624,0
4886,28.000237627342624,0
4887,23.963419961293887,0
4888,23.963419961293887,0
4889,23.963419961293887,0
4890,23.963419961293887,0
4891,23.963419961293887,0
4892,23.963419961293887,0
4893,23.963419961293887,0
4894,23.963419961293887,0
4895,23.963419961293887,1
4896,18.20390109984807,0
4897,18.20390109984807,0
4898,18.20390109984807,0
4899,18.20390109984807,0
4900,18.20390109984807,0
4901,18.20390109984807,0
4902,18.20390109984807,0
4903,18.20390109984807,0
4904,3.0503080534686906,0
4905,3.0503080534686906,0
4906,3.0503080534686906,0
4907,3.0503080534686906,0
4908,3.0503080534686906,0
4909,3.0503080534686906,0
4910,3.0503080534686906,0
4911,3.0503080534686906,0
4912,3.0503080534686906,0
4913,3.0503080534686906,0
4914,3.0503080534686906,0
4915,3.0503080534686906,0
4916,3.0503080534686906,0
4917,14.468068858026784,0
4918,14.468068858026784,0
4919,14.468068858026784,0
4920,14.468068858026784,0
4921,14.468068858026784,0
4922,14.468068858026784,0
4923,14.468068858026784,0
4924,14.468068858026784,0
4925,14.468068858026784,0
4926,14.468068858026784,0
4927,14.468068858026784,0
4928,4.320115907425272,0
4929,4.320115907425272,0
4930,4.320115907425272,0
4931,4.320115907425272,0
4932,4.320115907425272,0
4933,4.320115907425272,0
4934,4.320115907425272,0
4935,4.320115907425272,0
4936,4.320115907425272,0
4937,144.5494547098821,0
4938,144.5494547098821,0
4939,144.5494547098821,0
4940,144.5494547098821,0
4941,144.5494547098821,0
4942,144.5494547098821,0
4943,144.5494547098821,0
4944,85.9085358881499,0
4945,85.9085358881499,0
4946,85.9085358881499,0
4947,85.9085358881499,0
4948,85.9085358881499,0
4949,85.9085358881499,0
4950,85.9085358881499,0
4951,85.9085358881499,0
4952,85.9085358881499,0
4953,85.9085358881499,0
4954,85.9085358881499,0
4955,1.7560987632841436,0
4956,1.7560987632841436,0
4957,1.7560987632841436,0
4958,1.7560987632841436,0
4959,1.7560987632841436,0
4960,1.7560987632841436,0
4961,1.7560987632841436,0
4962,1.7560987632841436,0
4963,18.529726879916453,0
4964,18.529726879916453,0
4965,18.529726879916453,0
4966,18.529726879916453,0
4967,18.529726879916453,0
4968,18.529726879916453,0
4969,18.529726879916453,0
4970,18.529726879916453,0
4971,18.529726879916453,0
4972,18.529726879916453,0
4973,18.529726879916453,0
4974,54.14285172525061,1
4975,54.14285172525061,0
4976,54.14285172525061,0
4977,54.14285172525061,0
4978,54.14285172525061,0
4979,54.14285172525061,0
4980,54.14285172525061,0
4981,54.14285172525061,0
4982,0.9200430652128716,0
4983,0.9200430652128716,0
4984,0.9200430652128716,0
4985,0.9200430652128716,0
4986,0.9200430652128716,0
4987,0.9200430652128716,0
4988,0.9200430652128716,0
4989,0.9200430652128716,1
4990,0.9200430652128716,0
4991,0.9200430652128716,0
4992,99.45006466282582,0
4993,99.45006466282582,0
4994,99.45006466282582,0
4995,99.45006466282582,0
4996,99.45006466282582,0
4997,99.45006466282582,0
4998,99.45006466282582,0
4999,99.45006466282582,0
5000,99.45006466282582,0
5001,99.45006466282582,1
5002,14.548068177198815,0
5003,14.548068177198815,0
5004,14.548068177198815,0
5005,14.548068177198815,0
5006,14.548068177198815,0
5007,14.548068177198815,0
5008,14.548068177198815,0
5009,2.674231095276297,0
5010,2.674231095276297,0
5011,2.674231095276297,0
5012,2.674231095276297,0
5013,2.674231095276297,0
5014,2.674231095276297,0
5015,2.674231095276297,0
5016,2.674231095276297,0
5017,2.674231095276297,0
5018,2.674231095276297,0
5019,2.674231095276297,0
5020,3.601401104623315,0
5021,3.601401104623315,0
5022,3.601401104623315,0
5023,3.601401104623315,0
5024,3.601401104623315,0
5025,3.601401104623315,0
5026,3.601401104623315,0
5027,3.601401104623315,0
5028,3.601401104623315,0
5029,3.601401104623315,0
5030,3.601401104623315,0
5031,3.601401104623315,0
5032,3.601401104623315,0
5033,22.124888426449893,0
5034,22.124888426449893,0
5035,22.124888426449893,0
5036,22.124888426449893,0
5037,22.124888426449893,0
5038,22.124888426449893,1
5039,22.124888426449893,0
5040,22.124888426449893,0
5041,22.124888426449893,0
5042,3.5288911202032454,0
5043,3.5288911202032454,0
5044,3.5288911202032454,0
5045,3.5288911202032454,0
5046,3.5288911202032454,0
5047,3.5288911202032454,0
5048,3.5288911202032454,0
5049,3.5288911202032454,0
5050,2.8633267827857836,0
5051,2.8633267827857836,0
5052,2.8633267827857836,0
5053,2.8633267827857836,0
5054,2.8633267827857836,0
5055,2.8633267827857836,0
5056,2.8633267827857836,0
5057,2.8633267827857836,0
5058,2.8633267827857836,0
5059,2.8633267827857836,0
5060,2.8633267827857836,0
5061,3.4461682717668523,0
5062,3.4461682717668523,0
5063,3.4461682717668523,0
5064,3.4461682717668523,0
5065,3.4461682717668523,0
5066,3.4461682717668523,0
5067,3.4461682717668523,0
5068,3.4461682717668523,0
5069,3.4461682717668523,0
5070,11.05942744630544,0
5071,11.05942744630544,0
5072,11.05942744630544,0
5073,11.05942744630544,0
5074,11.05942744630544,0
5075,11.05942744630544,0
5076,11.05942744630544,0
5077,11.05942744630544,0
5078,11.05942744630544,0
5079,11.05942744630544,0
5080,53.23091945650315,0
5081,53.23091945650315,0
5082,53.23091945650315,0
5083,53.23091945650315,0
5084,53.23091945650315,0
5085,53.23091945650315,0
5086,53.23091945650315,0
5087,53.23091945650315,0
5088,53.23091945650315,0
5089,53.23091945650315,0
5090,78.20485146688519,0
5091,78.20485146688519,0
5092,78.20485146688519,0
5093,78.20485146688519,0
5094,78.20485146688519,0
5095,78.20485146688519,0
5096,78.20485146688519,0
5097,78.20485146688519,0
5098,78.20485146688519,0
5099,78.20485146688519,0
5100,0.44200868063821924,0
5101,0.44200868063821924,0
5102,0.44200868063821924,0
5103,0.44200868063821924,0
5104,0.44200868063821924,0
5105,0.44200868063821924,0
5106,0.44200868063821924,0
5107,0.44200868063821924,0
5108,0.44200868063821924,0
5109,2.9713333894542293,0
5110,2.9713333894542293,0
5111,2.9713333894542293,0
5112,2.9713333894542293,0
5113,2.9713333894542293,0
5114,2.9713333894542293,0
5115,2.9713333894542293,0
5116,2.9713333894542293,0
5117,2.9713333894542293,0
5118,2.9713333894542293,0
5119,2.9713333894542293,0
5120,22.267569771158904,0
5121,22.267569771158904,0
5122,22.267569771158904,0
5123,22.267569771158904,0
5124,22.267569771158904,0
5125,22.267569771158904,0
5126,22.267569771158904,0
5127,22.267569771158904,0
5128,22.267569771158904,0
5129,22.267569771158904,0
5130,22.267569771158904,0
5131,22.267569771158904,0
5132,31.264615095961542,0
5133,31.264615095961542,0
5134,31.264615095961542,0
5135,31.264615095961542,0
5136,31.264615095961542,0
5137,31.264615095961542,0
5138,31.264615095961542,0
5139,31.264615095961542,0
5140,31.264615095961542,0
5141,31.264615095961542,0
5142,70.7686852543247,0
5143,70.7686852543247,0
5144,70.7686852543247,0
5145,70.7686852543247,0
5146,70.7686852543247,0
5147,70.7686852543247,0
5148,70.7686852543247,0
5149,70.7686852543247,0
5150,4.152099433581124,0
5151,4.152099433581124,0
5152,4.152099433581124,0
5153,4.152099433581124,0
5154,4.152099433581124,0
5155,4.152099433581124,0
5156,4.152099433581124,0
5157,47.79127948222632,0
5158,47.79127948222632,0
5159,47.79127948222632,0
5160,47.79127948222632,0
5161,47.79127948222632,0
5162,47.79127948222632,0
5163,47.79127948222632,0
5164,47.79127948222632,0
5165,47.79127948222632,0
5166,47.79127948222632,0
5167,47.79127948222632,0
5168,47.79127948222632,0
5169,47.79127948222632,0
5170,21.35084775310544,0
5171,21.35084775310544,0
5172,21.35084775310544,0
5173,21.35084775310544,0
5174,21.35084775310544,0
5175,21.35084775310544,0
5176,21.35084775310544,0
5177,52.78588511308017,0
5178,52.78588511308017,0
5179,52.78588511308017,0
5180,52.78588511308017,0
5181,52.78588511308017,0
5182,52.78588511308017,0
5183,52.78588511308017,0
5184,52.78588511308017,0
5185,52.78588511308017,1
5186,10.143863430268658,0
5187,10.143863430268658,0
5188,10.143863430268658,0
5189,10.143863430268658,0
5190,10.143863430268658,0
5191,10.143863430268658,0
5192,10.143863430268658,0
5193,10.143863430268658,0
5194,10.143863430268658,0
5195,10.143863430268658,0
5196,10.143863430268658,0
5197,10.143863430268658,0
5198,10.143863430268658,0
5199,19.4583201555725,0
5200,19.4583201555725,0
5201,19.4583201555725,0
5202,19.4583201555725,0
5203,19.4583201555725,0
5204,4.268133859585004,0
5205,4.268133859585004,0
5206,4.268133859585004,0
5207,4.268133859585004,1
5208,4.268133859585004,0
5209,4.268133859585004,0
5210,4.268133859585004,0
5211,4.268133859585004,0
5212,4.268133859585004,0
5213,39.18322022032811,0
5214,39.18322022032811,0
5215,39.18322022032811,0
5216,39.18322022032811,0
5217,39.18322022032811,0
5218,39.18322022032811,0
5219,39.18322022032811,0
5220,39.18322022032811,0
5221,39.18322022032811,0
5222,39.18322022032811,0
5223,38.137932306362366,0
5224,38.137932306362366,0
5225,38.137932306362366,0
5226,38.137932306362366,0
5227,38.137932306362366,0
5228,38.137932306362366,0
5229,38.137932306362366,0
5230,38.137932306362366,0
5231,38.137932306362366,0
5232,38.137932306362366,0
5233,38.137932306362366,0
5234,38.137932306362366,0
5235,37.80569646615168,0
5236,37.80569646615168,0
5237,37.80569646615168,0
5238,37.80569646615168,0
5239,37.80569646615168,0
5240,37.80569646615168,0
5241,37.80569646615168,0
5242,37.80569646615168,0
5243,37.80569646615168,0
5244,37.80569646615168,0
5245,37.80569646615168,0
5246,37.80569646615168,0
5247,42.89987543611047,0
5248,42.89987543611047,0
5249,42.89987543611047,0
5250,42.89987543611047,0
5251,42.89987543611047,0
5252,42.89987543611047,0
5253,42.89987543611047,0
5254,42.89987543611047,0
5255,0.7438003534697282,0
5256,0.7438003534697282,0
5257,0.7438003534697282,0
5258,0.7438003534697282,0
5259,0.7438003534697282,0
5260,0.7438003534697282,0
5261,0.7438003534697282,0
5262,0.7438003534697282,0
5263,0.7438003534697282,0
5264,0.7438003534697282,0
5265,0.7438003534697282,0
5266,28.610122126975856,0
5267,28.610122126975856,0
5268,28.610122126975856,0
5269,28.610122126975856,0
5270,28.610122126975856,0
5271,28.610122126975856,0
5272,5.521016456852208,0
5273,5.521016456852208,0
5274,5.521016456852208,0
5275,5.521016456852208,0
5276,5.521016456852208,0
5277,5.521016456852208,0
5278,5.521016456852208,0
5279,5.521016456852208,0
5280,5.521016456852208,0
5281,2.113247597196525,0
5282,2.113247597196525,0
5283,2.113247597196525,0
5284,2.113247597196525,0
5285,2.113247597196525,0
5286,2.113247597196525,0
5287,2.113247597196525,0
5288,2.113247597196525,0
5289,2.113247597196525,0
5290,2.113247597196525,1
5291,27.97581452661822,0
5292,27.97581452661822,0
5293,27.97581452661822,0
5294,27.97581452661822,0
5295,27.97581452661822,0
5296,27.97581452661822,0
5297,27.97581452661822,0
5298,27.97581452661822,0
5299,0.9171489060612799,0
5300,0.9171489060612799,0
5301,0.9171489060612799,0
5302,0.9171489060612799,0
5303,0.9171489060612799,1
5304,0.9171489060612799,1
5305,0.9171489060612799,0
5306,0.9171489060612799,0
5307,0.9171489060612799,0
5308,0.9171489060612799,0
5309,0.9171489060612799,0
5310,1.0310840177919012,0
5311,1.0310840177919012,0
5312,1.0310840177919012,0
5313,1.0310840177919012,1
5314,1.0310840177919012,0
5315,1.0310840177919012,0
5316,1.0310840177919012,0
5317,1.0310840177919012,0
5318,1.0310840177919012,0
5319,1.0310840177919012,0
5320,1.0310840177919012,0
5321,43.13542250303049,0
5322,43.13542250303049,0
5323,43.13542250303049,0
5324,43.13542250303049,0
5325,43.13542250303049,0
5326,43.13542250303049,0
5327,43.13542250303049,0
5328,43.13542250303049,0
5329,43.13542250303049,0
5330,43.13542250303049,0
5331,43.13542250303049,0
5332,43.13542250303049,0
5333,43.13542250303049,0
5334,43.13542250303049,0
5335,63.244601276540365,0
5336,63.244601276540365,0
5337,63.244601276540365,0
5338,63.244601276540365,0
5339,63.244601276540365,0
5340,63.244601276540365,0
5341,9.781103622505984,0
5342,9.781103622505984,0
5343,9.781103622505984,0
5344,9.781103622505984,0
5345,9.781103622505984,0
5346,9.781103622505984,0
5347,9.781103622505984,0
5348,9.781103622505984,0
5349,38.72127736934353,0
5350,38.72127736934353,0
5351,38.72127736934353,0
5352,38.72127736934353,0
5353,38.72127736934353,0
5354,38.72127736934353,0
5355,38.72127736934353,0
5356,38.72127736934353,0
5357,0.8216990424519097,1
5358,0.8216990424519097,0
5359,0.8216990424519097,0
5360,0.8216990424519097,0
5361,0.8216990424519097,0
5362,0.8216990424519097,0
5363,0.8216990424519097,0
5364,0.8216990424519097,0
5365,0.8216990424519097,0
5366,0.8216990424519097,0
5367,0.8216990424519097,0
5368,0.8216990424519097,0
5369,0.8216990424519097,0
5370,42.657152760643804,0
5371,42.657152760643804,0
5372,42.657152760643804,0
5373,42.657152760643804,0
5374,42.657152760643804,0
5375,42.657152760643804,0
5376,42.657152760643804,0
5377,42.657152760643804,0
5378,29.35461851652167,0
5379,29.35461851652167,0
5380,29.35461851652167,0
5381,29.35461851652167,0
5382,29.35461851652167,0
5383,29.35461851652167,0
5384,29.35461851652167,0
5385,87.38105951639292,0
5386,87.38105951639292,0
5387,87.38105951639292,0
5388,87.38105951639292,0
5389,87.38105951639292,0
5390,87.38105951639292,0
5391,87.38105951639292,0
5392,87.38105951639292,0
5393,87.38105951639292,0
5394,87.38105951639292,0
5395,87.38105951639292,0
5396,7.440507264041962,0
5397,7.440507264041962,0
5398,7.440507264041962,0
5399,7.440507264041962,0
5400,7.440507264041962,0
5401,7.440507264041962,0
5402,7.440507264041962,0
5403,7.440507264041962,0
5404,7.440507264041962,0
5405,7.440507264041962,0
5406,7.440507264041962,0
5407,35.25646308554881,0
5408,35.25646308554881,0
5409,35.25646308554881,0
5410,35.25646308554881,0
5411,35.25646308554881,0
5412,35.25646308554881,0
5413,35.25646308554881,0
5414,35.25646308554881,0
5415,35.25646308554881,0
5416,35.25646308554881,0
5417,42.67337088013276,0
5418,42.67337088013276,0
5419,42.67337088013276,0
5420,42.67337088013276,0
5421,42.67337088013276,0
5422,42.67337088013276,0
5423,42.67337088013276,0
5424,42.67337088013276,0
5425,42.67337088013276,0
5426,42.67337088013276,0
5427,0.9316590979694906,0
5428,0.9316590979694906,0
5429,0.9316590979694906,0
5430,0.9316590979694906,0
5431,0.9316590979694906,0
5432,0.9316590979694906,0
5433,0.9316590979694906,0
5434,0.9316590979694906,0
5435,0.9316590979694906,0
5436,0.9316590979694906,0
5437,0.9316590979694906,0
5438,0.9316590979694906,0
5439,0.9316590979694906,0
5440,0.9316590979694906,0
5441,8.935391092563911,0
5442,8.935391092563911,0
5443,8.935391092563911,0
5444,8.935391092563911,0
5445,8.935391092563911,0
5446,8.935391092563911,0
5447,8.935391092563911,0
5448,8.935391092563911,0
5449,8.935391092563911,0
5450,8.935391092563911,0
5451,8.935391092563911,0
5452,8.935391092563911,0
5453,75.80846080777494,0
5454,75.80846080777494,0
5455,75.80846080777494,0
5456,75.80846080777494,0
5457,75.80846080777494,0
5458,75.80846080777494,0
5459,75.80846080777494,0
5460,75.80846080777494,0
5461,75.80846080777494,0
5462,75.80846080777494,0
5463,75.80846080777494,0
5464,75.80846080777494,0
5465,4.4491861158529735,0
5466,4.4491861158529735,0
5467,4.4491861158529735,0
5468,4.4491861158529735,0
5469,4.4491861158529735,0
5470,4.4491861158529735,0
5471,4.4491861158529735,0
5472,4.4491861158529735,0
5473,4.4491861158529735,0
5474,4.4491861158529735,0
5475,4.4491861158529735,0
5476,6.818085053039415,0
5477,6.818085053039415,0
5478,6.818085053039415,0
5479,6.818085053039415,0
5480,6.818085053039415,0
5481,6.818085053039415,0
5482,6.818085053039415,0
5483,6.818085053039415,0
5484,6.818085053039415,0
5485,6.818085053039415,0
5486,6.818085053039415,0
5487,55.02229834810943,0
5488,55.02229834810943,0
5489,55.02229834810943,0
5490,55.02229834810943,0
5491,55.02229834810943,0
5492,55.02229834810943,0
5493,55.02229834810943,0
5494,55.02229834810943,0
5495,55.02229834810943,0
5496,55.02229834810943,0
5497,55.02229834810943,0
5498,55.02229834810943,0
5499,55.02229834810943,0
5500,55.02229834810943,0
5501,18.800725833411207,0
5502,18.800725833411207,0
5503,18.800725833411207,0
5504,18.800725833411207,0
5505,18.800725833411207,0
5506,18.800725833411207,0
5507,18.800725833411207,1
5508,18.800725833411207,0
5509,18.800725833411207,0
5510,24.101533570474356,0
5511,24.101533570474356,0
5512,24.101533570474356,0
5513,24.101533570474356,0
5514,24.101533570474356,0
5515,24.101533570474356,1
5516,24.101533570474356,0
5517,24.101533570474356,0
5518,24.101533570474356,0
5519,24.101533570474356,0
5520,24.101533570474356,0
5521,24.101533570474356,0
5522,48.2220896715415,0
5523,48.2220896715415,0
5524,48.2220896715415,0
5525,48.2220896715415,0
5526,48.2220896715415,0
5527,48.2220896715415,0
5528,48.2220896715415,0
5529,48.2220896715415,0
5530,48.2220896715415,0
5531,48.2220896715415,0
5532,48.2220896715415,0
5533,48.2220896715415,0
5534,0.5715984337700761,0
5535,0.5715984337700761,0
5536,0.5715984337700761,0
5537,0.5715984337700761,0
5538,0.5715984337700761,0
5539,0.5715984337700761,0
5540,0.5715984337700761,0
5541,38.26577385912565,0
5542,38.26577385912565,0
5543,38.26577385912565,0
5544,38.26577385912565,0
5545,38.26577385912565,0
5546,38.26577385912565,0
5547,38.26577385912565,0
5548,38.26577385912565,0
5549,38.26577385912565,0
5550,38.26577385912565,0
5551,38.26577385912565,0
5552,38.26577385912565,0
5553,70.47332420184962,0
5554,70.47332420184962,0
5555,70.47332420184962,0
5556,70.47332420184962,0
5557,70.47332420184962,0
5558,70.47332420184962,0
5559,70.47332420184962,0
5560,70.47332420184962,1
5561,2.481957659566659,0
5562,2.481957659566659,0
5563,2.481957659566659,0
5564,2.481957659566659,0
5565,2.481957659566659,0
5566,2.481957659566659,0
5567,2.481957659566659,0
5568,2.481957659566659,0
5569,2.481957659566659,0
5570,2.481957659566659,0
5571,2.481957659566659,0
5572,2.481957659566659,0
5573,2.481957659566659,0
5574,10.228003414450358,0
5575,10.228003414450358,0
5576,10.228003414450358,0
5577,10.228003414450358,0
5578,10.228003414450358,0
5579,0.6630858086166929,0
5580,0.6630858086166929,0
5581,0.6630858086166929,0
5582,0.6630858086166929,0
5583,0.6630858086166929,0
5584,0.6630858086166929,0
5585,0.6630858086166929,0
5586,0.6630858086166929,0
5587,0.6630858086166929,0
5588,0.6630858086166929,0
5589,0.6630858086166929,0
5590,0.6630858086166929,0
5591,0.6630858086166929,0
5592,23.691534444063198,0
5593,23.691534444063198,0
5594,23.691534444063198,0
5595,23.691534444063198,0
5596,23.691534444063198,0
5597,23.691534444063198,0
5598,23.691534444063198,0
5599,23.691534444063198,0
5600,23.691534444063198,0
5601,23.691534444063198,0
5602,23.691534444063198,0
5603,23.691534444063198,0
5604,23.691534444063198,0
5605,23.691534444063198,0
5606,58.71148997151002,0
5607,58.71148997151002,0
5608,58.71148997151002,0
5609,58.71148997151002,0
5610,58.71148997151002,0
5611,58.71148997151002,0
5612,58.71148997151002,0
5613,58.71148997151002,0
5614,58.71148997151002,0
5615,58.71148997151002,0
5616,58.71148997151002,0
5617,58.71148997151002,0
5618,58.71148997151002,0
5619,4.360064187847528,0
5620,4.360064187847528,0
5621,4.360064187847528,0
5622,4.360064187847528,0
5623,4.360064187847528,0
5624,4.360064187847528,0
5625,4.360064187847528,0
5626,4.360064187847528,0
5627,4.360064187847528,0
5628,4.360064187847528,0
5629,15.911716491956346,0
5630,15.911716491956346,0
5631,15.911716491956346,0
5632,15.911716491956346,0
5633,15.911716491956346,0
5634,15.911716491956346,0
5635,15.911716491956346,0
5636,1.0410913649589146,0
5637,1.0410913649589146,0
5638,1.0410913649589146,0
5639,1.0410913649589146,0
5640,1.0410913649589146,0
5641,1.0410913649589146,0
5642,1.0410913649589146,0
5643,29.577548993463285,0
5644,29.577548993463285,0
5645,29.577548993463285,0
5646,29.577548993463285,0
5647,0.4612866688373948,0
5648,0.4612866688373948,0
5649,0.4612866688373948,0
5650,0.4612866688373948,0
5651,0.4612866688373948,0
5652,0.4612866688373948,0
5653,0.4612866688373948,0
5654,0.4612866688373948,0
5655,29.535625230724882,0
5656,29.535625230724882,0
5657,29.535625230724882,0
5658,29.535625230724882,0
5659,29.535625230724882,0
5660,29.535625230724882,0
5661,68.59160987601544,0
5662,68.59160987601544,0
5663,68.59160987601544,0
5664,68.59160987601544,0
5665,68.59160987601544,0
5666,68.59160987601544,0
5667,68.59160987601544,0
5668,68.59160987601544,0
5669,68.59160987601544,0
5670,68.59160987601544,0
5671,68.59160987601544,0
5672,68.59160987601544,0
5673,34.51707147681823,0
5674,34.51707147681823,0
5675,34.51707147681823,0
5676,34.51707147681823,0
5677,34.51707147681823,0
5678,34.51707147681823,0
5679,34.51707147681823,0
5680,34.51707147681823,0
5681,4.96013307965161,0
5682,4.96013307965161,0
5683,4.96013307965161,0
5684,4.96013307965161,0
5685,5.9254455711599885,0
5686,5.9254455711599885,0
5687,5.9254455711599885,0
5688,5.9254455711599885,0
5689,5.9254455711599885,0
5690,5.9254455711599885,0
5691,5.9254455711599885,0
5692,43.40795172728054,0
5693,43.40795172728054,0
5694,43.40795172728054,0
5695,5.34807844030713,0
5696,5.34807844030713,0
5697,5.34807844030713,0
5698,5.34807844030713,0
5699,5.34807844030713,0
5700,5.34807844030713,0
5701,24.522021271101384,0
5702,24.522021271101384,0
5703,24.522021271101384,0
5704,24.522021271101384,0
5705,24.522021271101384,0
5706,24.522021271101384,0
5707,24.522021271101384,0
5708,24.522021271101384,0
5709,24.522021271101384,0
5710,24.522021271101384,0
5711,24.522021271101384,0
5712,32.25014071011183,0
5713,32.25014071011183,0
5714,32.25014071011183,0
5715,32.25014071011183,0
5716,32.25014071011183,0
5717,32.25014071011183,0
5718,32.25014071011183,0
5719,32.25014071011183,0
5720,32.25014071011183,0
5721,32.25014071011183,0
5722,32.25014071011183,0
5723,32.25014071011183,0
5724,32.25014071011183,0
5725,1.3701119367572836,0
5726,1.3701119367572836,0
5727,1.3701119367572836,0
5728,1.3701119367572836,0
5729,1.3701119367572836,0
5730,1.3701119367572836,0
5731,1.6127692818064594,0
5732,1.6127692818064594,0
5733,1.6127692818064594,0
5734,1.6127692818064594,0
5735,1.6127692818064594,0
5736,1.6127692818064594,0
5737,1.6127692818064594,0
5738,1.6127692818064594,0
5739,32.10339489859783,0
5740,32.10339489859783,0
5741,32.10339489859783,0
5742,32.10339489859783,0
5743,48.736589923436355,0
5744,48.736589923436355,0
5745,48.736589923436355,0
5746,48.736589923436355,0
5747,48.736589923436355,0
5748,48.736589923436355,0
5749,48.736589923436355,0
5750,48.736589923436355,0
5751,48.736589923436355,0
5752,48.736589923436355,0
5753,21.7747561673966,0
5754,21.7747561673966,0
5755,21.7747561673966,0
5756,21.7747561673966,0
5757,21.7747561673966,0
5758,21.7747561673966,0
5759,21.7747561673966,0
5760,60.63532361147131,0
5761,60.63532361147131,0
5762,60.63532361147131,0
5763,60.63532361147131,0
5764,60.63532361147131,0
5765,60.63532361147131,0
5766,60.63532361147131,0
5767,60.63532361147131,0
5768,60.63532361147131,0
5769,60.63532361147131,0
5770,60.63532361147131,0
5771,1.528244798396643,0
5772,1.528244798396643,0
5773,1.528244798396643,0
5774,1.528244798396643,0
5775,1.528244798396643,0
5776,1.528244798396643,0
5777,1.528244798396643,0
5778,1.528244798396643,0
5779,1.528244798396643,0
5780,24.549503330373714,0
5781,24.549503330373714,0
5782,24.549503330373714,0
5783,24.549503330373714,0
5784,24.549503330373714,0
5785,24.549503330373714,0
5786,24.549503330373714,0
5787,24.549503330373714,0
5788,24.549503330373714,0
5789,36.846582118517226,0
5790,36.846582118517226,0
5791,36.846582118517226,0
5792,36.846582118517226,0
5793,36.846582118517226,0
5794,36.846582118517226,0
5795,36.846582118517226,0
5796,36.846582118517226,0
5797,36.846582118517226,0
5798,36.846582118517226,0
5799,57.72320035194904,0
5800,57.72320035194904,0
5801,57.72320035194904,0
5802,57.72320035194904,0
5803,57.72320035194904,0
5804,57.72320035194904,0
5805,57.72320035194904,0
5806,57.72320035194904,0
5807,57.72320035194904,0
5808,57.72320035194904,0
5809,57.72320035194904,0
5810,57.72320035194904,0
5811,86.88532970009236,0
5812,86.88532970009236,0
5813,86.88532970009236,0
5814,86.88532970009236,0
5815,86.88532970009236,0
5816,86.88532970009236,0
5817,86.88532970009236,0
5818,86.88532970009236,0
5819,86.88532970009236,0
5820,31.26832606134107,0
5821,31.26832606134107,0
5822,31.26832606134107,0
5823,31.26832606134107,0
5824,31.26832606134107,0
5825,31.26832606134107,0
5826,31.26832606134107,0
5827,31.26832606134107,0
5828,31.26832606134107,0
5829,31.26832606134107,0
5830,31.26832606134107,0
5831,24.408242532099354,0
5832,24.408242532099354,0
5833,24.408242532099354,0
5834,24.408242532099354,0
5835,24.408242532099354,0
5836,24.408242532099354,0
5837,24.408242532099354,0
5838,24.408242532099354,0
5839,24.408242532099354,0
5840,91.18973986478079,0
5841,91.18973986478079,0
5842,91.18973986478079,0
5843,91.18973986478079,0
5844,91.18973986478079,0
5845,91.18973986478079,0
5846,73.09938265191529,0
5847,73.09938265191529,0
5848,73.09938265191529,0
5849,73.09938265191529,0
5850,73.09938265191529,0
5851,73.09938265191529,0
5852,0.8412328671536954,0
5853,0.8412328671536954,0
5854,0.8412328671536954,0
5855,0.8412328671536954,0
5856,0.8412328671536954,0
5857,0.8412328671536954,0
5858,0.8412328671536954,0
5859,0.8412328671536954,0
5860,12.690039885246367,0
5861,12.690039885246367,0
5862,12.690039885246367,0
5863,12.690039885246367,0
5864,12.690039885246367,0
5865,12.690039885246367,0
5866,12.690039885246367,0
5867,12.690039885246367,0
5868,43.39731121915011,0
5869,43.39731121915011,0
5870,43.39731121915011,0
5871,43.39731121915011,0
5872,43.39731121915011,0
5873,0.9066761376051702,0
5874,0.9066761376051702,0
5875,0.9066761376051702,0
5876,0.9066761376051702,0
5877,0.9066761376051702,0
5878,0.9066761376051702,0
5879,41.94402675817857,0
5880,41.94402675817857,0
5881,41.94402675817857,0
5882,41.94402675817857,0
5883,41.94402675817857,0
5884,41.94402675817857,0
5885,41.94402675817857,1
5886,76.08122506725572,0
5887,76.08122506725572,0
5888,76.08122506725572,0
5889,76.08122506725572,0
5890,76.08122506725572,0
5891,76.08122506725572,0
5892,76.08122506725572,0
5893,76.08122506725572,0
5894,76.08122506725572,0
5895,76.08122506725572,0
5896,41.03935156044912,0
5897,41.03935156044912,0
5898,41.03935156044912,0
5899,41.03935156044912,0
5900,41.03935156044912,0
5901,41.03935156044912,0
5902,41.03935156044912,0
5903,41.03935156044912,0
5904,41.03935156044912,0
5905,11.149360211882867,0
5906,11.149360211882867,0
5907,11.149360211882867,0
5908,11.149360211882867,0
5909,11.149360211882867,0
5910,11.149360211882867,0
5911,11.149360211882867,0
5912,11.149360211882867,0
5913,11.149360211882867,0
5914,11.149360211882867,0
5915,9.808430317710924,0
5916,9.808430317710924,0
5917,9.808430317710924,0
5918,9.808430317710924,0
5919,9.808430317710924,0
5920,9.808430317710924,0
5921,9.808430317710924,0
5922,9.808430317710924,0
5923,9.808430317710924,0
5924,9.808430317710924,0
5925,9.808430317710924,0
5926,54.14823248407589,0
5927,54.14823248407589,0
5928,54.14823248407589,0
5929,54.14823248407589,0
5930,54.14823248407589,0
5931,54.14823248407589,0
5932,54.14823248407589,0
5933,54.14823248407589,0
5934,54.14823248407589,0
5935,54.14823248407589,0
5936,54.14823248407589,0
5937,54.14823248407589,0
5938,54.14823248407589,0
5939,125.49419509634546,0
5940,125.49419509634546,0
5941,125.49419509634546,0
5942,125.49419509634546,0
5943,125.49419509634546,0
5944,125.49419509634546,0
5945,0.7352419569250281,0
5946,0.7352419569250281,0
5947,0.7352419569250281,0
5948,0.7352419569250281,0
5949,0.7352419569250281,0
5950,0.7352419569250281,0
5951,0.7352419569250281,0
5952,0.7352419569250281,0
5953,0.7352419569250281,0
5954,0.7352419569250281,0
5955,0.7352419569250281,0
5956,0.7352419569250281,0
5957,3.8753327129154584,0
5958,3.8753327129154584,0
5959,3.8753327129154584,0
5960,3.8753327129154584,0
5961,3.8753327129154584,0
5962,3.8753327129154584,0
5963,3.8753327129154584,0
5964,3.8753327129154584,0
5965,3.8753327129154584,0
5966,3.8753327129154584,0
5967,32.129744567751594,0
5968,32.129744567751594,0
5969,32.129744567751594,0
5970,32.129744567751594,0
5971,32.129744567751594,0
5972,32.129744567751594,0
5973,32.129744567751594,0
5974,32.129744567751594,0
5975,32.129744567751594,0
5976,32.129744567751594,0
5977,32.129744567751594,0
5978,32.129744567751594,0
5979,0.9988589831415394,0
5980,0.9988589831415394,0
5981,0.9988589831415394,0
5982,0.9988589831415394,0
5983,0.9988589831415394,0
5984,0.9988589831415394,0
5985,0.9988589831415394,0
5986,1.599998656268379,0
5987,1.599998656268379,0
5988,1.599998656268379,0
5989,1.599998656268379,0
5990,1.599998656268379,0
5991,10.176991620811016,0
5992,10.176991620811016,0
5993,10.176991620811016,0
5994,10.176991620811016,0
5995,10.176991620811016,0
5996,10.176991620811016,0
5997,0.5409112593743198,0
5998,0.5409112593743198,0
5999,0.5409112593743198,0
6000,0.5409112593743198,0
6001,0.5409112593743198,0
6002,0.5409112593743198,0
6003,0.5409112593743198,0
6004,0.5409112593743198,0
6005,0.5409112593743198,0
6006,0.5409112593743198,0
6007,0.5409112593743198,0
6008,0.5409112593743198,0
6009,0.5409112593743198,0
6010,7.672127682877921,0
6011,7.672127682877921,0
6012,7.672127682877921,0
6013,7.672127682877921,0
6014,7.672127682877921,0
6015,7.672127682877921,0
6016,7.672127682877921,0
6017,2.0941672130074918,0
6018,2.0941672130074918,0
6019,2.0941672130074918,0
6020,2.0941672130074918,0
6021,2.0941672130074918,0
6022,2.0941672130074918,0
6023,2.0941672130074918,0
6024,23.590070914279753,0
6025,23.590070914279753,0
6026,23.590070914279753,0
6027,23.590070914279753,0
6028,23.590070914279753,0
6029,23.590070914279753,0
6030,23.590070914279753,0
6031,23.590070914279753,0
6032,23.590070914279753,0
6033,1.8076055193534357,0
6034,1.8076055193534357,0
6035,1.8076055193534357,0
6036,1.8076055193534357,0
6037,1.8076055193534357,0
6038,1.8076055193534357,0
6039,1.8076055193534357,0
6040,1.8076055193534357,0
6041,1.8076055193534357,0
6042,1.8076055193534357,0
6043,1.8076055193534357,0
6044,1.8076055193534357,0
6045,1.8076055193534357,0
6046,1.8076055193534357,0
6047,1.8076055193534357,0
6048,1.8076055193534357,0
6049,90.90841694820115,0
6050,90.90841694820115,0
6051,90.90841694820115,0
6052,90.90841694820115,0
6053,90.90841694820115,0
6054,90.90841694820115,0
6055,90.90841694820115,0
6056,90.90841694820115,0
6057,90.90841694820115,0
6058,2.8320521344287157,0
6059,2.8320521344287157,0
6060,2.8320521344287157,0
6061,2.8320521344287157,0
6062,2.8320521344287157,0
6063,2.8320521344287157,0
6064,2.8320521344287157,0
6065,2.8320521344287157,0
6066,14.1962597012811,0
6067,14.1962597012811,0
6068,14.1962597012811,0
6069,14.1962597012811,0
6070,14.1962597012811,0
6071,14.1962597012811,0
6072,14.1962597012811,0
6073,14.1962597012811,0
6074,10.319982749305181,0
6075,10.319982749305181,0
6076,10.319982749305181,0
6077,10.319982749305181,0
6078,10.319982749305181,0
6079,10.319982749305181,0
6080,10.319982749305181,0
6081,10.319982749305181,0
6082,10.319982749305181,0
6083,10.319982749305181,0
6084,10.319982749305181,0
6085,46.605766159519355,0
6086,46.605766159519355,0
6087,46.605766159519355,0
6088,46.605766159519355,0
6089,46.605766159519355,0
6090,46.605766159519355,0
6091,46.605766159519355,0
6092,46.605766159519355,0
6093,46.605766159519355,0
6094,46.605766159519355,0
6095,46.605766159519355,0
6096,46.605766159519355,0
6097,46.605766159519355,0
6098,46.605766159519355,0
6099,0.8921324867387994,0
6100,0.8921324867387994,0
6101,0.8921324867387994,0
6102,0.8921324867387994,0
6103,0.8921324867387994,0
6104,0.8921324867387994,0
6105,56.471537403081534,0
6106,56.471537403081534,0
6107,56.471537403081534,0
6108,56.471537403081534,0
6109,56.471537403081534,0
6110,56.471537403081534,0
6111,56.471537403081534,0
6112,56.471537403081534,0
6113,104.26237111046792,0
6114,104.26237111046792,0
6115,104.26237111046792,0
6116,104.26237111046792,0
6117,104.26237111046792,0
6118,104.26237111046792,0
6119,104.26237111046792,0
6120,104.26237111046792,0
6121,104.26237111046792,0
6122,104.26237111046792,0
6123,6.496238261740919,0
6124,6.496238261740919,0
6125,6.496238261740919,0
6126,6.496238261740919,0
6127,6.496238261740919,0
6128,6.496238261740919,0
6129,6.496238261740919,0
6130,6.496238261740919,0
6131,182.10711557561473,0
6132,182.10711557561473,0
6133,182.10711557561473,0
6134,182.10711557561473,0
6135,182.10711557561473,0
6136,182.10711557561473,0
6137,182.10711557561473,0
6138,84.18087622693274,0
6139,84.18087622693274,0
6140,84.18087622693274,0
6141,84.18087622693274,0
6142,84.18087622693274,0
6143,84.18087622693274,0
6144,84.18087622693274,0
6145,84.18087622693274,0
6146,84.18087622693274,0
6147,84.18087622693274,0
6148,20.937267935009647,0
6149,20.937267935009647,0
6150,20.937267935009647,0
6151,20.937267935009647,0
6152,20.937267935009647,0
6153,20.937267935009647,0
6154,20.937267935009647,0
6155,20.937267935009647,0
6156,20.937267935009647,0
6157,20.937267935009647,0
6158,20.937267935009647,0
6159,20.937267935009647,0
6160,20.937267935009647,0
6161,1.0573918830143467,0
6162,1.0573918830143467,0
6163,1.0573918830143467,0
6164,1.0573918830143467,0
6165,82.91093625432752,0
6166,82.91093625432752,0
6167,82.91093625432752,0
6168,82.91093625432752,0
6169,82.91093625432752,0
6170,82.91093625432752,0
6171,82.91093625432752,0
6172,82.91093625432752,0
6173,82.91093625432752,0
6174,82.91093625432752,0
6175,5.172102374225271,0
6176,5.172102374225271,1
6177,5.172102374225271,0
6178,5.172102374225271,0
6179,5.172102374225271,0
6180,5.172102374225271,1
6181,5.172102374225271,0
6182,0.39002452194980586,0
6183,0.39002452194980586,0
6184,0.39002452194980586,0
6185,0.39002452194980586,0
6186,0.39002452194980586,0
6187,0.39002452194980586,0
6188,0.39002452194980586,0
6189,0.39002452194980586,0
6190,0.39002452194980586,0
6191,0.39002452194980586,0
6192,0.39002452194980586,0
6193,0.39002452194980586,0
6194,0.39002452194980586,0
6195,0.39002452194980586,0
6196,0.39002452194980586,0
6197,1.252704203311613,0
6198,1.252704203311613,0
6199,1.252704203311613,0
6200,1.252704203311613,0
6201,1.252704203311613,0
6202,1.252704203311613,0
6203,13.527037624074952,0
6204,13.527037624074952,0
6205,13.527037624074952,0
6206,13.527037624074952,0
6207,2.62512604430978,0
6208,2.62512604430978,0
6209,2.62512604430978,0
6210,2.62512604430978,0
6211,2.62512604430978,0
6212,2.62512604430978,0
6213,43.52162383275303,0
6214,43.52162383275303,0
6215,43.52162383275303,0
6216,43.52162383275303,0
6217,43.52162383275303,0
6218,43.52162383275303,0
6219,43.52162383275303,0
6220,43.52162383275303,0
6221,43.52162383275303,0
6222,43.52162383275303,0
6223,43.52162383275303,0
6224,43.52162383275303,0
6225,43.52162383275303,0
6226,43.52162383275303,0
6227,21.725711714786605,0
6228,21.725711714786605,0
6229,21.725711714786605,0
6230,21.725711714786605,0
6231,21.725711714786605,0
6232,21.725711714786605,0
6233,21.725711714786605,0
6234,21.725711714786605,0
6235,21.725711714786605,0
6236,21.725711714786605,0
6237,21.725711714786605,0
6238,21.725711714786605,0
6239,7.330801254047865,0
6240,7.330801254047865,0
6241,7.330801254047865,0
6242,7.330801254047865,0
6243,7.330801254047865,0
6244,7.330801254047865,0
6245,7.330801254047865,0
6246,7.330801254047865,0
6247,7.330801254047865,0
6248,7.330801254047865,0
6249,7.330801254047865,0
6250,7.330801254047865,0
6251,7.330801254047865,0
6252,51.44414190616833,0
6253,51.44414190616833,0
6254,51.44414190616833,0
6255,51.44414190616833,0
6256,51.44414190616833,0
6257,51.44414190616833,0
6258,51.44414190616833,0
6259,51.44414190616833,0
6260,51.44414190616833,0
6261,14.922498432109172,0
6262,14.922498432109172,0
6263,14.922498432109172,0
6264,14.922498432109172,0
6265,14.922498432109172,1
6266,14.922498432109172,0
6267,14.922498432109172,0
6268,14.922498432109172,0
6269,23.897774891215555,0
6270,23.897774891215555,0
6271,23.897774891215555,0
6272,23.897774891215555,0
6273,23.897774891215555,0
6274,23.897774891215555,0
6275,23.897774891215555,0
6276,23.897774891215555,0
6277,23.897774891215555,0
6278,23.897774891215555,0
6279,23.897774891215555,0
6280,36.76607726838001,0
6281,36.76607726838001,0
6282,36.76607726838001,0
6283,36.76607726838001,0
6284,36.76607726838001,0
6285,36.76607726838001,0
6286,36.76607726838001,0
6287,36.76607726838001,0
6288,36.76607726838001,0
6289,36.76607726838001,0
6290,13.554434763612745,0
6291,13.554434763612745,0
6292,13.554434763612745,0
6293,13.554434763612745,0
6294,13.554434763612745,0
6295,13.554434763612745,0
6296,13.554434763612745,0
6297,13.554434763612745,0
6298,13.554434763612745,0
6299,69.32361768627295,0
6300,69.32361768627295,0
6301,69.32361768627295,0
6302,69.32361768627295,0
6303,69.32361768627295,0
6304,69.32361768627295,0
6305,69.32361768627295,0
6306,69.32361768627295,0
6307,69.32361768627295,0
6308,1.8741456933948226,0
6309,1.8741456933948226,0
6310,1.8741456933948226,0
6311,1.8741456933948226,0
6312,1.8741456933948226,0
6313,1.8741456933948226,0
6314,1.8741456933948226,0
6315,1.8741456933948226,0
6316,9.492315730520595,0
6317,9.492315730520595,0
6318,9.492315730520595,0
6319,9.492315730520595,0
6320,9.492315730520595,0
6321,9.492315730520595,0
6322,9.492315730520595,0
6323,9.492315730520595,0
6324,9.492315730520595,0
6325,9.492315730520595,0
6326,9.492315730520595,0
6327,9.492315730520595,0
6328,9.492315730520595,0
6329,148.24772292376858,0
6330,148.24772292376858,0
6331,148.24772292376858,0
6332,148.24772292376858,0
6333,148.24772292376858,0
6334,148.24772292376858,0
6335,148.24772292376858,0
6336,148.24772292376858,0
6337,148.24772292376858,0
6338,148.24772292376858,0
6339,148.24772292376858,0
6340,148.24772292376858,0
6341,21.48083973438197,0
6342,21.48083973438197,0
6343,21.48083973438197,0
6344,21.48083973438197,0
6345,21.48083973438197,0
6346,21.48083973438197,0
6347,21.48083973438197,0
6348,21.48083973438197,0
6349,21.48083973438197,0
6350,84.26211368994993,0
6351,84.26211368994993,0
6352,84.26211368994993,0
6353,84.26211368994993,0
6354,84.26211368994993,0
6355,84.26211368994993,0
6356,84.26211368994993,0
6357,84.26211368994993,0
6358,84.26211368994993,0
6359,84.26211368994993,0
6360,21.899495998126707,0
6361,21.899495998126707,0
6362,21.899495998126707,0
6363,21.899495998126707,0
6364,21.899495998126707,0
6365,21.899495998126707,0
6366,2.2554826384743154,0
6367,2.2554826384743154,0
6368,2.2554826384743154,0
6369,2.2554826384743154,0
6370,2.2554826384743154,0
6371,2.2554826384743154,0
6372,2.2554826384743154,0
6373,2.2554826384743154,0
6374,2.2554826384743154,0
6375,35.22320134516929,0
6376,35.22320134516929,0
6377,35.22320134516929,0
6378,35.22320134516929,0
6379,35.22320134516929,0
6380,35.22320134516929,0
6381,35.22320134516929,0
6382,28.307600686385467,0
6383,28.307600686385467,0
6384,28.307600686385467,0
6385,28.307600686385467,0
6386,28.307600686385467,0
6387,28.307600686385467,0
6388,28.307600686385467,0
6389,28.307600686385467,0
6390,65.50400666446812,0
6391,65.50400666446812,0
6392,65.50400666446812,0
6393,65.50400666446812,0
6394,65.50400666446812,0
6395,65.50400666446812,0
6396,65.50400666446812,0
6397,65.50400666446812,0
6398,65.50400666446812,0
6399,65.50400666446812,0
6400,65.50400666446812,0
6401,65.50400666446812,0
6402,65.50400666446812,0
6403,65.50400666446812,0
6404,65.50400666446812,0
6405,81.99961056887841,0
6406,81.99961056887841,0
6407,81.99961056887841,0
6408,81.99961056887841,0
6409,81.99961056887841,0
6410,81.99961056887841,0
6411,81.99961056887841,1
6412,81.99961056887841,0
6413,81.99961056887841,0
6414,81.99961056887841,0
6415,81.99961056887841,0
6416,27.7096511651977,0
6417,27.7096511651977,0
6418,27.7096511651977,0
6419,27.7096511651977,0
6420,27.7096511651977,1
6421,27.7096511651977,0
6422,27.7096511651977,0
6423,27.7096511651977,0
6424,27.7096511651977,0
6425,27.7096511651977,0
6426,27.7096511651977,0
6427,1.3162222646848805,0
6428,1.3162222646848805,0
6429,1.3162222646848805,0
6430,1.3162222646848805,0
6431,1.3162222646848805,0
6432,1.3162222646848805,0
6433,1.3162222646848805,0
6434,1.3162222646848805,0
6435,1.3162222646848805,0
6436,1.3162222646848805,0
6437,1.3162222646848805,0
6438,3.161531580506141,0
6439,3.161531580506141,0
6440,3.161531580506141,0
6441,3.161531580506141,0
6442,3.161531580506141,0
6443,3.161531580506141,0
6444,3.161531580506141,0
6445,18.120794761896263,0
6446,18.120794761896263,0
6447,18.120794761896263,0
6448,18.120794761896263,0
6449,18.120794761896263,0
6450,18.120794761896263,0
6451,18.120794761896263,0
6452,18.120794761896263,0
6453,50.88044186636238,0
6454,50.88044186636238,0
6455,50.88044186636238,0
6456,61.612956070290146,0
6457,61.612956070290146,0
6458,61.612956070290146,0
6459,61.612956070290146,0
6460,61.612956070290146,0
6461,61.612956070290146,0
6462,61.612956070290146,0
6463,61.612956070290146,0
6464,61.612956070290146,0
6465,61.612956070290146,0
6466,61.612956070290146,0
6467,61.612956070290146,0
6468,61.612956070290146,0
6469,2.8221852667952687,0
6470,2.8221852667952687,0
6471,2.8221852667952687,0
6472,2.8221852667952687,0
6473,2.8221852667952687,0
6474,2.8221852667952687,0
6475,2.8221852667952687,0
6476,2.8221852667952687,0
6477,2.8221852667952687,0
6478,2.8221852667952687,0
6479,2.8362778324842792,0
6480,2.8362778324842792,0
6481,2.8362778324842792,0
6482,2.8362778324842792,0
6483,2.8362778324842792,0
6484,32.01776196803313,0
6485,32.01776196803313,0
6486,32.01776196803313,0
6487,32.01776196803313,0
6488,32.01776196803313,0
6489,32.01776196803313,0
6490,32.01776196803313,0
6491,32.01776196803313,0
6492,66.06458874200761,0
6493,66.06458874200761,0
6494,66.06458874200761,0
6495,66.06458874200761,0
6496,66.06458874200761,0
6497,66.06458874200761,0
6498,66.06458874200761,0
6499,66.06458874200761,0
6500,66.06458874200761,0
6501,66.06458874200761,0
6502,66.06458874200761,0
6503,66.06458874200761,0
6504,66.06458874200761,0
6505,66.06458874200761,0
6506,66.06458874200761,0
6507,54.52979936846939,0
6508,54.52979936846939,0
6509,54.52979936846939,0
6510,54.52979936846939,0
6511,54.52979936846939,0
6512,54.52979936846939,0
6513,54.52979936846939,0
6514,54.52979936846939,0
6515,47.11189692332126,0
6516,47.11189692332126,0
6517,47.11189692332126,0
6518,47.11189692332126,0
6519,47.11189692332126,0
6520,47.11189692332126,0
6521,47.11189692332126,0
6522,47.11189692332126,0
6523,47.11189692332126,0
6524,47.11189692332126,0
6525,1.990140327950446,0
6526,1.990140327950446,0
6527,1.990140327950446,0
6528,1.990140327950446,0
6529,1.990140327950446,0
6530,1.990140327950446,0
6531,1.990140327950446,0
6532,1.990140327950446,0
6533,1.990140327950446,0
6534,1.990140327950446,0
6535,26.86837824145547,0
6536,26.86837824145547,0
6537,26.86837824145547,0
6538,26.86837824145547,0
6539,26.86837824145547,0
6540,26.86837824145547,0
6541,26.86837824145547,0
6542,26.86837824145547,0
6543,26.86837824145547,0
6544,56.75246384927848,0
6545,56.75246384927848,0
6546,56.75246384927848,0
6547,56.75246384927848,0
6548,56.75246384927848,0
6549,56.75246384927848,0
6550,56.75246384927848,0
6551,56.75246384927848,0
6552,56.75246384927848,0
6553,56.75246384927848,0
6554,56.75246384927848,0
6555,9.090997644592713,0
6556,9.090997644592713,0
6557,9.090997644592713,0
6558,9.090997644592713,0
6559,9.090997644592713,0
6560,9.090997644592713,0
6561,9.090997644592713,0
6562,9.090997644592713,0
6563,9.090997644592713,0
6564,9.090997644592713,0
6565,9.090997644592713,0
6566,9.090997644592713,0
6567,9.090997644592713,0
6568,0.3956093331952072,0
6569,0.3956093331952072,0
6570,0.3956093331952072,0
6571,0.3956093331952072,0
6572,0.3956093331952072,0
6573,0.3956093331952072,0
6574,0.3956093331952072,0
6575,0.3956093331952072,0
6576,0.3956093331952072,0
6577,0.3956093331952072,0
6578,0.3956093331952072,0
6579,80.19007689739857,0
6580,80.19007689739857,0
6581,80.19007689739857,0
6582,80.19007689739857,0
6583,80.19007689739857,0
6584,80.19007689739857,0
6585,80.19007689739857,0
6586,20.57664669397445,0
6587,20.57664669397445,0
6588,20.57664669397445,0
6589,20.57664669397445,0
6590,20.57664669397445,0
6591,20.57664669397445,0
6592,20.57664669397445,0
6593,20.57664669397445,0
6594,20.57664669397445,0
6595,20.57664669397445,0
6596,20.57664669397445,0
6597,20.57664669397445,0
6598,6.221289463028354,0
6599,6.221289463028354,0
6600,6.221289463028354,0
6601,6.221289463028354,0
6602,78.8718960022669,0
6603,78.8718960022669,0
6604,78.8718960022669,0
6605,78.8718960022669,0
6606,78.8718960022669,0
6607,86.8243780967667,0
6608,86.8243780967667,0
6609,86.8243780967667,0
6610,86.8243780967667,0
6611,86.8243780967667,0
6612,86.8243780967667,0
6613,86.8243780967667,0
6614,86.8243780967667,0
6615,86.8243780967667,0
6616,86.8243780967667,0
6617,2.9446586343690124,0
6618,2.9446586343690124,0
6619,2.9446586343690124,0
6620,2.9446586343690124,0
6621,2.9446586343690124,0
6622,2.9446586343690124,0
6623,2.9446586343690124,0
6624,2.9446586343690124,0
6625,2.9446586343690124,0
6626,2.9446586343690124,0
6627,2.9446586343690124,0
6628,2.9446586343690124,0
6629,35.75416314815419,0
6630,35.75416314815419,0
6631,35.75416314815419,0
6632,35.75416314815419,0
6633,35.75416314815419,0
6634,35.75416314815419,0
6635,35.75416314815419,0
6636,0.43307772097117253,0
6637,0.43307772097117253,0
6638,0.43307772097117253,0
6639,0.43307772097117253,0
6640,16.896253680525703,0
6641,16.896253680525703,0
6642,16.896253680525703,0
6643,16.896253680525703,0
6644,16.896253680525703,0
6645,16.896253680525703,0
6646,16.896253680525703,0
6647,22.43938157221363,0
6648,22.43938157221363,0
6649,22.43938157221363,0
6650,22.43938157221363,0
6651,22.43938157221363,0
6652,22.43938157221363,0
6653,22.43938157221363,0
6654,22.43938157221363,0
6655,22.43938157221363,0
6656,22.43938157221363,0
6657,2.6300100726982434,0
6658,2.6300100726982434,0
6659,2.6300100726982434,0
6660,2.6300100726982434,0
6661,2.6300100726982434,0
6662,2.6300100726982434,0
6663,2.6300100726982434,0
6664,2.6300100726982434,0
6665,2.6300100726982434,0
6666,2.6300100726982434,0
6667,2.6300100726982434,0
6668,1.4540998064124586,0
6669,1.4540998064124586,0
6670,1.4540998064124586,0
6671,1.4540998064124586,0
6672,1.4540998064124586,0
6673,1.4540998064124586,0
6674,1.4540998064124586,0
6675,1.4540998064124586,0
6676,1.4540998064124586,0
6677,1.4540998064124586,0
6678,1.3493352580324982,0
6679,1.3493352580324982,0
6680,1.3493352580324982,0
6681,1.3493352580324982,0
6682,1.3493352580324982,0
6683,1.3493352580324982,0
6684,1.3493352580324982,0
6685,1.3493352580324982,0
6686,1.3493352580324982,0
6687,1.3493352580324982,0
6688,1.3493352580324982,0
6689,2.008858236822691,0
6690,2.008858236822691,0
6691,2.008858236822691,0
6692,2.008858236822691,0
6693,2.008858236822691,0
6694,2.008858236822691,0
6695,2.008858236822691,0
6696,2.008858236822691,0
6697,2.008858236822691,0
6698,2.008858236822691,0
6699,69.79262441419931,0
6700,69.79262441419931,0
6701,69.79262441419931,0
6702,69.79262441419931,0
6703,69.79262441419931,0
6704,69.79262441419931,0
6705,69.79262441419931,0
6706,69.79262441419931,0
6707,69.79262441419931,0
6708,69.79262441419931,0
6709,69.79262441419931,0
6710,47.8161851777188,0
6711,47.8161851777188,0
6712,47.8161851777188,0
6713,47.8161851777188,0
6714,47.8161851777188,0
6715,47.8161851777188,0
6716,0.42572071765203434,0
6717,0.42572071765203434,0
6718,0.42572071765203434,0
6719,0.42572071765203434,0
6720,0.42572071765203434,0
6721,0.42572071765203434,0
6722,0.42572071765203434,0
6723,0.42572071765203434,0
6724,0.42572071765203434,0
6725,0.42572071765203434,0
6726,0.42572071765203434,0
6727,0.42572071765203434,0
6728,0.42572071765203434,0
6729,0.42572071765203434,0
6730,52.48967897813807,0
6731,52.48967897813807,0
6732,52.48967897813807,0
6733,52.48967897813807,0
6734,52.48967897813807,0
6735,52.48967897813807,0
6736,0.12249600121169095,0
6737,0.12249600121169095,0
6738,0.12249600121169095,0
6739,0.12249600121169095,0
6740,0.12249600121169095,0
6741,5.309118701284887,0
6742,5.309118701284887,0
6743,5.309118701284887,0
6744,0.3530062729191364,0
6745,0.3530062729191364,1
6746,0.3530062729191364,0
6747,0.3530062729191364,0
6748,0.3530062729191364,0
6749,0.3530062729191364,0
6750,0.3530062729191364,0
6751,0.3530062729191364,0
6752,0.3530062729191364,0
6753,0.3530062729191364,0
6754,43.946568890553905,0
6755,43.946568890553905,0
6756,43.946568890553905,0
6757,43.946568890553905,0
6758,43.946568890553905,0
6759,43.946568890553905,0
6760,43.946568890553905,0
6761,30.51841336276217,0
6762,30.51841336276217,0
6763,30.51841336276217,0
6764,30.51841336276217,0
6765,30.51841336276217,0
6766,30.51841336276217,0
6767,30.51841336276217,0
6768,30.51841336276217,0
6769,30.51841336276217,1
6770,10.15543716849773,0
6771,10.15543716849773,0
6772,10.15543716849773,0
6773,10.15543716849773,0
6774,10.15543716849773,0
6775,10.15543716849773,0
6776,10.15543716849773,0
6777,10.15543716849773,0
6778,4.536715465628468,0
6779,4.536715465628468,0
6780,4.536715465628468,0
6781,4.536715465628468,0
6782,4.536715465628468,0
6783,4.536715465628468,0
6784,4.536715465628468,0
6785,4.536715465628468,0
6786,4.536715465628468,0
6787,22.38271658778042,0
6788,22.38271658778042,0
6789,22.38271658778042,0
6790,22.38271658778042,0
6791,22.38271658778042,0
6792,22.38271658778042,0
6793,22.38271658778042,0
6794,61.996466708545654,0
6795,61.996466708545654,0
6796,61.996466708545654,0
6797,61.996466708545654,0
6798,61.996466708545654,0
6799,61.996466708545654,0
6800,61.996466708545654,0
6801,61.996466708545654,0
6802,61.996466708545654,0
6803,61.996466708545654,0
6804,61.996466708545654,0
6805,49.04805532904815,0
6806,49.04805532904815,0
6807,49.04805532904815,0
6808,49.04805532904815,0
6809,49.04805532904815,0
6810,49.04805532904815,0
6811,49.04805532904815,1
6812,49.04805532904815,0
6813,2.3014029559082436,0
6814,2.3014029559082436,0
6815,2.3014029559082436,0
6816,2.3014029559082436,0
6817,2.3014029559082436,0
6818,2.3014029559082436,0
6819,23.562428249457053,0
6820,23.562428249457053,0
6821,23.562428249457053,0
6822,23.562428249457053,0
6823,23.562428249457053,0
6824,23.562428249457053,0
6825,23.562428249457053,0
6826,23.562428249457053,0
6827,23.562428249457053,0
6828,7.774330969843689,0
6829,7.774330969843689,0
6830,7.774330969843689,0
6831,7.774330969843689,0
6832,7.774330969843689,0
6833,7.774330969843689,0
6834,7.774330969843689,0
6835,7.774330969843689,0
6836,7.774330969843689,0
6837,7.774330969843689,0
6838,0.5658189942856369,0
6839,0.5658189942856369,0
6840,0.5658189942856369,0
6841,0.5658189942856369,0
6842,0.5658189942856369,0
6843,0.5658189942856369,0
6844,0.5658189942856369,0
6845,0.5658189942856369,0
6846,0.5658189942856369,0
6847,0.5658189942856369,0
6848,1.7402571715638973,0
6849,1.7402571715638973,0
6850,1.7402571715638973,0
6851,1.7402571715638973,0
6852,1.7402571715638973,0
6853,1.7402571715638973,0
6854,1.7402571715638973,0
6855,1.7402571715638973,0
6856,35.497206195499544,0
6857,35.497206195499544,0
6858,35.497206195499544,0
6859,35.497206195499544,0
6860,35.497206195499544,0
6861,35.497206195499544,0
6862,35.497206195499544,0
6863,35.497206195499544,0
6864,35.497206195499544,0
6865,35.497206195499544,0
6866,35.497206195499544,0
6867,35.497206195499544,0
6868,35.497206195499544,0
6869,35.497206195499544,0
6870,28.051911685227033,0
6871,28.051911685227033,0
6872,28.051911685227033,0
6873,28.051911685227033,0
6874,28.051911685227033,0
6875,28.051911685227033,0
6876,28.051911685227033,0
6877,28.051911685227033,0
6878,41.40688717116577,0
6879,41.40688717116577,0
6880,41.40688717116577,0
6881,41.40688717116577,0
6882,41.40688717116577,0
6883,41.40688717116577,0
6884,41.40688717116577,0
6885,41.40688717116577,0
6886,41.40688717116577,0
6887,41.40688717116577,0
6888,41.40688717116577,0
6889,1.493987882537881,0
6890,1.493987882537881,0
6891,1.493987882537881,0
6892,1.493987882537881,0
6893,1.493987882537881,0
6894,1.493987882537881,0
6895,1.493987882537881,0
6896,12.815252478849752,0
6897,12.815252478849752,0
6898,12.815252478849752,0
6899,12.815252478849752,0
6900,12.815252478849752,0
6901,12.815252478849752,0
6902,12.815252478849752,0
6903,12.815252478849752,0
6904,12.815252478849752,0
6905,12.815252478849752,0
6906,12.815252478849752,0
6907,12.815252478849752,0
6908,106.33795414729813,0
6909,106.33795414729813,0
6910,106.33795414729813,0
6911,106.33795414729813,0
6912,106.33795414729813,0
6913,106.33795414729813,0
6914,106.33795414729813,0
6915,106.33795414729813,0
6916,106.33795414729813,0
6917,106.33795414729813,0
6918,2.5434581126740676,0
6919,2.5434581126740676,0
6920,2.5434581126740676,0
6921,2.5434581126740676,0
6922,2.5434581126740676,0
6923,2.5434581126740676,0
6924,2.5434581126740676,0
6925,2.5434581126740676,0
6926,2.5434581126740676,0
6927,2.5434581126740676,0
6928,2.5434581126740676,0
6929,2.5434581126740676,0
6930,2.5434581126740676,0
6931,2.713230026661738,0
6932,2.713230026661738,0
6933,2.713230026661738,1
6934,2.713230026661738,0
6935,2.713230026661738,0
6936,2.713230026661738,0
6937,2.713230026661738,0
6938,2.713230026661738,0
6939,2.713230026661738,0
6940,2.713230026661738,0
6941,2.713230026661738,0
6942,2.713230026661738,0
6943,31.969687764731336,0
6944,31.969687764731336,0
6945,31.969687764731336,0
6946,31.969687764731336,0
6947,31.969687764731336,0
6948,31.969687764731336,0
6949,31.969687764731336,0
6950,31.969687764731336,0
6951,31.969687764731336,0
6952,31.969687764731336,0
6953,31.969687764731336,0
6954,31.969687764731336,0
6955,31.969687764731336,0
6956,31.969687764731336,0
6957,13.099203420255401,0
6958,13.099203420255401,0
6959,13.099203420255401,0
6960,13.099203420255401,0
6961,13.099203420255401,0
6962,13.099203420255401,0
6963,13.099203420255401,0
6964,13.099203420255401,0
6965,13.099203420255401,0
6966,13.099203420255401,0
6967,13.099203420255401,1
6968,42.745549916662426,0
6969,42.745549916662426,0
6970,42.745549916662426,0
6971,42.745549916662426,0
6972,42.745549916662426,0
6973,42.745549916662426,0
6974,42.745549916662426,0
6975,42.745549916662426,0
6976,42.745549916662426,0
6977,61.15502875192151,0
6978,61.15502875192151,0
6979,61.15502875192151,0
6980,61.15502875192151,0
6981,61.15502875192151,0
6982,61.15502875192151,0
6983,44.658151773427875,0
6984,44.658151773427875,0
6985,44.658151773427875,0
6986,44.658151773427875,0
6987,44.658151773427875,0
6988,44.658151773427875,0
6989,44.658151773427875,0
6990,44.658151773427875,0
6991,9.575713528407043,0
6992,9.575713528407043,0
6993,9.575713528407043,0
6994,9.575713528407043,0
6995,9.575713528407043,0
6996,9.575713528407043,0
6997,9.575713528407043,0
6998,9.575713528407043,0
6999,9.575713528407043,0
7000,9.575713528407043,0
7001,9.575713528407043,0
7002,9.575713528407043,0
7003,9.575713528407043,0
7004,9.575713528407043,0
7005,9.575713528407043,0
7006,1.2377891899687485,0
7007,1.2377891899687485,0
7008,1.2377891899687485,0
7009,1.2377891899687485,0
7010,1.2377891899687485,0
7011,1.2377891899687485,0
7012,1.2377891899687485,0
7013,1.2377891899687485,0
7014,1.2377891899687485,0
7015,1.2377891899687485,0
7016,4.816589066079462,0
7017,4.816589066079462,0
7018,4.816589066079462,0
7019,4.816589066079462,0
7020,74.70415333024634,0
7021,74.70415333024634,0
7022,74.70415333024634,0
7023,74.70415333024634,0
7024,74.70415333024634,0
7025,74.70415333024634,0
7026,74.70415333024634,0
7027,74.70415333024634,0
7028,74.70415333024634,0
7029,74.70415333024634,0
7030,74.70415333024634,0
7031,74.70415333024634,0
7032,1.344393957685655,0
7033,1.344393957685655,0
7034,1.344393957685655,0
7035,1.344393957685655,0
7036,1.344393957685655,0
7037,1.344393957685655,0
7038,1.344393957685655,0
7039,1.344393957685655,0
7040,0.14898002463444202,0
7041,0.14898002463444202,0
7042,0.14898002463444202,0
7043,0.14898002463444202,0
7044,0.14898002463444202,0
7045,0.14898002463444202,0
7046,0.14898002463444202,0
7047,0.14898002463444202,0
7048,0.14898002463444202,0
7049,0.14898002463444202,0
7050,0.14898002463444202,0
7051,0.14898002463444202,0
7052,0.14898002463444202,0
7053,0.14898002463444202,0
7054,23.677053666844945,0
7055,23.677053666844945,0
7056,23.677053666844945,0
7057,23.677053666844945,0
7058,45.09951098713228,0
7059,45.09951098713228,0
7060,45.09951098713228,1
7061,45.09951098713228,0
7062,45.09951098713228,0
7063,45.09951098713228,0
7064,45.09951098713228,0
7065,45.09951098713228,0
7066,45.09951098713228,0
7067,45.09951098713228,0
7068,15.03585527016665,0
7069,15.03585527016665,0
7070,15.03585527016665,0
7071,15.03585527016665,0
7072,15.03585527016665,0
7073,15.03585527016665,0
7074,15.03585527016665,0
7075,15.03585527016665,0
7076,15.03585527016665,0
7077,3.136298338189383,0
7078,3.136298338189383,0
7079,3.136298338189383,0
7080,3.136298338189383,0
7081,3.136298338189383,0
7082,3.136298338189383,0
7083,3.136298338189383,0
7084,3.136298338189383,0
7085,3.136298338189383,0
7086,3.136298338189383,0
7087,3.136298338189383,0
7088,3.136298338189383,0
7089,1.615677908116758,0
7090,1.615677908116758,0
7091,1.615677908116758,0
7092,1.615677908116758,0
7093,1.615677908116758,0
7094,1.615677908116758,0
7095,1.615677908116758,0
7096,19.676945148435816,0
7097,19.676945148435816,0
7098,19.676945148435816,0
7099,19.676945148435816,0
7100,19.676945148435816,0
7101,19.676945148435816,0
7102,19.676945148435816,0
7103,19.676945148435816,0
7104,19.676945148435816,0
7105,19.676945148435816,0
7106,19.676945148435816,0
7107,19.676945148435816,0
7108,1.432328919467641,0
7109,1.432328919467641,0
7110,1.432328919467641,0
7111,1.432328919467641,0
7112,1.432328919467641,0
7113,1.432328919467641,0
7114,1.432328919467641,0
7115,1.432328919467641,0
7116,1.432328919467641,0
7117,1.432328919467641,0
7118,8.252727553671772,0
7119,8.252727553671772,0
7120,8.252727553671772,0
7121,8.252727553671772,0
7122,8.252727553671772,0
7123,8.252727553671772,0
7124,8.252727553671772,0
7125,8.252727553671772,0
7126,8.252727553671772,0
7127,8.252727553671772,0
7128,8.252727553671772,0
7129,8.252727553671772,0
7130,8.252727553671772,0
7131,8.252727553671772,0
7132,59.330496858769614,0
7133,59.330496858769614,0
7134,59.330496858769614,0
7135,59.330496858769614,0
7136,59.330496858769614,0
7137,59.330496858769614,0
7138,59.330496858769614,0
7139,59.330496858769614,0
7140,59.330496858769614,0
7141,59.330496858769614,0
7142,59.330496858769614,0
7143,59.330496858769614,0
7144,59.330496858769614,0
7145,0.9642188602328708,0
7146,0.9642188602328708,0
7147,0.9642188602328708,0
7148,0.9642188602328708,0
7149,0.9642188602328708,0
7150,0.9642188602328708,0
7151,0.9642188602328708,0
7152,0.9642188602328708,0
7153,0.9642188602328708,0
7154,0.9642188602328708,0
7155,0.9642188602328708,0
7156,1.3735351026061788,0
7157,1.3735351026061788,0
7158,1.3735351026061788,0
7159,1.3735351026061788,0
7160,1.3735351026061788,0
7161,1.3735351026061788,0
7162,1.3735351026061788,0
7163,1.3735351026061788,0
7164,1.3735351026061788,0
7165,1.3735351026061788,0
7166,5.887264612380456,0
7167,5.887264612380456,0
7168,5.887264612380456,0
7169,5.887264612380456,0
7170,5.887264612380456,0
7171,5.887264612380456,0
7172,5.887264612380456,0
7173,5.887264612380456,0
7174,5.887264612380456,0
7175,5.887264612380456,0
7176,4.0819642888718555,0
7177,4.0819642888718555,0
7178,4.0819642888718555,0
7179,4.0819642888718555,0
7180,4.0819642888718555,0
7181,4.0819642888718555,0
7182,4.0819642888718555,0
7183,4.0819642888718555,0
7184,4.0819642888718555,0
7185,4.0819642888718555,0
7186,4.0819642888718555,0
7187,4.0819642888718555,0
7188,4.0819642888718555,0
7189,4.0819642888718555,0
