bin_center_km,ci_high,ci_low,curve_mean,d111,min_conflict_dist_km,n_in_bin,row_type
,,,,0.0,43.011185813384984,,point
,,,,0.0,43.011185813384984,,point
,,,,0.0,43.011185813384984,,point
,,,,0.0,43.011185813384984,,point
,,,,0.0,43.011185813384984,,point
,,,,0.0,43.011185813384984,,point
,,,,1.0,43.011185813384984,,point
,,,,0.0,43.011185813384984,,point
,,,,0.0,43.011185813384984,,point
,,,,0.0,43.011185813384984,,point
,,,,1.0,43.011185813384984,,point
,,,,0.0,43.011185813384984,,point
,,,,0.0,43.011185813384984,,point
,,,,0.0,0.9490590045935009,,point
,,,,0.0,0.9490590045935009,,point
,,,,0.0,0.9490590045935009,,point
,,,,0.0,0.9490590045935009,,point
,,,,0.0,0.9490590045935009,,point
,,,,1.0,0.9490590045935009,,point
,,,,0.0,0.9490590045935009,,point
,,,,0.0,0.9490590045935009,,point
,,,,0.0,0.9490590045935009,,point
,,,,0.0,0.9490590045935009,,point
,,,,0.0,0.9490590045935009,,point
,,,,0.0,0.9490590045935009,,point
,,,,1.0,0.9490590045935009,,point
,,,,0.0,0.9490590045935009,,point
,,,,1.0,0.9490590045935009,,point
,,,,0.0,2.151943391195913,,point
,,,,0.0,2.151943391195913,,point
,,,,0.0,2.151943391195913,,point
,,,,0.0,2.151943391195913,,point
,,,,0.0,2.151943391195913,,point
,,,,0.0,2.151943391195913,,point
,,,,0.0,2.151943391195913,,point
,,,,0.0,2.151943391195913,,point
,,,,0.0,2.151943391195913,,point
,,,,0.0,2.151943391195913,,point
,,,,0.0,2.151943391195913,,point
,,,,0.0,2.151943391195913,,point
,,,,0.0,2.151943391195913,,point
,,,,0.0,2.151943391195913,,point
,,,,0.0,19.362217749773784,,point
,,,,0.0,19.362217749773784,,point
,,,,0.0,19.362217749773784,,point
,,,,0.0,19.362217749773784,,point
,,,,0.0,19.362217749773784,,point
,,,,0.0,19.362217749773784,,point
,,,,0.0,19.362217749773784,,point
,,,,0.0,19.362217749773784,,point
,,,,0.0,1.1639380101312085,,point
,,,,0.0,1.1639380101312085,,point
,,,,1.0,1.1639380101312085,,point
,,,,0.0,1.1639380101312085,,point
,,,,0.0,1.1639380101312085,,point
,,,,0.0,1.1639380101312085,,point
,,,,0.0,1.1639380101312085,,point
,,,,0.0,1.1639380101312085,,point
,,,,1.0,1.1639380101312085,,point
,,,,0.0,1.1639380101312085,,point
,,,,0.0,1.1639380101312085,,point
,,,,0.0,1.1639380101312085,,point
,,,,0.0,94.01961594107429,,point
,,,,0.0,94.01961594107429,,point
,,,,0.0,94.01961594107429,,point
,,,,0.0,94.01961594107429,,point
,,,,0.0,94.01961594107429,,point
,,,,0.0,94.01961594107429,,point
,,,,0.0,94.01961594107429,,point
,,,,0.0,94.01961594107429,,point
,,,,0.0,94.01961594107429,,point
,,,,0.0,94.01961594107429,,point
,,,,0.0,94.01961594107429,,point
,,,,0.0,94.01961594107429,,point
,,,,0.0,94.01961594107429,,point
,,,,0.0,94.01961594107429,,point
,,,,0.0,1.9129151329847585,,point
,,,,0.0,1.9129151329847585,,point
,,,,0.0,1.9129151329847585,,point
,,,,0.0,1.9129151329847585,,point
,,,,0.0,1.9129151329847585,,point
,,,,0.0,1.9129151329847585,,point
,,,,0.0,1.9129151329847585,,point
,,,,0.0,1.9129151329847585,,point
,,,,0.0,1.9129151329847585,,point
,,,,0.0,1.9129151329847585,,point
,,,,0.0,1.9129151329847585,,point
,,,,0.0,1.9129151329847585,,point
,,,,0.0,1.9129151329847585,,point
,,,,0.0,52.59582560170927,,point
,,,,0.0,52.59582560170927,,point
,,,,0.0,52.59582560170927,,point
,,,,0.0,52.59582560170927,,point
,,,,0.0,52.59582560170927,,point
,,,,1.0,52.59582560170927,,point
,,,,1.0,52.59582560170927,,point
,,,,0.0,52.59582560170927,,point
,,,,0.0,52.59582560170927,,point
,,,,1.0,52.59582560170927,,point
,,,,0.0,52.59582560170927,,point
,,,,0.0,52.59582560170927,,point
,,,,0.0,0.18057208437728473,,point
,,,,1.0,0.18057208437728473,,point
,,,,0.0,0.18057208437728473,,point
,,,,0.0,0.18057208437728473,,point
,,,,0.0,0.18057208437728473,,point
,,,,1.0,0.18057208437728473,,point
,,,,0.0,0.18057208437728473,,point
,,,,0.0,0.18057208437728473,,point
,,,,1.0,0.18057208437728473,,point
,,,,0.0,4.869903432895646,,point
,,,,1.0,4.869903432895646,,point
,,,,0.0,4.869903432895646,,point
,,,,0.0,4.869903432895646,,point
,,,,0.0,4.869903432895646,,point
,,,,0.0,4.869903432895646,,point
,,,,0.0,4.869903432895646,,point
,,,,0.0,4.869903432895646,,point
,,,,0.0,4.869903432895646,,point
,,,,0.0,4.869903432895646,,point
,,,,0.0,0.538435795884092,,point
,,,,0.0,0.538435795884092,,point
,,,,0.0,0.538435795884092,,point
,,,,0.0,0.538435795884092,,point
,,,,0.0,0.538435795884092,,point
,,,,0.0,0.538435795884092,,point
,,,,0.0,0.538435795884092,,point
,,,,0.0,0.538435795884092,,point
,,,,1.0,0.538435795884092,,point
,,,,0.0,0.538435795884092,,point
,,,,0.0,0.538435795884092,,point
,,,,0.0,35.66917975187438,,point
,,,,1.0,35.66917975187438,,point
,,,,0.0,35.66917975187438,,point
,,,,0.0,35.66917975187438,,point
,,,,0.0,35.66917975187438,,point
,,,,1.0,35.66917975187438,,point
,,,,0.0,35.66917975187438,,point
,,,,0.0,35.66917975187438,,point
,,,,0.0,35.66917975187438,,point
,,,,0.0,35.66917975187438,,point
,,,,0.0,35.66917975187438,,point
,,,,0.0,59.574019267520725,,point
,,,,0.0,59.574019267520725,,point
,,,,0.0,59.574019267520725,,point
,,,,0.0,59.574019267520725,,point
,,,,0.0,59.574019267520725,,point
,,,,1.0,59.574019267520725,,point
,,,,0.0,59.574019267520725,,point
,,,,0.0,59.574019267520725,,point
,,,,0.0,59.574019267520725,,point
,,,,1.0,59.574019267520725,,point
,,,,0.0,59.574019267520725,,point
,,,,0.0,59.574019267520725,,point
,,,,0.0,20.54281384703496,,point
,,,,0.0,20.54281384703496,,point
,,,,0.0,20.54281384703496,,point
,,,,0.0,20.54281384703496,,point
,,,,0.0,20.54281384703496,,point
,,,,0.0,20.54281384703496,,point
,,,,0.0,20.54281384703496,,point
,,,,0.0,20.54281384703496,,point
,,,,0.0,20.54281384703496,,point
,,,,0.0,2.5647092218644585,,point
,,,,0.0,2.5647092218644585,,point
,,,,0.0,2.5647092218644585,,point
,,,,0.0,2.5647092218644585,,point
,,,,0.0,2.5647092218644585,,point
,,,,0.0,2.5647092218644585,,point
,,,,0.0,2.5647092218644585,,point
,,,,0.0,2.5647092218644585,,point
,,,,0.0,2.5647092218644585,,point
,,,,1.0,2.5647092218644585,,point
,,,,0.0,2.5647092218644585,,point
,,,,0.0,2.5647092218644585,,point
,,,,0.0,2.5647092218644585,,point
,,,,0.0,23.323408702062213,,point
,,,,0.0,23.323408702062213,,point
,,,,0.0,23.323408702062213,,point
,,,,1.0,23.323408702062213,,point
,,,,0.0,23.323408702062213,,point
,,,,0.0,23.323408702062213,,point
,,,,0.0,23.323408702062213,,point
,,,,0.0,23.323408702062213,,point
,,,,0.0,23.323408702062213,,point
,,,,0.0,23.323408702062213,,point
,,,,0.0,23.323408702062213,,point
,,,,0.0,23.323408702062213,,point
,,,,0.0,23.323408702062213,,point
,,,,0.0,48.20045822681228,,point
,,,,0.0,48.20045822681228,,point
,,,,0.0,48.20045822681228,,point
,,,,0.0,48.20045822681228,,point
,,,,0.0,48.20045822681228,,point
,,,,0.0,48.20045822681228,,point
,,,,0.0,48.20045822681228,,point
,,,,0.0,48.20045822681228,,point
,,,,0.0,48.20045822681228,,point
,,,,0.0,48.20045822681228,,point
,,,,0.0,48.20045822681228,,point
,,,,0.0,48.20045822681228,,point
,,,,1.0,48.20045822681228,,point
,,,,0.0,27.70404469448411,,point
,,,,0.0,27.70404469448411,,point
,,,,0.0,27.70404469448411,,point
,,,,0.0,27.70404469448411,,point
,,,,1.0,27.70404469448411,,point
,,,,0.0,27.70404469448411,,point
,,,,0.0,27.70404469448411,,point
,,,,0.0,27.70404469448411,,point
,,,,1.0,27.70404469448411,,point
,,,,1.0,27.70404469448411,,point
,,,,0.0,27.70404469448411,,point
,,,,1.0,27.70404469448411,,point
,,,,0.0,27.70404469448411,,point
,,,,0.0,27.70404469448411,,point
,,,,0.0,51.56009547874866,,point
,,,,0.0,51.56009547874866,,point
,,,,0.0,51.56009547874866,,point
,,,,0.0,51.56009547874866,,point
,,,,0.0,51.56009547874866,,point
,,,,1.0,51.56009547874866,,point
,,,,0.0,51.56009547874866,,point
,,,,0.0,51.56009547874866,,point
,,,,0.0,51.56009547874866,,point
,,,,0.0,9.175254352248155,,point
,,,,0.0,9.175254352248155,,point
,,,,0.0,9.175254352248155,,point
,,,,0.0,9.175254352248155,,point
,,,,0.0,9.175254352248155,,point
,,,,0.0,9.175254352248155,,point
,,,,0.0,9.175254352248155,,point
,,,,0.0,9.175254352248155,,point
,,,,0.0,9.175254352248155,,point
,,,,0.0,9.175254352248155,,point
,,,,0.0,9.175254352248155,,point
,,,,0.0,34.366656953277534,,point
,,,,0.0,34.366656953277534,,point
,,,,0.0,34.366656953277534,,point
,,,,0.0,34.366656953277534,,point
,,,,0.0,34.366656953277534,,point
,,,,0.0,34.366656953277534,,point
,,,,0.0,34.366656953277534,,point
,,,,0.0,34.366656953277534,,point
,,,,0.0,34.366656953277534,,point
,,,,0.0,34.366656953277534,,point
,,,,0.0,0.8513297968782819,,point
,,,,0.0,0.8513297968782819,,point
,,,,0.0,0.8513297968782819,,point
,,,,0.0,0.8513297968782819,,point
,,,,0.0,0.8513297968782819,,point
,,,,0.0,0.8513297968782819,,point
,,,,0.0,0.8513297968782819,,point
,,,,0.0,0.8513297968782819,,point
,,,,0.0,0.8513297968782819,,point
,,,,1.0,0.8513297968782819,,point
,,,,0.0,0.8513297968782819,,point
,,,,0.0,0.8513297968782819,,point
,,,,0.0,31.488568312936714,,point
,,,,0.0,31.488568312936714,,point
,,,,0.0,31.488568312936714,,point
,,,,0.0,31.488568312936714,,point
,,,,0.0,31.488568312936714,,point
,,,,0.0,31.488568312936714,,point
,,,,0.0,31.488568312936714,,point
,,,,0.0,31.488568312936714,,point
,,,,0.0,31.488568312936714,,point
,,,,0.0,31.488568312936714,,point
,,,,0.0,5.259625327682455,,point
,,,,1.0,5.259625327682455,,point
,,,,0.0,5.259625327682455,,point
,,,,0.0,5.259625327682455,,point
,,,,1.0,5.259625327682455,,point
,,,,0.0,5.259625327682455,,point
,,,,0.0,5.259625327682455,,point
,,,,0.0,5.259625327682455,,point
,,,,1.0,5.259625327682455,,point
,,,,0.0,5.259625327682455,,point
,,,,1.0,5.259625327682455,,point
,,,,0.0,5.259625327682455,,point
,,,,0.0,5.259625327682455,,point
,,,,0.0,5.259625327682455,,point
,,,,1.0,25.58941995315373,,point
,,,,0.0,25.58941995315373,,point
,,,,1.0,25.58941995315373,,point
,,,,0.0,25.58941995315373,,point
,,,,0.0,25.58941995315373,,point
,,,,0.0,25.58941995315373,,point
,,,,0.0,25.58941995315373,,point
,,,,0.0,25.58941995315373,,point
,,,,0.0,25.58941995315373,,point
,,,,0.0,25.58941995315373,,point
,,,,0.0,63.44755638054334,,point
,,,,1.0,63.44755638054334,,point
,,,,0.0,63.44755638054334,,point
,,,,0.0,63.44755638054334,,point
,,,,0.0,63.44755638054334,,point
,,,,1.0,63.44755638054334,,point
,,,,0.0,63.44755638054334,,point
,,,,0.0,63.44755638054334,,point
,,,,1.0,63.44755638054334,,point
,,,,0.0,98.33361309294858,,point
,,,,0.0,98.33361309294858,,point
,,,,0.0,98.33361309294858,,point
,,,,0.0,98.33361309294858,,point
,,,,0.0,98.33361309294858,,point
,,,,1.0,98.33361309294858,,point
,,,,1.0,98.33361309294858,,point
,,,,0.0,98.33361309294858,,point
,,,,0.0,98.33361309294858,,point
,,,,0.0,98.33361309294858,,point
,,,,0.0,19.894202266372453,,point
,,,,0.0,19.894202266372453,,point
,,,,0.0,19.894202266372453,,point
,,,,0.0,19.894202266372453,,point
,,,,1.0,19.894202266372453,,point
,,,,0.0,19.894202266372453,,point
,,,,0.0,19.894202266372453,,point
,,,,0.0,19.894202266372453,,point
,,,,0.0,19.894202266372453,,point
,,,,0.0,19.894202266372453,,point
,,,,0.0,2.0480817001649347,,point
,,,,0.0,2.0480817001649347,,point
,,,,0.0,2.0480817001649347,,point
,,,,0.0,2.0480817001649347,,point
,,,,0.0,2.0480817001649347,,point
,,,,0.0,2.0480817001649347,,point
,,,,0.0,2.0480817001649347,,point
,,,,0.0,2.0480817001649347,,point
,,,,0.0,2.0480817001649347,,point
,,,,0.0,2.0480817001649347,,point
,,,,0.0,2.0480817001649347,,point
,,,,1.0,2.0480817001649347,,point
,,,,0.0,1.3105039018928701,,point
,,,,0.0,1.3105039018928701,,point
,,,,0.0,1.3105039018928701,,point
,,,,0.0,1.3105039018928701,,point
,,,,0.0,1.3105039018928701,,point
,,,,0.0,1.3105039018928701,,point
,,,,0.0,1.3105039018928701,,point
,,,,0.0,1.3105039018928701,,point
,,,,0.0,1.3105039018928701,,point
,,,,0.0,1.3105039018928701,,point
,,,,0.0,1.3105039018928701,,point
,,,,0.0,1.3105039018928701,,point
,,,,0.0,1.3105039018928701,,point
,,,,0.0,1.3105039018928701,,point
,,,,0.0,1.3105039018928701,,point
,,,,0.0,1.3105039018928701,,point
,,,,0.0,20.17216615538207,,point
,,,,0.0,20.17216615538207,,point
,,,,1.0,20.17216615538207,,point
,,,,0.0,20.17216615538207,,point
,,,,0.0,20.17216615538207,,point
,,,,0.0,20.17216615538207,,point
,,,,0.0,20.17216615538207,,point
,,,,0.0,20.17216615538207,,point
,,,,0.0,20.17216615538207,,point
,,,,0.0,20.17216615538207,,point
,,,,0.0,20.17216615538207,,point
,,,,0.0,83.05958662239877,,point
,,,,0.0,83.05958662239877,,point
,,,,1.0,83.05958662239877,,point
,,,,0.0,83.05958662239877,,point
,,,,0.0,83.05958662239877,,point
,,,,0.0,83.05958662239877,,point
,,,,0.0,83.05958662239877,,point
,,,,0.0,83.05958662239877,,point
,,,,0.0,83.05958662239877,,point
,,,,0.0,83.05958662239877,,point
,,,,0.0,83.05958662239877,,point
,,,,0.0,83.05958662239877,,point
,,,,0.0,83.05958662239877,,point
,,,,0.0,60.04382855696432,,point
,,,,0.0,60.04382855696432,,point
,,,,0.0,60.04382855696432,,point
,,,,0.0,60.04382855696432,,point
,,,,1.0,60.04382855696432,,point
,,,,0.0,60.04382855696432,,point
,,,,0.0,60.04382855696432,,point
,,,,0.0,60.04382855696432,,point
,,,,0.0,60.04382855696432,,point
,,,,1.0,60.04382855696432,,point
,,,,0.0,60.04382855696432,,point
,,,,0.0,104.98782133476537,,point
,,,,1.0,104.98782133476537,,point
,,,,1.0,104.98782133476537,,point
,,,,0.0,104.98782133476537,,point
,,,,1.0,104.98782133476537,,point
,,,,0.0,104.98782133476537,,point
,,,,0.0,104.98782133476537,,point
,,,,0.0,104.98782133476537,,point
,,,,1.0,104.98782133476537,,point
,,,,0.0,104.98782133476537,,point
,,,,0.0,2.545086472646867,,point
,,,,0.0,2.545086472646867,,point
,,,,0.0,2.545086472646867,,point
,,,,0.0,2.545086472646867,,point
,,,,0.0,2.545086472646867,,point
,,,,0.0,2.545086472646867,,point
,,,,0.0,2.545086472646867,,point
,,,,0.0,2.545086472646867,,point
,,,,0.0,2.545086472646867,,point
,,,,0.0,2.545086472646867,,point
,,,,0.0,2.545086472646867,,point
,,,,0.0,2.545086472646867,,point
,,,,0.0,2.545086472646867,,point
,,,,0.0,2.545086472646867,,point
,,,,0.0,0.26038180496413565,,point
,,,,0.0,0.26038180496413565,,point
,,,,0.0,0.26038180496413565,,point
,,,,0.0,0.26038180496413565,,point
,,,,0.0,0.26038180496413565,,point
,,,,0.0,0.26038180496413565,,point
,,,,0.0,0.26038180496413565,,point
,,,,0.0,0.26038180496413565,,point
,,,,1.0,0.26038180496413565,,point
,,,,1.0,0.26038180496413565,,point
,,,,1.0,0.26038180496413565,,point
,,,,0.0,0.26038180496413565,,point
,,,,1.0,61.347100532634755,,point
,,,,0.0,61.347100532634755,,point
,,,,0.0,61.347100532634755,,point
,,,,0.0,61.347100532634755,,point
,,,,0.0,61.347100532634755,,point
,,,,0.0,61.347100532634755,,point
,,,,0.0,61.347100532634755,,point
,,,,0.0,61.347100532634755,,point
,,,,0.0,61.347100532634755,,point
,,,,0.0,7.780556229317279,,point
,,,,0.0,7.780556229317279,,point
,,,,0.0,7.780556229317279,,point
,,,,0.0,7.780556229317279,,point
,,,,0.0,7.780556229317279,,point
,,,,1.0,7.780556229317279,,point
,,,,0.0,7.780556229317279,,point
,,,,0.0,7.780556229317279,,point
,,,,0.0,7.780556229317279,,point
,,,,0.0,7.780556229317279,,point
,,,,0.0,7.780556229317279,,point
,,,,0.0,7.780556229317279,,point
,,,,0.0,20.925212715749726,,point
,,,,0.0,20.925212715749726,,point
,,,,0.0,20.925212715749726,,point
,,,,0.0,20.925212715749726,,point
,,,,0.0,20.925212715749726,,point
,,,,0.0,20.925212715749726,,point
,,,,0.0,20.925212715749726,,point
,,,,0.0,20.925212715749726,,point
,,,,0.0,20.925212715749726,,point
,,,,0.0,20.925212715749726,,point
,,,,0.0,19.41247451198282,,point
,,,,0.0,19.41247451198282,,point
,,,,0.0,19.41247451198282,,point
,,,,0.0,19.41247451198282,,point
,,,,0.0,19.41247451198282,,point
,,,,0.0,19.41247451198282,,point
,,,,0.0,19.41247451198282,,point
,,,,0.0,19.41247451198282,,point
,,,,1.0,19.41247451198282,,point
,,,,0.0,19.41247451198282,,point
,,,,1.0,19.41247451198282,,point
,,,,0.0,19.41247451198282,,point
,,,,0.0,28.386239477861373,,point
,,,,0.0,28.386239477861373,,point
,,,,0.0,28.386239477861373,,point
,,,,1.0,28.386239477861373,,point
,,,,0.0,28.386239477861373,,point
,,,,1.0,28.386239477861373,,point
,,,,0.0,28.386239477861373,,point
,,,,0.0,28.386239477861373,,point
,,,,0.0,28.386239477861373,,point
,,,,0.0,28.386239477861373,,point
,,,,0.0,28.386239477861373,,point
,,,,1.0,17.08291752481673,,point
,,,,0.0,17.08291752481673,,point
,,,,0.0,17.08291752481673,,point
,,,,1.0,17.08291752481673,,point
,,,,1.0,17.08291752481673,,point
,,,,0.0,17.08291752481673,,point
,,,,1.0,17.08291752481673,,point
,,,,0.0,17.08291752481673,,point
,,,,1.0,17.08291752481673,,point
,,,,0.0,17.08291752481673,,point
,,,,0.0,17.08291752481673,,point
,,,,0.0,17.08291752481673,,point
,,,,0.0,38.77217149355546,,point
,,,,0.0,38.77217149355546,,point
,,,,0.0,38.77217149355546,,point
,,,,0.0,38.77217149355546,,point
,,,,1.0,38.77217149355546,,point
,,,,0.0,38.77217149355546,,point
,,,,0.0,38.77217149355546,,point
,,,,0.0,38.77217149355546,,point
,,,,1.0,38.77217149355546,,point
,,,,0.0,38.77217149355546,,point
,,,,0.0,137.54775114235602,,point
,,,,0.0,137.54775114235602,,point
,,,,0.0,137.54775114235602,,point
,,,,0.0,137.54775114235602,,point
,,,,0.0,137.54775114235602,,point
,,,,0.0,137.54775114235602,,point
,,,,1.0,137.54775114235602,,point
,,,,0.0,137.54775114235602,,point
,,,,0.0,137.54775114235602,,point
,,,,0.0,137.54775114235602,,point
,,,,0.0,137.54775114235602,,point
,,,,0.0,137.54775114235602,,point
,,,,0.0,137.54775114235602,,point
,,,,0.0,41.11476370852323,,point
,,,,1.0,41.11476370852323,,point
,,,,0.0,41.11476370852323,,point
,,,,0.0,41.11476370852323,,point
,,,,0.0,41.11476370852323,,point
,,,,0.0,41.11476370852323,,point
,,,,0.0,41.11476370852323,,point
,,,,0.0,41.11476370852323,,point
,,,,0.0,41.11476370852323,,point
,,,,0.0,41.11476370852323,,point
,,,,0.0,41.11476370852323,,point
,,,,1.0,41.11476370852323,,point
,,,,0.0,41.11476370852323,,point
,,,,0.0,41.11476370852323,,point
,,,,0.0,3.6556329420852074,,point
,,,,0.0,3.6556329420852074,,point
,,,,1.0,3.6556329420852074,,point
,,,,0.0,3.6556329420852074,,point
,,,,0.0,3.6556329420852074,,point
,,,,0.0,3.6556329420852074,,point
,,,,0.0,3.6556329420852074,,point
,,,,0.0,3.6556329420852074,,point
,,,,0.0,3.6556329420852074,,point
,,,,0.0,3.6556329420852074,,point
,,,,0.0,3.6556329420852074,,point
,,,,0.0,42.32200074908798,,point
,,,,0.0,42.32200074908798,,point
,,,,1.0,42.32200074908798,,point
,,,,0.0,42.32200074908798,,point
,,,,0.0,42.32200074908798,,point
,,,,0.0,1.0717616721054415,,point
,,,,0.0,1.0717616721054415,,point
,,,,0.0,1.0717616721054415,,point
,,,,0.0,1.0717616721054415,,point
,,,,0.0,1.0717616721054415,,point
,,,,0.0,1.0717616721054415,,point
,,,,0.0,1.0717616721054415,,point
,,,,0.0,1.0717616721054415,,point
,,,,0.0,3.741294736734059,,point
,,,,0.0,3.741294736734059,,point
,,,,0.0,3.741294736734059,,point
,,,,0.0,3.741294736734059,,point
,,,,0.0,3.741294736734059,,point
,,,,0.0,3.741294736734059,,point
,,,,0.0,3.741294736734059,,point
,,,,0.0,3.741294736734059,,point
,,,,0.0,3.741294736734059,,point
,,,,1.0,3.741294736734059,,point
,,,,0.0,19.097557486568736,,point
,,,,0.0,19.097557486568736,,point
,,,,1.0,19.097557486568736,,point
,,,,0.0,19.097557486568736,,point
,,,,0.0,19.097557486568736,,point
,,,,0.0,19.097557486568736,,point
,,,,0.0,19.097557486568736,,point
,,,,1.0,19.097557486568736,,point
,,,,1.0,19.097557486568736,,point
,,,,0.0,19.097557486568736,,point
,,,,0.0,19.097557486568736,,point
,,,,0.0,19.097557486568736,,point
,,,,0.0,19.097557486568736,,point
,,,,0.0,19.097557486568736,,point
,,,,1.0,40.571899114670785,,point
,,,,0.0,40.571899114670785,,point
,,,,0.0,40.571899114670785,,point
,,,,0.0,40.571899114670785,,point
,,,,1.0,40.571899114670785,,point
,,,,0.0,40.571899114670785,,point
,,,,0.0,40.571899114670785,,point
,,,,0.0,40.571899114670785,,point
,,,,0.0,40.571899114670785,,point
,,,,0.0,40.571899114670785,,point
,,,,0.0,4.038318054513061,,point
,,,,0.0,4.038318054513061,,point
,,,,0.0,4.038318054513061,,point
,,,,0.0,4.038318054513061,,point
,,,,0.0,4.038318054513061,,point
,,,,1.0,4.038318054513061,,point
,,,,0.0,4.038318054513061,,point
,,,,0.0,4.038318054513061,,point
,,,,0.0,4.038318054513061,,point
,,,,0.0,4.038318054513061,,point
,,,,0.0,4.038318054513061,,point
,,,,1.0,30.241004353915677,,point
,,,,0.0,30.241004353915677,,point
,,,,0.0,30.241004353915677,,point
,,,,0.0,30.241004353915677,,point
,,,,0.0,30.241004353915677,,point
,,,,0.0,30.241004353915677,,point
,,,,0.0,30.241004353915677,,point
,,,,0.0,30.241004353915677,,point
,,,,0.0,30.241004353915677,,point
,,,,1.0,30.241004353915677,,point
,,,,1.0,1.7049875149524993,,point
,,,,0.0,1.7049875149524993,,point
,,,,0.0,1.7049875149524993,,point
,,,,0.0,1.7049875149524993,,point
,,,,0.0,1.7049875149524993,,point
,,,,0.0,1.7049875149524993,,point
,,,,1.0,1.7049875149524993,,point
,,,,0.0,83.59514484261526,,point
,,,,0.0,83.59514484261526,,point
,,,,0.0,83.59514484261526,,point
,,,,0.0,83.59514484261526,,point
,,,,0.0,83.59514484261526,,point
,,,,0.0,83.59514484261526,,point
,,,,0.0,83.59514484261526,,point
,,,,0.0,83.59514484261526,,point
,,,,0.0,83.59514484261526,,point
,,,,0.0,83.59514484261526,,point
,,,,1.0,83.59514484261526,,point
,,,,0.0,83.59514484261526,,point
,,,,0.0,83.59514484261526,,point
,,,,0.0,83.59514484261526,,point
,,,,0.0,34.45631757628378,,point
,,,,1.0,34.45631757628378,,point
,,,,1.0,34.45631757628378,,point
,,,,0.0,34.45631757628378,,point
,,,,0.0,34.45631757628378,,point
,,,,0.0,34.45631757628378,,point
,,,,0.0,34.45631757628378,,point
,,,,0.0,34.45631757628378,,point
,,,,1.0,34.45631757628378,,point
,,,,0.0,34.45631757628378,,point
,,,,0.0,34.45631757628378,,point
,,,,1.0,34.45631757628378,,point
,,,,0.0,17.92559159153249,,point
,,,,0.0,17.92559159153249,,point
,,,,0.0,17.92559159153249,,point
,,,,0.0,17.92559159153249,,point
,,,,0.0,17.92559159153249,,point
,,,,0.0,17.92559159153249,,point
,,,,0.0,17.92559159153249,,point
,,,,0.0,17.92559159153249,,point
,,,,0.0,17.92559159153249,,point
,,,,0.0,17.92559159153249,,point
,,,,0.0,8.788023495971697,,point
,,,,0.0,8.788023495971697,,point
,,,,0.0,8.788023495971697,,point
,,,,0.0,8.788023495971697,,point
,,,,1.0,8.788023495971697,,point
,,,,1.0,8.788023495971697,,point
,,,,0.0,8.788023495971697,,point
,,,,0.0,8.788023495971697,,point
,,,,0.0,8.788023495971697,,point
,,,,1.0,8.788023495971697,,point
,,,,0.0,8.788023495971697,,point
,,,,0.0,8.788023495971697,,point
,,,,0.0,8.788023495971697,,point
,,,,0.0,31.72734543612406,,point
,,,,0.0,31.72734543612406,,point
,,,,0.0,31.72734543612406,,point
,,,,0.0,31.72734543612406,,point
,,,,0.0,31.72734543612406,,point
,,,,0.0,31.72734543612406,,point
,,,,0.0,31.72734543612406,,point
,,,,0.0,31.72734543612406,,point
,,,,0.0,31.72734543612406,,point
,,,,1.0,31.72734543612406,,point
,,,,0.0,31.72734543612406,,point
,,,,0.0,31.72734543612406,,point
,,,,0.0,31.72734543612406,,point
,,,,0.0,31.72734543612406,,point
,,,,0.0,31.72734543612406,,point
,,,,0.0,19.632242004053523,,point
,,,,0.0,19.632242004053523,,point
,,,,0.0,19.632242004053523,,point
,,,,0.0,19.632242004053523,,point
,,,,0.0,19.632242004053523,,point
,,,,0.0,19.632242004053523,,point
,,,,0.0,31.67652552526875,,point
,,,,0.0,31.67652552526875,,point
,,,,0.0,31.67652552526875,,point
,,,,0.0,31.67652552526875,,point
,,,,0.0,31.67652552526875,,point
,,,,1.0,31.67652552526875,,point
,,,,1.0,31.67652552526875,,point
,,,,1.0,31.67652552526875,,point
,,,,0.0,14.743843947940288,,point
,,,,0.0,14.743843947940288,,point
,,,,0.0,14.743843947940288,,point
,,,,0.0,14.743843947940288,,point
,,,,0.0,14.743843947940288,,point
,,,,0.0,14.743843947940288,,point
,,,,0.0,14.743843947940288,,point
,,,,0.0,14.743843947940288,,point
,,,,0.0,14.743843947940288,,point
,,,,0.0,14.743843947940288,,point
,,,,0.0,14.743843947940288,,point
,,,,0.0,14.743843947940288,,point
,,,,0.0,14.743843947940288,,point
,,,,1.0,111.13565296552066,,point
,,,,0.0,111.13565296552066,,point
,,,,0.0,111.13565296552066,,point
,,,,0.0,111.13565296552066,,point
,,,,0.0,111.13565296552066,,point
,,,,0.0,111.13565296552066,,point
,,,,0.0,111.13565296552066,,point
,,,,0.0,111.13565296552066,,point
,,,,0.0,111.13565296552066,,point
,,,,0.0,111.13565296552066,,point
,,,,1.0,111.13565296552066,,point
,,,,0.0,32.489986144269075,,point
,,,,0.0,32.489986144269075,,point
,,,,0.0,32.489986144269075,,point
,,,,0.0,32.489986144269075,,point
,,,,0.0,32.489986144269075,,point
,,,,0.0,12.616545173035018,,point
,,,,0.0,12.616545173035018,,point
,,,,0.0,12.616545173035018,,point
,,,,0.0,12.616545173035018,,point
,,,,0.0,12.616545173035018,,point
,,,,0.0,12.616545173035018,,point
,,,,0.0,12.616545173035018,,point
,,,,0.0,12.616545173035018,,point
,,,,1.0,12.616545173035018,,point
,,,,0.0,12.616545173035018,,point
,,,,0.0,12.616545173035018,,point
,,,,0.0,12.616545173035018,,point
,,,,0.0,14.244030061776055,,point
,,,,0.0,14.244030061776055,,point
,,,,1.0,14.244030061776055,,point
,,,,0.0,14.244030061776055,,point
,,,,0.0,14.244030061776055,,point
,,,,0.0,14.244030061776055,,point
,,,,0.0,14.244030061776055,,point
,,,,0.0,14.244030061776055,,point
,,,,0.0,4.797308838245662,,point
,,,,0.0,4.797308838245662,,point
,,,,0.0,4.797308838245662,,point
,,,,1.0,4.797308838245662,,point
,,,,0.0,4.797308838245662,,point
,,,,0.0,4.797308838245662,,point
,,,,0.0,4.797308838245662,,point
,,,,1.0,4.797308838245662,,point
,,,,0.0,4.797308838245662,,point
,,,,1.0,4.797308838245662,,point
,,,,1.0,4.797308838245662,,point
,,,,1.0,4.797308838245662,,point
,,,,0.0,4.797308838245662,,point
,,,,0.0,40.253297197492124,,point
,,,,0.0,40.253297197492124,,point
,,,,0.0,40.253297197492124,,point
,,,,0.0,40.253297197492124,,point
,,,,0.0,40.253297197492124,,point
,,,,0.0,40.253297197492124,,point
,,,,0.0,40.253297197492124,,point
,,,,0.0,40.253297197492124,,point
,,,,0.0,40.253297197492124,,point
,,,,0.0,40.253297197492124,,point
,,,,0.0,40.253297197492124,,point
,,,,0.0,40.253297197492124,,point
,,,,0.0,26.202621707394467,,point
,,,,0.0,26.202621707394467,,point
,,,,0.0,26.202621707394467,,point
,,,,0.0,26.202621707394467,,point
,,,,0.0,26.202621707394467,,point
,,,,0.0,26.202621707394467,,point
,,,,0.0,26.202621707394467,,point
,,,,0.0,26.202621707394467,,point
,,,,0.0,26.202621707394467,,point
,,,,0.0,26.202621707394467,,point
,,,,0.0,26.202621707394467,,point
,,,,0.0,5.720960811021036,,point
,,,,0.0,5.720960811021036,,point
,,,,0.0,5.720960811021036,,point
,,,,0.0,5.720960811021036,,point
,,,,1.0,5.720960811021036,,point
,,,,0.0,5.720960811021036,,point
,,,,1.0,5.720960811021036,,point
,,,,0.0,5.720960811021036,,point
,,,,0.0,5.720960811021036,,point
,,,,1.0,5.720960811021036,,point
,,,,0.0,5.720960811021036,,point
,,,,0.0,5.720960811021036,,point
,,,,1.0,5.720960811021036,,point
,,,,0.0,47.86687614878325,,point
,,,,0.0,47.86687614878325,,point
,,,,0.0,47.86687614878325,,point
,,,,0.0,47.86687614878325,,point
,,,,0.0,47.86687614878325,,point
,,,,0.0,47.86687614878325,,point
,,,,1.0,47.86687614878325,,point
,,,,0.0,2.1136611706803072,,point
,,,,0.0,2.1136611706803072,,point
,,,,0.0,2.1136611706803072,,point
,,,,1.0,2.1136611706803072,,point
,,,,0.0,2.1136611706803072,,point
,,,,0.0,2.1136611706803072,,point
,,,,0.0,2.1136611706803072,,point
,,,,1.0,2.1136611706803072,,point
,,,,0.0,2.1136611706803072,,point
,,,,1.0,2.1136611706803072,,point
,,,,0.0,2.1136611706803072,,point
,,,,0.0,2.1136611706803072,,point
,,,,0.0,7.693449255357354,,point
,,,,0.0,7.693449255357354,,point
,,,,1.0,7.693449255357354,,point
,,,,0.0,7.693449255357354,,point
,,,,0.0,7.693449255357354,,point
,,,,0.0,7.693449255357354,,point
,,,,0.0,7.693449255357354,,point
,,,,0.0,7.693449255357354,,point
,,,,0.0,7.693449255357354,,point
,,,,0.0,7.693449255357354,,point
,,,,1.0,78.15449350829162,,point
,,,,0.0,78.15449350829162,,point
,,,,0.0,78.15449350829162,,point
,,,,0.0,78.15449350829162,,point
,,,,0.0,78.15449350829162,,point
,,,,1.0,78.15449350829162,,point
,,,,0.0,78.15449350829162,,point
,,,,0.0,101.72359178652803,,point
,,,,0.0,101.72359178652803,,point
,,,,1.0,101.72359178652803,,point
,,,,0.0,101.72359178652803,,point
,,,,0.0,101.72359178652803,,point
,,,,0.0,101.72359178652803,,point
,,,,1.0,101.72359178652803,,point
,,,,0.0,101.72359178652803,,point
,,,,0.0,101.72359178652803,,point
,,,,0.0,101.72359178652803,,point
,,,,0.0,101.72359178652803,,point
,,,,0.0,101.72359178652803,,point
,,,,1.0,101.72359178652803,,point
,,,,0.0,2.52363638385545,,point
,,,,0.0,2.52363638385545,,point
,,,,0.0,2.52363638385545,,point
,,,,0.0,2.52363638385545,,point
,,,,0.0,2.52363638385545,,point
,,,,0.0,2.52363638385545,,point
,,,,0.0,2.52363638385545,,point
,,,,0.0,2.52363638385545,,point
,,,,0.0,2.52363638385545,,point
,,,,0.0,2.52363638385545,,point
,,,,1.0,73.5791330825069,,point
,,,,1.0,73.5791330825069,,point
,,,,0.0,73.5791330825069,,point
,,,,1.0,73.5791330825069,,point
,,,,0.0,73.5791330825069,,point
,,,,1.0,73.5791330825069,,point
,,,,1.0,73.5791330825069,,point
,,,,0.0,73.5791330825069,,point
,,,,0.0,73.5791330825069,,point
,,,,0.0,73.5791330825069,,point
,,,,0.0,0.659749727903881,,point
,,,,0.0,0.659749727903881,,point
,,,,0.0,0.659749727903881,,point
,,,,0.0,0.659749727903881,,point
,,,,1.0,0.659749727903881,,point
,,,,0.0,0.659749727903881,,point
,,,,0.0,0.659749727903881,,point
,,,,0.0,0.659749727903881,,point
,,,,0.0,0.659749727903881,,point
,,,,0.0,0.659749727903881,,point
,,,,0.0,1.2200667575559532,,point
,,,,0.0,1.2200667575559532,,point
,,,,0.0,1.2200667575559532,,point
,,,,0.0,1.2200667575559532,,point
,,,,0.0,1.2200667575559532,,point
,,,,1.0,1.2200667575559532,,point
,,,,0.0,1.2200667575559532,,point
,,,,0.0,1.2200667575559532,,point
,,,,0.0,1.2200667575559532,,point
,,,,0.0,1.2200667575559532,,point
,,,,0.0,1.2200667575559532,,point
,,,,0.0,1.2200667575559532,,point
,,,,0.0,1.2200667575559532,,point
,,,,0.0,57.7181348716804,,point
,,,,0.0,57.7181348716804,,point
,,,,0.0,57.7181348716804,,point
,,,,0.0,57.7181348716804,,point
,,,,0.0,57.7181348716804,,point
,,,,0.0,57.7181348716804,,point
,,,,0.0,57.7181348716804,,point
,,,,0.0,57.7181348716804,,point
,,,,0.0,57.7181348716804,,point
,,,,0.0,57.7181348716804,,point
,,,,0.0,57.7181348716804,,point
,,,,0.0,57.7181348716804,,point
,,,,0.0,57.7181348716804,,point
,,,,0.0,5.651242527232198,,point
,,,,0.0,5.651242527232198,,point
,,,,0.0,5.651242527232198,,point
,,,,1.0,5.651242527232198,,point
,,,,0.0,5.651242527232198,,point
,,,,0.0,5.651242527232198,,point
,,,,0.0,5.651242527232198,,point
,,,,0.0,5.651242527232198,,point
,,,,0.0,5.651242527232198,,point
,,,,0.0,5.651242527232198,,point
,,,,0.0,5.651242527232198,,point
,,,,0.0,5.651242527232198,,point
,,,,0.0,34.295767776617,,point
,,,,0.0,34.295767776617,,point
,,,,1.0,34.295767776617,,point
,,,,0.0,34.295767776617,,point
,,,,1.0,34.295767776617,,point
,,,,0.0,34.295767776617,,point
,,,,1.0,34.295767776617,,point
,,,,0.0,34.295767776617,,point
,,,,0.0,34.295767776617,,point
,,,,1.0,45.26362461249711,,point
,,,,0.0,45.26362461249711,,point
,,,,0.0,45.26362461249711,,point
,,,,0.0,45.26362461249711,,point
,,,,0.0,45.26362461249711,,point
,,,,0.0,45.26362461249711,,point
,,,,0.0,45.26362461249711,,point
,,,,0.0,45.26362461249711,,point
,,,,0.0,45.26362461249711,,point
,,,,0.0,45.26362461249711,,point
,,,,0.0,45.26362461249711,,point
,,,,1.0,45.26362461249711,,point
,,,,0.0,45.26362461249711,,point
,,,,0.0,7.462667990801484,,point
,,,,1.0,7.462667990801484,,point
,,,,0.0,7.462667990801484,,point
,,,,0.0,7.462667990801484,,point
,,,,1.0,7.462667990801484,,point
,,,,0.0,34.32915594661731,,point
,,,,0.0,34.32915594661731,,point
,,,,1.0,34.32915594661731,,point
,,,,0.0,34.32915594661731,,point
,,,,0.0,34.32915594661731,,point
,,,,0.0,34.32915594661731,,point
,,,,0.0,34.32915594661731,,point
,,,,0.0,34.32915594661731,,point
,,,,0.0,34.32915594661731,,point
,,,,1.0,34.32915594661731,,point
,,,,0.0,34.32915594661731,,point
,,,,0.0,34.32915594661731,,point
,,,,0.0,34.32915594661731,,point
,,,,0.0,41.381331532803884,,point
,,,,0.0,41.381331532803884,,point
,,,,0.0,41.381331532803884,,point
,,,,0.0,41.381331532803884,,point
,,,,1.0,41.381331532803884,,point
,,,,0.0,41.381331532803884,,point
,,,,0.0,41.381331532803884,,point
,,,,1.0,41.381331532803884,,point
,,,,0.0,41.381331532803884,,point
,,,,0.0,41.381331532803884,,point
,,,,1.0,41.381331532803884,,point
,,,,0.0,41.381331532803884,,point
,,,,0.0,41.381331532803884,,point
,,,,0.0,41.381331532803884,,point
,,,,0.0,41.381331532803884,,point
,,,,0.0,1.6138263607424466,,point
,,,,0.0,1.6138263607424466,,point
,,,,0.0,1.6138263607424466,,point
,,,,0.0,1.6138263607424466,,point
,,,,0.0,1.6138263607424466,,point
,,,,0.0,1.6138263607424466,,point
,,,,0.0,1.6138263607424466,,point
,,,,0.0,1.6138263607424466,,point
,,,,0.0,1.6138263607424466,,point
,,,,0.0,31.68516539354034,,point
,,,,0.0,31.68516539354034,,point
,,,,0.0,31.68516539354034,,point
,,,,0.0,31.68516539354034,,point
,,,,0.0,31.68516539354034,,point
,,,,1.0,31.68516539354034,,point
,,,,1.0,31.68516539354034,,point
,,,,0.0,31.68516539354034,,point
,,,,1.0,31.68516539354034,,point
,,,,1.0,31.68516539354034,,point
,,,,0.0,31.68516539354034,,point
,,,,0.0,3.766248286972255,,point
,,,,0.0,3.766248286972255,,point
,,,,0.0,3.766248286972255,,point
,,,,0.0,3.766248286972255,,point
,,,,1.0,3.766248286972255,,point
,,,,0.0,3.766248286972255,,point
,,,,0.0,3.766248286972255,,point
,,,,0.0,3.766248286972255,,point
,,,,0.0,3.766248286972255,,point
,,,,0.0,3.766248286972255,,point
,,,,0.0,3.766248286972255,,point
,,,,1.0,3.766248286972255,,point
,,,,0.0,3.766248286972255,,point
,,,,0.0,22.708112892870716,,point
,,,,0.0,22.708112892870716,,point
,,,,0.0,22.708112892870716,,point
,,,,1.0,22.708112892870716,,point
,,,,0.0,22.708112892870716,,point
,,,,0.0,22.708112892870716,,point
,,,,0.0,22.708112892870716,,point
,,,,0.0,22.708112892870716,,point
,,,,0.0,22.708112892870716,,point
,,,,0.0,22.708112892870716,,point
,,,,0.0,22.708112892870716,,point
,,,,0.0,22.708112892870716,,point
,,,,1.0,22.708112892870716,,point
,,,,0.0,22.708112892870716,,point
,,,,0.0,22.708112892870716,,point
,,,,1.0,22.708112892870716,,point
,,,,0.0,23.192958166831136,,point
,,,,1.0,23.192958166831136,,point
,,,,0.0,23.192958166831136,,point
,,,,0.0,23.192958166831136,,point
,,,,0.0,23.192958166831136,,point
,,,,0.0,23.192958166831136,,point
,,,,0.0,23.192958166831136,,point
,,,,0.0,23.192958166831136,,point
,,,,0.0,23.192958166831136,,point
,,,,1.0,23.192958166831136,,point
,,,,0.0,23.192958166831136,,point
,,,,0.0,23.192958166831136,,point
,,,,0.0,23.192958166831136,,point
,,,,0.0,23.192958166831136,,point
,,,,1.0,23.192958166831136,,point
,,,,0.0,0.2232152437142367,,point
,,,,0.0,0.2232152437142367,,point
,,,,0.0,0.2232152437142367,,point
,,,,0.0,0.2232152437142367,,point
,,,,0.0,0.2232152437142367,,point
,,,,0.0,0.2232152437142367,,point
,,,,0.0,0.2232152437142367,,point
,,,,0.0,0.2232152437142367,,point
,,,,0.0,0.2232152437142367,,point
,,,,0.0,0.2232152437142367,,point
,,,,0.0,0.2232152437142367,,point
,,,,0.0,0.2232152437142367,,point
,,,,1.0,0.2232152437142367,,point
,,,,0.0,30.11044380191406,,point
,,,,0.0,30.11044380191406,,point
,,,,1.0,30.11044380191406,,point
,,,,1.0,30.11044380191406,,point
,,,,0.0,30.11044380191406,,point
,,,,0.0,30.11044380191406,,point
,,,,0.0,30.11044380191406,,point
,,,,1.0,30.11044380191406,,point
,,,,0.0,30.11044380191406,,point
,,,,0.0,0.8425037854565575,,point
,,,,0.0,0.8425037854565575,,point
,,,,1.0,0.8425037854565575,,point
,,,,0.0,0.8425037854565575,,point
,,,,0.0,0.8425037854565575,,point
,,,,0.0,0.8425037854565575,,point
,,,,0.0,0.8425037854565575,,point
,,,,0.0,0.8425037854565575,,point
,,,,0.0,0.8425037854565575,,point
,,,,1.0,0.8425037854565575,,point
,,,,0.0,0.8425037854565575,,point
,,,,0.0,0.2242522233456336,,point
,,,,1.0,0.2242522233456336,,point
,,,,0.0,0.2242522233456336,,point
,,,,0.0,0.2242522233456336,,point
,,,,0.0,0.2242522233456336,,point
,,,,0.0,0.2242522233456336,,point
,,,,0.0,0.2242522233456336,,point
,,,,0.0,0.2242522233456336,,point
,,,,0.0,0.2242522233456336,,point
,,,,0.0,0.2242522233456336,,point
,,,,0.0,56.13889960781821,,point
,,,,0.0,56.13889960781821,,point
,,,,0.0,56.13889960781821,,point
,,,,0.0,56.13889960781821,,point
,,,,1.0,56.13889960781821,,point
,,,,0.0,56.13889960781821,,point
,,,,0.0,56.13889960781821,,point
,,,,0.0,56.13889960781821,,point
,,,,0.0,56.13889960781821,,point
,,,,0.0,56.13889960781821,,point
,,,,0.0,79.12996416986435,,point
,,,,0.0,79.12996416986435,,point
,,,,1.0,79.12996416986435,,point
,,,,0.0,79.12996416986435,,point
,,,,0.0,79.12996416986435,,point
,,,,0.0,79.12996416986435,,point
,,,,1.0,79.12996416986435,,point
,,,,0.0,79.12996416986435,,point
,,,,0.0,79.12996416986435,,point
,,,,0.0,79.12996416986435,,point
,,,,0.0,9.927253136726726,,point
,,,,0.0,9.927253136726726,,point
,,,,0.0,9.927253136726726,,point
,,,,0.0,9.927253136726726,,point
,,,,1.0,9.927253136726726,,point
,,,,0.0,9.927253136726726,,point
,,,,1.0,9.927253136726726,,point
,,,,1.0,9.927253136726726,,point
,,,,1.0,9.927253136726726,,point
,,,,0.0,35.79217579049065,,point
,,,,0.0,35.79217579049065,,point
,,,,0.0,35.79217579049065,,point
,,,,0.0,35.79217579049065,,point
,,,,0.0,35.79217579049065,,point
,,,,0.0,35.79217579049065,,point
,,,,0.0,35.79217579049065,,point
,,,,0.0,35.79217579049065,,point
,,,,1.0,37.05965827758668,,point
,,,,0.0,37.05965827758668,,point
,,,,0.0,37.05965827758668,,point
,,,,0.0,37.05965827758668,,point
,,,,1.0,37.05965827758668,,point
,,,,1.0,37.05965827758668,,point
,,,,0.0,37.05965827758668,,point
,,,,0.0,37.05965827758668,,point
,,,,0.0,39.08757576159897,,point
,,,,0.0,39.08757576159897,,point
,,,,0.0,39.08757576159897,,point
,,,,0.0,39.08757576159897,,point
,,,,0.0,39.08757576159897,,point
,,,,0.0,39.08757576159897,,point
,,,,1.0,39.08757576159897,,point
,,,,1.0,39.08757576159897,,point
,,,,0.0,39.08757576159897,,point
,,,,0.0,39.08757576159897,,point
,,,,0.0,39.08757576159897,,point
,,,,0.0,39.08757576159897,,point
,,,,0.0,39.08757576159897,,point
,,,,1.0,39.08757576159897,,point
,,,,0.0,39.08757576159897,,point
,,,,0.0,60.60440481665591,,point
,,,,0.0,60.60440481665591,,point
,,,,0.0,60.60440481665591,,point
,,,,0.0,60.60440481665591,,point
,,,,0.0,60.60440481665591,,point
,,,,0.0,60.60440481665591,,point
,,,,0.0,60.60440481665591,,point
,,,,0.0,32.73619388123566,,point
,,,,1.0,32.73619388123566,,point
,,,,0.0,32.73619388123566,,point
,,,,0.0,32.73619388123566,,point
,,,,0.0,32.73619388123566,,point
,,,,0.0,32.73619388123566,,point
,,,,1.0,32.73619388123566,,point
,,,,0.0,32.73619388123566,,point
,,,,0.0,12.220419416801438,,point
,,,,0.0,12.220419416801438,,point
,,,,0.0,12.220419416801438,,point
,,,,0.0,12.220419416801438,,point
,,,,0.0,12.220419416801438,,point
,,,,0.0,12.220419416801438,,point
,,,,1.0,12.220419416801438,,point
,,,,0.0,12.220419416801438,,point
,,,,0.0,12.220419416801438,,point
,,,,0.0,12.220419416801438,,point
,,,,0.0,12.220419416801438,,point
,,,,0.0,12.220419416801438,,point
,,,,1.0,12.220419416801438,,point
,,,,0.0,12.220419416801438,,point
,,,,1.0,12.220419416801438,,point
,,,,0.0,12.220419416801438,,point
,,,,0.0,12.220419416801438,,point
,,,,0.0,1.7006425415426085,,point
,,,,0.0,1.7006425415426085,,point
,,,,0.0,1.7006425415426085,,point
,,,,0.0,1.7006425415426085,,point
,,,,0.0,1.7006425415426085,,point
,,,,0.0,1.7006425415426085,,point
,,,,0.0,1.7006425415426085,,point
,,,,0.0,1.7006425415426085,,point
,,,,1.0,1.7006425415426085,,point
,,,,0.0,1.7006425415426085,,point
,,,,1.0,54.718845129007605,,point
,,,,0.0,54.718845129007605,,point
,,,,0.0,54.718845129007605,,point
,,,,0.0,54.718845129007605,,point
,,,,0.0,54.718845129007605,,point
,,,,0.0,54.718845129007605,,point
,,,,1.0,54.718845129007605,,point
,,,,0.0,54.718845129007605,,point
,,,,0.0,54.718845129007605,,point
,,,,0.0,54.718845129007605,,point
,,,,0.0,1.607119426063891,,point
,,,,0.0,1.607119426063891,,point
,,,,0.0,1.607119426063891,,point
,,,,0.0,1.607119426063891,,point
,,,,0.0,1.607119426063891,,point
,,,,0.0,1.607119426063891,,point
,,,,0.0,1.607119426063891,,point
,,,,0.0,1.607119426063891,,point
,,,,0.0,1.607119426063891,,point
,,,,0.0,1.607119426063891,,point
,,,,0.0,1.607119426063891,,point
,,,,0.0,5.770325371409619,,point
,,,,0.0,5.770325371409619,,point
,,,,0.0,5.770325371409619,,point
,,,,0.0,5.770325371409619,,point
,,,,0.0,5.770325371409619,,point
,,,,0.0,5.770325371409619,,point
,,,,0.0,5.770325371409619,,point
,,,,0.0,5.770325371409619,,point
,,,,0.0,5.770325371409619,,point
,,,,0.0,5.770325371409619,,point
,,,,0.0,5.770325371409619,,point
,,,,0.0,5.770325371409619,,point
,,,,0.0,5.770325371409619,,point
,,,,0.0,5.770325371409619,,point
,,,,0.0,5.770325371409619,,point
,,,,0.0,19.02697266520665,,point
,,,,0.0,19.02697266520665,,point
,,,,0.0,19.02697266520665,,point
,,,,0.0,19.02697266520665,,point
,,,,0.0,19.02697266520665,,point
,,,,0.0,19.02697266520665,,point
,,,,1.0,19.02697266520665,,point
,,,,1.0,19.02697266520665,,point
,,,,0.0,19.02697266520665,,point
,,,,0.0,19.02697266520665,,point
,,,,1.0,1.0007735644644773,,point
,,,,0.0,1.0007735644644773,,point
,,,,0.0,1.0007735644644773,,point
,,,,0.0,1.0007735644644773,,point
,,,,0.0,1.0007735644644773,,point
,,,,0.0,1.0007735644644773,,point
,,,,0.0,1.0007735644644773,,point
,,,,0.0,1.0007735644644773,,point
,,,,0.0,1.0007735644644773,,point
,,,,0.0,1.0007735644644773,,point
,,,,0.0,1.0007735644644773,,point
,,,,0.0,1.0007735644644773,,point
,,,,0.0,1.0007735644644773,,point
,,,,0.0,1.0007735644644773,,point
,,,,0.0,42.40562519798591,,point
,,,,0.0,42.40562519798591,,point
,,,,0.0,42.40562519798591,,point
,,,,0.0,42.40562519798591,,point
,,,,0.0,42.40562519798591,,point
,,,,0.0,42.40562519798591,,point
,,,,0.0,42.40562519798591,,point
,,,,0.0,42.40562519798591,,point
,,,,0.0,42.40562519798591,,point
,,,,0.0,42.40562519798591,,point
,,,,0.0,42.40562519798591,,point
,,,,0.0,42.40562519798591,,point
,,,,0.0,42.40562519798591,,point
,,,,0.0,3.2334653719462616,,point
,,,,0.0,3.2334653719462616,,point
,,,,0.0,3.2334653719462616,,point
,,,,0.0,3.2334653719462616,,point
,,,,0.0,3.2334653719462616,,point
,,,,0.0,3.2334653719462616,,point
,,,,1.0,3.2334653719462616,,point
,,,,0.0,3.2334653719462616,,point
,,,,0.0,3.2334653719462616,,point
,,,,0.0,3.2334653719462616,,point
,,,,0.0,3.2334653719462616,,point
,,,,1.0,30.87242880300585,,point
,,,,0.0,30.87242880300585,,point
,,,,0.0,30.87242880300585,,point
,,,,0.0,30.87242880300585,,point
,,,,0.0,30.87242880300585,,point
,,,,0.0,30.87242880300585,,point
,,,,0.0,30.87242880300585,,point
,,,,0.0,30.87242880300585,,point
,,,,0.0,30.87242880300585,,point
,,,,0.0,10.831106647334842,,point
,,,,0.0,10.831106647334842,,point
,,,,0.0,10.831106647334842,,point
,,,,0.0,10.831106647334842,,point
,,,,0.0,10.831106647334842,,point
,,,,0.0,10.831106647334842,,point
,,,,0.0,10.831106647334842,,point
,,,,0.0,10.831106647334842,,point
,,,,0.0,10.831106647334842,,point
,,,,0.0,10.831106647334842,,point
,,,,0.0,10.831106647334842,,point
,,,,0.0,10.831106647334842,,point
,,,,0.0,10.831106647334842,,point
,,,,1.0,4.3514603154184295,,point
,,,,1.0,4.3514603154184295,,point
,,,,0.0,4.3514603154184295,,point
,,,,0.0,4.3514603154184295,,point
,,,,0.0,4.3514603154184295,,point
,,,,0.0,4.3514603154184295,,point
,,,,0.0,4.3514603154184295,,point
,,,,0.0,4.3514603154184295,,point
,,,,0.0,0.8355173825346207,,point
,,,,0.0,0.8355173825346207,,point
,,,,0.0,0.8355173825346207,,point
,,,,0.0,0.8355173825346207,,point
,,,,0.0,0.8355173825346207,,point
,,,,0.0,0.8355173825346207,,point
,,,,0.0,0.8355173825346207,,point
,,,,0.0,0.8355173825346207,,point
,,,,0.0,0.8355173825346207,,point
,,,,0.0,0.8355173825346207,,point
,,,,0.0,0.8355173825346207,,point
,,,,0.0,0.8355173825346207,,point
,,,,0.0,15.412264330859145,,point
,,,,0.0,15.412264330859145,,point
,,,,0.0,15.412264330859145,,point
,,,,0.0,15.412264330859145,,point
,,,,0.0,15.412264330859145,,point
,,,,0.0,15.412264330859145,,point
,,,,0.0,15.412264330859145,,point
,,,,0.0,15.412264330859145,,point
,,,,0.0,15.412264330859145,,point
,,,,0.0,15.412264330859145,,point
,,,,0.0,39.384657257341196,,point
,,,,0.0,39.384657257341196,,point
,,,,0.0,39.384657257341196,,point
,,,,0.0,39.384657257341196,,point
,,,,1.0,39.384657257341196,,point
,,,,0.0,39.384657257341196,,point
,,,,0.0,39.384657257341196,,point
,,,,0.0,39.384657257341196,,point
,,,,0.0,39.384657257341196,,point
,,,,0.0,39.384657257341196,,point
,,,,1.0,50.87759680985196,,point
,,,,1.0,50.87759680985196,,point
,,,,0.0,50.87759680985196,,point
,,,,0.0,50.87759680985196,,point
,,,,0.0,50.87759680985196,,point
,,,,0.0,50.87759680985196,,point
,,,,0.0,50.87759680985196,,point
,,,,1.0,50.87759680985196,,point
,,,,0.0,50.87759680985196,,point
,,,,0.0,50.87759680985196,,point
,,,,1.0,50.87759680985196,,point
,,,,0.0,50.87759680985196,,point
,,,,0.0,50.87759680985196,,point
,,,,0.0,50.87759680985196,,point
,,,,1.0,30.19064668282244,,point
,,,,0.0,30.19064668282244,,point
,,,,0.0,30.19064668282244,,point
,,,,0.0,30.19064668282244,,point
,,,,0.0,30.19064668282244,,point
,,,,0.0,30.19064668282244,,point
,,,,0.0,30.19064668282244,,point
,,,,0.0,30.19064668282244,,point
,,,,0.0,30.19064668282244,,point
,,,,0.0,30.19064668282244,,point
,,,,0.0,30.19064668282244,,point
,,,,0.0,30.19064668282244,,point
,,,,1.0,30.19064668282244,,point
,,,,0.0,13.956696396058861,,point
,,,,0.0,13.956696396058861,,point
,,,,0.0,13.956696396058861,,point
,,,,0.0,13.956696396058861,,point
,,,,0.0,13.956696396058861,,point
,,,,0.0,13.956696396058861,,point
,,,,0.0,13.956696396058861,,point
,,,,0.0,13.956696396058861,,point
,,,,0.0,13.956696396058861,,point
,,,,0.0,13.956696396058861,,point
,,,,0.0,13.956696396058861,,point
,,,,0.0,13.956696396058861,,point
,,,,1.0,13.956696396058861,,point
,,,,0.0,13.956696396058861,,point
,,,,0.0,13.956696396058861,,point
,,,,0.0,12.139668948077428,,point
,,,,0.0,12.139668948077428,,point
,,,,1.0,12.139668948077428,,point
,,,,0.0,12.139668948077428,,point
,,,,0.0,12.139668948077428,,point
,,,,0.0,12.139668948077428,,point
,,,,0.0,12.139668948077428,,point
,,,,0.0,12.139668948077428,,point
,,,,0.0,12.139668948077428,,point
,,,,0.0,12.139668948077428,,point
,,,,0.0,48.25734356809373,,point
,,,,0.0,48.25734356809373,,point
,,,,1.0,48.25734356809373,,point
,,,,1.0,48.25734356809373,,point
,,,,0.0,48.25734356809373,,point
,,,,0.0,48.25734356809373,,point
,,,,0.0,48.25734356809373,,point
,,,,1.0,48.25734356809373,,point
,,,,0.0,48.25734356809373,,point
,,,,0.0,48.25734356809373,,point
,,,,0.0,48.25734356809373,,point
,,,,0.0,48.25734356809373,,point
,,,,1.0,48.25734356809373,,point
,,,,0.0,3.832190410529857,,point
,,,,0.0,3.832190410529857,,point
,,,,0.0,3.832190410529857,,point
,,,,0.0,3.832190410529857,,point
,,,,0.0,3.832190410529857,,point
,,,,0.0,3.832190410529857,,point
,,,,0.0,3.832190410529857,,point
,,,,0.0,3.832190410529857,,point
,,,,0.0,3.832190410529857,,point
,,,,0.0,3.832190410529857,,point
,,,,0.0,3.832190410529857,,point
,,,,0.0,35.63926271103208,,point
,,,,0.0,35.63926271103208,,point
,,,,0.0,35.63926271103208,,point
,,,,0.0,35.63926271103208,,point
,,,,0.0,35.63926271103208,,point
,,,,0.0,35.63926271103208,,point
,,,,0.0,35.63926271103208,,point
,,,,0.0,35.63926271103208,,point
,,,,0.0,2.081002786104697,,point
,,,,0.0,2.081002786104697,,point
,,,,0.0,2.081002786104697,,point
,,,,0.0,2.081002786104697,,point
,,,,0.0,2.081002786104697,,point
,,,,0.0,2.081002786104697,,point
,,,,0.0,2.081002786104697,,point
,,,,0.0,2.081002786104697,,point
,,,,1.0,2.081002786104697,,point
,,,,0.0,2.081002786104697,,point
,,,,1.0,32.62192995168231,,point
,,,,0.0,32.62192995168231,,point
,,,,0.0,32.62192995168231,,point
,,,,0.0,32.62192995168231,,point
,,,,0.0,32.62192995168231,,point
,,,,0.0,32.62192995168231,,point
,,,,0.0,32.62192995168231,,point
,,,,1.0,32.62192995168231,,point
,,,,1.0,32.62192995168231,,point
,,,,0.0,32.62192995168231,,point
,,,,0.0,32.62192995168231,,point
,,,,0.0,32.62192995168231,,point
,,,,0.0,32.62192995168231,,point
,,,,0.0,32.62192995168231,,point
,,,,0.0,3.4702675065355004,,point
,,,,0.0,3.4702675065355004,,point
,,,,0.0,3.4702675065355004,,point
,,,,0.0,3.4702675065355004,,point
,,,,0.0,3.4702675065355004,,point
,,,,0.0,3.4702675065355004,,point
,,,,1.0,3.4702675065355004,,point
,,,,0.0,3.4702675065355004,,point
,,,,0.0,3.4702675065355004,,point
,,,,0.0,2.3129959313288033,,point
,,,,0.0,2.3129959313288033,,point
,,,,0.0,2.3129959313288033,,point
,,,,0.0,2.3129959313288033,,point
,,,,0.0,2.3129959313288033,,point
,,,,0.0,2.3129959313288033,,point
,,,,1.0,2.3129959313288033,,point
,,,,0.0,2.3129959313288033,,point
,,,,0.0,39.084401126536164,,point
,,,,0.0,39.084401126536164,,point
,,,,0.0,39.084401126536164,,point
,,,,0.0,39.084401126536164,,point
,,,,1.0,39.084401126536164,,point
,,,,1.0,39.084401126536164,,point
,,,,0.0,39.084401126536164,,point
,,,,0.0,39.084401126536164,,point
,,,,0.0,39.084401126536164,,point
,,,,0.0,43.9433330021456,,point
,,,,0.0,43.9433330021456,,point
,,,,1.0,43.9433330021456,,point
,,,,0.0,43.9433330021456,,point
,,,,0.0,43.9433330021456,,point
,,,,0.0,43.9433330021456,,point
,,,,0.0,43.9433330021456,,point
,,,,0.0,43.9433330021456,,point
,,,,0.0,36.93829964324941,,point
,,,,0.0,36.93829964324941,,point
,,,,0.0,36.93829964324941,,point
,,,,0.0,36.93829964324941,,point
,,,,0.0,36.93829964324941,,point
,,,,0.0,36.93829964324941,,point
,,,,0.0,36.93829964324941,,point
,,,,0.0,36.93829964324941,,point
,,,,0.0,36.93829964324941,,point
,,,,0.0,36.93829964324941,,point
,,,,0.0,36.93829964324941,,point
,,,,0.0,36.93829964324941,,point
,,,,0.0,36.93829964324941,,point
,,,,0.0,11.191858700809,,point
,,,,0.0,11.191858700809,,point
,,,,0.0,11.191858700809,,point
,,,,0.0,11.191858700809,,point
,,,,0.0,11.191858700809,,point
,,,,0.0,11.191858700809,,point
,,,,0.0,11.191858700809,,point
,,,,0.0,11.191858700809,,point
,,,,0.0,77.83526218684945,,point
,,,,0.0,77.83526218684945,,point
,,,,0.0,77.83526218684945,,point
,,,,0.0,77.83526218684945,,point
,,,,0.0,77.83526218684945,,point
,,,,0.0,77.83526218684945,,point
,,,,0.0,77.83526218684945,,point
,,,,1.0,77.83526218684945,,point
,,,,1.0,77.83526218684945,,point
,,,,0.0,0.8054104981935682,,point
,,,,0.0,0.8054104981935682,,point
,,,,0.0,0.8054104981935682,,point
,,,,0.0,0.8054104981935682,,point
,,,,0.0,0.8054104981935682,,point
,,,,1.0,0.8054104981935682,,point
,,,,0.0,0.8054104981935682,,point
,,,,0.0,0.8054104981935682,,point
,,,,0.0,0.8054104981935682,,point
,,,,1.0,14.77240726698142,,point
,,,,0.0,14.77240726698142,,point
,,,,0.0,14.77240726698142,,point
,,,,0.0,14.77240726698142,,point
,,,,0.0,14.77240726698142,,point
,,,,0.0,14.77240726698142,,point
,,,,0.0,14.77240726698142,,point
,,,,0.0,14.77240726698142,,point
,,,,0.0,14.77240726698142,,point
,,,,0.0,14.77240726698142,,point
,,,,0.0,14.77240726698142,,point
,,,,0.0,14.77240726698142,,point
,,,,0.0,14.77240726698142,,point
,,,,0.0,28.19880884379989,,point
,,,,0.0,28.19880884379989,,point
,,,,0.0,28.19880884379989,,point
,,,,0.0,28.19880884379989,,point
,,,,0.0,28.19880884379989,,point
,,,,0.0,28.19880884379989,,point
,,,,0.0,28.19880884379989,,point
,,,,0.0,28.19880884379989,,point
,,,,0.0,28.19880884379989,,point
,,,,0.0,28.19880884379989,,point
,,,,0.0,28.19880884379989,,point
,,,,0.0,28.19880884379989,,point
,,,,0.0,28.19880884379989,,point
,,,,0.0,28.19880884379989,,point
,,,,0.0,28.19880884379989,,point
,,,,0.0,28.19880884379989,,point
,,,,0.0,37.415896265079624,,point
,,,,1.0,37.415896265079624,,point
,,,,1.0,37.415896265079624,,point
,,,,0.0,37.415896265079624,,point
,,,,0.0,37.415896265079624,,point
,,,,0.0,37.415896265079624,,point
,,,,0.0,37.415896265079624,,point
,,,,0.0,37.415896265079624,,point
,,,,0.0,37.415896265079624,,point
,,,,0.0,37.415896265079624,,point
,,,,0.0,37.415896265079624,,point
,,,,0.0,37.415896265079624,,point
,,,,0.0,37.415896265079624,,point
,,,,0.0,37.415896265079624,,point
,,,,0.0,37.415896265079624,,point
,,,,0.0,2.1704345829407066,,point
,,,,0.0,2.1704345829407066,,point
,,,,0.0,2.1704345829407066,,point
,,,,0.0,2.1704345829407066,,point
,,,,1.0,2.1704345829407066,,point
,,,,0.0,2.1704345829407066,,point
,,,,0.0,2.1704345829407066,,point
,,,,1.0,2.1704345829407066,,point
,,,,0.0,2.1704345829407066,,point
,,,,0.0,2.1704345829407066,,point
,,,,0.0,18.848687385152648,,point
,,,,0.0,18.848687385152648,,point
,,,,0.0,18.848687385152648,,point
,,,,0.0,18.848687385152648,,point
,,,,0.0,18.848687385152648,,point
,,,,0.0,18.848687385152648,,point
,,,,0.0,18.848687385152648,,point
,,,,0.0,18.848687385152648,,point
,,,,0.0,18.848687385152648,,point
,,,,0.0,18.848687385152648,,point
,,,,0.0,18.848687385152648,,point
,,,,0.0,1.8313368723999872,,point
,,,,0.0,1.8313368723999872,,point
,,,,0.0,1.8313368723999872,,point
,,,,0.0,1.8313368723999872,,point
,,,,0.0,1.8313368723999872,,point
,,,,0.0,1.8313368723999872,,point
,,,,0.0,1.8313368723999872,,point
,,,,0.0,43.23432269209722,,point
,,,,0.0,43.23432269209722,,point
,,,,0.0,43.23432269209722,,point
,,,,0.0,43.23432269209722,,point
,,,,0.0,43.23432269209722,,point
,,,,0.0,43.23432269209722,,point
,,,,0.0,43.23432269209722,,point
,,,,0.0,43.23432269209722,,point
,,,,0.0,43.23432269209722,,point
,,,,0.0,43.23432269209722,,point
,,,,0.0,43.23432269209722,,point
,,,,0.0,43.23432269209722,,point
,,,,0.0,43.23432269209722,,point
,,,,0.0,91.92854581444725,,point
,,,,0.0,91.92854581444725,,point
,,,,0.0,91.92854581444725,,point
,,,,0.0,91.92854581444725,,point
,,,,0.0,91.92854581444725,,point
,,,,0.0,91.92854581444725,,point
,,,,0.0,91.92854581444725,,point
,,,,0.0,91.92854581444725,,point
,,,,0.0,91.92854581444725,,point
,,,,0.0,91.92854581444725,,point
,,,,0.0,91.92854581444725,,point
,,,,0.0,91.92854581444725,,point
,,,,0.0,4.068923690780552,,point
,,,,0.0,4.068923690780552,,point
,,,,0.0,4.068923690780552,,point
,,,,0.0,4.068923690780552,,point
,,,,0.0,4.068923690780552,,point
,,,,0.0,4.068923690780552,,point
,,,,1.0,4.068923690780552,,point
,,,,0.0,4.068923690780552,,point
,,,,0.0,4.068923690780552,,point
,,,,0.0,4.068923690780552,,point
,,,,0.0,4.068923690780552,,point
,,,,0.0,157.87973164125776,,point
,,,,0.0,157.87973164125776,,point
,,,,0.0,157.87973164125776,,point
,,,,0.0,157.87973164125776,,point
,,,,0.0,157.87973164125776,,point
,,,,0.0,157.87973164125776,,point
,,,,0.0,157.87973164125776,,point
,,,,0.0,157.87973164125776,,point
,,,,0.0,157.87973164125776,,point
,,,,0.0,157.87973164125776,,point
,,,,1.0,157.87973164125776,,point
,,,,0.0,157.87973164125776,,point
,,,,0.0,37.43118442662642,,point
,,,,1.0,37.43118442662642,,point
,,,,0.0,37.43118442662642,,point
,,,,0.0,37.43118442662642,,point
,,,,0.0,37.43118442662642,,point
,,,,0.0,37.43118442662642,,point
,,,,0.0,37.43118442662642,,point
,,,,1.0,37.43118442662642,,point
,,,,0.0,37.43118442662642,,point
,,,,0.0,37.43118442662642,,point
,,,,0.0,37.43118442662642,,point
,,,,0.0,37.43118442662642,,point
,,,,0.0,1.2412988456736447,,point
,,,,0.0,1.2412988456736447,,point
,,,,0.0,1.2412988456736447,,point
,,,,1.0,1.2412988456736447,,point
,,,,0.0,1.2412988456736447,,point
,,,,0.0,13.439968796909636,,point
,,,,0.0,13.439968796909636,,point
,,,,0.0,13.439968796909636,,point
,,,,0.0,13.439968796909636,,point
,,,,0.0,13.439968796909636,,point
,,,,0.0,13.439968796909636,,point
,,,,0.0,13.439968796909636,,point
,,,,0.0,13.439968796909636,,point
,,,,0.0,13.439968796909636,,point
,,,,0.0,13.439968796909636,,point
,,,,0.0,13.439968796909636,,point
,,,,0.0,13.439968796909636,,point
,,,,0.0,13.439968796909636,,point
,,,,0.0,59.90307925776693,,point
,,,,1.0,59.90307925776693,,point
,,,,1.0,59.90307925776693,,point
,,,,0.0,59.90307925776693,,point
,,,,0.0,59.90307925776693,,point
,,,,0.0,59.90307925776693,,point
,,,,0.0,59.90307925776693,,point
,,,,1.0,59.90307925776693,,point
,,,,0.0,45.33643904677891,,point
,,,,0.0,45.33643904677891,,point
,,,,1.0,45.33643904677891,,point
,,,,0.0,45.33643904677891,,point
,,,,0.0,45.33643904677891,,point
,,,,1.0,45.33643904677891,,point
,,,,1.0,45.33643904677891,,point
,,,,0.0,45.33643904677891,,point
,,,,0.0,45.33643904677891,,point
,,,,0.0,45.33643904677891,,point
,,,,0.0,45.33643904677891,,point
,,,,1.0,45.33643904677891,,point
,,,,0.0,45.33643904677891,,point
,,,,0.0,45.33643904677891,,point
,,,,0.0,45.33643904677891,,point
,,,,1.0,100.62109869906537,,point
,,,,0.0,100.62109869906537,,point
,,,,0.0,100.62109869906537,,point
,,,,0.0,100.62109869906537,,point
,,,,1.0,100.62109869906537,,point
,,,,0.0,100.62109869906537,,point
,,,,0.0,100.62109869906537,,point
,,,,0.0,100.62109869906537,,point
,,,,0.0,100.62109869906537,,point
,,,,0.0,100.62109869906537,,point
,,,,0.0,100.62109869906537,,point
,,,,0.0,28.780552072984918,,point
,,,,0.0,28.780552072984918,,point
,,,,0.0,28.780552072984918,,point
,,,,0.0,28.780552072984918,,point
,,,,0.0,28.780552072984918,,point
,,,,0.0,28.780552072984918,,point
,,,,0.0,28.780552072984918,,point
,,,,0.0,50.60415775052667,,point
,,,,0.0,50.60415775052667,,point
,,,,0.0,50.60415775052667,,point
,,,,0.0,50.60415775052667,,point
,,,,0.0,50.60415775052667,,point
,,,,0.0,50.60415775052667,,point
,,,,0.0,50.60415775052667,,point
,,,,0.0,50.60415775052667,,point
,,,,0.0,50.60415775052667,,point
,,,,0.0,50.60415775052667,,point
,,,,0.0,8.6355616729543,,point
,,,,0.0,8.6355616729543,,point
,,,,0.0,8.6355616729543,,point
,,,,0.0,8.6355616729543,,point
,,,,0.0,8.6355616729543,,point
,,,,0.0,8.6355616729543,,point
,,,,0.0,8.6355616729543,,point
,,,,0.0,8.6355616729543,,point
,,,,1.0,8.6355616729543,,point
,,,,0.0,2.1642329767472632,,point
,,,,0.0,2.1642329767472632,,point
,,,,0.0,2.1642329767472632,,point
,,,,0.0,2.1642329767472632,,point
,,,,0.0,2.1642329767472632,,point
,,,,0.0,2.1642329767472632,,point
,,,,0.0,2.1642329767472632,,point
,,,,0.0,2.1642329767472632,,point
,,,,1.0,2.1642329767472632,,point
,,,,0.0,2.1642329767472632,,point
,,,,0.0,2.1642329767472632,,point
,,,,0.0,2.1642329767472632,,point
,,,,0.0,2.1642329767472632,,point
,,,,1.0,4.07238507518759,,point
,,,,0.0,4.07238507518759,,point
,,,,0.0,4.07238507518759,,point
,,,,0.0,4.07238507518759,,point
,,,,0.0,4.07238507518759,,point
,,,,0.0,4.07238507518759,,point
,,,,0.0,4.07238507518759,,point
,,,,0.0,4.07238507518759,,point
,,,,0.0,4.07238507518759,,point
,,,,0.0,4.07238507518759,,point
,,,,0.0,21.799976243751047,,point
,,,,0.0,21.799976243751047,,point
,,,,0.0,21.799976243751047,,point
,,,,0.0,21.799976243751047,,point
,,,,0.0,21.799976243751047,,point
,,,,0.0,21.799976243751047,,point
,,,,0.0,21.799976243751047,,point
,,,,0.0,21.799976243751047,,point
,,,,0.0,21.799976243751047,,point
,,,,1.0,21.799976243751047,,point
,,,,0.0,21.799976243751047,,point
,,,,0.0,21.799976243751047,,point
,,,,0.0,21.799976243751047,,point
,,,,1.0,102.42582674508655,,point
,,,,0.0,102.42582674508655,,point
,,,,0.0,102.42582674508655,,point
,,,,0.0,102.42582674508655,,point
,,,,0.0,102.42582674508655,,point
,,,,0.0,102.42582674508655,,point
,,,,0.0,102.42582674508655,,point
,,,,0.0,102.42582674508655,,point
,,,,0.0,102.42582674508655,,point
,,,,1.0,29.01742252539279,,point
,,,,0.0,29.01742252539279,,point
,,,,0.0,29.01742252539279,,point
,,,,0.0,29.01742252539279,,point
,,,,0.0,29.01742252539279,,point
,,,,0.0,29.01742252539279,,point
,,,,0.0,29.01742252539279,,point
,,,,0.0,29.01742252539279,,point
,,,,0.0,29.01742252539279,,point
,,,,0.0,29.01742252539279,,point
,,,,0.0,29.01742252539279,,point
,,,,0.0,29.01742252539279,,point
,,,,0.0,1.1381958265811722,,point
,,,,0.0,1.1381958265811722,,point
,,,,0.0,1.1381958265811722,,point
,,,,0.0,1.1381958265811722,,point
,,,,0.0,1.1381958265811722,,point
,,,,0.0,1.1381958265811722,,point
,,,,1.0,1.1381958265811722,,point
,,,,1.0,1.1381958265811722,,point
,,,,0.0,1.1381958265811722,,point
,,,,0.0,1.1381958265811722,,point
,,,,0.0,1.1381958265811722,,point
,,,,0.0,1.1381958265811722,,point
,,,,1.0,0.18391486664104587,,point
,,,,0.0,0.18391486664104587,,point
,,,,0.0,0.18391486664104587,,point
,,,,0.0,0.18391486664104587,,point
,,,,0.0,0.18391486664104587,,point
,,,,0.0,0.18391486664104587,,point
,,,,1.0,0.18391486664104587,,point
,,,,1.0,0.18391486664104587,,point
,,,,0.0,0.3508722608792349,,point
,,,,0.0,0.3508722608792349,,point
,,,,0.0,0.3508722608792349,,point
,,,,0.0,0.3508722608792349,,point
,,,,0.0,0.3508722608792349,,point
,,,,0.0,0.3508722608792349,,point
,,,,0.0,0.3508722608792349,,point
,,,,0.0,0.3508722608792349,,point
,,,,0.0,0.3508722608792349,,point
,,,,1.0,0.3508722608792349,,point
,,,,0.0,4.182631712714041,,point
,,,,0.0,4.182631712714041,,point
,,,,0.0,4.182631712714041,,point
,,,,0.0,4.182631712714041,,point
,,,,0.0,4.182631712714041,,point
,,,,0.0,4.182631712714041,,point
,,,,0.0,4.182631712714041,,point
,,,,1.0,4.182631712714041,,point
,,,,0.0,4.182631712714041,,point
,,,,0.0,4.182631712714041,,point
,,,,0.0,4.182631712714041,,point
,,,,0.0,4.182631712714041,,point
,,,,0.0,4.182631712714041,,point
,,,,0.0,4.182631712714041,,point
,,,,0.0,4.182631712714041,,point
,,,,0.0,4.182631712714041,,point
,,,,0.0,2.6817736998641855,,point
,,,,0.0,2.6817736998641855,,point
,,,,0.0,2.6817736998641855,,point
,,,,0.0,2.6817736998641855,,point
,,,,0.0,2.6817736998641855,,point
,,,,0.0,2.6817736998641855,,point
,,,,0.0,2.6817736998641855,,point
,,,,1.0,2.6817736998641855,,point
,,,,0.0,2.6817736998641855,,point
,,,,1.0,99.66573324285056,,point
,,,,0.0,99.66573324285056,,point
,,,,0.0,99.66573324285056,,point
,,,,0.0,99.66573324285056,,point
,,,,0.0,99.66573324285056,,point
,,,,0.0,99.66573324285056,,point
,,,,0.0,99.66573324285056,,point
,,,,0.0,99.66573324285056,,point
,,,,0.0,99.66573324285056,,point
,,,,0.0,99.66573324285056,,point
,,,,0.0,99.66573324285056,,point
,,,,0.0,99.66573324285056,,point
,,,,0.0,99.66573324285056,,point
,,,,0.0,0.9299485547812966,,point
,,,,0.0,0.9299485547812966,,point
,,,,1.0,0.9299485547812966,,point
,,,,0.0,0.9299485547812966,,point
,,,,0.0,0.9299485547812966,,point
,,,,0.0,0.9299485547812966,,point
,,,,0.0,0.9299485547812966,,point
,,,,0.0,0.9299485547812966,,point
,,,,0.0,0.9812127642761236,,point
,,,,1.0,0.9812127642761236,,point
,,,,1.0,0.9812127642761236,,point
,,,,0.0,0.9812127642761236,,point
,,,,0.0,0.9812127642761236,,point
,,,,0.0,0.9812127642761236,,point
,,,,0.0,0.9812127642761236,,point
,,,,0.0,0.9812127642761236,,point
,,,,0.0,0.9812127642761236,,point
,,,,0.0,0.9812127642761236,,point
,,,,0.0,0.9812127642761236,,point
,,,,0.0,0.9812127642761236,,point
,,,,0.0,0.9812127642761236,,point
,,,,0.0,2.3679390514934986,,point
,,,,0.0,2.3679390514934986,,point
,,,,0.0,2.3679390514934986,,point
,,,,0.0,2.3679390514934986,,point
,,,,0.0,2.3679390514934986,,point
,,,,0.0,2.3679390514934986,,point
,,,,0.0,2.3679390514934986,,point
,,,,1.0,2.3679390514934986,,point
,,,,1.0,2.3679390514934986,,point
,,,,0.0,6.771121859539434,,point
,,,,1.0,6.771121859539434,,point
,,,,0.0,6.771121859539434,,point
,,,,0.0,6.771121859539434,,point
,,,,0.0,6.771121859539434,,point
,,,,0.0,6.771121859539434,,point
,,,,0.0,6.771121859539434,,point
,,,,0.0,6.771121859539434,,point
,,,,0.0,6.771121859539434,,point
,,,,0.0,6.771121859539434,,point
,,,,0.0,6.771121859539434,,point
,,,,1.0,6.771121859539434,,point
,,,,0.0,6.771121859539434,,point
,,,,0.0,6.771121859539434,,point
,,,,0.0,3.3726434630099997,,point
,,,,0.0,3.3726434630099997,,point
,,,,0.0,3.3726434630099997,,point
,,,,0.0,3.3726434630099997,,point
,,,,0.0,3.3726434630099997,,point
,,,,0.0,3.3726434630099997,,point
,,,,0.0,3.3726434630099997,,point
,,,,0.0,3.3726434630099997,,point
,,,,0.0,3.3726434630099997,,point
,,,,1.0,3.3726434630099997,,point
,,,,0.0,3.3726434630099997,,point
,,,,0.0,3.3726434630099997,,point
,,,,0.0,28.72442410416897,,point
,,,,1.0,28.72442410416897,,point
,,,,0.0,28.72442410416897,,point
,,,,0.0,28.72442410416897,,point
,,,,0.0,28.72442410416897,,point
,,,,0.0,28.72442410416897,,point
,,,,0.0,28.72442410416897,,point
,,,,0.0,28.72442410416897,,point
,,,,0.0,28.72442410416897,,point
,,,,0.0,28.72442410416897,,point
,,,,0.0,28.72442410416897,,point
,,,,0.0,28.72442410416897,,point
,,,,0.0,44.019086553800946,,point
,,,,0.0,44.019086553800946,,point
,,,,0.0,44.019086553800946,,point
,,,,0.0,44.019086553800946,,point
,,,,0.0,44.019086553800946,,point
,,,,0.0,44.019086553800946,,point
,,,,0.0,44.019086553800946,,point
,,,,0.0,1.852081888029719,,point
,,,,0.0,1.852081888029719,,point
,,,,0.0,1.852081888029719,,point
,,,,0.0,1.852081888029719,,point
,,,,0.0,1.852081888029719,,point
,,,,0.0,1.852081888029719,,point
,,,,0.0,1.852081888029719,,point
,,,,0.0,1.852081888029719,,point
,,,,0.0,1.852081888029719,,point
,,,,0.0,1.852081888029719,,point
,,,,0.0,1.852081888029719,,point
,,,,0.0,44.18648049483256,,point
,,,,0.0,44.18648049483256,,point
,,,,0.0,44.18648049483256,,point
,,,,0.0,44.18648049483256,,point
,,,,0.0,44.18648049483256,,point
,,,,0.0,44.18648049483256,,point
,,,,0.0,44.18648049483256,,point
,,,,0.0,44.18648049483256,,point
,,,,0.0,44.18648049483256,,point
,,,,0.0,44.18648049483256,,point
,,,,0.0,44.18648049483256,,point
,,,,0.0,44.18648049483256,,point
,,,,1.0,72.61056912845767,,point
,,,,1.0,72.61056912845767,,point
,,,,1.0,72.61056912845767,,point
,,,,1.0,72.61056912845767,,point
,,,,0.0,72.61056912845767,,point
,,,,1.0,72.61056912845767,,point
,,,,0.0,72.61056912845767,,point
,,,,0.0,72.61056912845767,,point
,,,,0.0,1.0984806317414497,,point
,,,,0.0,1.0984806317414497,,point
,,,,0.0,1.0984806317414497,,point
,,,,1.0,1.0984806317414497,,point
,,,,0.0,1.0984806317414497,,point
,,,,0.0,1.0984806317414497,,point
,,,,0.0,1.0984806317414497,,point
,,,,0.0,1.0984806317414497,,point
,,,,1.0,1.0984806317414497,,point
,,,,0.0,1.0984806317414497,,point
,,,,0.0,1.0984806317414497,,point
,,,,0.0,1.0984806317414497,,point
,,,,0.0,48.79751734467882,,point
,,,,1.0,48.79751734467882,,point
,,,,0.0,48.79751734467882,,point
,,,,0.0,48.79751734467882,,point
,,,,0.0,48.79751734467882,,point
,,,,0.0,48.79751734467882,,point
,,,,1.0,48.79751734467882,,point
,,,,0.0,48.79751734467882,,point
,,,,0.0,48.79751734467882,,point
,,,,1.0,48.79751734467882,,point
,,,,1.0,48.79751734467882,,point
,,,,1.0,48.79751734467882,,point
,,,,0.0,48.79751734467882,,point
,,,,0.0,48.79751734467882,,point
,,,,0.0,44.49228760683494,,point
,,,,0.0,44.49228760683494,,point
,,,,1.0,44.49228760683494,,point
,,,,0.0,44.49228760683494,,point
,,,,1.0,44.49228760683494,,point
,,,,0.0,44.49228760683494,,point
,,,,0.0,44.49228760683494,,point
,,,,0.0,44.49228760683494,,point
,,,,0.0,44.49228760683494,,point
,,,,1.0,44.49228760683494,,point
,,,,1.0,44.49228760683494,,point
,,,,0.0,44.49228760683494,,point
,,,,0.0,44.49228760683494,,point
,,,,0.0,44.49228760683494,,point
,,,,0.0,44.49228760683494,,point
,,,,0.0,44.49228760683494,,point
,,,,0.0,25.05397018388898,,point
,,,,1.0,25.05397018388898,,point
,,,,0.0,25.05397018388898,,point
,,,,0.0,25.05397018388898,,point
,,,,0.0,25.05397018388898,,point
,,,,0.0,25.05397018388898,,point
,,,,0.0,2.497075942380068,,point
,,,,0.0,2.497075942380068,,point
,,,,0.0,2.497075942380068,,point
,,,,0.0,2.497075942380068,,point
,,,,0.0,2.497075942380068,,point
,,,,1.0,2.497075942380068,,point
,,,,0.0,2.497075942380068,,point
,,,,1.0,2.497075942380068,,point
,,,,0.0,2.497075942380068,,point
,,,,0.0,2.497075942380068,,point
,,,,0.0,2.497075942380068,,point
,,,,1.0,14.602851817808602,,point
,,,,0.0,14.602851817808602,,point
,,,,0.0,14.602851817808602,,point
,,,,0.0,14.602851817808602,,point
,,,,0.0,14.602851817808602,,point
,,,,0.0,14.602851817808602,,point
,,,,0.0,14.602851817808602,,point
,,,,0.0,16.831681204756055,,point
,,,,0.0,16.831681204756055,,point
,,,,1.0,16.831681204756055,,point
,,,,0.0,16.831681204756055,,point
,,,,0.0,16.831681204756055,,point
,,,,1.0,16.831681204756055,,point
,,,,0.0,16.831681204756055,,point
,,,,1.0,16.831681204756055,,point
,,,,0.0,16.831681204756055,,point
,,,,0.0,16.831681204756055,,point
,,,,0.0,16.831681204756055,,point
,,,,0.0,16.831681204756055,,point
,,,,0.0,16.831681204756055,,point
,,,,1.0,16.831681204756055,,point
,,,,0.0,16.831681204756055,,point
,,,,0.0,16.831681204756055,,point
,,,,0.0,16.031300390400382,,point
,,,,0.0,16.031300390400382,,point
,,,,0.0,16.031300390400382,,point
,,,,1.0,16.031300390400382,,point
,,,,0.0,16.031300390400382,,point
,,,,0.0,16.031300390400382,,point
,,,,0.0,16.031300390400382,,point
,,,,0.0,16.031300390400382,,point
,,,,0.0,16.031300390400382,,point
,,,,0.0,16.031300390400382,,point
,,,,0.0,16.031300390400382,,point
,,,,0.0,33.931839234048766,,point
,,,,0.0,33.931839234048766,,point
,,,,0.0,33.931839234048766,,point
,,,,1.0,33.931839234048766,,point
,,,,0.0,33.931839234048766,,point
,,,,1.0,33.931839234048766,,point
,,,,0.0,33.931839234048766,,point
,,,,0.0,33.931839234048766,,point
,,,,0.0,33.931839234048766,,point
,,,,0.0,33.931839234048766,,point
,,,,0.0,0.735049182913825,,point
,,,,0.0,0.735049182913825,,point
,,,,0.0,0.735049182913825,,point
,,,,0.0,0.735049182913825,,point
,,,,0.0,0.735049182913825,,point
,,,,0.0,0.735049182913825,,point
,,,,0.0,0.735049182913825,,point
,,,,0.0,0.735049182913825,,point
,,,,0.0,0.735049182913825,,point
,,,,0.0,0.735049182913825,,point
,,,,0.0,1.5694171724783321,,point
,,,,0.0,1.5694171724783321,,point
,,,,0.0,1.5694171724783321,,point
,,,,0.0,1.5694171724783321,,point
,,,,1.0,1.5694171724783321,,point
,,,,0.0,1.5694171724783321,,point
,,,,0.0,1.5694171724783321,,point
,,,,1.0,1.5694171724783321,,point
,,,,0.0,1.5694171724783321,,point
,,,,0.0,1.5694171724783321,,point
,,,,0.0,1.5694171724783321,,point
,,,,0.0,1.5694171724783321,,point
,,,,0.0,1.5694171724783321,,point
,,,,0.0,68.27827843649463,,point
,,,,0.0,68.27827843649463,,point
,,,,0.0,68.27827843649463,,point
,,,,0.0,68.27827843649463,,point
,,,,0.0,68.27827843649463,,point
,,,,0.0,68.27827843649463,,point
,,,,0.0,68.27827843649463,,point
,,,,0.0,68.27827843649463,,point
,,,,0.0,68.27827843649463,,point
,,,,1.0,68.27827843649463,,point
,,,,0.0,4.027115541077593,,point
,,,,0.0,4.027115541077593,,point
,,,,0.0,4.027115541077593,,point
,,,,0.0,4.027115541077593,,point
,,,,0.0,4.027115541077593,,point
,,,,0.0,4.027115541077593,,point
,,,,0.0,4.027115541077593,,point
,,,,0.0,4.027115541077593,,point
,,,,0.0,4.027115541077593,,point
,,,,0.0,4.027115541077593,,point
,,,,0.0,25.49324634938451,,point
,,,,0.0,25.49324634938451,,point
,,,,0.0,25.49324634938451,,point
,,,,0.0,25.49324634938451,,point
,,,,0.0,25.49324634938451,,point
,,,,0.0,25.49324634938451,,point
,,,,0.0,25.49324634938451,,point
,,,,0.0,25.49324634938451,,point
,,,,0.0,25.49324634938451,,point
,,,,0.0,25.49324634938451,,point
,,,,0.0,25.49324634938451,,point
,,,,0.0,25.49324634938451,,point
,,,,0.0,25.49324634938451,,point
,,,,0.0,16.47490962779872,,point
,,,,0.0,16.47490962779872,,point
,,,,0.0,16.47490962779872,,point
,,,,0.0,16.47490962779872,,point
,,,,0.0,16.47490962779872,,point
,,,,0.0,16.47490962779872,,point
,,,,0.0,16.47490962779872,,point
,,,,0.0,16.47490962779872,,point
,,,,0.0,16.47490962779872,,point
,,,,0.0,16.47490962779872,,point
,,,,0.0,16.47490962779872,,point
,,,,0.0,16.47490962779872,,point
,,,,1.0,1.9479106935210257,,point
,,,,0.0,1.9479106935210257,,point
,,,,0.0,1.9479106935210257,,point
,,,,0.0,1.9479106935210257,,point
,,,,0.0,1.9479106935210257,,point
,,,,0.0,1.9479106935210257,,point
,,,,0.0,1.9479106935210257,,point
,,,,0.0,1.9479106935210257,,point
,,,,0.0,1.9479106935210257,,point
,,,,0.0,1.9479106935210257,,point
,,,,0.0,1.9479106935210257,,point
,,,,0.0,32.74031296604077,,point
,,,,1.0,32.74031296604077,,point
,,,,0.0,32.74031296604077,,point
,,,,0.0,32.74031296604077,,point
,,,,1.0,32.74031296604077,,point
,,,,0.0,32.74031296604077,,point
,,,,0.0,32.74031296604077,,point
,,,,0.0,32.74031296604077,,point
,,,,0.0,32.74031296604077,,point
,,,,0.0,32.74031296604077,,point
,,,,0.0,32.74031296604077,,point
,,,,0.0,32.74031296604077,,point
,,,,0.0,32.74031296604077,,point
,,,,0.0,32.74031296604077,,point
,,,,0.0,32.74031296604077,,point
,,,,0.0,45.36697746216517,,point
,,,,0.0,45.36697746216517,,point
,,,,0.0,45.36697746216517,,point
,,,,0.0,45.36697746216517,,point
,,,,0.0,45.36697746216517,,point
,,,,0.0,45.36697746216517,,point
,,,,0.0,45.36697746216517,,point
,,,,0.0,45.36697746216517,,point
,,,,0.0,45.36697746216517,,point
,,,,0.0,45.36697746216517,,point
,,,,0.0,45.36697746216517,,point
,,,,0.0,45.36697746216517,,point
,,,,0.0,45.36697746216517,,point
,,,,0.0,96.57385533019539,,point
,,,,0.0,96.57385533019539,,point
,,,,1.0,96.57385533019539,,point
,,,,0.0,96.57385533019539,,point
,,,,1.0,96.57385533019539,,point
,,,,0.0,96.57385533019539,,point
,,,,0.0,96.57385533019539,,point
,,,,0.0,96.57385533019539,,point
,,,,0.0,96.57385533019539,,point
,,,,0.0,96.57385533019539,,point
,,,,0.0,96.57385533019539,,point
,,,,1.0,96.57385533019539,,point
,,,,0.0,96.57385533019539,,point
,,,,0.0,0.16222341054568665,,point
,,,,0.0,0.16222341054568665,,point
,,,,0.0,0.16222341054568665,,point
,,,,0.0,0.16222341054568665,,point
,,,,0.0,0.16222341054568665,,point
,,,,1.0,43.13901379524083,,point
,,,,1.0,43.13901379524083,,point
,,,,0.0,43.13901379524083,,point
,,,,0.0,43.13901379524083,,point
,,,,0.0,43.13901379524083,,point
,,,,0.0,43.13901379524083,,point
,,,,1.0,43.13901379524083,,point
,,,,0.0,43.13901379524083,,point
,,,,0.0,43.13901379524083,,point
,,,,0.0,43.13901379524083,,point
,,,,1.0,43.13901379524083,,point
,,,,1.0,43.13901379524083,,point
,,,,1.0,43.13901379524083,,point
,,,,1.0,25.53064242570892,,point
,,,,0.0,25.53064242570892,,point
,,,,0.0,25.53064242570892,,point
,,,,0.0,25.53064242570892,,point
,,,,0.0,25.53064242570892,,point
,,,,0.0,25.53064242570892,,point
,,,,0.0,25.53064242570892,,point
,,,,0.0,25.53064242570892,,point
,,,,0.0,25.53064242570892,,point
,,,,0.0,25.53064242570892,,point
,,,,0.0,25.53064242570892,,point
,,,,0.0,51.86584460124491,,point
,,,,0.0,51.86584460124491,,point
,,,,0.0,51.86584460124491,,point
,,,,1.0,51.86584460124491,,point
,,,,0.0,51.86584460124491,,point
,,,,0.0,51.86584460124491,,point
,,,,0.0,51.86584460124491,,point
,,,,1.0,51.86584460124491,,point
,,,,0.0,51.86584460124491,,point
,,,,1.0,51.86584460124491,,point
,,,,0.0,51.86584460124491,,point
,,,,1.0,51.86584460124491,,point
,,,,1.0,0.9164429809576091,,point
,,,,0.0,0.9164429809576091,,point
,,,,0.0,0.9164429809576091,,point
,,,,0.0,0.9164429809576091,,point
,,,,0.0,0.9164429809576091,,point
,,,,0.0,0.9164429809576091,,point
,,,,1.0,0.9164429809576091,,point
,,,,0.0,0.9164429809576091,,point
,,,,0.0,0.9164429809576091,,point
,,,,0.0,0.9164429809576091,,point
,,,,0.0,57.32899452521334,,point
,,,,0.0,57.32899452521334,,point
,,,,0.0,57.32899452521334,,point
,,,,0.0,57.32899452521334,,point
,,,,0.0,57.32899452521334,,point
,,,,0.0,57.32899452521334,,point
,,,,1.0,57.32899452521334,,point
,,,,0.0,57.32899452521334,,point
,,,,0.0,14.686229050155623,,point
,,,,0.0,14.686229050155623,,point
,,,,0.0,25.918756478218143,,point
,,,,0.0,25.918756478218143,,point
,,,,0.0,25.918756478218143,,point
,,,,0.0,25.918756478218143,,point
,,,,0.0,25.918756478218143,,point
,,,,0.0,25.918756478218143,,point
,,,,0.0,25.918756478218143,,point
,,,,0.0,0.14904348815568436,,point
,,,,0.0,0.14904348815568436,,point
,,,,0.0,0.14904348815568436,,point
,,,,0.0,0.14904348815568436,,point
,,,,0.0,0.14904348815568436,,point
,,,,0.0,0.14904348815568436,,point
,,,,0.0,0.14904348815568436,,point
,,,,0.0,0.14904348815568436,,point
,,,,0.0,0.14904348815568436,,point
,,,,0.0,33.79515149966479,,point
,,,,0.0,33.79515149966479,,point
,,,,0.0,33.79515149966479,,point
,,,,0.0,33.79515149966479,,point
,,,,1.0,33.79515149966479,,point
,,,,0.0,33.79515149966479,,point
,,,,1.0,33.79515149966479,,point
,,,,0.0,33.79515149966479,,point
,,,,0.0,33.79515149966479,,point
,,,,0.0,33.79515149966479,,point
,,,,0.0,1.321111211093386,,point
,,,,0.0,1.321111211093386,,point
,,,,0.0,1.321111211093386,,point
,,,,0.0,1.321111211093386,,point
,,,,1.0,1.321111211093386,,point
,,,,1.0,1.321111211093386,,point
,,,,0.0,1.321111211093386,,point
,,,,0.0,1.321111211093386,,point
,,,,0.0,1.321111211093386,,point
,,,,0.0,1.904129285854359,,point
,,,,0.0,1.904129285854359,,point
,,,,0.0,1.904129285854359,,point
,,,,0.0,1.904129285854359,,point
,,,,1.0,1.904129285854359,,point
,,,,0.0,15.265357987714626,,point
,,,,0.0,15.265357987714626,,point
,,,,0.0,15.265357987714626,,point
,,,,0.0,15.265357987714626,,point
,,,,0.0,15.265357987714626,,point
,,,,0.0,15.265357987714626,,point
,,,,0.0,15.265357987714626,,point
,,,,0.0,15.265357987714626,,point
,,,,1.0,15.265357987714626,,point
,,,,0.0,15.265357987714626,,point
,,,,0.0,15.265357987714626,,point
,,,,1.0,15.265357987714626,,point
,,,,0.0,15.265357987714626,,point
,,,,0.0,1.079205135373848,,point
,,,,1.0,1.079205135373848,,point
,,,,1.0,1.079205135373848,,point
,,,,1.0,1.079205135373848,,point
,,,,1.0,1.079205135373848,,point
,,,,0.0,1.079205135373848,,point
,,,,0.0,1.079205135373848,,point
,,,,1.0,1.079205135373848,,point
,,,,0.0,1.079205135373848,,point
,,,,1.0,1.079205135373848,,point
,,,,0.0,1.079205135373848,,point
,,,,1.0,1.079205135373848,,point
,,,,0.0,1.079205135373848,,point
,,,,0.0,27.57886779646285,,point
,,,,0.0,27.57886779646285,,point
,,,,0.0,27.57886779646285,,point
,,,,0.0,27.57886779646285,,point
,,,,0.0,27.57886779646285,,point
,,,,0.0,27.57886779646285,,point
,,,,0.0,27.57886779646285,,point
,,,,0.0,27.57886779646285,,point
,,,,0.0,27.57886779646285,,point
,,,,0.0,29.140933324061756,,point
,,,,0.0,29.140933324061756,,point
,,,,0.0,29.140933324061756,,point
,,,,0.0,29.140933324061756,,point
,,,,0.0,29.140933324061756,,point
,,,,1.0,29.140933324061756,,point
,,,,1.0,29.140933324061756,,point
,,,,0.0,29.140933324061756,,point
,,,,0.0,29.140933324061756,,point
,,,,0.0,29.140933324061756,,point
,,,,0.0,29.140933324061756,,point
,,,,1.0,32.51747153817912,,point
,,,,0.0,32.51747153817912,,point
,,,,0.0,32.51747153817912,,point
,,,,1.0,32.51747153817912,,point
,,,,1.0,32.51747153817912,,point
,,,,0.0,32.51747153817912,,point
,,,,0.0,32.51747153817912,,point
,,,,0.0,32.51747153817912,,point
,,,,0.0,32.51747153817912,,point
,,,,0.0,32.51747153817912,,point
,,,,0.0,32.51747153817912,,point
,,,,0.0,32.51747153817912,,point
,,,,0.0,32.51747153817912,,point
,,,,0.0,32.51747153817912,,point
,,,,0.0,11.811135994971771,,point
,,,,0.0,11.811135994971771,,point
,,,,0.0,11.811135994971771,,point
,,,,0.0,11.811135994971771,,point
,,,,0.0,11.811135994971771,,point
,,,,1.0,11.811135994971771,,point
,,,,0.0,11.811135994971771,,point
,,,,0.0,11.811135994971771,,point
,,,,0.0,11.811135994971771,,point
,,,,0.0,11.811135994971771,,point
,,,,0.0,1.3016878206257683,,point
,,,,1.0,1.3016878206257683,,point
,,,,1.0,1.3016878206257683,,point
,,,,0.0,1.3016878206257683,,point
,,,,0.0,1.3016878206257683,,point
,,,,0.0,1.3016878206257683,,point
,,,,0.0,1.3016878206257683,,point
,,,,0.0,1.3016878206257683,,point
,,,,0.0,1.3016878206257683,,point
,,,,0.0,1.3016878206257683,,point
,,,,1.0,1.3016878206257683,,point
,,,,0.0,1.3016878206257683,,point
,,,,1.0,27.449206009647234,,point
,,,,1.0,27.449206009647234,,point
,,,,0.0,27.449206009647234,,point
,,,,0.0,27.449206009647234,,point
,,,,0.0,27.449206009647234,,point
,,,,0.0,27.449206009647234,,point
,,,,0.0,27.449206009647234,,point
,,,,0.0,27.449206009647234,,point
,,,,0.0,27.449206009647234,,point
,,,,0.0,1.5184566515975886,,point
,,,,0.0,1.5184566515975886,,point
,,,,0.0,1.5184566515975886,,point
,,,,0.0,1.5184566515975886,,point
,,,,0.0,1.5184566515975886,,point
,,,,0.0,1.5184566515975886,,point
,,,,0.0,1.5184566515975886,,point
,,,,0.0,1.5184566515975886,,point
,,,,0.0,1.5184566515975886,,point
,,,,0.0,1.5184566515975886,,point
,,,,0.0,1.5184566515975886,,point
,,,,0.0,1.5184566515975886,,point
,,,,0.0,1.5184566515975886,,point
,,,,0.0,3.6934539750278184,,point
,,,,1.0,3.6934539750278184,,point
,,,,1.0,3.6934539750278184,,point
,,,,1.0,3.6934539750278184,,point
,,,,0.0,3.6934539750278184,,point
,,,,0.0,19.78479538489807,,point
,,,,0.0,19.78479538489807,,point
,,,,0.0,19.78479538489807,,point
,,,,0.0,19.78479538489807,,point
,,,,0.0,19.78479538489807,,point
,,,,0.0,19.78479538489807,,point
,,,,0.0,19.78479538489807,,point
,,,,0.0,19.78479538489807,,point
,,,,0.0,19.78479538489807,,point
,,,,0.0,19.78479538489807,,point
,,,,0.0,19.78479538489807,,point
,,,,0.0,70.0812838631037,,point
,,,,0.0,70.0812838631037,,point
,,,,1.0,70.0812838631037,,point
,,,,0.0,70.0812838631037,,point
,,,,0.0,70.0812838631037,,point
,,,,0.0,70.0812838631037,,point
,,,,0.0,70.0812838631037,,point
,,,,0.0,70.0812838631037,,point
,,,,0.0,70.0812838631037,,point
,,,,0.0,70.0812838631037,,point
,,,,0.0,70.0812838631037,,point
,,,,0.0,1.9772799362551796,,point
,,,,0.0,1.9772799362551796,,point
,,,,0.0,1.9772799362551796,,point
,,,,0.0,1.9772799362551796,,point
,,,,0.0,1.9772799362551796,,point
,,,,0.0,1.9772799362551796,,point
,,,,0.0,1.9772799362551796,,point
,,,,1.0,1.9772799362551796,,point
,,,,0.0,1.9772799362551796,,point
,,,,0.0,1.9772799362551796,,point
,,,,0.0,1.9772799362551796,,point
,,,,0.0,30.778791174450348,,point
,,,,0.0,30.778791174450348,,point
,,,,1.0,30.778791174450348,,point
,,,,0.0,30.778791174450348,,point
,,,,0.0,30.778791174450348,,point
,,,,0.0,30.778791174450348,,point
,,,,1.0,30.778791174450348,,point
,,,,0.0,30.778791174450348,,point
,,,,0.0,30.778791174450348,,point
,,,,0.0,30.778791174450348,,point
,,,,0.0,30.778791174450348,,point
,,,,1.0,30.778791174450348,,point
,,,,1.0,43.93972413345579,,point
,,,,0.0,43.93972413345579,,point
,,,,0.0,43.93972413345579,,point
,,,,1.0,43.93972413345579,,point
,,,,0.0,43.93972413345579,,point
,,,,0.0,43.93972413345579,,point
,,,,0.0,43.93972413345579,,point
,,,,0.0,43.93972413345579,,point
,,,,0.0,43.93972413345579,,point
,,,,0.0,43.93972413345579,,point
,,,,0.0,43.93972413345579,,point
,,,,0.0,0.7253579224602041,,point
,,,,0.0,0.7253579224602041,,point
,,,,0.0,0.7253579224602041,,point
,,,,0.0,0.7253579224602041,,point
,,,,0.0,0.7253579224602041,,point
,,,,0.0,0.7253579224602041,,point
,,,,0.0,0.7253579224602041,,point
,,,,0.0,0.7253579224602041,,point
,,,,0.0,0.7253579224602041,,point
,,,,1.0,45.813286912189746,,point
,,,,0.0,45.813286912189746,,point
,,,,0.0,45.813286912189746,,point
,,,,1.0,45.813286912189746,,point
,,,,1.0,45.813286912189746,,point
,,,,1.0,45.813286912189746,,point
,,,,0.0,45.813286912189746,,point
,,,,1.0,45.813286912189746,,point
,,,,1.0,45.813286912189746,,point
,,,,0.0,45.813286912189746,,point
,,,,0.0,45.813286912189746,,point
,,,,1.0,45.813286912189746,,point
,,,,0.0,45.813286912189746,,point
,,,,0.0,45.813286912189746,,point
,,,,0.0,0.5780986414299759,,point
,,,,0.0,0.5780986414299759,,point
,,,,0.0,0.5780986414299759,,point
,,,,0.0,0.5780986414299759,,point
,,,,0.0,0.5780986414299759,,point
,,,,1.0,0.5780986414299759,,point
,,,,0.0,0.5780986414299759,,point
,,,,0.0,0.5780986414299759,,point
,,,,0.0,0.5780986414299759,,point
,,,,0.0,0.5811832462675856,,point
,,,,1.0,0.5811832462675856,,point
,,,,1.0,0.5811832462675856,,point
,,,,0.0,0.5811832462675856,,point
,,,,0.0,0.5811832462675856,,point
,,,,0.0,0.5811832462675856,,point
,,,,0.0,0.5811832462675856,,point
,,,,1.0,0.5811832462675856,,point
,,,,0.0,0.5811832462675856,,point
,,,,1.0,0.5811832462675856,,point
,,,,0.0,0.5811832462675856,,point
,,,,0.0,0.5811832462675856,,point
,,,,1.0,10.089868954138181,,point
,,,,0.0,10.089868954138181,,point
,,,,0.0,10.089868954138181,,point
,,,,0.0,10.089868954138181,,point
,,,,0.0,10.089868954138181,,point
,,,,0.0,10.089868954138181,,point
,,,,1.0,10.089868954138181,,point
,,,,0.0,10.089868954138181,,point
,,,,1.0,10.089868954138181,,point
,,,,0.0,10.089868954138181,,point
,,,,0.0,10.089868954138181,,point
,,,,0.0,4.115810026359474,,point
,,,,0.0,4.115810026359474,,point
,,,,0.0,4.115810026359474,,point
,,,,0.0,4.115810026359474,,point
,,,,0.0,4.115810026359474,,point
,,,,0.0,4.115810026359474,,point
,,,,0.0,1.5673941439945378,,point
,,,,0.0,1.5673941439945378,,point
,,,,0.0,1.5673941439945378,,point
,,,,0.0,1.5673941439945378,,point
,,,,0.0,1.5673941439945378,,point
,,,,0.0,1.5673941439945378,,point
,,,,0.0,1.5673941439945378,,point
,,,,0.0,1.5673941439945378,,point
,,,,0.0,1.5673941439945378,,point
,,,,0.0,4.135156222479775,,point
,,,,0.0,4.135156222479775,,point
,,,,0.0,4.135156222479775,,point
,,,,0.0,4.135156222479775,,point
,,,,0.0,4.135156222479775,,point
,,,,0.0,4.135156222479775,,point
,,,,0.0,4.135156222479775,,point
,,,,0.0,4.135156222479775,,point
,,,,0.0,4.135156222479775,,point
,,,,0.0,4.135156222479775,,point
,,,,1.0,4.135156222479775,,point
,,,,0.0,26.011039744211857,,point
,,,,0.0,26.011039744211857,,point
,,,,0.0,26.011039744211857,,point
,,,,0.0,26.011039744211857,,point
,,,,0.0,26.011039744211857,,point
,,,,0.0,26.011039744211857,,point
,,,,0.0,26.011039744211857,,point
,,,,0.0,26.011039744211857,,point
,,,,1.0,26.011039744211857,,point
,,,,0.0,26.011039744211857,,point
,,,,0.0,26.011039744211857,,point
,,,,0.0,26.011039744211857,,point
,,,,0.0,26.011039744211857,,point
,,,,0.0,24.029880436081935,,point
,,,,0.0,24.029880436081935,,point
,,,,0.0,24.029880436081935,,point
,,,,0.0,24.029880436081935,,point
,,,,0.0,24.029880436081935,,point
,,,,0.0,24.029880436081935,,point
,,,,0.0,0.39188938846208565,,point
,,,,0.0,0.39188938846208565,,point
,,,,0.0,0.39188938846208565,,point
,,,,0.0,0.39188938846208565,,point
,,,,0.0,0.39188938846208565,,point
,,,,0.0,0.39188938846208565,,point
,,,,0.0,0.39188938846208565,,point
,,,,0.0,0.39188938846208565,,point
,,,,0.0,0.39188938846208565,,point
,,,,0.0,0.39188938846208565,,point
,,,,0.0,0.39188938846208565,,point
,,,,0.0,5.994123662284152,,point
,,,,0.0,5.994123662284152,,point
,,,,0.0,5.994123662284152,,point
,,,,0.0,5.994123662284152,,point
,,,,0.0,5.994123662284152,,point
,,,,0.0,5.994123662284152,,point
,,,,0.0,5.994123662284152,,point
,,,,0.0,5.994123662284152,,point
,,,,0.0,14.171412565587154,,point
,,,,0.0,14.171412565587154,,point
,,,,0.0,14.171412565587154,,point
,,,,0.0,14.171412565587154,,point
,,,,0.0,14.171412565587154,,point
,,,,0.0,14.171412565587154,,point
,,,,0.0,1.6455126513063925,,point
,,,,0.0,1.6455126513063925,,point
,,,,0.0,1.6455126513063925,,point
,,,,0.0,1.6455126513063925,,point
,,,,0.0,1.6455126513063925,,point
,,,,0.0,1.6455126513063925,,point
,,,,0.0,1.6455126513063925,,point
,,,,0.0,1.6455126513063925,,point
,,,,0.0,1.6455126513063925,,point
,,,,0.0,1.6455126513063925,,point
,,,,0.0,19.693075035370324,,point
,,,,0.0,19.693075035370324,,point
,,,,0.0,19.693075035370324,,point
,,,,0.0,19.693075035370324,,point
,,,,0.0,19.693075035370324,,point
,,,,0.0,19.693075035370324,,point
,,,,1.0,19.693075035370324,,point
,,,,0.0,19.693075035370324,,point
,,,,0.0,19.693075035370324,,point
,,,,0.0,82.35443465483498,,point
,,,,0.0,82.35443465483498,,point
,,,,1.0,82.35443465483498,,point
,,,,0.0,82.35443465483498,,point
,,,,0.0,82.35443465483498,,point
,,,,0.0,82.35443465483498,,point
,,,,0.0,82.35443465483498,,point
,,,,1.0,82.35443465483498,,point
,,,,0.0,82.35443465483498,,point
,,,,0.0,82.35443465483498,,point
,,,,1.0,82.35443465483498,,point
,,,,0.0,82.35443465483498,,point
,,,,0.0,82.35443465483498,,point
,,,,0.0,82.35443465483498,,point
,,,,1.0,5.296334142194708,,point
,,,,0.0,5.296334142194708,,point
,,,,0.0,5.296334142194708,,point
,,,,0.0,5.296334142194708,,point
,,,,1.0,5.296334142194708,,point
,,,,0.0,5.296334142194708,,point
,,,,0.0,5.296334142194708,,point
,,,,0.0,5.296334142194708,,point
,,,,0.0,5.296334142194708,,point
,,,,0.0,5.296334142194708,,point
,,,,0.0,5.296334142194708,,point
,,,,0.0,5.296334142194708,,point
,,,,0.0,5.296334142194708,,point
,,,,0.0,5.296334142194708,,point
,,,,0.0,2.007570753460188,,point
,,,,0.0,2.007570753460188,,point
,,,,0.0,2.007570753460188,,point
,,,,0.0,2.007570753460188,,point
,,,,0.0,2.007570753460188,,point
,,,,0.0,2.007570753460188,,point
,,,,0.0,2.007570753460188,,point
,,,,0.0,2.007570753460188,,point
,,,,0.0,2.007570753460188,,point
,,,,1.0,2.007570753460188,,point
,,,,0.0,0.28772528581575846,,point
,,,,0.0,0.28772528581575846,,point
,,,,0.0,0.28772528581575846,,point
,,,,0.0,0.28772528581575846,,point
,,,,1.0,0.28772528581575846,,point
,,,,0.0,0.28772528581575846,,point
,,,,0.0,0.28772528581575846,,point
,,,,0.0,0.28772528581575846,,point
,,,,0.0,0.28772528581575846,,point
,,,,0.0,0.28772528581575846,,point
,,,,1.0,0.28772528581575846,,point
,,,,0.0,2.033388898501334,,point
,,,,1.0,2.033388898501334,,point
,,,,1.0,2.033388898501334,,point
,,,,0.0,2.033388898501334,,point
,,,,0.0,2.033388898501334,,point
,,,,0.0,2.033388898501334,,point
,,,,1.0,2.033388898501334,,point
,,,,0.0,2.033388898501334,,point
,,,,0.0,45.67463367809926,,point
,,,,0.0,45.67463367809926,,point
,,,,0.0,45.67463367809926,,point
,,,,0.0,45.67463367809926,,point
,,,,0.0,45.67463367809926,,point
,,,,0.0,45.67463367809926,,point
,,,,1.0,45.67463367809926,,point
,,,,0.0,45.67463367809926,,point
,,,,0.0,45.67463367809926,,point
,,,,0.0,45.67463367809926,,point
,,,,0.0,45.67463367809926,,point
,,,,0.0,45.67463367809926,,point
,,,,0.0,62.458183280972456,,point
,,,,0.0,62.458183280972456,,point
,,,,1.0,62.458183280972456,,point
,,,,0.0,62.458183280972456,,point
,,,,0.0,62.458183280972456,,point
,,,,1.0,62.458183280972456,,point
,,,,0.0,62.458183280972456,,point
,,,,0.0,62.458183280972456,,point
,,,,0.0,62.458183280972456,,point
,,,,0.0,62.458183280972456,,point
,,,,1.0,62.458183280972456,,point
,,,,0.0,62.458183280972456,,point
,,,,0.0,62.458183280972456,,point
,,,,0.0,62.458183280972456,,point
,,,,0.0,70.89904032396643,,point
,,,,0.0,70.89904032396643,,point
,,,,0.0,70.89904032396643,,point
,,,,1.0,70.89904032396643,,point
,,,,0.0,70.89904032396643,,point
,,,,0.0,70.89904032396643,,point
,,,,0.0,70.89904032396643,,point
,,,,0.0,70.89904032396643,,point
,,,,0.0,70.89904032396643,,point
,,,,0.0,70.89904032396643,,point
,,,,0.0,70.89904032396643,,point
,,,,1.0,70.89904032396643,,point
,,,,0.0,1.5044340771755695,,point
,,,,0.0,1.5044340771755695,,point
,,,,0.0,1.5044340771755695,,point
,,,,0.0,1.5044340771755695,,point
,,,,0.0,1.5044340771755695,,point
,,,,0.0,1.5044340771755695,,point
,,,,1.0,1.5044340771755695,,point
,,,,0.0,1.5044340771755695,,point
,,,,0.0,1.5044340771755695,,point
,,,,0.0,1.5044340771755695,,point
,,,,0.0,1.5044340771755695,,point
,,,,0.0,1.5044340771755695,,point
,,,,0.0,1.5044340771755695,,point
,,,,1.0,85.56154843485282,,point
,,,,1.0,85.56154843485282,,point
,,,,0.0,85.56154843485282,,point
,,,,0.0,85.56154843485282,,point
,,,,1.0,85.56154843485282,,point
,,,,0.0,85.56154843485282,,point
,,,,0.0,85.56154843485282,,point
,,,,0.0,85.56154843485282,,point
,,,,1.0,85.56154843485282,,point
,,,,0.0,85.56154843485282,,point
,,,,0.0,85.56154843485282,,point
,,,,1.0,85.56154843485282,,point
,,,,0.0,85.56154843485282,,point
,,,,1.0,85.56154843485282,,point
,,,,0.0,48.42799166024897,,point
,,,,0.0,48.42799166024897,,point
,,,,0.0,48.42799166024897,,point
,,,,0.0,48.42799166024897,,point
,,,,0.0,48.42799166024897,,point
,,,,0.0,48.42799166024897,,point
,,,,0.0,48.42799166024897,,point
,,,,0.0,48.42799166024897,,point
,,,,0.0,48.42799166024897,,point
,,,,1.0,48.42799166024897,,point
,,,,0.0,48.42799166024897,,point
,,,,0.0,48.42799166024897,,point
,,,,1.0,48.42799166024897,,point
,,,,0.0,48.42799166024897,,point
,,,,0.0,48.42799166024897,,point
,,,,0.0,3.7509701880769417,,point
,,,,0.0,3.7509701880769417,,point
,,,,0.0,3.7509701880769417,,point
,,,,0.0,3.7509701880769417,,point
,,,,0.0,3.7509701880769417,,point
,,,,0.0,3.7509701880769417,,point
,,,,0.0,3.7509701880769417,,point
,,,,0.0,3.7509701880769417,,point
,,,,0.0,3.7509701880769417,,point
,,,,0.0,3.7509701880769417,,point
,,,,0.0,3.7509701880769417,,point
,,,,0.0,3.7509701880769417,,point
,,,,0.0,2.412409008263521,,point
,,,,0.0,2.412409008263521,,point
,,,,0.0,2.412409008263521,,point
,,,,0.0,2.412409008263521,,point
,,,,0.0,2.412409008263521,,point
,,,,0.0,2.412409008263521,,point
,,,,0.0,2.412409008263521,,point
,,,,1.0,2.412409008263521,,point
,,,,0.0,2.412409008263521,,point
,,,,0.0,2.412409008263521,,point
,,,,0.0,2.412409008263521,,point
,,,,0.0,2.412409008263521,,point
,,,,0.0,64.35275145081451,,point
,,,,1.0,64.35275145081451,,point
,,,,1.0,64.35275145081451,,point
,,,,1.0,64.35275145081451,,point
,,,,0.0,64.35275145081451,,point
,,,,0.0,64.35275145081451,,point
,,,,0.0,64.35275145081451,,point
,,,,0.0,64.35275145081451,,point
,,,,0.0,64.35275145081451,,point
,,,,0.0,64.35275145081451,,point
,,,,0.0,64.35275145081451,,point
,,,,0.0,38.55039263667387,,point
,,,,0.0,38.55039263667387,,point
,,,,1.0,38.55039263667387,,point
,,,,0.0,38.55039263667387,,point
,,,,0.0,38.55039263667387,,point
,,,,1.0,38.55039263667387,,point
,,,,0.0,38.55039263667387,,point
,,,,0.0,38.55039263667387,,point
,,,,0.0,38.55039263667387,,point
,,,,0.0,38.55039263667387,,point
,,,,0.0,80.3002852831379,,point
,,,,0.0,80.3002852831379,,point
,,,,0.0,80.3002852831379,,point
,,,,0.0,80.3002852831379,,point
,,,,0.0,80.3002852831379,,point
,,,,0.0,80.3002852831379,,point
,,,,0.0,80.3002852831379,,point
,,,,0.0,80.3002852831379,,point
,,,,0.0,80.3002852831379,,point
,,,,0.0,80.3002852831379,,point
,,,,0.0,80.3002852831379,,point
,,,,0.0,80.3002852831379,,point
,,,,0.0,2.1180061525016503,,point
,,,,0.0,2.1180061525016503,,point
,,,,0.0,2.1180061525016503,,point
,,,,0.0,2.1180061525016503,,point
,,,,0.0,2.1180061525016503,,point
,,,,0.0,2.1180061525016503,,point
,,,,0.0,2.341530781706758,,point
,,,,0.0,2.341530781706758,,point
,,,,0.0,2.341530781706758,,point
,,,,0.0,2.341530781706758,,point
,,,,0.0,2.341530781706758,,point
,,,,0.0,2.341530781706758,,point
,,,,0.0,2.341530781706758,,point
,,,,0.0,2.341530781706758,,point
,,,,0.0,2.341530781706758,,point
,,,,0.0,2.341530781706758,,point
,,,,0.0,2.341530781706758,,point
,,,,1.0,2.341530781706758,,point
,,,,0.0,1.348447587859939,,point
,,,,0.0,1.348447587859939,,point
,,,,0.0,1.348447587859939,,point
,,,,0.0,1.348447587859939,,point
,,,,0.0,1.348447587859939,,point
,,,,1.0,1.348447587859939,,point
,,,,0.0,1.348447587859939,,point
,,,,0.0,1.348447587859939,,point
,,,,0.0,1.348447587859939,,point
,,,,0.0,1.348447587859939,,point
,,,,0.0,29.278911913403896,,point
,,,,0.0,29.278911913403896,,point
,,,,0.0,29.278911913403896,,point
,,,,0.0,29.278911913403896,,point
,,,,0.0,29.278911913403896,,point
,,,,0.0,29.278911913403896,,point
,,,,0.0,29.278911913403896,,point
,,,,1.0,29.278911913403896,,point
,,,,0.0,29.278911913403896,,point
,,,,1.0,29.278911913403896,,point
,,,,0.0,4.178115435920781,,point
,,,,0.0,4.178115435920781,,point
,,,,0.0,4.178115435920781,,point
,,,,0.0,4.178115435920781,,point
,,,,0.0,4.178115435920781,,point
,,,,0.0,4.178115435920781,,point
,,,,1.0,4.178115435920781,,point
,,,,0.0,4.178115435920781,,point
,,,,1.0,4.178115435920781,,point
,,,,0.0,4.178115435920781,,point
,,,,0.0,4.178115435920781,,point
,,,,0.0,4.178115435920781,,point
,,,,0.0,4.178115435920781,,point
,,,,0.0,4.178115435920781,,point
,,,,1.0,5.989892434625125,,point
,,,,1.0,5.989892434625125,,point
,,,,0.0,5.989892434625125,,point
,,,,0.0,5.989892434625125,,point
,,,,1.0,5.989892434625125,,point
,,,,1.0,5.989892434625125,,point
,,,,0.0,5.989892434625125,,point
,,,,0.0,5.989892434625125,,point
,,,,0.0,5.989892434625125,,point
,,,,0.0,5.989892434625125,,point
,,,,0.0,5.989892434625125,,point
,,,,0.0,5.989892434625125,,point
,,,,0.0,17.11625838564093,,point
,,,,0.0,17.11625838564093,,point
,,,,0.0,17.11625838564093,,point
,,,,0.0,17.11625838564093,,point
,,,,1.0,17.11625838564093,,point
,,,,0.0,17.11625838564093,,point
,,,,0.0,17.11625838564093,,point
,,,,0.0,17.11625838564093,,point
,,,,0.0,17.11625838564093,,point
,,,,0.0,47.38392427635858,,point
,,,,1.0,47.38392427635858,,point
,,,,1.0,47.38392427635858,,point
,,,,0.0,47.38392427635858,,point
,,,,0.0,47.38392427635858,,point
,,,,0.0,47.38392427635858,,point
,,,,0.0,47.38392427635858,,point
,,,,0.0,47.38392427635858,,point
,,,,1.0,34.43512830545618,,point
,,,,1.0,34.43512830545618,,point
,,,,1.0,34.43512830545618,,point
,,,,0.0,34.43512830545618,,point
,,,,1.0,34.43512830545618,,point
,,,,1.0,34.43512830545618,,point
,,,,1.0,34.43512830545618,,point
,,,,0.0,34.43512830545618,,point
,,,,1.0,34.43512830545618,,point
,,,,1.0,34.43512830545618,,point
,,,,1.0,34.43512830545618,,point
,,,,0.0,34.43512830545618,,point
,,,,0.0,34.43512830545618,,point
,,,,1.0,60.864659199279366,,point
,,,,1.0,60.864659199279366,,point
,,,,0.0,60.864659199279366,,point
,,,,0.0,60.864659199279366,,point
,,,,0.0,60.864659199279366,,point
,,,,0.0,60.864659199279366,,point
,,,,0.0,60.864659199279366,,point
,,,,0.0,60.864659199279366,,point
,,,,0.0,60.864659199279366,,point
,,,,0.0,60.864659199279366,,point
,,,,0.0,60.864659199279366,,point
,,,,0.0,67.69194689783927,,point
,,,,0.0,67.69194689783927,,point
,,,,0.0,67.69194689783927,,point
,,,,0.0,67.69194689783927,,point
,,,,0.0,67.69194689783927,,point
,,,,0.0,67.69194689783927,,point
,,,,0.0,67.69194689783927,,point
,,,,1.0,67.69194689783927,,point
,,,,0.0,67.69194689783927,,point
,,,,0.0,67.69194689783927,,point
,,,,1.0,67.69194689783927,,point
,,,,0.0,67.69194689783927,,point
,,,,0.0,67.69194689783927,,point
,,,,0.0,67.69194689783927,,point
,,,,1.0,54.11328356322189,,point
,,,,1.0,54.11328356322189,,point
,,,,1.0,54.11328356322189,,point
,,,,0.0,54.11328356322189,,point
,,,,1.0,54.11328356322189,,point
,,,,0.0,54.11328356322189,,point
,,,,0.0,54.11328356322189,,point
,,,,1.0,54.11328356322189,,point
,,,,0.0,54.11328356322189,,point
,,,,1.0,54.11328356322189,,point
,,,,1.0,1.7294764664072575,,point
,,,,0.0,1.7294764664072575,,point
,,,,0.0,1.7294764664072575,,point
,,,,0.0,1.7294764664072575,,point
,,,,0.0,1.7294764664072575,,point
,,,,0.0,1.7294764664072575,,point
,,,,0.0,1.7294764664072575,,point
,,,,0.0,1.7294764664072575,,point
,,,,0.0,1.7294764664072575,,point
,,,,0.0,1.7294764664072575,,point
,,,,0.0,1.7294764664072575,,point
,,,,0.0,1.7294764664072575,,point
,,,,0.0,1.7294764664072575,,point
,,,,0.0,1.7294764664072575,,point
,,,,0.0,1.7294764664072575,,point
,,,,0.0,103.22677326060132,,point
,,,,0.0,103.22677326060132,,point
,,,,0.0,103.22677326060132,,point
,,,,0.0,103.22677326060132,,point
,,,,0.0,103.22677326060132,,point
,,,,1.0,103.22677326060132,,point
,,,,0.0,103.22677326060132,,point
,,,,1.0,103.22677326060132,,point
,,,,1.0,103.22677326060132,,point
,,,,1.0,103.22677326060132,,point
,,,,0.0,103.22677326060132,,point
,,,,0.0,103.22677326060132,,point
,,,,0.0,103.22677326060132,,point
,,,,1.0,103.22677326060132,,point
,,,,0.0,103.22677326060132,,point
,,,,0.0,22.334593074862227,,point
,,,,1.0,22.334593074862227,,point
,,,,0.0,22.334593074862227,,point
,,,,1.0,22.334593074862227,,point
,,,,0.0,22.334593074862227,,point
,,,,0.0,22.334593074862227,,point
,,,,0.0,22.334593074862227,,point
,,,,0.0,22.334593074862227,,point
,,,,1.0,22.334593074862227,,point
,,,,1.0,22.334593074862227,,point
,,,,0.0,22.334593074862227,,point
,,,,0.0,22.334593074862227,,point
,,,,0.0,22.334593074862227,,point
,,,,0.0,22.334593074862227,,point
,,,,0.0,22.334593074862227,,point
,,,,0.0,22.334593074862227,,point
,,,,0.0,4.715009651253878,,point
,,,,0.0,4.715009651253878,,point
,,,,0.0,4.715009651253878,,point
,,,,0.0,4.715009651253878,,point
,,,,0.0,4.715009651253878,,point
,,,,0.0,4.715009651253878,,point
,,,,0.0,4.715009651253878,,point
,,,,1.0,4.715009651253878,,point
,,,,0.0,4.715009651253878,,point
,,,,0.0,4.715009651253878,,point
,,,,0.0,4.715009651253878,,point
,,,,0.0,4.715009651253878,,point
,,,,0.0,4.715009651253878,,point
,,,,0.0,0.9485639184525942,,point
,,,,0.0,0.9485639184525942,,point
,,,,1.0,0.9485639184525942,,point
,,,,0.0,0.9485639184525942,,point
,,,,1.0,0.9485639184525942,,point
,,,,1.0,0.9485639184525942,,point
,,,,0.0,0.9485639184525942,,point
,,,,0.0,0.9485639184525942,,point
,,,,0.0,0.9485639184525942,,point
,,,,0.0,0.9485639184525942,,point
,,,,0.0,0.9485639184525942,,point
,,,,1.0,0.9485639184525942,,point
,,,,0.0,18.553023815108336,,point
,,,,0.0,18.553023815108336,,point
,,,,0.0,18.553023815108336,,point
,,,,0.0,18.553023815108336,,point
,,,,0.0,18.553023815108336,,point
,,,,0.0,18.553023815108336,,point
,,,,0.0,18.553023815108336,,point
,,,,0.0,18.553023815108336,,point
,,,,0.0,18.553023815108336,,point
,,,,0.0,18.553023815108336,,point
,,,,0.0,18.553023815108336,,point
,,,,0.0,18.553023815108336,,point
,,,,0.0,18.553023815108336,,point
,,,,1.0,59.90343353136484,,point
,,,,0.0,59.90343353136484,,point
,,,,0.0,59.90343353136484,,point
,,,,1.0,59.90343353136484,,point
,,,,0.0,59.90343353136484,,point
,,,,0.0,59.90343353136484,,point
,,,,0.0,59.90343353136484,,point
,,,,0.0,59.90343353136484,,point
,,,,1.0,1.5422283480062926,,point
,,,,0.0,1.5422283480062926,,point
,,,,1.0,1.5422283480062926,,point
,,,,0.0,1.5422283480062926,,point
,,,,0.0,1.5422283480062926,,point
,,,,0.0,1.5422283480062926,,point
,,,,1.0,1.5422283480062926,,point
,,,,0.0,1.5422283480062926,,point
,,,,0.0,1.5422283480062926,,point
,,,,0.0,7.861257819123552,,point
,,,,1.0,7.861257819123552,,point
,,,,0.0,7.861257819123552,,point
,,,,0.0,7.861257819123552,,point
,,,,0.0,7.861257819123552,,point
,,,,0.0,7.861257819123552,,point
,,,,0.0,7.861257819123552,,point
,,,,0.0,39.435040686723795,,point
,,,,1.0,39.435040686723795,,point
,,,,0.0,39.435040686723795,,point
,,,,0.0,39.435040686723795,,point
,,,,0.0,39.435040686723795,,point
,,,,0.0,39.435040686723795,,point
,,,,0.0,39.435040686723795,,point
,,,,0.0,39.435040686723795,,point
,,,,0.0,39.435040686723795,,point
,,,,0.0,39.435040686723795,,point
,,,,0.0,39.435040686723795,,point
,,,,0.0,39.435040686723795,,point
,,,,0.0,35.669671991368176,,point
,,,,0.0,35.669671991368176,,point
,,,,0.0,35.669671991368176,,point
,,,,0.0,35.669671991368176,,point
,,,,0.0,35.669671991368176,,point
,,,,0.0,35.669671991368176,,point
,,,,0.0,35.669671991368176,,point
,,,,0.0,35.669671991368176,,point
,,,,0.0,35.669671991368176,,point
,,,,0.0,35.669671991368176,,point
,,,,0.0,35.669671991368176,,point
,,,,0.0,33.43738538083914,,point
,,,,0.0,33.43738538083914,,point
,,,,0.0,33.43738538083914,,point
,,,,1.0,33.43738538083914,,point
,,,,0.0,33.43738538083914,,point
,,,,0.0,7.090662744940715,,point
,,,,0.0,7.090662744940715,,point
,,,,0.0,7.090662744940715,,point
,,,,0.0,7.090662744940715,,point
,,,,0.0,7.090662744940715,,point
,,,,0.0,7.090662744940715,,point
,,,,0.0,7.090662744940715,,point
,,,,0.0,7.090662744940715,,point
,,,,0.0,7.090662744940715,,point
,,,,0.0,7.090662744940715,,point
,,,,0.0,7.090662744940715,,point
,,,,0.0,5.7189732996617275,,point
,,,,0.0,5.7189732996617275,,point
,,,,0.0,5.7189732996617275,,point
,,,,0.0,5.7189732996617275,,point
,,,,0.0,5.7189732996617275,,point
,,,,0.0,5.7189732996617275,,point
,,,,0.0,5.7189732996617275,,point
,,,,0.0,0.636393019693324,,point
,,,,0.0,0.636393019693324,,point
,,,,0.0,0.636393019693324,,point
,,,,0.0,0.636393019693324,,point
,,,,0.0,0.636393019693324,,point
,,,,0.0,0.636393019693324,,point
,,,,0.0,0.636393019693324,,point
,,,,0.0,0.636393019693324,,point
,,,,1.0,0.636393019693324,,point
,,,,0.0,0.636393019693324,,point
,,,,0.0,0.636393019693324,,point
,,,,0.0,0.636393019693324,,point
,,,,0.0,0.636393019693324,,point
,,,,0.0,0.636393019693324,,point
,,,,0.0,30.75437481974195,,point
,,,,1.0,30.75437481974195,,point
,,,,0.0,30.75437481974195,,point
,,,,0.0,30.75437481974195,,point
,,,,0.0,30.75437481974195,,point
,,,,0.0,30.75437481974195,,point
,,,,0.0,30.75437481974195,,point
,,,,1.0,30.75437481974195,,point
,,,,0.0,30.75437481974195,,point
,,,,0.0,30.75437481974195,,point
,,,,0.0,1.1359366599705987,,point
,,,,0.0,1.1359366599705987,,point
,,,,0.0,1.1359366599705987,,point
,,,,0.0,1.1359366599705987,,point
,,,,0.0,1.1359366599705987,,point
,,,,0.0,1.1359366599705987,,point
,,,,0.0,1.1359366599705987,,point
,,,,0.0,1.1359366599705987,,point
,,,,0.0,1.1359366599705987,,point
,,,,0.0,1.1359366599705987,,point
,,,,0.0,2.6592523128995476,,point
,,,,0.0,2.6592523128995476,,point
,,,,0.0,2.6592523128995476,,point
,,,,0.0,2.6592523128995476,,point
,,,,0.0,2.6592523128995476,,point
,,,,0.0,2.6592523128995476,,point
,,,,0.0,2.6592523128995476,,point
,,,,0.0,2.6592523128995476,,point
,,,,0.0,2.6592523128995476,,point
,,,,0.0,2.6592523128995476,,point
,,,,0.0,2.6592523128995476,,point
,,,,0.0,2.6592523128995476,,point
,,,,0.0,42.76042552549597,,point
,,,,0.0,42.76042552549597,,point
,,,,0.0,42.76042552549597,,point
,,,,0.0,42.76042552549597,,point
,,,,0.0,42.76042552549597,,point
,,,,0.0,42.76042552549597,,point
,,,,0.0,42.76042552549597,,point
,,,,0.0,42.76042552549597,,point
,,,,0.0,42.76042552549597,,point
,,,,0.0,42.76042552549597,,point
,,,,0.0,42.76042552549597,,point
,,,,0.0,42.76042552549597,,point
,,,,0.0,13.386753901307415,,point
,,,,0.0,13.386753901307415,,point
,,,,1.0,13.386753901307415,,point
,,,,0.0,13.386753901307415,,point
,,,,0.0,13.386753901307415,,point
,,,,0.0,13.386753901307415,,point
,,,,0.0,13.386753901307415,,point
,,,,1.0,13.386753901307415,,point
,,,,0.0,13.386753901307415,,point
,,,,0.0,13.386753901307415,,point
,,,,0.0,12.374770028537236,,point
,,,,0.0,12.374770028537236,,point
,,,,0.0,12.374770028537236,,point
,,,,0.0,12.374770028537236,,point
,,,,0.0,12.374770028537236,,point
,,,,0.0,12.374770028537236,,point
,,,,0.0,12.374770028537236,,point
,,,,0.0,12.374770028537236,,point
,,,,0.0,12.374770028537236,,point
,,,,0.0,12.374770028537236,,point
,,,,0.0,12.374770028537236,,point
,,,,0.0,12.374770028537236,,point
,,,,0.0,24.57387410640707,,point
,,,,0.0,24.57387410640707,,point
,,,,0.0,24.57387410640707,,point
,,,,0.0,24.57387410640707,,point
,,,,0.0,24.57387410640707,,point
,,,,0.0,24.57387410640707,,point
,,,,0.0,24.57387410640707,,point
,,,,0.0,24.57387410640707,,point
,,,,0.0,24.57387410640707,,point
,,,,0.0,24.57387410640707,,point
,,,,0.0,24.57387410640707,,point
,,,,0.0,24.57387410640707,,point
,,,,0.0,14.12668185447815,,point
,,,,0.0,14.12668185447815,,point
,,,,0.0,14.12668185447815,,point
,,,,1.0,14.12668185447815,,point
,,,,0.0,14.12668185447815,,point
,,,,0.0,14.12668185447815,,point
,,,,1.0,14.12668185447815,,point
,,,,0.0,14.12668185447815,,point
,,,,0.0,14.12668185447815,,point
,,,,0.0,1.762257806907966,,point
,,,,0.0,1.762257806907966,,point
,,,,1.0,1.762257806907966,,point
,,,,0.0,1.762257806907966,,point
,,,,0.0,1.762257806907966,,point
,,,,0.0,1.762257806907966,,point
,,,,0.0,1.762257806907966,,point
,,,,0.0,1.762257806907966,,point
,,,,0.0,1.762257806907966,,point
,,,,0.0,1.762257806907966,,point
,,,,0.0,1.762257806907966,,point
,,,,0.0,81.89455604716916,,point
,,,,0.0,81.89455604716916,,point
,,,,0.0,81.89455604716916,,point
,,,,0.0,81.89455604716916,,point
,,,,1.0,81.89455604716916,,point
,,,,0.0,81.89455604716916,,point
,,,,0.0,81.89455604716916,,point
,,,,0.0,81.89455604716916,,point
,,,,0.0,81.89455604716916,,point
,,,,0.0,81.89455604716916,,point
,,,,0.0,81.89455604716916,,point
,,,,0.0,81.89455604716916,,point
,,,,0.0,81.89455604716916,,point
,,,,0.0,28.74366208074412,,point
,,,,0.0,28.74366208074412,,point
,,,,0.0,28.74366208074412,,point
,,,,0.0,28.74366208074412,,point
,,,,0.0,28.74366208074412,,point
,,,,0.0,28.74366208074412,,point
,,,,0.0,28.74366208074412,,point
,,,,0.0,28.74366208074412,,point
,,,,0.0,28.74366208074412,,point
,,,,0.0,28.74366208074412,,point
,,,,0.0,28.74366208074412,,point
,,,,0.0,28.74366208074412,,point
,,,,0.0,28.74366208074412,,point
,,,,0.0,28.74366208074412,,point
,,,,0.0,28.74366208074412,,point
,,,,1.0,78.83333786318975,,point
,,,,0.0,78.83333786318975,,point
,,,,0.0,78.83333786318975,,point
,,,,0.0,78.83333786318975,,point
,,,,0.0,78.83333786318975,,point
,,,,0.0,78.83333786318975,,point
,,,,0.0,78.83333786318975,,point
,,,,0.0,78.83333786318975,,point
,,,,0.0,78.83333786318975,,point
,,,,0.0,78.83333786318975,,point
,,,,0.0,78.83333786318975,,point
,,,,0.0,78.83333786318975,,point
,,,,0.0,78.83333786318975,,point
,,,,0.0,0.5860799873508228,,point
,,,,0.0,0.5860799873508228,,point
,,,,0.0,0.5860799873508228,,point
,,,,0.0,0.5860799873508228,,point
,,,,0.0,0.5860799873508228,,point
,,,,1.0,0.5860799873508228,,point
,,,,0.0,0.5860799873508228,,point
,,,,0.0,0.5860799873508228,,point
,,,,0.0,0.5860799873508228,,point
,,,,0.0,0.5860799873508228,,point
,,,,0.0,0.5860799873508228,,point
,,,,1.0,1.773587160427956,,point
,,,,0.0,1.773587160427956,,point
,,,,0.0,1.773587160427956,,point
,,,,0.0,1.773587160427956,,point
,,,,0.0,1.773587160427956,,point
,,,,0.0,1.773587160427956,,point
,,,,0.0,11.696819687100195,,point
,,,,0.0,11.696819687100195,,point
,,,,0.0,11.696819687100195,,point
,,,,0.0,11.696819687100195,,point
,,,,0.0,11.696819687100195,,point
,,,,0.0,11.696819687100195,,point
,,,,1.0,11.696819687100195,,point
,,,,0.0,11.696819687100195,,point
,,,,0.0,11.696819687100195,,point
,,,,0.0,11.696819687100195,,point
,,,,0.0,11.696819687100195,,point
,,,,0.0,11.696819687100195,,point
,,,,0.0,11.696819687100195,,point
,,,,0.0,11.696819687100195,,point
,,,,0.0,1.3838428752612337,,point
,,,,0.0,1.3838428752612337,,point
,,,,0.0,1.3838428752612337,,point
,,,,0.0,1.3838428752612337,,point
,,,,0.0,1.3838428752612337,,point
,,,,0.0,1.3838428752612337,,point
,,,,0.0,1.3838428752612337,,point
,,,,0.0,1.3838428752612337,,point
,,,,0.0,1.3838428752612337,,point
,,,,0.0,1.3838428752612337,,point
,,,,0.0,3.332532280210428,,point
,,,,0.0,3.332532280210428,,point
,,,,0.0,3.332532280210428,,point
,,,,0.0,3.332532280210428,,point
,,,,0.0,3.332532280210428,,point
,,,,0.0,3.332532280210428,,point
,,,,0.0,3.332532280210428,,point
,,,,0.0,3.332532280210428,,point
,,,,0.0,3.332532280210428,,point
,,,,0.0,3.332532280210428,,point
,,,,0.0,3.332532280210428,,point
,,,,0.0,3.332532280210428,,point
,,,,0.0,3.332532280210428,,point
,,,,0.0,3.332532280210428,,point
,,,,0.0,8.781762506203515,,point
,,,,1.0,8.781762506203515,,point
,,,,0.0,8.781762506203515,,point
,,,,0.0,8.781762506203515,,point
,,,,0.0,8.781762506203515,,point
,,,,0.0,8.781762506203515,,point
,,,,0.0,8.781762506203515,,point
,,,,0.0,8.781762506203515,,point
,,,,0.0,8.781762506203515,,point
,,,,0.0,8.781762506203515,,point
,,,,0.0,8.781762506203515,,point
,,,,0.0,8.781762506203515,,point
,,,,1.0,8.781762506203515,,point
,,,,1.0,8.781762506203515,,point
,,,,0.0,8.781762506203515,,point
,,,,0.0,10.970003664481077,,point
,,,,0.0,10.970003664481077,,point
,,,,0.0,10.970003664481077,,point
,,,,0.0,10.970003664481077,,point
,,,,0.0,10.970003664481077,,point
,,,,1.0,10.970003664481077,,point
,,,,0.0,10.970003664481077,,point
,,,,1.0,10.970003664481077,,point
,,,,0.0,10.970003664481077,,point
,,,,0.0,10.970003664481077,,point
,,,,1.0,117.62641372525296,,point
,,,,0.0,117.62641372525296,,point
,,,,0.0,117.62641372525296,,point
,,,,1.0,117.62641372525296,,point
,,,,1.0,117.62641372525296,,point
,,,,0.0,117.62641372525296,,point
,,,,0.0,117.62641372525296,,point
,,,,0.0,117.62641372525296,,point
,,,,1.0,117.62641372525296,,point
,,,,0.0,117.62641372525296,,point
,,,,0.0,117.62641372525296,,point
,,,,1.0,117.62641372525296,,point
,,,,0.0,32.74939824164526,,point
,,,,0.0,32.74939824164526,,point
,,,,0.0,32.74939824164526,,point
,,,,0.0,32.74939824164526,,point
,,,,0.0,32.74939824164526,,point
,,,,0.0,32.74939824164526,,point
,,,,0.0,32.74939824164526,,point
,,,,0.0,32.74939824164526,,point
,,,,0.0,32.74939824164526,,point
,,,,0.0,32.74939824164526,,point
,,,,0.0,3.6254783224095184,,point
,,,,0.0,3.6254783224095184,,point
,,,,0.0,3.6254783224095184,,point
,,,,0.0,3.6254783224095184,,point
,,,,0.0,3.6254783224095184,,point
,,,,1.0,3.6254783224095184,,point
,,,,1.0,3.6254783224095184,,point
,,,,0.0,3.6254783224095184,,point
,,,,0.0,3.6254783224095184,,point
,,,,0.0,3.6254783224095184,,point
,,,,0.0,3.6254783224095184,,point
,,,,0.0,3.6254783224095184,,point
,,,,1.0,43.412882937586026,,point
,,,,0.0,43.412882937586026,,point
,,,,1.0,43.412882937586026,,point
,,,,1.0,43.412882937586026,,point
,,,,0.0,43.412882937586026,,point
,,,,0.0,43.412882937586026,,point
,,,,0.0,43.412882937586026,,point
,,,,0.0,43.412882937586026,,point
,,,,1.0,43.412882937586026,,point
,,,,0.0,43.412882937586026,,point
,,,,0.0,1.0097580076865207,,point
,,,,1.0,1.0097580076865207,,point
,,,,1.0,1.0097580076865207,,point
,,,,0.0,1.0097580076865207,,point
,,,,0.0,1.0097580076865207,,point
,,,,1.0,1.0097580076865207,,point
,,,,1.0,1.0097580076865207,,point
,,,,0.0,1.0097580076865207,,point
,,,,0.0,1.0097580076865207,,point
,,,,0.0,1.0097580076865207,,point
,,,,1.0,1.0097580076865207,,point
,,,,0.0,1.0097580076865207,,point
,,,,0.0,7.114416268541906,,point
,,,,0.0,7.114416268541906,,point
,,,,0.0,7.114416268541906,,point
,,,,0.0,7.114416268541906,,point
,,,,0.0,7.114416268541906,,point
,,,,0.0,7.114416268541906,,point
,,,,0.0,7.114416268541906,,point
,,,,0.0,7.114416268541906,,point
,,,,0.0,7.114416268541906,,point
,,,,0.0,7.114416268541906,,point
,,,,0.0,7.114416268541906,,point
,,,,0.0,7.114416268541906,,point
,,,,0.0,24.902379423707437,,point
,,,,1.0,24.902379423707437,,point
,,,,0.0,24.902379423707437,,point
,,,,0.0,24.902379423707437,,point
,,,,0.0,24.902379423707437,,point
,,,,0.0,24.902379423707437,,point
,,,,0.0,24.902379423707437,,point
,,,,0.0,24.902379423707437,,point
,,,,0.0,24.902379423707437,,point
,,,,0.0,24.902379423707437,,point
,,,,0.0,24.902379423707437,,point
,,,,0.0,24.902379423707437,,point
,,,,0.0,24.902379423707437,,point
,,,,0.0,4.1222588695803335,,point
,,,,0.0,4.1222588695803335,,point
,,,,0.0,4.1222588695803335,,point
,,,,0.0,4.1222588695803335,,point
,,,,0.0,4.1222588695803335,,point
,,,,1.0,4.1222588695803335,,point
,,,,0.0,4.1222588695803335,,point
,,,,0.0,4.1222588695803335,,point
,,,,0.0,3.3823223179988418,,point
,,,,0.0,3.3823223179988418,,point
,,,,0.0,3.3823223179988418,,point
,,,,1.0,3.3823223179988418,,point
,,,,0.0,3.3823223179988418,,point
,,,,0.0,3.3823223179988418,,point
,,,,0.0,3.3823223179988418,,point
,,,,0.0,3.3823223179988418,,point
,,,,0.0,3.3823223179988418,,point
,,,,1.0,9.654150207390048,,point
,,,,0.0,9.654150207390048,,point
,,,,0.0,9.654150207390048,,point
,,,,0.0,9.654150207390048,,point
,,,,0.0,9.654150207390048,,point
,,,,0.0,9.654150207390048,,point
,,,,0.0,9.654150207390048,,point
,,,,0.0,9.654150207390048,,point
,,,,0.0,9.654150207390048,,point
,,,,1.0,9.654150207390048,,point
,,,,0.0,9.654150207390048,,point
,,,,0.0,6.601640123304321,,point
,,,,0.0,6.601640123304321,,point
,,,,0.0,6.601640123304321,,point
,,,,0.0,6.601640123304321,,point
,,,,0.0,6.601640123304321,,point
,,,,0.0,6.601640123304321,,point
,,,,0.0,6.601640123304321,,point
,,,,0.0,6.601640123304321,,point
,,,,0.0,6.601640123304321,,point
,,,,0.0,6.601640123304321,,point
,,,,0.0,6.601640123304321,,point
,,,,0.0,1.0611452659866902,,point
,,,,0.0,1.0611452659866902,,point
,,,,0.0,1.0611452659866902,,point
,,,,0.0,1.0611452659866902,,point
,,,,0.0,1.0611452659866902,,point
,,,,0.0,1.0611452659866902,,point
,,,,0.0,1.0611452659866902,,point
,,,,0.0,1.0611452659866902,,point
,,,,0.0,1.0611452659866902,,point
,,,,0.0,1.0611452659866902,,point
,,,,0.0,1.0611452659866902,,point
,,,,0.0,59.94562255650342,,point
,,,,0.0,59.94562255650342,,point
,,,,1.0,59.94562255650342,,point
,,,,0.0,59.94562255650342,,point
,,,,0.0,59.94562255650342,,point
,,,,0.0,59.94562255650342,,point
,,,,0.0,59.94562255650342,,point
,,,,0.0,59.94562255650342,,point
,,,,0.0,21.11268656026395,,point
,,,,1.0,21.11268656026395,,point
,,,,0.0,21.11268656026395,,point
,,,,0.0,21.11268656026395,,point
,,,,0.0,21.11268656026395,,point
,,,,0.0,21.11268656026395,,point
,,,,1.0,21.11268656026395,,point
,,,,0.0,21.11268656026395,,point
,,,,0.0,21.11268656026395,,point
,,,,0.0,21.11268656026395,,point
,,,,0.0,21.11268656026395,,point
,,,,0.0,21.11268656026395,,point
,,,,0.0,17.517480190536027,,point
,,,,0.0,17.517480190536027,,point
,,,,0.0,17.517480190536027,,point
,,,,0.0,17.517480190536027,,point
,,,,0.0,17.517480190536027,,point
,,,,0.0,17.517480190536027,,point
,,,,0.0,17.517480190536027,,point
,,,,0.0,118.67406913491371,,point
,,,,0.0,118.67406913491371,,point
,,,,0.0,118.67406913491371,,point
,,,,0.0,118.67406913491371,,point
,,,,0.0,118.67406913491371,,point
,,,,0.0,118.67406913491371,,point
,,,,0.0,118.67406913491371,,point
,,,,0.0,118.67406913491371,,point
,,,,0.0,118.67406913491371,,point
,,,,0.0,118.67406913491371,,point
,,,,1.0,118.67406913491371,,point
,,,,0.0,118.67406913491371,,point
,,,,0.0,53.074318782232254,,point
,,,,0.0,53.074318782232254,,point
,,,,0.0,53.074318782232254,,point
,,,,0.0,53.074318782232254,,point
,,,,0.0,53.074318782232254,,point
,,,,0.0,53.074318782232254,,point
,,,,0.0,53.074318782232254,,point
,,,,0.0,53.074318782232254,,point
,,,,0.0,53.074318782232254,,point
,,,,0.0,53.074318782232254,,point
,,,,1.0,53.074318782232254,,point
,,,,0.0,53.074318782232254,,point
,,,,0.0,3.3131885365645792,,point
,,,,0.0,3.3131885365645792,,point
,,,,0.0,3.3131885365645792,,point
,,,,0.0,3.3131885365645792,,point
,,,,0.0,3.3131885365645792,,point
,,,,0.0,3.3131885365645792,,point
,,,,0.0,3.3131885365645792,,point
,,,,0.0,3.3131885365645792,,point
,,,,0.0,3.3131885365645792,,point
,,,,0.0,3.3131885365645792,,point
,,,,1.0,16.018571547318416,,point
,,,,1.0,16.018571547318416,,point
,,,,1.0,16.018571547318416,,point
,,,,1.0,16.018571547318416,,point
,,,,0.0,16.018571547318416,,point
,,,,0.0,16.018571547318416,,point
,,,,0.0,16.018571547318416,,point
,,,,0.0,16.018571547318416,,point
,,,,1.0,16.018571547318416,,point
,,,,0.0,16.018571547318416,,point
,,,,0.0,16.018571547318416,,point
,,,,1.0,3.265964107857547,,point
,,,,1.0,3.265964107857547,,point
,,,,1.0,3.265964107857547,,point
,,,,0.0,3.265964107857547,,point
,,,,0.0,3.265964107857547,,point
,,,,0.0,3.265964107857547,,point
,,,,0.0,3.265964107857547,,point
,,,,0.0,3.265964107857547,,point
,,,,0.0,3.265964107857547,,point
,,,,0.0,3.265964107857547,,point
,,,,1.0,3.265964107857547,,point
,,,,1.0,20.251112084706435,,point
,,,,0.0,20.251112084706435,,point
,,,,0.0,20.251112084706435,,point
,,,,0.0,20.251112084706435,,point
,,,,0.0,20.251112084706435,,point
,,,,0.0,20.251112084706435,,point
,,,,0.0,20.251112084706435,,point
,,,,0.0,20.251112084706435,,point
,,,,0.0,20.251112084706435,,point
,,,,1.0,20.251112084706435,,point
,,,,0.0,5.305679368924152,,point
,,,,1.0,5.305679368924152,,point
,,,,1.0,5.305679368924152,,point
,,,,1.0,5.305679368924152,,point
,,,,0.0,5.305679368924152,,point
,,,,0.0,5.305679368924152,,point
,,,,0.0,5.305679368924152,,point
,,,,1.0,5.305679368924152,,point
,,,,1.0,5.305679368924152,,point
,,,,0.0,5.305679368924152,,point
,,,,0.0,77.22434393190665,,point
,,,,0.0,77.22434393190665,,point
,,,,0.0,77.22434393190665,,point
,,,,0.0,77.22434393190665,,point
,,,,0.0,77.22434393190665,,point
,,,,0.0,77.22434393190665,,point
,,,,0.0,77.22434393190665,,point
,,,,0.0,77.22434393190665,,point
,,,,0.0,77.22434393190665,,point
,,,,0.0,77.22434393190665,,point
,,,,0.0,27.551111784844494,,point
,,,,0.0,27.551111784844494,,point
,,,,1.0,27.551111784844494,,point
,,,,0.0,27.551111784844494,,point
,,,,0.0,27.551111784844494,,point
,,,,0.0,27.551111784844494,,point
,,,,1.0,27.551111784844494,,point
,,,,0.0,27.551111784844494,,point
,,,,1.0,27.551111784844494,,point
,,,,0.0,27.551111784844494,,point
,,,,1.0,27.551111784844494,,point
,,,,0.0,27.551111784844494,,point
,,,,0.0,27.551111784844494,,point
,,,,0.0,27.551111784844494,,point
,,,,1.0,1.6800486375636772,,point
,,,,0.0,1.6800486375636772,,point
,,,,0.0,1.6800486375636772,,point
,,,,0.0,1.6800486375636772,,point
,,,,0.0,1.6800486375636772,,point
,,,,0.0,1.6800486375636772,,point
,,,,0.0,1.6800486375636772,,point
,,,,0.0,1.7863092202154205,,point
,,,,0.0,1.7863092202154205,,point
,,,,0.0,1.7863092202154205,,point
,,,,0.0,1.7863092202154205,,point
,,,,0.0,1.7863092202154205,,point
,,,,0.0,1.7863092202154205,,point
,,,,0.0,1.7863092202154205,,point
,,,,0.0,1.551280995263642,,point
,,,,0.0,1.551280995263642,,point
,,,,0.0,1.551280995263642,,point
,,,,0.0,1.551280995263642,,point
,,,,0.0,1.551280995263642,,point
,,,,0.0,1.551280995263642,,point
,,,,1.0,1.551280995263642,,point
,,,,0.0,1.4617523681721467,,point
,,,,0.0,1.4617523681721467,,point
,,,,0.0,1.4617523681721467,,point
,,,,1.0,1.4617523681721467,,point
,,,,1.0,1.4617523681721467,,point
,,,,0.0,1.4617523681721467,,point
,,,,1.0,1.4617523681721467,,point
,,,,1.0,1.4617523681721467,,point
,,,,0.0,1.4617523681721467,,point
,,,,0.0,1.4617523681721467,,point
,,,,1.0,1.4617523681721467,,point
,,,,1.0,1.4617523681721467,,point
,,,,0.0,1.4617523681721467,,point
,,,,0.0,1.4617523681721467,,point
,,,,1.0,1.293569865705598,,point
,,,,1.0,1.293569865705598,,point
,,,,0.0,1.293569865705598,,point
,,,,0.0,1.293569865705598,,point
,,,,0.0,1.293569865705598,,point
,,,,0.0,1.293569865705598,,point
,,,,0.0,1.293569865705598,,point
,,,,0.0,1.293569865705598,,point
,,,,0.0,1.293569865705598,,point
,,,,0.0,1.293569865705598,,point
,,,,0.0,1.293569865705598,,point
,,,,0.0,1.293569865705598,,point
,,,,0.0,1.293569865705598,,point
,,,,0.0,68.78017851574128,,point
,,,,0.0,68.78017851574128,,point
,,,,1.0,68.78017851574128,,point
,,,,0.0,68.78017851574128,,point
,,,,0.0,68.78017851574128,,point
,,,,0.0,68.78017851574128,,point
,,,,0.0,68.78017851574128,,point
,,,,0.0,68.78017851574128,,point
,,,,0.0,68.78017851574128,,point
,,,,0.0,68.78017851574128,,point
,,,,0.0,68.78017851574128,,point
,,,,0.0,68.78017851574128,,point
,,,,0.0,6.151250314081866,,point
,,,,0.0,6.151250314081866,,point
,,,,0.0,6.151250314081866,,point
,,,,0.0,6.151250314081866,,point
,,,,0.0,6.151250314081866,,point
,,,,0.0,6.151250314081866,,point
,,,,0.0,6.151250314081866,,point
,,,,0.0,6.151250314081866,,point
,,,,0.0,6.151250314081866,,point
,,,,0.0,6.151250314081866,,point
,,,,0.0,6.151250314081866,,point
,,,,0.0,6.151250314081866,,point
,,,,0.0,0.760870917455342,,point
,,,,0.0,0.760870917455342,,point
,,,,0.0,0.760870917455342,,point
,,,,0.0,0.760870917455342,,point
,,,,0.0,0.760870917455342,,point
,,,,0.0,0.760870917455342,,point
,,,,0.0,0.760870917455342,,point
,,,,0.0,0.760870917455342,,point
,,,,0.0,0.760870917455342,,point
,,,,0.0,0.760870917455342,,point
,,,,0.0,0.760870917455342,,point
,,,,0.0,4.214169629924281,,point
,,,,0.0,4.214169629924281,,point
,,,,0.0,4.214169629924281,,point
,,,,0.0,4.214169629924281,,point
,,,,0.0,4.214169629924281,,point
,,,,0.0,4.214169629924281,,point
,,,,1.0,4.214169629924281,,point
,,,,0.0,4.214169629924281,,point
,,,,0.0,4.214169629924281,,point
,,,,0.0,4.214169629924281,,point
,,,,0.0,4.214169629924281,,point
,,,,1.0,4.214169629924281,,point
,,,,0.0,4.214169629924281,,point
,,,,0.0,22.855468782847456,,point
,,,,0.0,22.855468782847456,,point
,,,,1.0,22.855468782847456,,point
,,,,0.0,22.855468782847456,,point
,,,,1.0,22.855468782847456,,point
,,,,0.0,22.855468782847456,,point
,,,,0.0,22.855468782847456,,point
,,,,1.0,22.855468782847456,,point
,,,,1.0,22.855468782847456,,point
,,,,0.0,22.855468782847456,,point
,,,,0.0,22.855468782847456,,point
,,,,0.0,22.855468782847456,,point
,,,,1.0,22.855468782847456,,point
,,,,0.0,30.067471900528894,,point
,,,,0.0,30.067471900528894,,point
,,,,0.0,30.067471900528894,,point
,,,,0.0,55.99853085518955,,point
,,,,0.0,55.99853085518955,,point
,,,,0.0,55.99853085518955,,point
,,,,0.0,55.99853085518955,,point
,,,,0.0,55.99853085518955,,point
,,,,0.0,55.99853085518955,,point
,,,,0.0,55.99853085518955,,point
,,,,0.0,55.99853085518955,,point
,,,,0.0,55.99853085518955,,point
,,,,0.0,55.99853085518955,,point
,,,,0.0,55.99853085518955,,point
,,,,0.0,27.933830723269278,,point
,,,,0.0,27.933830723269278,,point
,,,,0.0,27.933830723269278,,point
,,,,0.0,27.933830723269278,,point
,,,,0.0,27.933830723269278,,point
,,,,0.0,27.933830723269278,,point
,,,,0.0,27.933830723269278,,point
,,,,0.0,27.933830723269278,,point
,,,,0.0,27.933830723269278,,point
,,,,0.0,27.933830723269278,,point
,,,,1.0,2.2814497643709717,,point
,,,,0.0,2.2814497643709717,,point
,,,,0.0,2.2814497643709717,,point
,,,,0.0,2.2814497643709717,,point
,,,,1.0,2.2814497643709717,,point
,,,,0.0,2.2814497643709717,,point
,,,,0.0,2.2814497643709717,,point
,,,,0.0,2.2814497643709717,,point
,,,,0.0,2.2814497643709717,,point
,,,,0.0,2.2814497643709717,,point
,,,,1.0,2.2814497643709717,,point
,,,,0.0,2.2814497643709717,,point
,,,,0.0,30.815322807103023,,point
,,,,0.0,30.815322807103023,,point
,,,,0.0,30.815322807103023,,point
,,,,0.0,30.815322807103023,,point
,,,,0.0,30.815322807103023,,point
,,,,0.0,30.815322807103023,,point
,,,,0.0,30.815322807103023,,point
,,,,0.0,30.815322807103023,,point
,,,,0.0,30.815322807103023,,point
,,,,0.0,30.815322807103023,,point
,,,,0.0,11.547308154723595,,point
,,,,0.0,11.547308154723595,,point
,,,,0.0,11.547308154723595,,point
,,,,0.0,11.547308154723595,,point
,,,,0.0,11.547308154723595,,point
,,,,0.0,11.547308154723595,,point
,,,,0.0,11.547308154723595,,point
,,,,0.0,11.547308154723595,,point
,,,,0.0,11.547308154723595,,point
,,,,0.0,11.547308154723595,,point
,,,,0.0,11.547308154723595,,point
,,,,0.0,11.547308154723595,,point
,,,,0.0,40.48512456396979,,point
,,,,0.0,40.48512456396979,,point
,,,,0.0,40.48512456396979,,point
,,,,0.0,40.48512456396979,,point
,,,,1.0,40.48512456396979,,point
,,,,0.0,40.48512456396979,,point
,,,,0.0,40.48512456396979,,point
,,,,0.0,40.48512456396979,,point
,,,,0.0,40.48512456396979,,point
,,,,0.0,40.48512456396979,,point
,,,,0.0,40.48512456396979,,point
,,,,0.0,40.48512456396979,,point
,,,,0.0,8.075644453319022,,point
,,,,0.0,8.075644453319022,,point
,,,,0.0,8.075644453319022,,point
,,,,1.0,8.075644453319022,,point
,,,,0.0,8.075644453319022,,point
,,,,0.0,8.075644453319022,,point
,,,,0.0,8.075644453319022,,point
,,,,1.0,8.075644453319022,,point
,,,,0.0,45.23641097122206,,point
,,,,0.0,45.23641097122206,,point
,,,,0.0,45.23641097122206,,point
,,,,0.0,45.23641097122206,,point
,,,,0.0,45.23641097122206,,point
,,,,0.0,45.23641097122206,,point
,,,,0.0,26.038017666609335,,point
,,,,0.0,26.038017666609335,,point
,,,,0.0,26.038017666609335,,point
,,,,0.0,26.038017666609335,,point
,,,,0.0,26.038017666609335,,point
,,,,0.0,26.038017666609335,,point
,,,,0.0,26.038017666609335,,point
,,,,0.0,26.038017666609335,,point
,,,,0.0,26.038017666609335,,point
,,,,0.0,26.038017666609335,,point
,,,,0.0,26.038017666609335,,point
,,,,0.0,26.038017666609335,,point
,,,,0.0,26.038017666609335,,point
,,,,0.0,26.038017666609335,,point
,,,,0.0,1.1814578801816258,,point
,,,,0.0,1.1814578801816258,,point
,,,,0.0,1.1814578801816258,,point
,,,,0.0,1.1814578801816258,,point
,,,,0.0,1.1814578801816258,,point
,,,,0.0,1.1814578801816258,,point
,,,,1.0,1.1814578801816258,,point
,,,,1.0,1.1814578801816258,,point
,,,,0.0,1.1814578801816258,,point
,,,,0.0,1.1814578801816258,,point
,,,,1.0,1.1814578801816258,,point
,,,,1.0,1.1814578801816258,,point
,,,,0.0,1.1814578801816258,,point
,,,,0.0,29.104137100217482,,point
,,,,1.0,29.104137100217482,,point
,,,,0.0,29.104137100217482,,point
,,,,1.0,29.104137100217482,,point
,,,,0.0,29.104137100217482,,point
,,,,0.0,29.104137100217482,,point
,,,,1.0,29.104137100217482,,point
,,,,1.0,29.104137100217482,,point
,,,,0.0,29.104137100217482,,point
,,,,0.0,29.104137100217482,,point
,,,,0.0,29.104137100217482,,point
,,,,1.0,29.104137100217482,,point
,,,,0.0,29.104137100217482,,point
,,,,1.0,0.932326464118173,,point
,,,,0.0,0.932326464118173,,point
,,,,0.0,0.932326464118173,,point
,,,,0.0,0.932326464118173,,point
,,,,0.0,0.932326464118173,,point
,,,,1.0,0.932326464118173,,point
,,,,0.0,0.932326464118173,,point
,,,,0.0,0.932326464118173,,point
,,,,0.0,0.932326464118173,,point
,,,,0.0,0.932326464118173,,point
,,,,0.0,0.932326464118173,,point
,,,,0.0,2.9148513253944768,,point
,,,,0.0,2.9148513253944768,,point
,,,,1.0,2.9148513253944768,,point
,,,,0.0,2.9148513253944768,,point
,,,,0.0,2.9148513253944768,,point
,,,,0.0,2.9148513253944768,,point
,,,,0.0,2.9148513253944768,,point
,,,,1.0,2.9148513253944768,,point
,,,,0.0,2.9148513253944768,,point
,,,,0.0,2.449978942081643,,point
,,,,0.0,2.449978942081643,,point
,,,,0.0,2.449978942081643,,point
,,,,0.0,2.449978942081643,,point
,,,,0.0,2.449978942081643,,point
,,,,0.0,2.449978942081643,,point
,,,,1.0,2.449978942081643,,point
,,,,0.0,2.449978942081643,,point
,,,,1.0,2.449978942081643,,point
,,,,0.0,2.449978942081643,,point
,,,,0.0,2.449978942081643,,point
,,,,0.0,31.407276556573045,,point
,,,,0.0,31.407276556573045,,point
,,,,0.0,31.407276556573045,,point
,,,,0.0,31.407276556573045,,point
,,,,0.0,31.407276556573045,,point
,,,,0.0,31.407276556573045,,point
,,,,0.0,31.407276556573045,,point
,,,,0.0,31.407276556573045,,point
,,,,0.0,31.407276556573045,,point
,,,,1.0,31.407276556573045,,point
,,,,1.0,31.407276556573045,,point
,,,,0.0,31.407276556573045,,point
,,,,0.0,31.407276556573045,,point
,,,,1.0,23.38422002394869,,point
,,,,1.0,23.38422002394869,,point
,,,,0.0,23.38422002394869,,point
,,,,0.0,23.38422002394869,,point
,,,,0.0,23.38422002394869,,point
,,,,0.0,23.38422002394869,,point
,,,,0.0,23.38422002394869,,point
,,,,1.0,23.38422002394869,,point
,,,,0.0,23.38422002394869,,point
,,,,0.0,23.38422002394869,,point
,,,,0.0,23.38422002394869,,point
,,,,0.0,41.34509890275676,,point
,,,,0.0,41.34509890275676,,point
,,,,1.0,41.34509890275676,,point
,,,,0.0,41.34509890275676,,point
,,,,1.0,41.34509890275676,,point
,,,,1.0,41.34509890275676,,point
,,,,0.0,41.34509890275676,,point
,,,,0.0,41.34509890275676,,point
,,,,0.0,41.34509890275676,,point
,,,,1.0,41.34509890275676,,point
,,,,1.0,41.34509890275676,,point
,,,,0.0,3.988430960860621,,point
,,,,0.0,3.988430960860621,,point
,,,,0.0,3.988430960860621,,point
,,,,0.0,3.988430960860621,,point
,,,,0.0,3.988430960860621,,point
,,,,0.0,3.988430960860621,,point
,,,,0.0,3.988430960860621,,point
,,,,0.0,3.988430960860621,,point
,,,,0.0,3.988430960860621,,point
,,,,0.0,3.988430960860621,,point
,,,,0.0,17.217673352778082,,point
,,,,0.0,17.217673352778082,,point
,,,,0.0,17.217673352778082,,point
,,,,0.0,17.217673352778082,,point
,,,,0.0,17.217673352778082,,point
,,,,0.0,17.217673352778082,,point
,,,,1.0,17.217673352778082,,point
,,,,0.0,17.217673352778082,,point
,,,,1.0,17.217673352778082,,point
,,,,0.0,17.217673352778082,,point
,,,,0.0,17.217673352778082,,point
,,,,1.0,17.217673352778082,,point
,,,,0.0,17.217673352778082,,point
,,,,0.0,17.217673352778082,,point
,,,,0.0,30.779936556354926,,point
,,,,0.0,30.779936556354926,,point
,,,,1.0,30.779936556354926,,point
,,,,0.0,30.779936556354926,,point
,,,,1.0,30.779936556354926,,point
,,,,1.0,30.779936556354926,,point
,,,,0.0,30.779936556354926,,point
,,,,0.0,30.779936556354926,,point
,,,,0.0,30.779936556354926,,point
,,,,1.0,30.779936556354926,,point
,,,,0.0,30.779936556354926,,point
,,,,0.0,37.31933384100149,,point
,,,,0.0,37.31933384100149,,point
,,,,0.0,37.31933384100149,,point
,,,,0.0,37.31933384100149,,point
,,,,0.0,37.31933384100149,,point
,,,,0.0,37.31933384100149,,point
,,,,0.0,37.31933384100149,,point
,,,,0.0,37.31933384100149,,point
,,,,0.0,37.31933384100149,,point
,,,,0.0,13.237138196642483,,point
,,,,0.0,13.237138196642483,,point
,,,,0.0,13.237138196642483,,point
,,,,0.0,13.237138196642483,,point
,,,,0.0,13.237138196642483,,point
,,,,0.0,13.237138196642483,,point
,,,,0.0,13.237138196642483,,point
,,,,0.0,13.237138196642483,,point
,,,,0.0,13.237138196642483,,point
,,,,0.0,13.237138196642483,,point
,,,,0.0,13.237138196642483,,point
,,,,1.0,13.237138196642483,,point
,,,,0.0,1.3715286243363167,,point
,,,,0.0,1.3715286243363167,,point
,,,,0.0,1.3715286243363167,,point
,,,,1.0,1.3715286243363167,,point
,,,,1.0,1.3715286243363167,,point
,,,,0.0,1.3715286243363167,,point
,,,,1.0,1.3715286243363167,,point
,,,,0.0,1.3715286243363167,,point
,,,,0.0,1.3715286243363167,,point
,,,,1.0,1.3715286243363167,,point
,,,,0.0,1.3715286243363167,,point
,,,,1.0,1.3715286243363167,,point
,,,,0.0,3.8043470310037253,,point
,,,,0.0,3.8043470310037253,,point
,,,,0.0,3.8043470310037253,,point
,,,,0.0,3.8043470310037253,,point
,,,,0.0,3.8043470310037253,,point
,,,,0.0,3.8043470310037253,,point
,,,,0.0,3.8043470310037253,,point
,,,,0.0,3.8043470310037253,,point
,,,,0.0,3.8043470310037253,,point
,,,,0.0,43.28416462257263,,point
,,,,0.0,43.28416462257263,,point
,,,,0.0,43.28416462257263,,point
,,,,0.0,43.28416462257263,,point
,,,,0.0,43.28416462257263,,point
,,,,0.0,43.28416462257263,,point
,,,,0.0,43.28416462257263,,point
,,,,0.0,43.28416462257263,,point
,,,,0.0,43.28416462257263,,point
,,,,0.0,2.0903282540565526,,point
,,,,0.0,2.0903282540565526,,point
,,,,0.0,2.0903282540565526,,point
,,,,0.0,2.0903282540565526,,point
,,,,0.0,2.0903282540565526,,point
,,,,0.0,2.0903282540565526,,point
,,,,1.0,2.0903282540565526,,point
,,,,0.0,2.0903282540565526,,point
,,,,0.0,2.0903282540565526,,point
,,,,0.0,2.0903282540565526,,point
,,,,0.0,2.0903282540565526,,point
,,,,0.0,151.0422065779425,,point
,,,,0.0,151.0422065779425,,point
,,,,0.0,151.0422065779425,,point
,,,,0.0,151.0422065779425,,point
,,,,0.0,151.0422065779425,,point
,,,,1.0,151.0422065779425,,point
,,,,0.0,151.0422065779425,,point
,,,,0.0,151.0422065779425,,point
,,,,0.0,151.0422065779425,,point
,,,,0.0,1.1496089761741572,,point
,,,,0.0,1.1496089761741572,,point
,,,,0.0,1.1496089761741572,,point
,,,,0.0,1.1496089761741572,,point
,,,,0.0,1.1496089761741572,,point
,,,,0.0,1.1496089761741572,,point
,,,,0.0,1.1496089761741572,,point
,,,,0.0,25.523914221010596,,point
,,,,0.0,25.523914221010596,,point
,,,,0.0,25.523914221010596,,point
,,,,0.0,25.523914221010596,,point
,,,,0.0,25.523914221010596,,point
,,,,0.0,25.523914221010596,,point
,,,,0.0,25.523914221010596,,point
,,,,0.0,25.523914221010596,,point
,,,,0.0,3.489606321442755,,point
,,,,0.0,3.489606321442755,,point
,,,,0.0,3.489606321442755,,point
,,,,0.0,3.489606321442755,,point
,,,,0.0,3.489606321442755,,point
,,,,0.0,3.489606321442755,,point
,,,,0.0,3.489606321442755,,point
,,,,0.0,3.489606321442755,,point
,,,,0.0,3.489606321442755,,point
,,,,0.0,3.489606321442755,,point
,,,,0.0,3.489606321442755,,point
,,,,0.0,3.7969811786560235,,point
,,,,0.0,3.7969811786560235,,point
,,,,0.0,3.7969811786560235,,point
,,,,0.0,3.7969811786560235,,point
,,,,0.0,3.7969811786560235,,point
,,,,0.0,3.7969811786560235,,point
,,,,0.0,3.7969811786560235,,point
,,,,0.0,3.7969811786560235,,point
,,,,0.0,3.7969811786560235,,point
,,,,0.0,3.7969811786560235,,point
,,,,0.0,3.7969811786560235,,point
,,,,0.0,3.7969811786560235,,point
,,,,0.0,3.7969811786560235,,point
,,,,0.0,90.10228954185928,,point
,,,,0.0,90.10228954185928,,point
,,,,0.0,90.10228954185928,,point
,,,,0.0,90.10228954185928,,point
,,,,1.0,90.10228954185928,,point
,,,,0.0,90.10228954185928,,point
,,,,0.0,90.10228954185928,,point
,,,,0.0,90.10228954185928,,point
,,,,0.0,1.57083170862346,,point
,,,,0.0,1.57083170862346,,point
,,,,0.0,1.57083170862346,,point
,,,,0.0,1.57083170862346,,point
,,,,0.0,1.57083170862346,,point
,,,,0.0,1.57083170862346,,point
,,,,0.0,1.57083170862346,,point
,,,,0.0,1.57083170862346,,point
,,,,0.0,1.57083170862346,,point
,,,,0.0,1.57083170862346,,point
,,,,0.0,12.685020518939723,,point
,,,,0.0,12.685020518939723,,point
,,,,0.0,12.685020518939723,,point
,,,,0.0,12.685020518939723,,point
,,,,0.0,12.685020518939723,,point
,,,,0.0,12.685020518939723,,point
,,,,0.0,12.685020518939723,,point
,,,,0.0,12.685020518939723,,point
,,,,0.0,12.685020518939723,,point
,,,,0.0,12.685020518939723,,point
,,,,0.0,12.685020518939723,,point
,,,,0.0,30.14257994732361,,point
,,,,0.0,30.14257994732361,,point
,,,,0.0,30.14257994732361,,point
,,,,0.0,30.14257994732361,,point
,,,,0.0,30.14257994732361,,point
,,,,0.0,30.14257994732361,,point
,,,,0.0,30.14257994732361,,point
,,,,0.0,30.14257994732361,,point
,,,,0.0,30.14257994732361,,point
,,,,1.0,30.14257994732361,,point
,,,,0.0,30.14257994732361,,point
,,,,1.0,30.14257994732361,,point
,,,,0.0,30.14257994732361,,point
,,,,0.0,9.86999059465857,,point
,,,,0.0,9.86999059465857,,point
,,,,0.0,9.86999059465857,,point
,,,,0.0,9.86999059465857,,point
,,,,0.0,9.86999059465857,,point
,,,,0.0,9.86999059465857,,point
,,,,0.0,9.86999059465857,,point
,,,,0.0,9.86999059465857,,point
,,,,1.0,53.74973691783926,,point
,,,,0.0,53.74973691783926,,point
,,,,0.0,53.74973691783926,,point
,,,,1.0,53.74973691783926,,point
,,,,0.0,53.74973691783926,,point
,,,,0.0,53.74973691783926,,point
,,,,0.0,53.74973691783926,,point
,,,,0.0,53.74973691783926,,point
,,,,0.0,53.74973691783926,,point
,,,,0.0,53.74973691783926,,point
,,,,0.0,53.74973691783926,,point
,,,,0.0,0.8094050850029869,,point
,,,,0.0,0.8094050850029869,,point
,,,,0.0,0.8094050850029869,,point
,,,,0.0,0.8094050850029869,,point
,,,,0.0,0.8094050850029869,,point
,,,,0.0,0.8094050850029869,,point
,,,,0.0,0.8094050850029869,,point
,,,,0.0,0.8094050850029869,,point
,,,,1.0,0.8094050850029869,,point
,,,,1.0,0.8094050850029869,,point
,,,,0.0,0.8094050850029869,,point
,,,,0.0,0.8094050850029869,,point
,,,,0.0,0.8094050850029869,,point
,,,,0.0,26.552744380172594,,point
,,,,0.0,26.552744380172594,,point
,,,,0.0,26.552744380172594,,point
,,,,0.0,26.552744380172594,,point
,,,,0.0,26.552744380172594,,point
,,,,1.0,26.552744380172594,,point
,,,,0.0,26.552744380172594,,point
,,,,0.0,26.552744380172594,,point
,,,,1.0,26.552744380172594,,point
,,,,0.0,26.552744380172594,,point
,,,,0.0,26.552744380172594,,point
,,,,0.0,26.552744380172594,,point
,,,,0.0,11.234491913048466,,point
,,,,1.0,11.234491913048466,,point
,,,,0.0,11.234491913048466,,point
,,,,0.0,11.234491913048466,,point
,,,,0.0,11.234491913048466,,point
,,,,0.0,11.234491913048466,,point
,,,,0.0,11.234491913048466,,point
,,,,0.0,11.234491913048466,,point
,,,,0.0,11.234491913048466,,point
,,,,0.0,11.234491913048466,,point
,,,,0.0,11.234491913048466,,point
,,,,0.0,11.234491913048466,,point
,,,,0.0,18.461682890831128,,point
,,,,0.0,18.461682890831128,,point
,,,,0.0,18.461682890831128,,point
,,,,0.0,18.461682890831128,,point
,,,,0.0,18.461682890831128,,point
,,,,0.0,18.461682890831128,,point
,,,,0.0,18.461682890831128,,point
,,,,0.0,18.461682890831128,,point
,,,,0.0,18.461682890831128,,point
,,,,0.0,18.461682890831128,,point
,,,,0.0,18.461682890831128,,point
,,,,0.0,18.461682890831128,,point
,,,,0.0,18.461682890831128,,point
,,,,0.0,18.461682890831128,,point
,,,,0.0,18.461682890831128,,point
,,,,0.0,18.461682890831128,,point
,,,,0.0,18.461682890831128,,point
,,,,0.0,1.1648431599093172,,point
,,,,0.0,1.1648431599093172,,point
,,,,0.0,1.1648431599093172,,point
,,,,0.0,1.1648431599093172,,point
,,,,0.0,1.1648431599093172,,point
,,,,0.0,1.1648431599093172,,point
,,,,0.0,1.1648431599093172,,point
,,,,0.0,1.1648431599093172,,point
,,,,0.0,1.1648431599093172,,point
,,,,0.0,1.1648431599093172,,point
,,,,0.0,55.80660632852464,,point
,,,,0.0,55.80660632852464,,point
,,,,0.0,55.80660632852464,,point
,,,,0.0,55.80660632852464,,point
,,,,0.0,55.80660632852464,,point
,,,,1.0,55.80660632852464,,point
,,,,0.0,55.80660632852464,,point
,,,,0.0,55.80660632852464,,point
,,,,0.0,55.80660632852464,,point
,,,,0.0,55.80660632852464,,point
,,,,0.0,24.602985741962392,,point
,,,,0.0,24.602985741962392,,point
,,,,0.0,24.602985741962392,,point
,,,,0.0,24.602985741962392,,point
,,,,0.0,24.602985741962392,,point
,,,,0.0,24.602985741962392,,point
,,,,0.0,24.602985741962392,,point
,,,,0.0,24.602985741962392,,point
,,,,0.0,24.602985741962392,,point
,,,,0.0,24.602985741962392,,point
,,,,0.0,24.602985741962392,,point
,,,,1.0,24.602985741962392,,point
,,,,0.0,24.602985741962392,,point
,,,,0.0,24.602985741962392,,point
,,,,0.0,1.98032311326285,,point
,,,,0.0,1.98032311326285,,point
,,,,0.0,1.98032311326285,,point
,,,,1.0,1.98032311326285,,point
,,,,0.0,1.98032311326285,,point
,,,,0.0,1.98032311326285,,point
,,,,0.0,1.98032311326285,,point
,,,,0.0,1.98032311326285,,point
,,,,0.0,1.98032311326285,,point
,,,,0.0,1.98032311326285,,point
,,,,0.0,1.98032311326285,,point
,,,,0.0,27.92946735048234,,point
,,,,0.0,27.92946735048234,,point
,,,,0.0,27.92946735048234,,point
,,,,0.0,27.92946735048234,,point
,,,,0.0,27.92946735048234,,point
,,,,0.0,27.92946735048234,,point
,,,,0.0,27.92946735048234,,point
,,,,0.0,27.92946735048234,,point
,,,,0.0,27.92946735048234,,point
,,,,0.0,27.92946735048234,,point
,,,,0.0,55.83386220327471,,point
,,,,0.0,55.83386220327471,,point
,,,,0.0,55.83386220327471,,point
,,,,0.0,55.83386220327471,,point
,,,,0.0,55.83386220327471,,point
,,,,0.0,55.83386220327471,,point
,,,,0.0,55.83386220327471,,point
,,,,1.0,55.83386220327471,,point
,,,,0.0,55.83386220327471,,point
,,,,0.0,55.83386220327471,,point
,,,,0.0,55.83386220327471,,point
,,,,0.0,55.83386220327471,,point
,,,,0.0,55.83386220327471,,point
,,,,0.0,75.4990200623427,,point
,,,,0.0,75.4990200623427,,point
,,,,1.0,75.4990200623427,,point
,,,,0.0,75.4990200623427,,point
,,,,0.0,75.4990200623427,,point
,,,,0.0,75.4990200623427,,point
,,,,0.0,75.4990200623427,,point
,,,,0.0,75.4990200623427,,point
,,,,0.0,75.4990200623427,,point
,,,,1.0,75.4990200623427,,point
,,,,1.0,75.4990200623427,,point
,,,,0.0,75.4990200623427,,point
,,,,0.0,50.47722925918655,,point
,,,,0.0,50.47722925918655,,point
,,,,0.0,50.47722925918655,,point
,,,,0.0,50.47722925918655,,point
,,,,0.0,50.47722925918655,,point
,,,,0.0,50.47722925918655,,point
,,,,0.0,50.47722925918655,,point
,,,,0.0,1.6869440691275221,,point
,,,,0.0,1.6869440691275221,,point
,,,,0.0,1.6869440691275221,,point
,,,,0.0,1.6869440691275221,,point
,,,,0.0,1.6869440691275221,,point
,,,,0.0,1.6869440691275221,,point
,,,,0.0,1.6869440691275221,,point
,,,,0.0,1.6869440691275221,,point
,,,,0.0,1.6869440691275221,,point
,,,,0.0,1.6869440691275221,,point
,,,,0.0,1.6869440691275221,,point
,,,,0.0,1.6869440691275221,,point
,,,,0.0,24.651860251832975,,point
,,,,0.0,24.651860251832975,,point
,,,,0.0,24.651860251832975,,point
,,,,0.0,24.651860251832975,,point
,,,,0.0,24.651860251832975,,point
,,,,1.0,24.651860251832975,,point
,,,,0.0,24.651860251832975,,point
,,,,0.0,24.651860251832975,,point
,,,,0.0,24.651860251832975,,point
,,,,0.0,24.651860251832975,,point
,,,,0.0,24.651860251832975,,point
,,,,0.0,24.651860251832975,,point
,,,,1.0,37.8713166715112,,point
,,,,0.0,37.8713166715112,,point
,,,,0.0,37.8713166715112,,point
,,,,0.0,37.8713166715112,,point
,,,,0.0,37.8713166715112,,point
,,,,0.0,37.8713166715112,,point
,,,,1.0,37.8713166715112,,point
,,,,1.0,37.8713166715112,,point
,,,,0.0,37.8713166715112,,point
,,,,0.0,37.8713166715112,,point
,,,,0.0,12.818063640125615,,point
,,,,0.0,12.818063640125615,,point
,,,,0.0,12.818063640125615,,point
,,,,0.0,12.818063640125615,,point
,,,,0.0,12.818063640125615,,point
,,,,0.0,12.818063640125615,,point
,,,,0.0,12.818063640125615,,point
,,,,0.0,12.818063640125615,,point
,,,,0.0,12.818063640125615,,point
,,,,0.0,12.818063640125615,,point
,,,,0.0,12.818063640125615,,point
,,,,0.0,5.782829645036975,,point
,,,,0.0,5.782829645036975,,point
,,,,0.0,5.782829645036975,,point
,,,,0.0,5.782829645036975,,point
,,,,0.0,5.782829645036975,,point
,,,,0.0,5.782829645036975,,point
,,,,0.0,5.782829645036975,,point
,,,,0.0,5.782829645036975,,point
,,,,1.0,1.9225205022761627,,point
,,,,0.0,1.9225205022761627,,point
,,,,0.0,1.9225205022761627,,point
,,,,0.0,1.9225205022761627,,point
,,,,0.0,1.9225205022761627,,point
,,,,0.0,1.9225205022761627,,point
,,,,0.0,1.9225205022761627,,point
,,,,0.0,1.9225205022761627,,point
,,,,0.0,1.9225205022761627,,point
,,,,0.0,1.9225205022761627,,point
,,,,0.0,1.9225205022761627,,point
,,,,0.0,1.9225205022761627,,point
,,,,0.0,1.9225205022761627,,point
,,,,0.0,24.62353007910376,,point
,,,,1.0,24.62353007910376,,point
,,,,0.0,24.62353007910376,,point
,,,,0.0,24.62353007910376,,point
,,,,0.0,24.62353007910376,,point
,,,,0.0,24.62353007910376,,point
,,,,0.0,24.62353007910376,,point
,,,,0.0,24.62353007910376,,point
,,,,0.0,24.62353007910376,,point
,,,,0.0,24.62353007910376,,point
,,,,0.0,0.822889845651895,,point
,,,,0.0,0.822889845651895,,point
,,,,0.0,0.822889845651895,,point
,,,,0.0,0.822889845651895,,point
,,,,0.0,0.822889845651895,,point
,,,,0.0,0.822889845651895,,point
,,,,0.0,0.822889845651895,,point
,,,,0.0,0.822889845651895,,point
,,,,0.0,0.822889845651895,,point
,,,,0.0,21.94506201443678,,point
,,,,0.0,21.94506201443678,,point
,,,,0.0,21.94506201443678,,point
,,,,0.0,21.94506201443678,,point
,,,,0.0,21.94506201443678,,point
,,,,0.0,21.94506201443678,,point
,,,,0.0,21.94506201443678,,point
,,,,0.0,21.94506201443678,,point
,,,,0.0,21.94506201443678,,point
,,,,0.0,9.91136724816285,,point
,,,,0.0,9.91136724816285,,point
,,,,0.0,9.91136724816285,,point
,,,,0.0,9.91136724816285,,point
,,,,0.0,9.91136724816285,,point
,,,,0.0,9.91136724816285,,point
,,,,0.0,9.91136724816285,,point
,,,,0.0,9.91136724816285,,point
,,,,0.0,9.91136724816285,,point
,,,,0.0,9.91136724816285,,point
,,,,0.0,9.91136724816285,,point
,,,,0.0,9.91136724816285,,point
,,,,0.0,1.0747527067263862,,point
,,,,1.0,1.0747527067263862,,point
,,,,0.0,1.0747527067263862,,point
,,,,0.0,1.0747527067263862,,point
,,,,0.0,1.0747527067263862,,point
,,,,1.0,1.0747527067263862,,point
,,,,0.0,1.0747527067263862,,point
,,,,1.0,1.0747527067263862,,point
,,,,0.0,1.0747527067263862,,point
,,,,0.0,1.0747527067263862,,point
,,,,1.0,1.0747527067263862,,point
,,,,0.0,16.59616517594567,,point
,,,,0.0,16.59616517594567,,point
,,,,0.0,16.59616517594567,,point
,,,,0.0,16.59616517594567,,point
,,,,0.0,16.59616517594567,,point
,,,,0.0,16.59616517594567,,point
,,,,0.0,16.59616517594567,,point
,,,,1.0,16.59616517594567,,point
,,,,0.0,16.59616517594567,,point
,,,,0.0,16.59616517594567,,point
,,,,0.0,16.59616517594567,,point
,,,,0.0,16.59616517594567,,point
,,,,0.0,52.43716378307894,,point
,,,,1.0,52.43716378307894,,point
,,,,0.0,52.43716378307894,,point
,,,,0.0,52.43716378307894,,point
,,,,0.0,52.43716378307894,,point
,,,,1.0,52.43716378307894,,point
,,,,0.0,52.43716378307894,,point
,,,,0.0,52.43716378307894,,point
,,,,1.0,52.43716378307894,,point
,,,,0.0,52.43716378307894,,point
,,,,0.0,52.43716378307894,,point
,,,,0.0,52.43716378307894,,point
,,,,1.0,52.43716378307894,,point
,,,,0.0,131.50560483586094,,point
,,,,0.0,131.50560483586094,,point
,,,,0.0,131.50560483586094,,point
,,,,1.0,131.50560483586094,,point
,,,,0.0,131.50560483586094,,point
,,,,0.0,131.50560483586094,,point
,,,,0.0,131.50560483586094,,point
,,,,0.0,131.50560483586094,,point
,,,,0.0,131.50560483586094,,point
,,,,0.0,131.50560483586094,,point
,,,,0.0,131.50560483586094,,point
,,,,0.0,26.620379656590032,,point
,,,,0.0,26.620379656590032,,point
,,,,0.0,26.620379656590032,,point
,,,,0.0,26.620379656590032,,point
,,,,0.0,26.620379656590032,,point
,,,,1.0,26.620379656590032,,point
,,,,0.0,26.620379656590032,,point
,,,,1.0,26.620379656590032,,point
,,,,0.0,26.620379656590032,,point
,,,,0.0,26.620379656590032,,point
,,,,0.0,26.620379656590032,,point
,,,,0.0,26.620379656590032,,point
,,,,0.0,26.620379656590032,,point
,,,,0.0,83.27160244316393,,point
,,,,0.0,83.27160244316393,,point
,,,,0.0,83.27160244316393,,point
,,,,0.0,83.27160244316393,,point
,,,,0.0,83.27160244316393,,point
,,,,0.0,83.27160244316393,,point
,,,,0.0,83.27160244316393,,point
,,,,0.0,83.27160244316393,,point
,,,,1.0,83.27160244316393,,point
,,,,0.0,83.27160244316393,,point
,,,,0.0,83.27160244316393,,point
,,,,0.0,83.27160244316393,,point
,,,,0.0,35.881395440916904,,point
,,,,0.0,35.881395440916904,,point
,,,,0.0,35.881395440916904,,point
,,,,1.0,35.881395440916904,,point
,,,,0.0,35.881395440916904,,point
,,,,0.0,35.881395440916904,,point
,,,,1.0,35.881395440916904,,point
,,,,0.0,35.881395440916904,,point
,,,,0.0,35.881395440916904,,point
,,,,1.0,35.881395440916904,,point
,,,,0.0,1.3842007570375523,,point
,,,,0.0,1.3842007570375523,,point
,,,,0.0,1.3842007570375523,,point
,,,,1.0,1.3842007570375523,,point
,,,,0.0,1.3842007570375523,,point
,,,,1.0,1.3842007570375523,,point
,,,,0.0,1.3842007570375523,,point
,,,,1.0,1.3842007570375523,,point
,,,,0.0,1.3842007570375523,,point
,,,,0.0,1.3842007570375523,,point
,,,,0.0,1.3842007570375523,,point
,,,,0.0,1.826814009260921,,point
,,,,0.0,1.826814009260921,,point
,,,,0.0,1.826814009260921,,point
,,,,0.0,1.826814009260921,,point
,,,,0.0,1.826814009260921,,point
,,,,0.0,1.826814009260921,,point
,,,,0.0,1.826814009260921,,point
,,,,0.0,1.826814009260921,,point
,,,,0.0,1.8951920362065848,,point
,,,,1.0,1.8951920362065848,,point
,,,,0.0,1.8951920362065848,,point
,,,,0.0,1.8951920362065848,,point
,,,,0.0,1.8951920362065848,,point
,,,,0.0,1.8951920362065848,,point
,,,,0.0,1.8951920362065848,,point
,,,,0.0,1.8951920362065848,,point
,,,,0.0,1.8951920362065848,,point
,,,,1.0,1.8951920362065848,,point
,,,,1.0,7.428712081579988,,point
,,,,1.0,7.428712081579988,,point
,,,,0.0,7.428712081579988,,point
,,,,0.0,7.428712081579988,,point
,,,,0.0,7.428712081579988,,point
,,,,1.0,7.428712081579988,,point
,,,,1.0,7.428712081579988,,point
,,,,0.0,7.428712081579988,,point
,,,,0.0,7.428712081579988,,point
,,,,1.0,7.428712081579988,,point
,,,,1.0,7.428712081579988,,point
,,,,0.0,7.428712081579988,,point
,,,,0.0,7.428712081579988,,point
,,,,0.0,7.428712081579988,,point
,,,,0.0,3.118285893963483,,point
,,,,0.0,3.118285893963483,,point
,,,,0.0,3.118285893963483,,point
,,,,0.0,3.118285893963483,,point
,,,,0.0,3.118285893963483,,point
,,,,0.0,3.118285893963483,,point
,,,,0.0,3.118285893963483,,point
,,,,0.0,3.118285893963483,,point
,,,,0.0,3.118285893963483,,point
,,,,0.0,3.2659303390338112,,point
,,,,0.0,3.2659303390338112,,point
,,,,1.0,3.2659303390338112,,point
,,,,0.0,3.2659303390338112,,point
,,,,1.0,3.2659303390338112,,point
,,,,0.0,3.2659303390338112,,point
,,,,0.0,3.2659303390338112,,point
,,,,0.0,3.2659303390338112,,point
,,,,0.0,3.2659303390338112,,point
,,,,1.0,3.2659303390338112,,point
,,,,0.0,3.2659303390338112,,point
,,,,0.0,3.2659303390338112,,point
,,,,0.0,3.2659303390338112,,point
,,,,0.0,86.00986200669843,,point
,,,,0.0,86.00986200669843,,point
,,,,0.0,86.00986200669843,,point
,,,,0.0,86.00986200669843,,point
,,,,0.0,86.00986200669843,,point
,,,,0.0,86.00986200669843,,point
,,,,0.0,86.00986200669843,,point
,,,,0.0,86.00986200669843,,point
,,,,0.0,86.00986200669843,,point
,,,,0.0,86.00986200669843,,point
,,,,0.0,86.00986200669843,,point
,,,,0.0,86.00986200669843,,point
,,,,1.0,86.00986200669843,,point
,,,,0.0,86.00986200669843,,point
,,,,0.0,40.34527919047304,,point
,,,,0.0,40.34527919047304,,point
,,,,0.0,40.34527919047304,,point
,,,,0.0,40.34527919047304,,point
,,,,0.0,40.34527919047304,,point
,,,,0.0,40.34527919047304,,point
,,,,0.0,40.34527919047304,,point
,,,,0.0,2.582767786846657,,point
,,,,0.0,2.582767786846657,,point
,,,,0.0,2.582767786846657,,point
,,,,0.0,2.582767786846657,,point
,,,,0.0,2.582767786846657,,point
,,,,0.0,2.582767786846657,,point
,,,,0.0,2.582767786846657,,point
,,,,1.0,12.490961590296882,,point
,,,,0.0,12.490961590296882,,point
,,,,0.0,12.490961590296882,,point
,,,,0.0,12.490961590296882,,point
,,,,0.0,12.490961590296882,,point
,,,,0.0,12.490961590296882,,point
,,,,0.0,12.490961590296882,,point
,,,,1.0,12.490961590296882,,point
,,,,0.0,85.53399737834182,,point
,,,,0.0,85.53399737834182,,point
,,,,0.0,85.53399737834182,,point
,,,,0.0,85.53399737834182,,point
,,,,0.0,85.53399737834182,,point
,,,,0.0,85.53399737834182,,point
,,,,0.0,85.53399737834182,,point
,,,,0.0,85.53399737834182,,point
,,,,1.0,85.53399737834182,,point
,,,,0.0,85.53399737834182,,point
,,,,0.0,85.53399737834182,,point
,,,,0.0,85.53399737834182,,point
,,,,0.0,85.53399737834182,,point
,,,,0.0,85.53399737834182,,point
,,,,0.0,85.53399737834182,,point
,,,,0.0,15.209694963876839,,point
,,,,0.0,15.209694963876839,,point
,,,,0.0,15.209694963876839,,point
,,,,0.0,15.209694963876839,,point
,,,,0.0,15.209694963876839,,point
,,,,0.0,15.209694963876839,,point
,,,,0.0,15.209694963876839,,point
,,,,0.0,15.209694963876839,,point
,,,,0.0,116.30272476984783,,point
,,,,0.0,116.30272476984783,,point
,,,,1.0,116.30272476984783,,point
,,,,0.0,116.30272476984783,,point
,,,,0.0,116.30272476984783,,point
,,,,0.0,116.30272476984783,,point
,,,,0.0,116.30272476984783,,point
,,,,0.0,116.30272476984783,,point
,,,,0.0,116.30272476984783,,point
,,,,1.0,116.30272476984783,,point
,,,,1.0,10.46696264191203,,point
,,,,0.0,10.46696264191203,,point
,,,,0.0,10.46696264191203,,point
,,,,0.0,10.46696264191203,,point
,,,,0.0,10.46696264191203,,point
,,,,0.0,10.46696264191203,,point
,,,,1.0,10.46696264191203,,point
,,,,0.0,10.46696264191203,,point
,,,,0.0,10.46696264191203,,point
,,,,0.0,10.46696264191203,,point
,,,,0.0,10.46696264191203,,point
,,,,0.0,10.46696264191203,,point
,,,,0.0,3.945492720010921,,point
,,,,0.0,3.945492720010921,,point
,,,,0.0,3.945492720010921,,point
,,,,0.0,3.945492720010921,,point
,,,,0.0,3.945492720010921,,point
,,,,0.0,3.945492720010921,,point
,,,,0.0,3.945492720010921,,point
,,,,0.0,3.945492720010921,,point
,,,,0.0,3.945492720010921,,point
,,,,0.0,3.945492720010921,,point
,,,,0.0,3.945492720010921,,point
,,,,1.0,3.945492720010921,,point
,,,,0.0,17.61878018870349,,point
,,,,0.0,17.61878018870349,,point
,,,,0.0,17.61878018870349,,point
,,,,0.0,17.61878018870349,,point
,,,,0.0,17.61878018870349,,point
,,,,0.0,17.61878018870349,,point
,,,,0.0,17.61878018870349,,point
,,,,0.0,17.61878018870349,,point
,,,,0.0,17.61878018870349,,point
,,,,0.0,17.61878018870349,,point
,,,,0.0,17.61878018870349,,point
,,,,0.0,17.61878018870349,,point
,,,,0.0,17.61878018870349,,point
,,,,0.0,33.373618334744805,,point
,,,,0.0,33.373618334744805,,point
,,,,1.0,33.373618334744805,,point
,,,,0.0,33.373618334744805,,point
,,,,0.0,33.373618334744805,,point
,,,,0.0,33.373618334744805,,point
,,,,0.0,33.373618334744805,,point
,,,,0.0,33.373618334744805,,point
,,,,0.0,33.373618334744805,,point
,,,,1.0,33.373618334744805,,point
,,,,0.0,33.373618334744805,,point
,,,,0.0,33.373618334744805,,point
,,,,1.0,33.373618334744805,,point
,,,,0.0,101.33063605520307,,point
,,,,0.0,101.33063605520307,,point
,,,,0.0,101.33063605520307,,point
,,,,0.0,101.33063605520307,,point
,,,,0.0,101.33063605520307,,point
,,,,0.0,101.33063605520307,,point
,,,,0.0,101.33063605520307,,point
,,,,0.0,101.33063605520307,,point
,,,,0.0,101.33063605520307,,point
,,,,0.0,101.33063605520307,,point
,,,,0.0,101.33063605520307,,point
,,,,0.0,101.33063605520307,,point
,,,,0.0,101.33063605520307,,point
,,,,0.0,46.340390363785545,,point
,,,,0.0,46.340390363785545,,point
,,,,0.0,46.340390363785545,,point
,,,,1.0,46.340390363785545,,point
,,,,0.0,46.340390363785545,,point
,,,,0.0,46.340390363785545,,point
,,,,0.0,46.340390363785545,,point
,,,,1.0,46.340390363785545,,point
,,,,0.0,46.340390363785545,,point
,,,,0.0,46.340390363785545,,point
,,,,0.0,46.340390363785545,,point
,,,,0.0,3.3195514580041636,,point
,,,,0.0,3.3195514580041636,,point
,,,,0.0,3.3195514580041636,,point
,,,,1.0,3.3195514580041636,,point
,,,,0.0,3.3195514580041636,,point
,,,,0.0,3.3195514580041636,,point
,,,,0.0,3.3195514580041636,,point
,,,,0.0,3.3195514580041636,,point
,,,,0.0,3.3195514580041636,,point
,,,,0.0,3.3195514580041636,,point
,,,,0.0,3.3195514580041636,,point
,,,,1.0,3.3195514580041636,,point
,,,,0.0,8.645885489219951,,point
,,,,0.0,8.645885489219951,,point
,,,,1.0,8.645885489219951,,point
,,,,0.0,8.645885489219951,,point
,,,,0.0,8.645885489219951,,point
,,,,0.0,8.645885489219951,,point
,,,,0.0,8.645885489219951,,point
,,,,0.0,8.645885489219951,,point
,,,,0.0,8.645885489219951,,point
,,,,0.0,8.645885489219951,,point
,,,,0.0,8.645885489219951,,point
,,,,0.0,8.645885489219951,,point
,,,,1.0,1.6928845352315338,,point
,,,,1.0,1.6928845352315338,,point
,,,,0.0,1.6928845352315338,,point
,,,,0.0,1.6928845352315338,,point
,,,,0.0,1.6928845352315338,,point
,,,,1.0,1.6928845352315338,,point
,,,,0.0,1.6928845352315338,,point
,,,,0.0,1.6928845352315338,,point
,,,,0.0,1.6928845352315338,,point
,,,,0.0,1.6928845352315338,,point
,,,,0.0,1.6928845352315338,,point
,,,,0.0,1.6928845352315338,,point
,,,,0.0,1.6928845352315338,,point
,,,,0.0,1.6928845352315338,,point
,,,,0.0,1.8247959650962593,,point
,,,,0.0,1.8247959650962593,,point
,,,,0.0,1.8247959650962593,,point
,,,,0.0,1.8247959650962593,,point
,,,,0.0,1.8247959650962593,,point
,,,,0.0,1.8247959650962593,,point
,,,,0.0,1.8247959650962593,,point
,,,,0.0,1.8247959650962593,,point
,,,,0.0,1.8247959650962593,,point
,,,,0.0,1.8247959650962593,,point
,,,,0.0,1.8247959650962593,,point
,,,,0.0,1.8247959650962593,,point
,,,,0.0,1.8247959650962593,,point
,,,,0.0,1.8247959650962593,,point
,,,,0.0,47.802643875496415,,point
,,,,0.0,47.802643875496415,,point
,,,,0.0,47.802643875496415,,point
,,,,0.0,47.802643875496415,,point
,,,,0.0,47.802643875496415,,point
,,,,0.0,47.802643875496415,,point
,,,,0.0,47.802643875496415,,point
,,,,0.0,47.802643875496415,,point
,,,,1.0,47.802643875496415,,point
,,,,0.0,47.802643875496415,,point
,,,,0.0,29.061028378121037,,point
,,,,0.0,29.061028378121037,,point
,,,,0.0,29.061028378121037,,point
,,,,1.0,29.061028378121037,,point
,,,,0.0,29.061028378121037,,point
,,,,1.0,29.061028378121037,,point
,,,,0.0,29.061028378121037,,point
,,,,0.0,29.061028378121037,,point
,,,,0.0,29.061028378121037,,point
,,,,0.0,29.061028378121037,,point
,,,,0.0,29.061028378121037,,point
,,,,0.0,29.061028378121037,,point
,,,,0.0,7.363403437711363,,point
,,,,1.0,7.363403437711363,,point
,,,,0.0,7.363403437711363,,point
,,,,1.0,7.363403437711363,,point
,,,,0.0,7.363403437711363,,point
,,,,0.0,7.363403437711363,,point
,,,,1.0,7.363403437711363,,point
,,,,0.0,7.363403437711363,,point
,,,,0.0,7.363403437711363,,point
,,,,0.0,7.363403437711363,,point
,,,,1.0,7.363403437711363,,point
,,,,0.0,54.625923081498485,,point
,,,,0.0,54.625923081498485,,point
,,,,0.0,54.625923081498485,,point
,,,,0.0,54.625923081498485,,point
,,,,0.0,54.625923081498485,,point
,,,,0.0,54.625923081498485,,point
,,,,1.0,54.625923081498485,,point
,,,,1.0,54.625923081498485,,point
,,,,0.0,1.5378790122976678,,point
,,,,1.0,1.5378790122976678,,point
,,,,0.0,1.5378790122976678,,point
,,,,1.0,1.5378790122976678,,point
,,,,0.0,1.5378790122976678,,point
,,,,0.0,1.5378790122976678,,point
,,,,1.0,1.5378790122976678,,point
,,,,0.0,1.5378790122976678,,point
,,,,1.0,1.5378790122976678,,point
,,,,0.0,1.5378790122976678,,point
,,,,0.0,1.5378790122976678,,point
,,,,0.0,1.5378790122976678,,point
,,,,0.0,3.081172139104056,,point
,,,,0.0,3.081172139104056,,point
,,,,0.0,3.081172139104056,,point
,,,,0.0,3.081172139104056,,point
,,,,0.0,3.081172139104056,,point
,,,,0.0,3.081172139104056,,point
,,,,0.0,3.081172139104056,,point
,,,,0.0,3.081172139104056,,point
,,,,0.0,3.081172139104056,,point
,,,,0.0,3.081172139104056,,point
,,,,0.0,3.081172139104056,,point
,,,,0.0,3.081172139104056,,point
,,,,0.0,3.081172139104056,,point
,,,,0.0,3.081172139104056,,point
,,,,0.0,3.081172139104056,,point
,,,,0.0,0.9415523237890259,,point
,,,,1.0,0.9415523237890259,,point
,,,,1.0,0.9415523237890259,,point
,,,,0.0,0.9415523237890259,,point
,,,,0.0,0.9415523237890259,,point
,,,,0.0,0.9415523237890259,,point
,,,,0.0,0.9415523237890259,,point
,,,,0.0,0.9415523237890259,,point
,,,,0.0,0.9415523237890259,,point
,,,,1.0,20.89199429255408,,point
,,,,0.0,20.89199429255408,,point
,,,,0.0,20.89199429255408,,point
,,,,1.0,20.89199429255408,,point
,,,,0.0,20.89199429255408,,point
,,,,0.0,20.89199429255408,,point
,,,,0.0,20.89199429255408,,point
,,,,0.0,20.89199429255408,,point
,,,,0.0,20.89199429255408,,point
,,,,0.0,20.89199429255408,,point
,,,,0.0,20.89199429255408,,point
,,,,0.0,20.89199429255408,,point
,,,,1.0,20.89199429255408,,point
,,,,0.0,20.89199429255408,,point
,,,,0.0,23.957967162549156,,point
,,,,0.0,23.957967162549156,,point
,,,,0.0,23.957967162549156,,point
,,,,0.0,23.957967162549156,,point
,,,,0.0,23.957967162549156,,point
,,,,0.0,23.957967162549156,,point
,,,,0.0,23.957967162549156,,point
,,,,0.0,23.957967162549156,,point
,,,,0.0,23.957967162549156,,point
,,,,0.0,23.957967162549156,,point
,,,,0.0,12.546655349582752,,point
,,,,0.0,12.546655349582752,,point
,,,,0.0,12.546655349582752,,point
,,,,0.0,12.546655349582752,,point
,,,,0.0,12.546655349582752,,point
,,,,0.0,12.546655349582752,,point
,,,,0.0,12.546655349582752,,point
,,,,0.0,12.546655349582752,,point
,,,,0.0,12.546655349582752,,point
,,,,0.0,12.546655349582752,,point
,,,,0.0,12.546655349582752,,point
,,,,1.0,12.546655349582752,,point
,,,,0.0,5.214685107617927,,point
,,,,0.0,5.214685107617927,,point
,,,,0.0,5.214685107617927,,point
,,,,1.0,5.214685107617927,,point
,,,,0.0,5.214685107617927,,point
,,,,0.0,5.214685107617927,,point
,,,,0.0,5.214685107617927,,point
,,,,0.0,5.214685107617927,,point
,,,,0.0,5.214685107617927,,point
,,,,0.0,5.214685107617927,,point
,,,,0.0,5.214685107617927,,point
,,,,0.0,5.214685107617927,,point
,,,,0.0,36.303141170102656,,point
,,,,0.0,36.303141170102656,,point
,,,,0.0,36.303141170102656,,point
,,,,0.0,36.303141170102656,,point
,,,,0.0,36.303141170102656,,point
,,,,0.0,36.303141170102656,,point
,,,,0.0,36.303141170102656,,point
,,,,1.0,36.303141170102656,,point
,,,,0.0,36.303141170102656,,point
,,,,1.0,1.8127867043027448,,point
,,,,0.0,1.8127867043027448,,point
,,,,0.0,1.8127867043027448,,point
,,,,0.0,1.8127867043027448,,point
,,,,0.0,1.8127867043027448,,point
,,,,0.0,1.8127867043027448,,point
,,,,0.0,1.8127867043027448,,point
,,,,0.0,1.8127867043027448,,point
,,,,0.0,1.8127867043027448,,point
,,,,0.0,1.8127867043027448,,point
,,,,0.0,29.97369126787217,,point
,,,,0.0,29.97369126787217,,point
,,,,0.0,29.97369126787217,,point
,,,,0.0,29.97369126787217,,point
,,,,0.0,29.97369126787217,,point
,,,,0.0,29.97369126787217,,point
,,,,0.0,29.97369126787217,,point
,,,,0.0,29.97369126787217,,point
,,,,0.0,29.97369126787217,,point
,,,,0.0,29.97369126787217,,point
,,,,0.0,25.063433123062943,,point
,,,,0.0,25.063433123062943,,point
,,,,1.0,25.063433123062943,,point
,,,,0.0,25.063433123062943,,point
,,,,1.0,25.063433123062943,,point
,,,,1.0,25.063433123062943,,point
,,,,0.0,25.063433123062943,,point
,,,,1.0,25.063433123062943,,point
,,,,0.0,25.063433123062943,,point
,,,,1.0,25.063433123062943,,point
,,,,1.0,25.063433123062943,,point
,,,,0.0,25.063433123062943,,point
,,,,0.0,25.063433123062943,,point
,,,,1.0,25.063433123062943,,point
,,,,0.0,0.21079672454895215,,point
,,,,0.0,0.21079672454895215,,point
,,,,0.0,0.21079672454895215,,point
,,,,0.0,0.21079672454895215,,point
,,,,0.0,0.21079672454895215,,point
,,,,0.0,0.21079672454895215,,point
,,,,0.0,0.21079672454895215,,point
,,,,0.0,0.21079672454895215,,point
,,,,0.0,0.21079672454895215,,point
,,,,0.0,0.28937225550779716,,point
,,,,0.0,0.28937225550779716,,point
,,,,0.0,0.28937225550779716,,point
,,,,0.0,0.28937225550779716,,point
,,,,0.0,0.28937225550779716,,point
,,,,0.0,0.28937225550779716,,point
,,,,0.0,0.28937225550779716,,point
,,,,0.0,0.28937225550779716,,point
,,,,0.0,0.28937225550779716,,point
,,,,0.0,0.28937225550779716,,point
,,,,1.0,33.38041778722252,,point
,,,,0.0,33.38041778722252,,point
,,,,0.0,33.38041778722252,,point
,,,,0.0,33.38041778722252,,point
,,,,0.0,33.38041778722252,,point
,,,,0.0,33.38041778722252,,point
,,,,0.0,33.38041778722252,,point
,,,,0.0,33.38041778722252,,point
,,,,0.0,33.38041778722252,,point
,,,,0.0,33.38041778722252,,point
,,,,0.0,33.38041778722252,,point
,,,,0.0,33.38041778722252,,point
,,,,0.0,33.38041778722252,,point
,,,,1.0,33.38041778722252,,point
,,,,0.0,33.38041778722252,,point
,,,,0.0,42.35757185140946,,point
,,,,1.0,42.35757185140946,,point
,,,,0.0,42.35757185140946,,point
,,,,0.0,42.35757185140946,,point
,,,,1.0,42.35757185140946,,point
,,,,0.0,42.35757185140946,,point
,,,,1.0,42.35757185140946,,point
,,,,0.0,42.35757185140946,,point
,,,,0.0,42.35757185140946,,point
,,,,0.0,0.14867990022844227,,point
,,,,0.0,0.14867990022844227,,point
,,,,0.0,0.14867990022844227,,point
,,,,0.0,0.14867990022844227,,point
,,,,0.0,0.14867990022844227,,point
,,,,0.0,0.14867990022844227,,point
,,,,0.0,0.14867990022844227,,point
,,,,0.0,0.14867990022844227,,point
,,,,0.0,0.14867990022844227,,point
,,,,0.0,8.053404005593096,,point
,,,,0.0,8.053404005593096,,point
,,,,0.0,8.053404005593096,,point
,,,,0.0,8.053404005593096,,point
,,,,0.0,8.053404005593096,,point
,,,,0.0,8.053404005593096,,point
,,,,0.0,8.053404005593096,,point
,,,,0.0,8.053404005593096,,point
,,,,0.0,8.053404005593096,,point
,,,,0.0,8.053404005593096,,point
,,,,0.0,8.053404005593096,,point
,,,,0.0,8.053404005593096,,point
,,,,0.0,8.053404005593096,,point
,,,,0.0,19.18734124128995,,point
,,,,0.0,19.18734124128995,,point
,,,,0.0,19.18734124128995,,point
,,,,0.0,19.18734124128995,,point
,,,,1.0,19.18734124128995,,point
,,,,0.0,19.18734124128995,,point
,,,,0.0,19.18734124128995,,point
,,,,0.0,19.18734124128995,,point
,,,,0.0,19.18734124128995,,point
,,,,0.0,19.18734124128995,,point
,,,,0.0,19.18734124128995,,point
,,,,1.0,19.18734124128995,,point
,,,,0.0,0.5227823468812283,,point
,,,,0.0,0.5227823468812283,,point
,,,,0.0,0.5227823468812283,,point
,,,,0.0,0.5227823468812283,,point
,,,,0.0,0.5227823468812283,,point
,,,,0.0,0.5227823468812283,,point
,,,,0.0,0.5227823468812283,,point
,,,,0.0,0.5227823468812283,,point
,,,,0.0,0.5227823468812283,,point
,,,,0.0,0.5227823468812283,,point
,,,,0.0,0.5227823468812283,,point
,,,,0.0,0.5227823468812283,,point
,,,,0.0,0.5227823468812283,,point
,,,,1.0,0.5227823468812283,,point
,,,,1.0,88.17979865309222,,point
,,,,0.0,88.17979865309222,,point
,,,,0.0,88.17979865309222,,point
,,,,0.0,88.17979865309222,,point
,,,,0.0,88.17979865309222,,point
,,,,1.0,88.17979865309222,,point
,,,,0.0,88.17979865309222,,point
,,,,0.0,88.17979865309222,,point
,,,,1.0,88.17979865309222,,point
,,,,0.0,88.17979865309222,,point
,,,,0.0,88.17979865309222,,point
,,,,0.0,88.17979865309222,,point
,,,,0.0,88.17979865309222,,point
,,,,0.0,81.1062186656107,,point
,,,,0.0,81.1062186656107,,point
,,,,0.0,81.1062186656107,,point
,,,,0.0,81.1062186656107,,point
,,,,1.0,81.1062186656107,,point
,,,,0.0,81.1062186656107,,point
,,,,0.0,81.1062186656107,,point
,,,,1.0,81.1062186656107,,point
,,,,0.0,81.1062186656107,,point
,,,,0.0,81.1062186656107,,point
,,,,0.0,81.1062186656107,,point
,,,,0.0,81.1062186656107,,point
,,,,1.0,81.1062186656107,,point
,,,,0.0,81.1062186656107,,point
,,,,0.0,9.497830994488911,,point
,,,,0.0,9.497830994488911,,point
,,,,1.0,9.497830994488911,,point
,,,,0.0,9.497830994488911,,point
,,,,0.0,9.497830994488911,,point
,,,,0.0,9.497830994488911,,point
,,,,0.0,9.497830994488911,,point
,,,,0.0,9.497830994488911,,point
,,,,0.0,9.497830994488911,,point
,,,,0.0,9.497830994488911,,point
,,,,1.0,9.497830994488911,,point
,,,,0.0,2.780662512666932,,point
,,,,0.0,2.780662512666932,,point
,,,,0.0,2.780662512666932,,point
,,,,0.0,2.780662512666932,,point
,,,,0.0,2.780662512666932,,point
,,,,0.0,2.780662512666932,,point
,,,,0.0,2.780662512666932,,point
,,,,1.0,2.780662512666932,,point
,,,,1.0,48.71975505045763,,point
,,,,0.0,48.71975505045763,,point
,,,,0.0,48.71975505045763,,point
,,,,0.0,48.71975505045763,,point
,,,,1.0,48.71975505045763,,point
,,,,1.0,48.71975505045763,,point
,,,,0.0,48.71975505045763,,point
,,,,0.0,48.71975505045763,,point
,,,,0.0,48.71975505045763,,point
,,,,0.0,48.71975505045763,,point
,,,,0.0,48.71975505045763,,point
,,,,0.0,48.71975505045763,,point
,,,,0.0,36.95724105882709,,point
,,,,0.0,36.95724105882709,,point
,,,,0.0,36.95724105882709,,point
,,,,1.0,36.95724105882709,,point
,,,,0.0,36.95724105882709,,point
,,,,1.0,36.95724105882709,,point
,,,,0.0,36.95724105882709,,point
,,,,0.0,36.95724105882709,,point
,,,,0.0,36.95724105882709,,point
,,,,0.0,36.95724105882709,,point
,,,,0.0,36.95724105882709,,point
,,,,0.0,36.95724105882709,,point
,,,,0.0,36.95724105882709,,point
,,,,0.0,36.95724105882709,,point
,,,,1.0,36.95724105882709,,point
,,,,0.0,36.95724105882709,,point
,,,,0.0,19.699613579481714,,point
,,,,0.0,19.699613579481714,,point
,,,,0.0,19.699613579481714,,point
,,,,0.0,19.699613579481714,,point
,,,,0.0,19.699613579481714,,point
,,,,0.0,19.699613579481714,,point
,,,,0.0,19.699613579481714,,point
,,,,0.0,19.699613579481714,,point
,,,,0.0,39.90206275659816,,point
,,,,1.0,39.90206275659816,,point
,,,,0.0,39.90206275659816,,point
,,,,1.0,39.90206275659816,,point
,,,,0.0,39.90206275659816,,point
,,,,0.0,39.90206275659816,,point
,,,,1.0,39.90206275659816,,point
,,,,0.0,39.90206275659816,,point
,,,,0.0,39.90206275659816,,point
,,,,0.0,39.90206275659816,,point
,,,,0.0,39.90206275659816,,point
,,,,0.0,39.90206275659816,,point
,,,,1.0,39.90206275659816,,point
,,,,0.0,39.90206275659816,,point
,,,,0.0,17.74390642835086,,point
,,,,1.0,17.74390642835086,,point
,,,,0.0,17.74390642835086,,point
,,,,0.0,17.74390642835086,,point
,,,,0.0,17.74390642835086,,point
,,,,0.0,17.74390642835086,,point
,,,,0.0,17.74390642835086,,point
,,,,0.0,17.74390642835086,,point
,,,,0.0,17.74390642835086,,point
,,,,0.0,17.74390642835086,,point
,,,,0.0,17.74390642835086,,point
,,,,0.0,17.74390642835086,,point
,,,,0.0,1.5747947127280462,,point
,,,,0.0,1.5747947127280462,,point
,,,,0.0,1.5747947127280462,,point
,,,,1.0,1.5747947127280462,,point
,,,,0.0,1.5747947127280462,,point
,,,,1.0,1.5747947127280462,,point
,,,,0.0,1.5747947127280462,,point
,,,,0.0,1.5747947127280462,,point
,,,,0.0,1.5747947127280462,,point
,,,,0.0,1.5747947127280462,,point
,,,,0.0,1.5747947127280462,,point
,,,,0.0,1.5747947127280462,,point
,,,,1.0,9.774337442751207,,point
,,,,0.0,9.774337442751207,,point
,,,,0.0,9.774337442751207,,point
,,,,0.0,9.774337442751207,,point
,,,,1.0,9.774337442751207,,point
,,,,0.0,9.774337442751207,,point
,,,,0.0,9.774337442751207,,point
,,,,0.0,9.774337442751207,,point
,,,,1.0,9.774337442751207,,point
,,,,0.0,9.774337442751207,,point
,,,,1.0,9.774337442751207,,point
,,,,0.0,9.774337442751207,,point
,,,,1.0,9.774337442751207,,point
,,,,1.0,9.774337442751207,,point
,,,,0.0,0.32084755853058466,,point
,,,,0.0,0.32084755853058466,,point
,,,,0.0,0.32084755853058466,,point
,,,,0.0,0.32084755853058466,,point
,,,,0.0,0.32084755853058466,,point
,,,,0.0,0.32084755853058466,,point
,,,,0.0,0.32084755853058466,,point
,,,,0.0,0.32084755853058466,,point
,,,,0.0,17.639839614955154,,point
,,,,0.0,17.639839614955154,,point
,,,,0.0,17.639839614955154,,point
,,,,0.0,17.639839614955154,,point
,,,,0.0,17.639839614955154,,point
,,,,0.0,17.639839614955154,,point
,,,,0.0,17.639839614955154,,point
,,,,0.0,17.639839614955154,,point
,,,,0.0,17.639839614955154,,point
,,,,0.0,17.639839614955154,,point
,,,,0.0,17.639839614955154,,point
,,,,0.0,17.639839614955154,,point
,,,,0.0,13.866623640026663,,point
,,,,0.0,13.866623640026663,,point
,,,,0.0,13.866623640026663,,point
,,,,1.0,13.866623640026663,,point
,,,,0.0,13.866623640026663,,point
,,,,0.0,13.866623640026663,,point
,,,,0.0,13.866623640026663,,point
,,,,0.0,13.866623640026663,,point
,,,,0.0,13.866623640026663,,point
,,,,0.0,13.866623640026663,,point
,,,,0.0,13.866623640026663,,point
,,,,0.0,13.866623640026663,,point
,,,,0.0,13.866623640026663,,point
,,,,0.0,16.371006382095974,,point
,,,,1.0,16.371006382095974,,point
,,,,0.0,16.371006382095974,,point
,,,,0.0,16.371006382095974,,point
,,,,1.0,16.371006382095974,,point
,,,,0.0,16.371006382095974,,point
,,,,0.0,16.371006382095974,,point
,,,,0.0,16.371006382095974,,point
,,,,1.0,16.371006382095974,,point
,,,,0.0,16.371006382095974,,point
,,,,0.0,16.371006382095974,,point
,,,,1.0,16.371006382095974,,point
,,,,0.0,16.371006382095974,,point
,,,,0.0,16.371006382095974,,point
,,,,0.0,12.88820179148576,,point
,,,,0.0,12.88820179148576,,point
,,,,0.0,12.88820179148576,,point
,,,,1.0,12.88820179148576,,point
,,,,0.0,12.88820179148576,,point
,,,,0.0,12.88820179148576,,point
,,,,1.0,12.88820179148576,,point
,,,,0.0,12.88820179148576,,point
,,,,0.0,2.9785738626066474,,point
,,,,0.0,2.9785738626066474,,point
,,,,1.0,2.9785738626066474,,point
,,,,0.0,2.9785738626066474,,point
,,,,0.0,2.9785738626066474,,point
,,,,0.0,2.9785738626066474,,point
,,,,0.0,2.9785738626066474,,point
,,,,1.0,100.53725229321392,,point
,,,,0.0,100.53725229321392,,point
,,,,0.0,100.53725229321392,,point
,,,,0.0,100.53725229321392,,point
,,,,0.0,100.53725229321392,,point
,,,,0.0,100.53725229321392,,point
,,,,0.0,100.53725229321392,,point
,,,,0.0,100.53725229321392,,point
,,,,0.0,100.53725229321392,,point
,,,,1.0,6.309762513967494,,point
,,,,0.0,6.309762513967494,,point
,,,,0.0,6.309762513967494,,point
,,,,0.0,6.309762513967494,,point
,,,,0.0,6.309762513967494,,point
,,,,0.0,6.309762513967494,,point
,,,,0.0,6.309762513967494,,point
,,,,0.0,6.309762513967494,,point
,,,,0.0,6.309762513967494,,point
,,,,0.0,16.031261782243206,,point
,,,,0.0,16.031261782243206,,point
,,,,0.0,16.031261782243206,,point
,,,,0.0,16.031261782243206,,point
,,,,0.0,16.031261782243206,,point
,,,,0.0,16.031261782243206,,point
,,,,0.0,16.031261782243206,,point
,,,,0.0,16.031261782243206,,point
,,,,0.0,16.031261782243206,,point
,,,,0.0,16.031261782243206,,point
,,,,1.0,16.031261782243206,,point
,,,,0.0,16.031261782243206,,point
,,,,0.0,16.031261782243206,,point
,,,,1.0,39.48224678668449,,point
,,,,0.0,39.48224678668449,,point
,,,,0.0,39.48224678668449,,point
,,,,1.0,39.48224678668449,,point
,,,,1.0,39.48224678668449,,point
,,,,0.0,39.48224678668449,,point
,,,,0.0,39.48224678668449,,point
,,,,0.0,39.48224678668449,,point
,,,,1.0,39.48224678668449,,point
,,,,1.0,39.48224678668449,,point
,,,,1.0,39.48224678668449,,point
,,,,1.0,39.48224678668449,,point
,,,,1.0,39.48224678668449,,point
,,,,1.0,51.26709676043238,,point
,,,,0.0,51.26709676043238,,point
,,,,0.0,51.26709676043238,,point
,,,,0.0,51.26709676043238,,point
,,,,0.0,51.26709676043238,,point
,,,,0.0,51.26709676043238,,point
,,,,0.0,51.26709676043238,,point
,,,,0.0,51.26709676043238,,point
,,,,0.0,51.26709676043238,,point
,,,,0.0,51.26709676043238,,point
,,,,0.0,51.26709676043238,,point
,,,,0.0,51.26709676043238,,point
,,,,0.0,51.26709676043238,,point
,,,,0.0,39.63016828510542,,point
,,,,0.0,39.63016828510542,,point
,,,,1.0,39.63016828510542,,point
,,,,0.0,39.63016828510542,,point
,,,,0.0,39.63016828510542,,point
,,,,0.0,39.63016828510542,,point
,,,,0.0,39.63016828510542,,point
,,,,0.0,39.63016828510542,,point
,,,,0.0,39.63016828510542,,point
,,,,0.0,39.63016828510542,,point
,,,,0.0,39.63016828510542,,point
,,,,0.0,39.63016828510542,,point
,,,,0.0,39.63016828510542,,point
,,,,0.0,2.9326601450830974,,point
,,,,0.0,2.9326601450830974,,point
,,,,1.0,2.9326601450830974,,point
,,,,0.0,2.9326601450830974,,point
,,,,0.0,2.9326601450830974,,point
,,,,1.0,2.9326601450830974,,point
,,,,0.0,2.9326601450830974,,point
,,,,0.0,2.9326601450830974,,point
,,,,0.0,2.9326601450830974,,point
,,,,0.0,2.9326601450830974,,point
,,,,1.0,2.9326601450830974,,point
,,,,1.0,2.9326601450830974,,point
,,,,0.0,1.1628662347005818,,point
,,,,0.0,1.1628662347005818,,point
,,,,0.0,1.1628662347005818,,point
,,,,0.0,1.1628662347005818,,point
,,,,0.0,1.1628662347005818,,point
,,,,0.0,1.1628662347005818,,point
,,,,0.0,1.1628662347005818,,point
,,,,0.0,1.1628662347005818,,point
,,,,0.0,1.1628662347005818,,point
,,,,0.0,1.1628662347005818,,point
,,,,0.0,1.1628662347005818,,point
,,,,0.0,22.92364843405628,,point
,,,,1.0,22.92364843405628,,point
,,,,0.0,22.92364843405628,,point
,,,,0.0,22.92364843405628,,point
,,,,1.0,22.92364843405628,,point
,,,,0.0,22.92364843405628,,point
,,,,0.0,22.92364843405628,,point
,,,,0.0,22.92364843405628,,point
,,,,0.0,22.92364843405628,,point
,,,,0.0,22.92364843405628,,point
,,,,0.0,22.92364843405628,,point
,,,,1.0,22.92364843405628,,point
,,,,0.0,22.92364843405628,,point
,,,,0.0,22.92364843405628,,point
,,,,0.0,22.92364843405628,,point
,,,,0.0,65.42903657788924,,point
,,,,0.0,65.42903657788924,,point
,,,,1.0,65.42903657788924,,point
,,,,0.0,65.42903657788924,,point
,,,,0.0,65.42903657788924,,point
,,,,0.0,65.42903657788924,,point
,,,,0.0,65.42903657788924,,point
,,,,0.0,65.42903657788924,,point
,,,,0.0,65.42903657788924,,point
,,,,1.0,65.42903657788924,,point
,,,,0.0,65.42903657788924,,point
,,,,0.0,1.2174475475163844,,point
,,,,0.0,1.2174475475163844,,point
,,,,0.0,1.2174475475163844,,point
,,,,0.0,1.2174475475163844,,point
,,,,0.0,1.2174475475163844,,point
,,,,0.0,1.2174475475163844,,point
,,,,0.0,1.2174475475163844,,point
,,,,0.0,1.2174475475163844,,point
,,,,0.0,1.2174475475163844,,point
,,,,0.0,1.2174475475163844,,point
,,,,0.0,1.2174475475163844,,point
,,,,0.0,1.2174475475163844,,point
,,,,0.0,1.2174475475163844,,point
,,,,0.0,1.2174475475163844,,point
,,,,0.0,36.88800503830993,,point
,,,,0.0,36.88800503830993,,point
,,,,0.0,36.88800503830993,,point
,,,,0.0,36.88800503830993,,point
,,,,0.0,36.88800503830993,,point
,,,,0.0,36.88800503830993,,point
,,,,0.0,36.88800503830993,,point
,,,,0.0,36.88800503830993,,point
,,,,0.0,36.88800503830993,,point
,,,,0.0,36.88800503830993,,point
,,,,0.0,36.88800503830993,,point
,,,,0.0,36.88800503830993,,point
,,,,0.0,11.15322191347988,,point
,,,,0.0,11.15322191347988,,point
,,,,0.0,11.15322191347988,,point
,,,,0.0,11.15322191347988,,point
,,,,1.0,11.15322191347988,,point
,,,,0.0,11.15322191347988,,point
,,,,1.0,11.15322191347988,,point
,,,,0.0,11.15322191347988,,point
,,,,0.0,11.15322191347988,,point
,,,,0.0,11.15322191347988,,point
,,,,0.0,11.15322191347988,,point
,,,,0.0,11.15322191347988,,point
,,,,0.0,1.642345055992999,,point
,,,,0.0,1.642345055992999,,point
,,,,0.0,1.642345055992999,,point
,,,,0.0,1.642345055992999,,point
,,,,0.0,1.642345055992999,,point
,,,,1.0,1.642345055992999,,point
,,,,0.0,1.642345055992999,,point
,,,,0.0,1.642345055992999,,point
,,,,0.0,1.642345055992999,,point
,,,,0.0,1.642345055992999,,point
,,,,0.0,1.642345055992999,,point
,,,,0.0,0.890369034538889,,point
,,,,0.0,0.890369034538889,,point
,,,,0.0,0.890369034538889,,point
,,,,0.0,0.890369034538889,,point
,,,,0.0,0.890369034538889,,point
,,,,1.0,0.890369034538889,,point
,,,,0.0,0.890369034538889,,point
,,,,0.0,0.890369034538889,,point
,,,,0.0,0.890369034538889,,point
,,,,0.0,0.890369034538889,,point
,,,,0.0,0.890369034538889,,point
,,,,0.0,0.890369034538889,,point
,,,,0.0,0.890369034538889,,point
,,,,0.0,11.125210327428707,,point
,,,,0.0,11.125210327428707,,point
,,,,0.0,11.125210327428707,,point
,,,,0.0,11.125210327428707,,point
,,,,0.0,11.125210327428707,,point
,,,,0.0,11.125210327428707,,point
,,,,0.0,11.125210327428707,,point
,,,,0.0,11.125210327428707,,point
,,,,0.0,11.125210327428707,,point
,,,,0.0,7.8458999409370955,,point
,,,,0.0,7.8458999409370955,,point
,,,,0.0,7.8458999409370955,,point
,,,,0.0,7.8458999409370955,,point
,,,,0.0,7.8458999409370955,,point
,,,,0.0,7.8458999409370955,,point
,,,,0.0,7.8458999409370955,,point
,,,,0.0,7.8458999409370955,,point
,,,,0.0,7.8458999409370955,,point
,,,,0.0,7.8458999409370955,,point
,,,,0.0,46.87916338605116,,point
,,,,0.0,46.87916338605116,,point
,,,,0.0,46.87916338605116,,point
,,,,0.0,46.87916338605116,,point
,,,,1.0,46.87916338605116,,point
,,,,1.0,46.87916338605116,,point
,,,,0.0,46.87916338605116,,point
,,,,0.0,46.87916338605116,,point
,,,,1.0,46.87916338605116,,point
,,,,0.0,9.269076490038064,,point
,,,,0.0,9.269076490038064,,point
,,,,1.0,9.269076490038064,,point
,,,,0.0,9.269076490038064,,point
,,,,0.0,9.269076490038064,,point
,,,,0.0,9.269076490038064,,point
,,,,0.0,9.269076490038064,,point
,,,,0.0,9.269076490038064,,point
,,,,1.0,9.269076490038064,,point
,,,,0.0,9.269076490038064,,point
,,,,0.0,9.269076490038064,,point
,,,,1.0,9.269076490038064,,point
,,,,0.0,35.66065817953657,,point
,,,,0.0,35.66065817953657,,point
,,,,1.0,35.66065817953657,,point
,,,,0.0,35.66065817953657,,point
,,,,0.0,35.66065817953657,,point
,,,,0.0,35.66065817953657,,point
,,,,0.0,35.66065817953657,,point
,,,,0.0,35.66065817953657,,point
,,,,0.0,35.66065817953657,,point
,,,,0.0,31.79845984211596,,point
,,,,0.0,31.79845984211596,,point
,,,,0.0,31.79845984211596,,point
,,,,1.0,31.79845984211596,,point
,,,,0.0,31.79845984211596,,point
,,,,1.0,31.79845984211596,,point
,,,,0.0,31.79845984211596,,point
,,,,0.0,31.79845984211596,,point
,,,,0.0,31.79845984211596,,point
,,,,0.0,31.79845984211596,,point
,,,,0.0,31.79845984211596,,point
,,,,1.0,31.79845984211596,,point
,,,,0.0,31.79845984211596,,point
,,,,0.0,47.54315723453637,,point
,,,,0.0,47.54315723453637,,point
,,,,0.0,47.54315723453637,,point
,,,,0.0,47.54315723453637,,point
,,,,0.0,47.54315723453637,,point
,,,,0.0,47.54315723453637,,point
,,,,0.0,47.54315723453637,,point
,,,,0.0,47.54315723453637,,point
,,,,0.0,47.54315723453637,,point
,,,,0.0,47.54315723453637,,point
,,,,0.0,47.54315723453637,,point
,,,,0.0,47.54315723453637,,point
,,,,0.0,47.54315723453637,,point
,,,,0.0,47.54315723453637,,point
,,,,0.0,47.54315723453637,,point
,,,,0.0,2.2726620293670856,,point
,,,,0.0,2.2726620293670856,,point
,,,,0.0,2.2726620293670856,,point
,,,,0.0,2.2726620293670856,,point
,,,,0.0,2.2726620293670856,,point
,,,,1.0,2.2726620293670856,,point
,,,,1.0,2.2726620293670856,,point
,,,,0.0,2.2726620293670856,,point
,,,,0.0,2.2726620293670856,,point
,,,,0.0,2.2726620293670856,,point
,,,,0.0,12.96133991160104,,point
,,,,0.0,12.96133991160104,,point
,,,,0.0,12.96133991160104,,point
,,,,0.0,12.96133991160104,,point
,,,,0.0,12.96133991160104,,point
,,,,0.0,12.96133991160104,,point
,,,,1.0,12.96133991160104,,point
,,,,0.0,12.96133991160104,,point
,,,,0.0,12.96133991160104,,point
,,,,0.0,12.96133991160104,,point
,,,,0.0,12.96133991160104,,point
,,,,0.0,12.96133991160104,,point
,,,,0.0,12.96133991160104,,point
,,,,0.0,25.474146382173558,,point
,,,,1.0,25.474146382173558,,point
,,,,1.0,25.474146382173558,,point
,,,,0.0,25.474146382173558,,point
,,,,0.0,25.474146382173558,,point
,,,,0.0,25.474146382173558,,point
,,,,0.0,25.474146382173558,,point
,,,,0.0,25.474146382173558,,point
,,,,1.0,25.474146382173558,,point
,,,,0.0,25.474146382173558,,point
,,,,0.0,50.32272474834574,,point
,,,,0.0,50.32272474834574,,point
,,,,1.0,50.32272474834574,,point
,,,,0.0,50.32272474834574,,point
,,,,0.0,50.32272474834574,,point
,,,,0.0,50.32272474834574,,point
,,,,0.0,50.32272474834574,,point
,,,,1.0,50.32272474834574,,point
,,,,1.0,50.32272474834574,,point
,,,,0.0,0.17584229074943047,,point
,,,,0.0,0.17584229074943047,,point
,,,,0.0,0.17584229074943047,,point
,,,,0.0,0.17584229074943047,,point
,,,,0.0,0.17584229074943047,,point
,,,,0.0,0.17584229074943047,,point
,,,,0.0,0.17584229074943047,,point
,,,,0.0,0.17584229074943047,,point
,,,,0.0,0.17584229074943047,,point
,,,,0.0,0.17584229074943047,,point
,,,,0.0,0.17584229074943047,,point
,,,,0.0,80.62797319143733,,point
,,,,0.0,80.62797319143733,,point
,,,,0.0,80.62797319143733,,point
,,,,0.0,80.62797319143733,,point
,,,,0.0,80.62797319143733,,point
,,,,0.0,80.62797319143733,,point
,,,,0.0,80.62797319143733,,point
,,,,0.0,80.62797319143733,,point
,,,,0.0,80.62797319143733,,point
,,,,0.0,80.62797319143733,,point
,,,,0.0,80.62797319143733,,point
,,,,0.0,80.62797319143733,,point
,,,,0.0,80.62797319143733,,point
,,,,0.0,80.62797319143733,,point
,,,,0.0,35.00942178786234,,point
,,,,0.0,35.00942178786234,,point
,,,,0.0,35.00942178786234,,point
,,,,0.0,35.00942178786234,,point
,,,,1.0,35.00942178786234,,point
,,,,0.0,35.00942178786234,,point
,,,,1.0,35.00942178786234,,point
,,,,0.0,35.00942178786234,,point
,,,,0.0,35.00942178786234,,point
,,,,1.0,35.00942178786234,,point
,,,,0.0,35.00942178786234,,point
,,,,0.0,35.00942178786234,,point
,,,,1.0,1.4182647796416208,,point
,,,,0.0,1.4182647796416208,,point
,,,,0.0,1.4182647796416208,,point
,,,,1.0,1.4182647796416208,,point
,,,,1.0,1.4182647796416208,,point
,,,,0.0,1.4182647796416208,,point
,,,,0.0,1.4182647796416208,,point
,,,,0.0,2.0882022485700324,,point
,,,,0.0,2.0882022485700324,,point
,,,,0.0,2.0882022485700324,,point
,,,,0.0,2.0882022485700324,,point
,,,,0.0,2.0882022485700324,,point
,,,,0.0,2.0882022485700324,,point
,,,,0.0,2.0882022485700324,,point
,,,,0.0,2.0882022485700324,,point
,,,,0.0,2.0882022485700324,,point
,,,,0.0,2.0882022485700324,,point
,,,,1.0,1.834768879955608,,point
,,,,0.0,1.834768879955608,,point
,,,,1.0,1.834768879955608,,point
,,,,1.0,1.834768879955608,,point
,,,,0.0,1.834768879955608,,point
,,,,1.0,1.834768879955608,,point
,,,,0.0,1.834768879955608,,point
,,,,0.0,1.834768879955608,,point
,,,,1.0,1.834768879955608,,point
,,,,1.0,1.834768879955608,,point
,,,,1.0,1.834768879955608,,point
,,,,0.0,1.834768879955608,,point
,,,,1.0,1.834768879955608,,point
,,,,1.0,1.834768879955608,,point
,,,,1.0,1.834768879955608,,point
,,,,0.0,1.834768879955608,,point
,,,,0.0,1.834768879955608,,point
,,,,1.0,41.92883269949671,,point
,,,,0.0,41.92883269949671,,point
,,,,0.0,41.92883269949671,,point
,,,,0.0,41.92883269949671,,point
,,,,0.0,41.92883269949671,,point
,,,,0.0,41.92883269949671,,point
,,,,0.0,41.92883269949671,,point
,,,,0.0,41.92883269949671,,point
,,,,0.0,41.92883269949671,,point
,,,,0.0,41.92883269949671,,point
,,,,1.0,41.92883269949671,,point
,,,,1.0,41.92883269949671,,point
,,,,0.0,41.92883269949671,,point
,,,,0.0,41.92883269949671,,point
,,,,0.0,41.92883269949671,,point
,,,,1.0,41.92883269949671,,point
,,,,0.0,4.254230910739354,,point
,,,,1.0,4.254230910739354,,point
,,,,0.0,4.254230910739354,,point
,,,,0.0,4.254230910739354,,point
,,,,0.0,4.254230910739354,,point
,,,,0.0,4.254230910739354,,point
,,,,0.0,4.254230910739354,,point
,,,,0.0,4.254230910739354,,point
,,,,0.0,4.254230910739354,,point
,,,,1.0,4.254230910739354,,point
,,,,0.0,4.254230910739354,,point
,,,,0.0,4.254230910739354,,point
,,,,0.0,4.254230910739354,,point
,,,,0.0,16.78476205016625,,point
,,,,0.0,16.78476205016625,,point
,,,,0.0,16.78476205016625,,point
,,,,0.0,16.78476205016625,,point
,,,,0.0,16.78476205016625,,point
,,,,0.0,16.78476205016625,,point
,,,,0.0,16.78476205016625,,point
,,,,0.0,16.78476205016625,,point
,,,,0.0,16.78476205016625,,point
,,,,0.0,28.825199062276926,,point
,,,,0.0,28.825199062276926,,point
,,,,0.0,28.825199062276926,,point
,,,,0.0,28.825199062276926,,point
,,,,0.0,28.825199062276926,,point
,,,,0.0,28.825199062276926,,point
,,,,0.0,28.825199062276926,,point
,,,,0.0,28.825199062276926,,point
,,,,0.0,28.825199062276926,,point
,,,,0.0,28.825199062276926,,point
,,,,0.0,28.825199062276926,,point
,,,,0.0,28.825199062276926,,point
,,,,0.0,10.796237078037356,,point
,,,,0.0,10.796237078037356,,point
,,,,0.0,10.796237078037356,,point
,,,,0.0,10.796237078037356,,point
,,,,0.0,10.796237078037356,,point
,,,,0.0,10.796237078037356,,point
,,,,1.0,10.796237078037356,,point
,,,,0.0,10.796237078037356,,point
,,,,0.0,10.796237078037356,,point
,,,,0.0,0.7948310224557694,,point
,,,,0.0,0.7948310224557694,,point
,,,,0.0,0.7948310224557694,,point
,,,,0.0,0.7948310224557694,,point
,,,,0.0,0.7948310224557694,,point
,,,,0.0,0.7948310224557694,,point
,,,,0.0,0.7948310224557694,,point
,,,,0.0,0.7948310224557694,,point
,,,,0.0,0.7948310224557694,,point
,,,,0.0,0.7948310224557694,,point
,,,,0.0,0.7948310224557694,,point
,,,,0.0,0.7948310224557694,,point
,,,,0.0,3.0071495453583785,,point
,,,,0.0,3.0071495453583785,,point
,,,,0.0,3.0071495453583785,,point
,,,,0.0,3.0071495453583785,,point
,,,,0.0,3.0071495453583785,,point
,,,,0.0,3.0071495453583785,,point
,,,,0.0,3.0071495453583785,,point
,,,,0.0,3.0071495453583785,,point
,,,,0.0,3.0071495453583785,,point
,,,,0.0,3.0071495453583785,,point
,,,,0.0,3.0071495453583785,,point
,,,,0.0,3.0071495453583785,,point
,,,,0.0,3.0071495453583785,,point
,,,,0.0,5.816830788177709,,point
,,,,0.0,5.816830788177709,,point
,,,,0.0,5.816830788177709,,point
,,,,0.0,5.816830788177709,,point
,,,,0.0,5.816830788177709,,point
,,,,0.0,5.816830788177709,,point
,,,,0.0,5.816830788177709,,point
,,,,0.0,5.816830788177709,,point
,,,,0.0,2.067072256633284,,point
,,,,0.0,2.067072256633284,,point
,,,,0.0,2.067072256633284,,point
,,,,0.0,2.067072256633284,,point
,,,,0.0,2.067072256633284,,point
,,,,0.0,2.067072256633284,,point
,,,,0.0,2.067072256633284,,point
,,,,1.0,2.067072256633284,,point
,,,,0.0,12.606077410824758,,point
,,,,0.0,12.606077410824758,,point
,,,,0.0,12.606077410824758,,point
,,,,1.0,12.606077410824758,,point
,,,,0.0,12.606077410824758,,point
,,,,1.0,12.606077410824758,,point
,,,,0.0,12.606077410824758,,point
,,,,0.0,12.606077410824758,,point
,,,,0.0,12.606077410824758,,point
,,,,0.0,12.606077410824758,,point
,,,,0.0,12.606077410824758,,point
,,,,0.0,12.606077410824758,,point
,,,,0.0,12.606077410824758,,point
,,,,0.0,12.606077410824758,,point
,,,,0.0,59.19111425676896,,point
,,,,0.0,59.19111425676896,,point
,,,,0.0,59.19111425676896,,point
,,,,0.0,59.19111425676896,,point
,,,,0.0,59.19111425676896,,point
,,,,0.0,59.19111425676896,,point
,,,,0.0,59.19111425676896,,point
,,,,0.0,59.19111425676896,,point
,,,,0.0,59.19111425676896,,point
,,,,0.0,73.14432006499946,,point
,,,,1.0,73.14432006499946,,point
,,,,0.0,73.14432006499946,,point
,,,,0.0,73.14432006499946,,point
,,,,0.0,73.14432006499946,,point
,,,,0.0,73.14432006499946,,point
,,,,0.0,73.14432006499946,,point
,,,,0.0,73.14432006499946,,point
,,,,0.0,73.14432006499946,,point
,,,,0.0,73.14432006499946,,point
,,,,0.0,73.14432006499946,,point
,,,,0.0,0.7949193152892385,,point
,,,,0.0,0.7949193152892385,,point
,,,,0.0,0.7949193152892385,,point
,,,,0.0,0.7949193152892385,,point
,,,,0.0,0.7949193152892385,,point
,,,,0.0,0.7949193152892385,,point
,,,,0.0,0.7949193152892385,,point
,,,,0.0,0.7949193152892385,,point
,,,,0.0,0.7949193152892385,,point
,,,,0.0,0.7949193152892385,,point
,,,,0.0,0.7949193152892385,,point
,,,,0.0,0.7949193152892385,,point
,,,,0.0,0.7949193152892385,,point
,,,,0.0,0.7949193152892385,,point
,,,,0.0,1.5238673127037476,,point
,,,,0.0,1.5238673127037476,,point
,,,,0.0,1.5238673127037476,,point
,,,,0.0,1.5238673127037476,,point
,,,,0.0,1.5238673127037476,,point
,,,,1.0,1.5238673127037476,,point
,,,,1.0,1.5238673127037476,,point
,,,,0.0,1.5238673127037476,,point
,,,,0.0,1.5238673127037476,,point
,,,,0.0,1.5238673127037476,,point
,,,,0.0,1.5238673127037476,,point
,,,,0.0,1.5238673127037476,,point
,,,,1.0,74.64790161639542,,point
,,,,0.0,74.64790161639542,,point
,,,,0.0,74.64790161639542,,point
,,,,0.0,74.64790161639542,,point
,,,,0.0,74.64790161639542,,point
,,,,0.0,74.64790161639542,,point
,,,,0.0,74.64790161639542,,point
,,,,1.0,74.64790161639542,,point
,,,,0.0,74.64790161639542,,point
,,,,0.0,74.64790161639542,,point
,,,,0.0,18.477505917897137,,point
,,,,0.0,18.477505917897137,,point
,,,,0.0,18.477505917897137,,point
,,,,0.0,18.477505917897137,,point
,,,,0.0,18.477505917897137,,point
,,,,0.0,18.477505917897137,,point
,,,,0.0,18.477505917897137,,point
,,,,0.0,18.477505917897137,,point
,,,,0.0,18.477505917897137,,point
,,,,0.0,18.477505917897137,,point
,,,,0.0,18.477505917897137,,point
,,,,0.0,18.477505917897137,,point
,,,,0.0,18.477505917897137,,point
,,,,0.0,18.477505917897137,,point
,,,,0.0,18.477505917897137,,point
,,,,1.0,3.4168094676097267,,point
,,,,0.0,3.4168094676097267,,point
,,,,0.0,3.4168094676097267,,point
,,,,0.0,3.4168094676097267,,point
,,,,0.0,3.4168094676097267,,point
,,,,0.0,3.4168094676097267,,point
,,,,0.0,3.4168094676097267,,point
,,,,0.0,3.4168094676097267,,point
,,,,0.0,3.4168094676097267,,point
,,,,0.0,3.4168094676097267,,point
,,,,0.0,3.4168094676097267,,point
,,,,0.0,3.4168094676097267,,point
,,,,0.0,3.4168094676097267,,point
,,,,0.0,3.4168094676097267,,point
,,,,0.0,13.077996899472469,,point
,,,,0.0,13.077996899472469,,point
,,,,0.0,13.077996899472469,,point
,,,,0.0,13.077996899472469,,point
,,,,0.0,13.077996899472469,,point
,,,,1.0,13.077996899472469,,point
,,,,1.0,13.077996899472469,,point
,,,,1.0,13.077996899472469,,point
,,,,1.0,13.077996899472469,,point
,,,,0.0,13.077996899472469,,point
,,,,0.0,13.077996899472469,,point
,,,,0.0,13.077996899472469,,point
,,,,0.0,13.077996899472469,,point
,,,,1.0,35.41490295367865,,point
,,,,0.0,35.41490295367865,,point
,,,,0.0,35.41490295367865,,point
,,,,0.0,35.41490295367865,,point
,,,,1.0,35.41490295367865,,point
,,,,1.0,35.41490295367865,,point
,,,,1.0,35.41490295367865,,point
,,,,1.0,35.41490295367865,,point
,,,,0.0,35.41490295367865,,point
,,,,0.0,35.41490295367865,,point
,,,,0.0,35.41490295367865,,point
,,,,0.0,35.41490295367865,,point
,,,,0.0,35.41490295367865,,point
,,,,1.0,35.41490295367865,,point
,,,,0.0,3.247792779816128,,point
,,,,0.0,3.247792779816128,,point
,,,,0.0,3.247792779816128,,point
,,,,0.0,3.247792779816128,,point
,,,,0.0,3.247792779816128,,point
,,,,1.0,3.247792779816128,,point
,,,,0.0,3.247792779816128,,point
,,,,1.0,3.247792779816128,,point
,,,,0.0,3.247792779816128,,point
,,,,0.0,3.247792779816128,,point
,,,,0.0,3.247792779816128,,point
,,,,0.0,3.247792779816128,,point
,,,,1.0,3.247792779816128,,point
,,,,0.0,11.530991137859095,,point
,,,,0.0,18.89986785310605,,point
,,,,0.0,18.89986785310605,,point
,,,,0.0,18.89986785310605,,point
,,,,1.0,18.89986785310605,,point
,,,,0.0,18.89986785310605,,point
,,,,1.0,18.89986785310605,,point
,,,,0.0,18.89986785310605,,point
,,,,0.0,18.89986785310605,,point
,,,,0.0,18.89986785310605,,point
,,,,0.0,18.89986785310605,,point
,,,,0.0,18.89986785310605,,point
,,,,0.0,18.89986785310605,,point
,,,,0.0,0.3784469052144636,,point
,,,,1.0,0.3784469052144636,,point
,,,,1.0,0.3784469052144636,,point
,,,,0.0,0.3784469052144636,,point
,,,,0.0,0.3784469052144636,,point
,,,,0.0,0.3784469052144636,,point
,,,,0.0,0.3784469052144636,,point
,,,,0.0,0.3784469052144636,,point
,,,,0.0,0.3784469052144636,,point
,,,,0.0,0.3784469052144636,,point
,,,,0.0,0.3784469052144636,,point
,,,,1.0,0.3784469052144636,,point
,,,,0.0,0.3784469052144636,,point
,,,,0.0,0.3784469052144636,,point
,,,,0.0,4.088766769823133,,point
,,,,0.0,4.088766769823133,,point
,,,,0.0,4.088766769823133,,point
,,,,0.0,4.088766769823133,,point
,,,,0.0,4.088766769823133,,point
,,,,0.0,4.088766769823133,,point
,,,,0.0,4.088766769823133,,point
,,,,0.0,4.088766769823133,,point
,,,,0.0,4.088766769823133,,point
,,,,0.0,4.088766769823133,,point
,,,,0.0,45.84303807395872,,point
,,,,0.0,45.84303807395872,,point
,,,,0.0,45.84303807395872,,point
,,,,0.0,45.84303807395872,,point
,,,,0.0,45.84303807395872,,point
,,,,1.0,45.84303807395872,,point
,,,,0.0,45.84303807395872,,point
,,,,0.0,45.84303807395872,,point
,,,,0.0,45.84303807395872,,point
,,,,0.0,45.84303807395872,,point
,,,,0.0,45.84303807395872,,point
,,,,0.0,45.84303807395872,,point
,,,,0.0,45.84303807395872,,point
,,,,0.0,45.84303807395872,,point
,,,,0.0,45.84303807395872,,point
,,,,0.0,58.20163961562248,,point
,,,,0.0,58.20163961562248,,point
,,,,0.0,58.20163961562248,,point
,,,,0.0,58.20163961562248,,point
,,,,0.0,58.20163961562248,,point
,,,,0.0,58.20163961562248,,point
,,,,0.0,58.20163961562248,,point
,,,,0.0,58.20163961562248,,point
,,,,0.0,58.20163961562248,,point
,,,,0.0,58.20163961562248,,point
,,,,0.0,58.20163961562248,,point
,,,,0.0,58.20163961562248,,point
,,,,1.0,4.020471186549783,,point
,,,,0.0,4.020471186549783,,point
,,,,0.0,4.020471186549783,,point
,,,,0.0,4.020471186549783,,point
,,,,0.0,4.020471186549783,,point
,,,,0.0,4.020471186549783,,point
,,,,0.0,4.020471186549783,,point
,,,,1.0,4.020471186549783,,point
,,,,0.0,4.020471186549783,,point
,,,,0.0,4.020471186549783,,point
,,,,0.0,18.722381024292552,,point
,,,,1.0,18.722381024292552,,point
,,,,0.0,18.722381024292552,,point
,,,,0.0,18.722381024292552,,point
,,,,0.0,18.722381024292552,,point
,,,,1.0,18.722381024292552,,point
,,,,1.0,18.722381024292552,,point
,,,,1.0,18.722381024292552,,point
,,,,0.0,18.722381024292552,,point
,,,,0.0,18.722381024292552,,point
,,,,0.0,0.6956726322860682,,point
,,,,0.0,0.6956726322860682,,point
,,,,0.0,0.6956726322860682,,point
,,,,0.0,0.6956726322860682,,point
,,,,0.0,0.6956726322860682,,point
,,,,0.0,0.6956726322860682,,point
,,,,0.0,0.6956726322860682,,point
,,,,0.0,0.6956726322860682,,point
,,,,0.0,0.6956726322860682,,point
,,,,1.0,0.6956726322860682,,point
,,,,0.0,0.6956726322860682,,point
,,,,1.0,17.17769306210621,,point
,,,,0.0,17.17769306210621,,point
,,,,1.0,17.17769306210621,,point
,,,,0.0,17.17769306210621,,point
,,,,0.0,17.17769306210621,,point
,,,,0.0,17.17769306210621,,point
,,,,1.0,17.17769306210621,,point
,,,,1.0,17.17769306210621,,point
,,,,0.0,17.17769306210621,,point
,,,,0.0,17.17769306210621,,point
,,,,0.0,17.17769306210621,,point
,,,,0.0,17.17769306210621,,point
,,,,0.0,45.442518178624375,,point
,,,,0.0,45.442518178624375,,point
,,,,0.0,45.442518178624375,,point
,,,,0.0,45.442518178624375,,point
,,,,0.0,45.442518178624375,,point
,,,,0.0,45.442518178624375,,point
,,,,0.0,45.442518178624375,,point
,,,,0.0,45.442518178624375,,point
,,,,0.0,45.442518178624375,,point
,,,,0.0,45.442518178624375,,point
,,,,0.0,45.442518178624375,,point
,,,,0.0,45.442518178624375,,point
,,,,0.0,45.442518178624375,,point
,,,,0.0,53.45586284667577,,point
,,,,0.0,53.45586284667577,,point
,,,,0.0,53.45586284667577,,point
,,,,0.0,53.45586284667577,,point
,,,,0.0,53.45586284667577,,point
,,,,0.0,53.45586284667577,,point
,,,,0.0,53.45586284667577,,point
,,,,0.0,53.45586284667577,,point
,,,,0.0,53.45586284667577,,point
,,,,0.0,53.45586284667577,,point
,,,,0.0,53.45586284667577,,point
,,,,0.0,53.45586284667577,,point
,,,,0.0,50.361163941428686,,point
,,,,0.0,50.361163941428686,,point
,,,,0.0,50.361163941428686,,point
,,,,0.0,50.361163941428686,,point
,,,,1.0,50.361163941428686,,point
,,,,0.0,50.361163941428686,,point
,,,,0.0,50.361163941428686,,point
,,,,0.0,50.361163941428686,,point
,,,,0.0,50.361163941428686,,point
,,,,0.0,50.361163941428686,,point
,,,,0.0,50.361163941428686,,point
,,,,0.0,4.951660845254116,,point
,,,,0.0,4.951660845254116,,point
,,,,0.0,4.951660845254116,,point
,,,,0.0,4.951660845254116,,point
,,,,0.0,4.951660845254116,,point
,,,,0.0,4.951660845254116,,point
,,,,0.0,4.951660845254116,,point
,,,,0.0,4.951660845254116,,point
,,,,0.0,4.951660845254116,,point
,,,,0.0,4.951660845254116,,point
,,,,1.0,4.951660845254116,,point
,,,,0.0,88.46491685975143,,point
,,,,0.0,88.46491685975143,,point
,,,,0.0,88.46491685975143,,point
,,,,0.0,88.46491685975143,,point
,,,,0.0,88.46491685975143,,point
,,,,0.0,88.46491685975143,,point
,,,,0.0,88.46491685975143,,point
,,,,0.0,88.46491685975143,,point
,,,,0.0,88.46491685975143,,point
,,,,1.0,88.46491685975143,,point
,,,,0.0,88.46491685975143,,point
,,,,0.0,88.46491685975143,,point
,,,,1.0,88.46491685975143,,point
,,,,0.0,0.2380448854406588,,point
,,,,0.0,0.2380448854406588,,point
,,,,0.0,0.2380448854406588,,point
,,,,0.0,0.2380448854406588,,point
,,,,1.0,0.2380448854406588,,point
,,,,0.0,0.2380448854406588,,point
,,,,1.0,0.2380448854406588,,point
,,,,0.0,0.2380448854406588,,point
,,,,0.0,0.2380448854406588,,point
,,,,0.0,0.2380448854406588,,point
,,,,0.0,0.2380448854406588,,point
,,,,0.0,1.0485738237816273,,point
,,,,0.0,1.0485738237816273,,point
,,,,0.0,1.0485738237816273,,point
,,,,1.0,1.0485738237816273,,point
,,,,0.0,1.0485738237816273,,point
,,,,0.0,1.0485738237816273,,point
,,,,0.0,1.0485738237816273,,point
,,,,0.0,4.033083327712337,,point
,,,,0.0,4.033083327712337,,point
,,,,0.0,4.033083327712337,,point
,,,,0.0,4.033083327712337,,point
,,,,0.0,4.033083327712337,,point
,,,,0.0,4.033083327712337,,point
,,,,0.0,4.033083327712337,,point
,,,,0.0,4.033083327712337,,point
,,,,0.0,4.033083327712337,,point
,,,,0.0,4.033083327712337,,point
,,,,0.0,4.033083327712337,,point
,,,,0.0,28.03177123458181,,point
,,,,0.0,28.03177123458181,,point
,,,,0.0,28.03177123458181,,point
,,,,0.0,28.03177123458181,,point
,,,,0.0,28.03177123458181,,point
,,,,0.0,28.03177123458181,,point
,,,,0.0,28.03177123458181,,point
,,,,0.0,28.03177123458181,,point
,,,,0.0,28.03177123458181,,point
,,,,0.0,28.03177123458181,,point
,,,,0.0,28.03177123458181,,point
,,,,0.0,28.03177123458181,,point
,,,,0.0,28.03177123458181,,point
,,,,0.0,28.03177123458181,,point
,,,,0.0,28.03177123458181,,point
,,,,0.0,23.989548811310982,,point
,,,,0.0,23.989548811310982,,point
,,,,0.0,23.989548811310982,,point
,,,,0.0,23.989548811310982,,point
,,,,1.0,23.989548811310982,,point
,,,,0.0,23.989548811310982,,point
,,,,0.0,23.989548811310982,,point
,,,,0.0,23.989548811310982,,point
,,,,1.0,23.989548811310982,,point
,,,,0.0,23.989548811310982,,point
,,,,1.0,23.989548811310982,,point
,,,,1.0,23.989548811310982,,point
,,,,1.0,18.22423745354216,,point
,,,,0.0,18.22423745354216,,point
,,,,0.0,18.22423745354216,,point
,,,,0.0,18.22423745354216,,point
,,,,0.0,18.22423745354216,,point
,,,,0.0,18.22423745354216,,point
,,,,0.0,18.22423745354216,,point
,,,,0.0,18.22423745354216,,point
,,,,0.0,18.22423745354216,,point
,,,,0.0,3.053739239607559,,point
,,,,0.0,3.053739239607559,,point
,,,,0.0,3.053739239607559,,point
,,,,1.0,3.053739239607559,,point
,,,,0.0,3.053739239607559,,point
,,,,0.0,3.053739239607559,,point
,,,,1.0,3.053739239607559,,point
,,,,0.0,3.053739239607559,,point
,,,,1.0,3.053739239607559,,point
,,,,0.0,3.053739239607559,,point
,,,,0.0,3.053739239607559,,point
,,,,0.0,3.053739239607559,,point
,,,,1.0,3.053739239607559,,point
,,,,0.0,14.484573259735798,,point
,,,,0.0,14.484573259735798,,point
,,,,1.0,14.484573259735798,,point
,,,,0.0,14.484573259735798,,point
,,,,0.0,14.484573259735798,,point
,,,,0.0,14.484573259735798,,point
,,,,0.0,14.484573259735798,,point
,,,,0.0,14.484573259735798,,point
,,,,0.0,14.484573259735798,,point
,,,,1.0,14.484573259735798,,point
,,,,0.0,14.484573259735798,,point
,,,,0.0,14.484573259735798,,point
,,,,0.0,4.3249757082913565,,point
,,,,0.0,4.3249757082913565,,point
,,,,0.0,4.3249757082913565,,point
,,,,0.0,4.3249757082913565,,point
,,,,0.0,4.3249757082913565,,point
,,,,0.0,4.3249757082913565,,point
,,,,0.0,4.3249757082913565,,point
,,,,0.0,4.3249757082913565,,point
,,,,0.0,4.3249757082913565,,point
,,,,0.0,111.78673300034853,,point
,,,,1.0,111.78673300034853,,point
,,,,1.0,111.78673300034853,,point
,,,,0.0,111.78673300034853,,point
,,,,1.0,111.78673300034853,,point
,,,,0.0,111.78673300034853,,point
,,,,0.0,111.78673300034853,,point
,,,,0.0,111.78673300034853,,point
,,,,0.0,111.78673300034853,,point
,,,,0.0,111.78673300034853,,point
,,,,0.0,86.00819893678013,,point
,,,,0.0,86.00819893678013,,point
,,,,1.0,86.00819893678013,,point
,,,,1.0,86.00819893678013,,point
,,,,0.0,86.00819893678013,,point
,,,,1.0,86.00819893678013,,point
,,,,0.0,86.00819893678013,,point
,,,,0.0,86.00819893678013,,point
,,,,0.0,86.00819893678013,,point
,,,,1.0,86.00819893678013,,point
,,,,0.0,86.00819893678013,,point
,,,,0.0,1.758075760245607,,point
,,,,0.0,1.758075760245607,,point
,,,,0.0,1.758075760245607,,point
,,,,0.0,1.758075760245607,,point
,,,,0.0,1.758075760245607,,point
,,,,0.0,1.758075760245607,,point
,,,,0.0,1.758075760245607,,point
,,,,0.0,1.758075760245607,,point
,,,,0.0,1.758075760245607,,point
,,,,1.0,18.550164319922498,,point
,,,,0.0,18.550164319922498,,point
,,,,0.0,18.550164319922498,,point
,,,,0.0,18.550164319922498,,point
,,,,0.0,18.550164319922498,,point
,,,,0.0,18.550164319922498,,point
,,,,0.0,18.550164319922498,,point
,,,,0.0,18.550164319922498,,point
,,,,0.0,18.550164319922498,,point
,,,,0.0,18.550164319922498,,point
,,,,0.0,18.550164319922498,,point
,,,,0.0,18.550164319922498,,point
,,,,0.0,54.20352944206677,,point
,,,,1.0,54.20352944206677,,point
,,,,1.0,54.20352944206677,,point
,,,,0.0,54.20352944206677,,point
,,,,0.0,54.20352944206677,,point
,,,,0.0,54.20352944206677,,point
,,,,0.0,54.20352944206677,,point
,,,,0.0,54.20352944206677,,point
,,,,0.0,54.20352944206677,,point
,,,,1.0,54.20352944206677,,point
,,,,1.0,54.20352944206677,,point
,,,,0.0,0.9210787932252626,,point
,,,,0.0,0.9210787932252626,,point
,,,,0.0,0.9210787932252626,,point
,,,,0.0,0.9210787932252626,,point
,,,,0.0,0.9210787932252626,,point
,,,,1.0,0.9210787932252626,,point
,,,,0.0,0.9210787932252626,,point
,,,,0.0,0.9210787932252626,,point
,,,,0.0,0.9210787932252626,,point
,,,,0.0,0.9210787932252626,,point
,,,,0.0,0.9210787932252626,,point
,,,,0.0,0.9210787932252626,,point
,,,,0.0,99.54324030999562,,point
,,,,0.0,99.54324030999562,,point
,,,,0.0,99.54324030999562,,point
,,,,0.0,99.54324030999562,,point
,,,,0.0,99.54324030999562,,point
,,,,0.0,99.54324030999562,,point
,,,,1.0,99.54324030999562,,point
,,,,1.0,99.54324030999562,,point
,,,,0.0,99.54324030999562,,point
,,,,0.0,99.54324030999562,,point
,,,,0.0,99.54324030999562,,point
,,,,0.0,99.54324030999562,,point
,,,,0.0,99.54324030999562,,point
,,,,0.0,14.564473335637443,,point
,,,,0.0,14.564473335637443,,point
,,,,0.0,14.564473335637443,,point
,,,,1.0,14.564473335637443,,point
,,,,0.0,14.564473335637443,,point
,,,,1.0,14.564473335637443,,point
,,,,0.0,14.564473335637443,,point
,,,,0.0,14.564473335637443,,point
,,,,0.0,2.6772534783396953,,point
,,,,1.0,2.6772534783396953,,point
,,,,0.0,2.6772534783396953,,point
,,,,0.0,2.6772534783396953,,point
,,,,0.0,2.6772534783396953,,point
,,,,0.0,2.6772534783396953,,point
,,,,0.0,2.6772534783396953,,point
,,,,0.0,2.6772534783396953,,point
,,,,0.0,2.6772534783396953,,point
,,,,0.0,2.6772534783396953,,point
,,,,1.0,2.6772534783396953,,point
,,,,0.0,2.6772534783396953,,point
,,,,0.0,2.6772534783396953,,point
,,,,0.0,3.605461613124094,,point
,,,,0.0,3.605461613124094,,point
,,,,0.0,3.605461613124094,,point
,,,,0.0,3.605461613124094,,point
,,,,0.0,3.605461613124094,,point
,,,,0.0,3.605461613124094,,point
,,,,0.0,3.605461613124094,,point
,,,,0.0,3.605461613124094,,point
,,,,0.0,3.605461613124094,,point
,,,,0.0,3.605461613124094,,point
,,,,0.0,3.605461613124094,,point
,,,,0.0,3.605461613124094,,point
,,,,0.0,3.605461613124094,,point
,,,,0.0,22.14944137527518,,point
,,,,0.0,22.14944137527518,,point
,,,,0.0,22.14944137527518,,point
,,,,0.0,22.14944137527518,,point
,,,,0.0,22.14944137527518,,point
,,,,0.0,22.14944137527518,,point
,,,,0.0,22.14944137527518,,point
,,,,0.0,22.14944137527518,,point
,,,,0.0,22.14944137527518,,point
,,,,0.0,22.14944137527518,,point
,,,,0.0,22.14944137527518,,point
,,,,0.0,22.14944137527518,,point
,,,,0.0,3.5328809720778147,,point
,,,,0.0,3.5328809720778147,,point
,,,,0.0,3.5328809720778147,,point
,,,,0.0,3.5328809720778147,,point
,,,,0.0,3.5328809720778147,,point
,,,,0.0,3.5328809720778147,,point
,,,,0.0,3.5328809720778147,,point
,,,,0.0,3.5328809720778147,,point
,,,,0.0,3.5328809720778147,,point
,,,,0.0,3.5328809720778147,,point
,,,,0.0,3.5328809720778147,,point
,,,,0.0,3.5328809720778147,,point
,,,,0.0,3.5328809720778147,,point
,,,,0.0,3.5328809720778147,,point
,,,,1.0,2.8665199230830822,,point
,,,,0.0,2.8665199230830822,,point
,,,,0.0,2.8665199230830822,,point
,,,,0.0,2.8665199230830822,,point
,,,,0.0,2.8665199230830822,,point
,,,,0.0,2.8665199230830822,,point
,,,,0.0,2.8665199230830822,,point
,,,,1.0,2.8665199230830822,,point
,,,,0.0,2.8665199230830822,,point
,,,,0.0,2.8665199230830822,,point
,,,,0.0,2.8665199230830822,,point
,,,,1.0,2.8665199230830822,,point
,,,,0.0,2.8665199230830822,,point
,,,,0.0,3.4500361963014865,,point
,,,,0.0,3.4500361963014865,,point
,,,,0.0,3.4500361963014865,,point
,,,,0.0,3.4500361963014865,,point
,,,,0.0,3.4500361963014865,,point
,,,,0.0,3.4500361963014865,,point
,,,,0.0,3.4500361963014865,,point
,,,,0.0,3.4500361963014865,,point
,,,,0.0,3.4500361963014865,,point
,,,,1.0,11.071991541815022,,point
,,,,0.0,11.071991541815022,,point
,,,,0.0,11.071991541815022,,point
,,,,0.0,11.071991541815022,,point
,,,,0.0,11.071991541815022,,point
,,,,1.0,11.071991541815022,,point
,,,,0.0,11.071991541815022,,point
,,,,0.0,11.071991541815022,,point
,,,,1.0,11.071991541815022,,point
,,,,0.0,11.071991541815022,,point
,,,,0.0,11.071991541815022,,point
,,,,0.0,53.287908664108826,,point
,,,,0.0,53.287908664108826,,point
,,,,0.0,53.287908664108826,,point
,,,,0.0,53.287908664108826,,point
,,,,0.0,53.287908664108826,,point
,,,,0.0,53.287908664108826,,point
,,,,0.0,53.287908664108826,,point
,,,,0.0,53.287908664108826,,point
,,,,0.0,53.287908664108826,,point
,,,,0.0,53.287908664108826,,point
,,,,0.0,53.287908664108826,,point
,,,,0.0,53.287908664108826,,point
,,,,0.0,51.99319249924809,,point
,,,,0.0,51.99319249924809,,point
,,,,0.0,51.99319249924809,,point
,,,,0.0,51.99319249924809,,point
,,,,0.0,51.99319249924809,,point
,,,,0.0,51.99319249924809,,point
,,,,0.0,51.99319249924809,,point
,,,,1.0,51.99319249924809,,point
,,,,0.0,51.99319249924809,,point
,,,,0.0,51.99319249924809,,point
,,,,0.0,51.99319249924809,,point
,,,,0.0,51.99319249924809,,point
,,,,0.0,0.44250578029123433,,point
,,,,0.0,0.44250578029123433,,point
,,,,0.0,0.44250578029123433,,point
,,,,0.0,0.44250578029123433,,point
,,,,0.0,0.44250578029123433,,point
,,,,0.0,0.44250578029123433,,point
,,,,0.0,0.44250578029123433,,point
,,,,0.0,0.44250578029123433,,point
,,,,0.0,0.44250578029123433,,point
,,,,0.0,0.44250578029123433,,point
,,,,0.0,2.974664101394241,,point
,,,,0.0,2.974664101394241,,point
,,,,0.0,2.974664101394241,,point
,,,,0.0,2.974664101394241,,point
,,,,0.0,2.974664101394241,,point
,,,,0.0,2.974664101394241,,point
,,,,0.0,2.974664101394241,,point
,,,,0.0,2.974664101394241,,point
,,,,0.0,2.974664101394241,,point
,,,,0.0,2.974664101394241,,point
,,,,0.0,2.974664101394241,,point
,,,,1.0,2.974664101394241,,point
,,,,0.0,2.974664101394241,,point
,,,,0.0,2.974664101394241,,point
,,,,0.0,2.974664101394241,,point
,,,,0.0,21.806200732862052,,point
,,,,0.0,21.806200732862052,,point
,,,,0.0,21.806200732862052,,point
,,,,0.0,21.806200732862052,,point
,,,,0.0,21.806200732862052,,point
,,,,0.0,21.806200732862052,,point
,,,,0.0,21.806200732862052,,point
,,,,0.0,21.806200732862052,,point
,,,,0.0,21.806200732862052,,point
,,,,0.0,21.806200732862052,,point
,,,,0.0,21.806200732862052,,point
,,,,0.0,21.806200732862052,,point
,,,,0.0,21.806200732862052,,point
,,,,1.0,21.806200732862052,,point
,,,,0.0,31.300922835094134,,point
,,,,0.0,31.300922835094134,,point
,,,,0.0,31.300922835094134,,point
,,,,0.0,31.300922835094134,,point
,,,,0.0,31.300922835094134,,point
,,,,0.0,31.300922835094134,,point
,,,,0.0,31.300922835094134,,point
,,,,0.0,31.300922835094134,,point
,,,,0.0,31.300922835094134,,point
,,,,0.0,31.300922835094134,,point
,,,,0.0,64.48303748459622,,point
,,,,0.0,64.48303748459622,,point
,,,,0.0,64.48303748459622,,point
,,,,0.0,64.48303748459622,,point
,,,,0.0,64.48303748459622,,point
,,,,1.0,64.48303748459622,,point
,,,,0.0,64.48303748459622,,point
,,,,0.0,64.48303748459622,,point
,,,,0.0,4.156771768412626,,point
,,,,0.0,4.156771768412626,,point
,,,,0.0,4.156771768412626,,point
,,,,0.0,4.156771768412626,,point
,,,,0.0,4.156771768412626,,point
,,,,0.0,4.156771768412626,,point
,,,,0.0,4.156771768412626,,point
,,,,1.0,4.156771768412626,,point
,,,,0.0,47.84132983275852,,point
,,,,0.0,47.84132983275852,,point
,,,,1.0,47.84132983275852,,point
,,,,0.0,47.84132983275852,,point
,,,,0.0,47.84132983275852,,point
,,,,0.0,47.84132983275852,,point
,,,,0.0,47.84132983275852,,point
,,,,0.0,47.84132983275852,,point
,,,,0.0,47.84132983275852,,point
,,,,0.0,47.84132983275852,,point
,,,,0.0,47.84132983275852,,point
,,,,0.0,47.84132983275852,,point
,,,,0.0,47.84132983275852,,point
,,,,1.0,47.84132983275852,,point
,,,,0.0,21.376395263819056,,point
,,,,0.0,21.376395263819056,,point
,,,,0.0,21.376395263819056,,point
,,,,0.0,21.376395263819056,,point
,,,,0.0,21.376395263819056,,point
,,,,0.0,21.376395263819056,,point
,,,,0.0,21.376395263819056,,point
,,,,0.0,21.376395263819056,,point
,,,,0.0,21.376395263819056,,point
,,,,0.0,21.376395263819056,,point
,,,,0.0,21.376395263819056,,point
,,,,0.0,21.376395263819056,,point
,,,,0.0,34.89394618268556,,point
,,,,0.0,34.89394618268556,,point
,,,,1.0,34.89394618268556,,point
,,,,0.0,34.89394618268556,,point
,,,,0.0,34.89394618268556,,point
,,,,0.0,34.89394618268556,,point
,,,,0.0,34.89394618268556,,point
,,,,0.0,34.89394618268556,,point
,,,,1.0,34.89394618268556,,point
,,,,0.0,34.89394618268556,,point
,,,,0.0,34.89394618268556,,point
,,,,1.0,34.89394618268556,,point
,,,,1.0,34.89394618268556,,point
,,,,0.0,10.155498280502758,,point
,,,,1.0,10.155498280502758,,point
,,,,0.0,10.155498280502758,,point
,,,,0.0,10.155498280502758,,point
,,,,1.0,10.155498280502758,,point
,,,,0.0,10.155498280502758,,point
,,,,0.0,10.155498280502758,,point
,,,,0.0,10.155498280502758,,point
,,,,0.0,10.155498280502758,,point
,,,,0.0,10.155498280502758,,point
,,,,0.0,10.155498280502758,,point
,,,,0.0,10.155498280502758,,point
,,,,0.0,10.155498280502758,,point
,,,,0.0,19.47976584229829,,point
,,,,0.0,19.47976584229829,,point
,,,,0.0,19.47976584229829,,point
,,,,0.0,19.47976584229829,,point
,,,,0.0,19.47976584229829,,point
,,,,0.0,19.47976584229829,,point
,,,,0.0,19.47976584229829,,point
,,,,0.0,19.47976584229829,,point
,,,,0.0,19.47976584229829,,point
,,,,0.0,4.2729858209013365,,point
,,,,0.0,4.2729858209013365,,point
,,,,0.0,4.2729858209013365,,point
,,,,0.0,4.2729858209013365,,point
,,,,0.0,4.2729858209013365,,point
,,,,0.0,4.2729858209013365,,point
,,,,0.0,4.2729858209013365,,point
,,,,0.0,4.2729858209013365,,point
,,,,0.0,4.2729858209013365,,point
,,,,0.0,4.2729858209013365,,point
,,,,0.0,39.22189687339023,,point
,,,,0.0,39.22189687339023,,point
,,,,1.0,39.22189687339023,,point
,,,,1.0,39.22189687339023,,point
,,,,1.0,39.22189687339023,,point
,,,,0.0,39.22189687339023,,point
,,,,0.0,39.22189687339023,,point
,,,,0.0,39.22189687339023,,point
,,,,1.0,39.22189687339023,,point
,,,,0.0,39.22189687339023,,point
,,,,0.0,39.22189687339023,,point
,,,,0.0,38.18072985129876,,point
,,,,0.0,38.18072985129876,,point
,,,,0.0,38.18072985129876,,point
,,,,0.0,38.18072985129876,,point
,,,,0.0,38.18072985129876,,point
,,,,1.0,38.18072985129876,,point
,,,,0.0,38.18072985129876,,point
,,,,0.0,38.18072985129876,,point
,,,,0.0,38.18072985129876,,point
,,,,0.0,38.18072985129876,,point
,,,,0.0,38.18072985129876,,point
,,,,0.0,38.18072985129876,,point
,,,,0.0,38.18072985129876,,point
,,,,0.0,37.841909374011834,,point
,,,,1.0,37.841909374011834,,point
,,,,0.0,37.841909374011834,,point
,,,,0.0,37.841909374011834,,point
,,,,0.0,37.841909374011834,,point
,,,,0.0,37.841909374011834,,point
,,,,0.0,37.841909374011834,,point
,,,,0.0,37.841909374011834,,point
,,,,0.0,37.841909374011834,,point
,,,,0.0,37.841909374011834,,point
,,,,1.0,37.841909374011834,,point
,,,,0.0,37.841909374011834,,point
,,,,0.0,42.94798466908112,,point
,,,,0.0,42.94798466908112,,point
,,,,0.0,42.94798466908112,,point
,,,,0.0,42.94798466908112,,point
,,,,0.0,42.94798466908112,,point
,,,,0.0,42.94798466908112,,point
,,,,0.0,42.94798466908112,,point
,,,,0.0,42.94798466908112,,point
,,,,0.0,0.7446373362235583,,point
,,,,0.0,0.7446373362235583,,point
,,,,0.0,0.7446373362235583,,point
,,,,0.0,0.7446373362235583,,point
,,,,0.0,0.7446373362235583,,point
,,,,0.0,0.7446373362235583,,point
,,,,0.0,0.7446373362235583,,point
,,,,0.0,0.7446373362235583,,point
,,,,0.0,0.7446373362235583,,point
,,,,0.0,0.7446373362235583,,point
,,,,0.0,0.7446373362235583,,point
,,,,0.0,0.7446373362235583,,point
,,,,0.0,0.7446373362235583,,point
,,,,0.0,0.7446373362235583,,point
,,,,0.0,28.641932391863644,,point
,,,,0.0,28.641932391863644,,point
,,,,0.0,28.641932391863644,,point
,,,,0.0,28.641932391863644,,point
,,,,0.0,28.641932391863644,,point
,,,,0.0,28.641932391863644,,point
,,,,0.0,5.527225478667044,,point
,,,,0.0,5.527225478667044,,point
,,,,0.0,5.527225478667044,,point
,,,,0.0,5.527225478667044,,point
,,,,0.0,5.527225478667044,,point
,,,,1.0,5.527225478667044,,point
,,,,0.0,5.527225478667044,,point
,,,,0.0,5.527225478667044,,point
,,,,0.0,5.527225478667044,,point
,,,,0.0,5.527225478667044,,point
,,,,0.0,5.527225478667044,,point
,,,,0.0,2.115624690495058,,point
,,,,0.0,2.115624690495058,,point
,,,,0.0,2.115624690495058,,point
,,,,1.0,2.115624690495058,,point
,,,,0.0,2.115624690495058,,point
,,,,0.0,2.115624690495058,,point
,,,,0.0,2.115624690495058,,point
,,,,0.0,2.115624690495058,,point
,,,,1.0,2.115624690495058,,point
,,,,0.0,2.115624690495058,,point
,,,,0.0,2.115624690495058,,point
,,,,0.0,28.006833107553906,,point
,,,,0.0,28.006833107553906,,point
,,,,0.0,28.006833107553906,,point
,,,,0.0,28.006833107553906,,point
,,,,1.0,28.006833107553906,,point
,,,,0.0,28.006833107553906,,point
,,,,0.0,28.006833107553906,,point
,,,,0.0,28.006833107553906,,point
,,,,0.0,28.006833107553906,,point
,,,,0.0,28.006833107553906,,point
,,,,0.0,28.006833107553906,,point
,,,,0.0,28.006833107553906,,point
,,,,0.0,28.006833107553906,,point
,,,,0.0,0.9181804787944409,,point
,,,,0.0,0.9181804787944409,,point
,,,,0.0,0.9181804787944409,,point
,,,,0.0,0.9181804787944409,,point
,,,,0.0,0.9181804787944409,,point
,,,,0.0,0.9181804787944409,,point
,,,,0.0,0.9181804787944409,,point
,,,,1.0,0.9181804787944409,,point
,,,,1.0,0.9181804787944409,,point
,,,,0.0,0.9181804787944409,,point
,,,,1.0,0.9181804787944409,,point
,,,,0.0,0.9181804787944409,,point
,,,,0.0,0.9181804787944409,,point
,,,,0.0,1.0322444232254857,,point
,,,,0.0,1.0322444232254857,,point
,,,,0.0,1.0322444232254857,,point
,,,,1.0,1.0322444232254857,,point
,,,,0.0,1.0322444232254857,,point
,,,,0.0,1.0322444232254857,,point
,,,,1.0,1.0322444232254857,,point
,,,,0.0,1.0322444232254857,,point
,,,,0.0,1.0322444232254857,,point
,,,,1.0,1.0322444232254857,,point
,,,,0.0,1.0322444232254857,,point
,,,,0.0,43.18357211823217,,point
,,,,0.0,43.18357211823217,,point
,,,,0.0,43.18357211823217,,point
,,,,1.0,43.18357211823217,,point
,,,,0.0,43.18357211823217,,point
,,,,0.0,43.18357211823217,,point
,,,,0.0,43.18357211823217,,point
,,,,0.0,43.18357211823217,,point
,,,,0.0,43.18357211823217,,point
,,,,0.0,43.18357211823217,,point
,,,,0.0,43.18357211823217,,point
,,,,1.0,43.18357211823217,,point
,,,,0.0,43.18357211823217,,point
,,,,0.0,43.18357211823217,,point
,,,,0.0,63.319120481056416,,point
,,,,0.0,63.319120481056416,,point
,,,,0.0,63.319120481056416,,point
,,,,0.0,63.319120481056416,,point
,,,,0.0,63.319120481056416,,point
,,,,1.0,63.319120481056416,,point
,,,,0.0,63.319120481056416,,point
,,,,0.0,63.319120481056416,,point
,,,,0.0,63.319120481056416,,point
,,,,0.0,63.319120481056416,,point
,,,,0.0,63.319120481056416,,point
,,,,0.0,63.319120481056416,,point
,,,,0.0,63.319120481056416,,point
,,,,0.0,9.792162700978203,,point
,,,,1.0,9.792162700978203,,point
,,,,1.0,9.792162700978203,,point
,,,,0.0,9.792162700978203,,point
,,,,0.0,9.792162700978203,,point
,,,,0.0,9.792162700978203,,point
,,,,0.0,9.792162700978203,,point
,,,,0.0,9.792162700978203,,point
,,,,0.0,9.792162700978203,,point
,,,,1.0,9.792162700978203,,point
,,,,0.0,38.76022090282243,,point
,,,,0.0,38.76022090282243,,point
,,,,0.0,38.76022090282243,,point
,,,,0.0,38.76022090282243,,point
,,,,0.0,38.76022090282243,,point
,,,,0.0,38.76022090282243,,point
,,,,0.0,38.76022090282243,,point
,,,,0.0,38.76022090282243,,point
,,,,0.0,38.76022090282243,,point
,,,,0.0,38.76022090282243,,point
,,,,0.0,38.76022090282243,,point
,,,,0.0,38.76022090282243,,point
,,,,0.0,38.76022090282243,,point
,,,,0.0,0.8226241751029106,,point
,,,,0.0,0.8226241751029106,,point
,,,,0.0,0.8226241751029106,,point
,,,,0.0,0.8226241751029106,,point
,,,,0.0,0.8226241751029106,,point
,,,,0.0,0.8226241751029106,,point
,,,,0.0,0.8226241751029106,,point
,,,,0.0,0.8226241751029106,,point
,,,,0.0,0.8226241751029106,,point
,,,,0.0,0.8226241751029106,,point
,,,,0.0,0.8226241751029106,,point
,,,,1.0,0.8226241751029106,,point
,,,,0.0,0.8226241751029106,,point
,,,,0.0,0.8226241751029106,,point
,,,,0.0,0.8226241751029106,,point
,,,,0.0,42.70630249536925,,point
,,,,1.0,42.70630249536925,,point
,,,,0.0,42.70630249536925,,point
,,,,0.0,42.70630249536925,,point
,,,,0.0,42.70630249536925,,point
,,,,0.0,42.70630249536925,,point
,,,,0.0,42.70630249536925,,point
,,,,0.0,42.70630249536925,,point
,,,,0.0,29.388668570416492,,point
,,,,0.0,29.388668570416492,,point
,,,,0.0,29.388668570416492,,point
,,,,0.0,29.388668570416492,,point
,,,,0.0,29.388668570416492,,point
,,,,0.0,29.388668570416492,,point
,,,,0.0,29.388668570416492,,point
,,,,0.0,29.388668570416492,,point
,,,,0.0,29.388668570416492,,point
,,,,0.0,29.388668570416492,,point
,,,,0.0,29.388668570416492,,point
,,,,0.0,29.388668570416492,,point
,,,,0.0,86.26115071840232,,point
,,,,0.0,86.26115071840232,,point
,,,,0.0,86.26115071840232,,point
,,,,1.0,86.26115071840232,,point
,,,,0.0,86.26115071840232,,point
,,,,0.0,86.26115071840232,,point
,,,,0.0,86.26115071840232,,point
,,,,0.0,86.26115071840232,,point
,,,,0.0,86.26115071840232,,point
,,,,0.0,86.26115071840232,,point
,,,,0.0,86.26115071840232,,point
,,,,0.0,86.26115071840232,,point
,,,,0.0,7.448833735713217,,point
,,,,0.0,7.448833735713217,,point
,,,,0.0,7.448833735713217,,point
,,,,0.0,7.448833735713217,,point
,,,,0.0,7.448833735713217,,point
,,,,0.0,7.448833735713217,,point
,,,,0.0,7.448833735713217,,point
,,,,0.0,7.448833735713217,,point
,,,,0.0,7.448833735713217,,point
,,,,0.0,7.448833735713217,,point
,,,,0.0,7.448833735713217,,point
,,,,0.0,7.448833735713217,,point
,,,,0.0,35.301708414462155,,point
,,,,1.0,35.301708414462155,,point
,,,,0.0,35.301708414462155,,point
,,,,0.0,35.301708414462155,,point
,,,,0.0,35.301708414462155,,point
,,,,0.0,35.301708414462155,,point
,,,,0.0,35.301708414462155,,point
,,,,0.0,35.301708414462155,,point
,,,,0.0,35.301708414462155,,point
,,,,0.0,35.301708414462155,,point
,,,,0.0,35.301708414462155,,point
,,,,0.0,42.72728396891497,,point
,,,,0.0,42.72728396891497,,point
,,,,0.0,42.72728396891497,,point
,,,,0.0,42.72728396891497,,point
,,,,1.0,42.72728396891497,,point
,,,,0.0,42.72728396891497,,point
,,,,0.0,42.72728396891497,,point
,,,,0.0,42.72728396891497,,point
,,,,0.0,42.72728396891497,,point
,,,,0.0,42.72728396891497,,point
,,,,0.0,42.72728396891497,,point
,,,,0.0,42.72728396891497,,point
,,,,0.0,42.72728396891497,,point
,,,,0.0,0.9327098854373531,,point
,,,,0.0,0.9327098854373531,,point
,,,,0.0,0.9327098854373531,,point
,,,,0.0,0.9327098854373531,,point
,,,,0.0,0.9327098854373531,,point
,,,,1.0,0.9327098854373531,,point
,,,,0.0,0.9327098854373531,,point
,,,,0.0,0.9327098854373531,,point
,,,,0.0,0.9327098854373531,,point
,,,,0.0,0.9327098854373531,,point
,,,,0.0,0.9327098854373531,,point
,,,,0.0,0.9327098854373531,,point
,,,,0.0,0.9327098854373531,,point
,,,,0.0,0.9327098854373531,,point
,,,,0.0,8.945446831021897,,point
,,,,0.0,8.945446831021897,,point
,,,,0.0,8.945446831021897,,point
,,,,0.0,8.945446831021897,,point
,,,,0.0,8.945446831021897,,point
,,,,0.0,8.945446831021897,,point
,,,,0.0,8.945446831021897,,point
,,,,0.0,8.945446831021897,,point
,,,,0.0,8.945446831021897,,point
,,,,0.0,8.945446831021897,,point
,,,,0.0,8.945446831021897,,point
,,,,0.0,8.945446831021897,,point
,,,,0.0,8.945446831021897,,point
,,,,0.0,8.945446831021897,,point
,,,,0.0,75.88772833672068,,point
,,,,0.0,75.88772833672068,,point
,,,,1.0,75.88772833672068,,point
,,,,0.0,75.88772833672068,,point
,,,,0.0,75.88772833672068,,point
,,,,0.0,75.88772833672068,,point
,,,,0.0,75.88772833672068,,point
,,,,0.0,75.88772833672068,,point
,,,,0.0,75.88772833672068,,point
,,,,0.0,75.88772833672068,,point
,,,,1.0,75.88772833672068,,point
,,,,1.0,75.88772833672068,,point
,,,,0.0,75.88772833672068,,point
,,,,0.0,4.454161174480677,,point
,,,,0.0,4.454161174480677,,point
,,,,1.0,4.454161174480677,,point
,,,,0.0,4.454161174480677,,point
,,,,0.0,4.454161174480677,,point
,,,,1.0,4.454161174480677,,point
,,,,0.0,4.454161174480677,,point
,,,,0.0,4.454161174480677,,point
,,,,0.0,4.454161174480677,,point
,,,,0.0,4.454161174480677,,point
,,,,0.0,4.454161174480677,,point
,,,,0.0,6.825753081306627,,point
,,,,0.0,6.825753081306627,,point
,,,,0.0,6.825753081306627,,point
,,,,1.0,6.825753081306627,,point
,,,,0.0,6.825753081306627,,point
,,,,0.0,6.825753081306627,,point
,,,,0.0,6.825753081306627,,point
,,,,1.0,6.825753081306627,,point
,,,,0.0,6.825753081306627,,point
,,,,0.0,6.825753081306627,,point
,,,,0.0,6.825753081306627,,point
,,,,0.0,55.081241902207715,,point
,,,,0.0,55.081241902207715,,point
,,,,0.0,55.081241902207715,,point
,,,,0.0,55.081241902207715,,point
,,,,0.0,55.081241902207715,,point
,,,,0.0,55.081241902207715,,point
,,,,0.0,55.081241902207715,,point
,,,,0.0,55.081241902207715,,point
,,,,0.0,55.081241902207715,,point
,,,,0.0,55.081241902207715,,point
,,,,0.0,55.081241902207715,,point
,,,,0.0,55.081241902207715,,point
,,,,0.0,55.081241902207715,,point
,,,,0.0,55.081241902207715,,point
,,,,1.0,18.82241997678525,,point
,,,,0.0,18.82241997678525,,point
,,,,0.0,18.82241997678525,,point
,,,,0.0,18.82241997678525,,point
,,,,1.0,18.82241997678525,,point
,,,,1.0,18.82241997678525,,point
,,,,1.0,18.82241997678525,,point
,,,,0.0,18.82241997678525,,point
,,,,0.0,18.82241997678525,,point
,,,,0.0,23.615646813540973,,point
,,,,0.0,23.615646813540973,,point
,,,,1.0,23.615646813540973,,point
,,,,0.0,23.615646813540973,,point
,,,,0.0,23.615646813540973,,point
,,,,0.0,23.615646813540973,,point
,,,,1.0,23.615646813540973,,point
,,,,0.0,23.615646813540973,,point
,,,,0.0,23.615646813540973,,point
,,,,0.0,23.615646813540973,,point
,,,,0.0,23.615646813540973,,point
,,,,0.0,23.615646813540973,,point
,,,,0.0,23.615646813540973,,point
,,,,0.0,23.615646813540973,,point
,,,,0.0,48.27626123514718,,point
,,,,0.0,48.27626123514718,,point
,,,,0.0,48.27626123514718,,point
,,,,1.0,48.27626123514718,,point
,,,,1.0,48.27626123514718,,point
,,,,1.0,48.27626123514718,,point
,,,,0.0,48.27626123514718,,point
,,,,1.0,48.27626123514718,,point
,,,,0.0,48.27626123514718,,point
,,,,0.0,48.27626123514718,,point
,,,,1.0,48.27626123514718,,point
,,,,0.0,48.27626123514718,,point
,,,,0.0,0.57224071378083,,point
,,,,0.0,0.57224071378083,,point
,,,,0.0,0.57224071378083,,point
,,,,0.0,0.57224071378083,,point
,,,,0.0,0.57224071378083,,point
,,,,0.0,0.57224071378083,,point
,,,,0.0,0.57224071378083,,point
,,,,0.0,0.57224071378083,,point
,,,,0.0,38.30871907764819,,point
,,,,0.0,38.30871907764819,,point
,,,,0.0,38.30871907764819,,point
,,,,0.0,38.30871907764819,,point
,,,,0.0,38.30871907764819,,point
,,,,0.0,38.30871907764819,,point
,,,,0.0,38.30871907764819,,point
,,,,0.0,38.30871907764819,,point
,,,,0.0,38.30871907764819,,point
,,,,1.0,38.30871907764819,,point
,,,,1.0,38.30871907764819,,point
,,,,0.0,38.30871907764819,,point
,,,,0.0,38.30871907764819,,point
,,,,0.0,26.746330078489333,,point
,,,,0.0,26.746330078489333,,point
,,,,0.0,26.746330078489333,,point
,,,,1.0,26.746330078489333,,point
,,,,0.0,26.746330078489333,,point
,,,,0.0,26.746330078489333,,point
,,,,0.0,26.746330078489333,,point
,,,,0.0,26.746330078489333,,point
,,,,0.0,2.484735219595392,,point
,,,,0.0,2.484735219595392,,point
,,,,0.0,2.484735219595392,,point
,,,,0.0,2.484735219595392,,point
,,,,0.0,2.484735219595392,,point
,,,,0.0,2.484735219595392,,point
,,,,0.0,2.484735219595392,,point
,,,,0.0,2.484735219595392,,point
,,,,0.0,2.484735219595392,,point
,,,,0.0,2.484735219595392,,point
,,,,0.0,2.484735219595392,,point
,,,,0.0,2.484735219595392,,point
,,,,0.0,2.484735219595392,,point
,,,,0.0,10.23960104507042,,point
,,,,0.0,10.23960104507042,,point
,,,,0.0,10.23960104507042,,point
,,,,1.0,10.23960104507042,,point
,,,,0.0,10.23960104507042,,point
,,,,0.0,10.23960104507042,,point
,,,,1.0,10.23960104507042,,point
,,,,0.0,0.6638321398292435,,point
,,,,0.0,0.6638321398292435,,point
,,,,1.0,0.6638321398292435,,point
,,,,0.0,0.6638321398292435,,point
,,,,0.0,0.6638321398292435,,point
,,,,0.0,0.6638321398292435,,point
,,,,0.0,0.6638321398292435,,point
,,,,1.0,0.6638321398292435,,point
,,,,0.0,0.6638321398292435,,point
,,,,0.0,0.6638321398292435,,point
,,,,1.0,0.6638321398292435,,point
,,,,0.0,0.6638321398292435,,point
,,,,0.0,0.6638321398292435,,point
,,,,0.0,23.717946744816775,,point
,,,,0.0,23.717946744816775,,point
,,,,0.0,23.717946744816775,,point
,,,,0.0,23.717946744816775,,point
,,,,0.0,23.717946744816775,,point
,,,,1.0,23.717946744816775,,point
,,,,1.0,23.717946744816775,,point
,,,,0.0,23.717946744816775,,point
,,,,0.0,23.717946744816775,,point
,,,,1.0,23.717946744816775,,point
,,,,0.0,23.717946744816775,,point
,,,,0.0,23.717946744816775,,point
,,,,0.0,23.717946744816775,,point
,,,,0.0,23.717946744816775,,point
,,,,0.0,21.681756557448335,,point
,,,,0.0,21.681756557448335,,point
,,,,0.0,21.681756557448335,,point
,,,,0.0,21.681756557448335,,point
,,,,0.0,21.681756557448335,,point
,,,,0.0,21.681756557448335,,point
,,,,0.0,21.681756557448335,,point
,,,,0.0,21.681756557448335,,point
,,,,0.0,21.681756557448335,,point
,,,,0.0,21.681756557448335,,point
,,,,0.0,21.681756557448335,,point
,,,,0.0,21.681756557448335,,point
,,,,0.0,21.681756557448335,,point
,,,,0.0,4.364962595383572,,point
,,,,0.0,4.364962595383572,,point
,,,,0.0,4.364962595383572,,point
,,,,0.0,4.364962595383572,,point
,,,,0.0,4.364962595383572,,point
,,,,0.0,4.364962595383572,,point
,,,,0.0,4.364962595383572,,point
,,,,0.0,4.364962595383572,,point
,,,,1.0,4.364962595383572,,point
,,,,0.0,4.364962595383572,,point
,,,,0.0,4.364962595383572,,point
,,,,0.0,15.929527587167492,,point
,,,,0.0,15.929527587167492,,point
,,,,1.0,15.929527587167492,,point
,,,,0.0,15.929527587167492,,point
,,,,0.0,15.929527587167492,,point
,,,,0.0,15.929527587167492,,point
,,,,0.0,15.929527587167492,,point
,,,,0.0,1.042263074997631,,point
,,,,0.0,1.042263074997631,,point
,,,,0.0,1.042263074997631,,point
,,,,0.0,1.042263074997631,,point
,,,,0.0,1.042263074997631,,point
,,,,0.0,1.042263074997631,,point
,,,,0.0,1.042263074997631,,point
,,,,0.0,1.042263074997631,,point
,,,,0.0,1.042263074997631,,point
,,,,0.0,29.611725420314826,,point
,,,,0.0,29.611725420314826,,point
,,,,0.0,29.611725420314826,,point
,,,,0.0,29.611725420314826,,point
,,,,0.0,29.611725420314826,,point
,,,,0.0,0.4618055251116252,,point
,,,,0.0,0.4618055251116252,,point
,,,,0.0,0.4618055251116252,,point
,,,,0.0,0.4618055251116252,,point
,,,,0.0,0.4618055251116252,,point
,,,,0.0,0.4618055251116252,,point
,,,,0.0,0.4618055251116252,,point
,,,,1.0,0.4618055251116252,,point
,,,,0.0,0.4618055251116252,,point
,,,,0.0,0.4618055251116252,,point
,,,,0.0,29.56847794436621,,point
,,,,0.0,29.56847794436621,,point
,,,,0.0,29.56847794436621,,point
,,,,0.0,29.56847794436621,,point
,,,,0.0,29.56847794436621,,point
,,,,0.0,29.56847794436621,,point
,,,,0.0,29.56847794436621,,point
,,,,0.0,29.56847794436621,,point
,,,,0.0,29.56847794436621,,point
,,,,0.0,29.56847794436621,,point
,,,,1.0,29.56847794436621,,point
,,,,0.0,29.56847794436621,,point
,,,,0.0,29.56847794436621,,point
,,,,0.0,29.56847794436621,,point
,,,,0.0,68.67015464242492,,point
,,,,0.0,68.67015464242492,,point
,,,,0.0,68.67015464242492,,point
,,,,0.0,68.67015464242492,,point
,,,,0.0,68.67015464242492,,point
,,,,0.0,68.67015464242492,,point
,,,,0.0,68.67015464242492,,point
,,,,0.0,68.67015464242492,,point
,,,,0.0,68.67015464242492,,point
,,,,0.0,68.67015464242492,,point
,,,,0.0,68.67015464242492,,point
,,,,0.0,68.67015464242492,,point
,,,,0.0,11.428605032637135,,point
,,,,0.0,11.428605032637135,,point
,,,,1.0,11.428605032637135,,point
,,,,0.0,11.428605032637135,,point
,,,,0.0,11.428605032637135,,point
,,,,0.0,11.428605032637135,,point
,,,,0.0,11.428605032637135,,point
,,,,0.0,11.428605032637135,,point
,,,,0.0,11.428605032637135,,point
,,,,0.0,11.428605032637135,,point
,,,,0.0,4.965701961157672,,point
,,,,0.0,4.965701961157672,,point
,,,,1.0,4.965701961157672,,point
,,,,0.0,4.965701961157672,,point
,,,,0.0,4.965701961157672,,point
,,,,0.0,4.965701961157672,,point
,,,,0.0,4.965701961157672,,point
,,,,0.0,4.965701961157672,,point
,,,,0.0,5.9319512636047795,,point
,,,,0.0,5.9319512636047795,,point
,,,,0.0,5.9319512636047795,,point
,,,,0.0,5.9319512636047795,,point
,,,,0.0,5.9319512636047795,,point
,,,,0.0,5.9319512636047795,,point
,,,,0.0,5.9319512636047795,,point
,,,,0.0,5.9319512636047795,,point
,,,,0.0,43.45883396230044,,point
,,,,0.0,43.45883396230044,,point
,,,,0.0,43.45883396230044,,point
,,,,0.0,43.45883396230044,,point
,,,,1.0,43.45883396230044,,point
,,,,1.0,43.45883396230044,,point
,,,,1.0,43.45883396230044,,point
,,,,0.0,43.45883396230044,,point
,,,,0.0,43.45883396230044,,point
,,,,0.0,43.45883396230044,,point
,,,,0.0,43.45883396230044,,point
,,,,0.0,5.354095725017807,,point
,,,,1.0,5.354095725017807,,point
,,,,0.0,5.354095725017807,,point
,,,,1.0,5.354095725017807,,point
,,,,0.0,5.354095725017807,,point
,,,,0.0,5.354095725017807,,point
,,,,1.0,5.354095725017807,,point
,,,,1.0,5.354095725017807,,point
,,,,0.0,5.354095725017807,,point
,,,,1.0,5.354095725017807,,point
,,,,0.0,5.354095725017807,,point
,,,,0.0,5.354095725017807,,point
,,,,1.0,5.354095725017807,,point
,,,,0.0,5.354095725017807,,point
,,,,0.0,23.073363879090664,,point
,,,,0.0,23.073363879090664,,point
,,,,0.0,23.073363879090664,,point
,,,,0.0,23.073363879090664,,point
,,,,0.0,23.073363879090664,,point
,,,,0.0,23.073363879090664,,point
,,,,0.0,23.073363879090664,,point
,,,,0.0,23.073363879090664,,point
,,,,0.0,23.073363879090664,,point
,,,,0.0,23.073363879090664,,point
,,,,0.0,23.073363879090664,,point
,,,,0.0,32.287130352629575,,point
,,,,0.0,32.287130352629575,,point
,,,,0.0,32.287130352629575,,point
,,,,0.0,32.287130352629575,,point
,,,,1.0,32.287130352629575,,point
,,,,0.0,32.287130352629575,,point
,,,,0.0,32.287130352629575,,point
,,,,1.0,32.287130352629575,,point
,,,,0.0,32.287130352629575,,point
,,,,0.0,32.287130352629575,,point
,,,,0.0,32.287130352629575,,point
,,,,1.0,32.287130352629575,,point
,,,,0.0,32.287130352629575,,point
,,,,1.0,32.287130352629575,,point
,,,,0.0,32.287130352629575,,point
,,,,0.0,1.3716542475788631,,point
,,,,0.0,1.3716542475788631,,point
,,,,0.0,1.3716542475788631,,point
,,,,0.0,1.3716542475788631,,point
,,,,0.0,1.3716542475788631,,point
,,,,0.0,1.3716542475788631,,point
,,,,1.0,1.3716542475788631,,point
,,,,0.0,1.3716542475788631,,point
,,,,0.0,1.6145833522864435,,point
,,,,0.0,1.6145833522864435,,point
,,,,1.0,1.6145833522864435,,point
,,,,0.0,1.6145833522864435,,point
,,,,1.0,1.6145833522864435,,point
,,,,0.0,1.6145833522864435,,point
,,,,0.0,1.6145833522864435,,point
,,,,0.0,1.6145833522864435,,point
,,,,0.0,1.6145833522864435,,point
,,,,0.0,1.6145833522864435,,point
,,,,0.0,1.6145833522864435,,point
,,,,0.0,1.6145833522864435,,point
,,,,0.0,32.13800736737896,,point
,,,,1.0,32.13800736737896,,point
,,,,0.0,32.13800736737896,,point
,,,,0.0,32.13800736737896,,point
,,,,1.0,32.13800736737896,,point
,,,,0.0,32.13800736737896,,point
,,,,1.0,32.13800736737896,,point
,,,,1.0,32.13800736737896,,point
,,,,0.0,32.13800736737896,,point
,,,,0.0,32.13800736737896,,point
,,,,0.0,32.13800736737896,,point
,,,,0.0,48.79027375589757,,point
,,,,0.0,48.79027375589757,,point
,,,,0.0,48.79027375589757,,point
,,,,0.0,48.79027375589757,,point
,,,,0.0,48.79027375589757,,point
,,,,0.0,48.79027375589757,,point
,,,,0.0,48.79027375589757,,point
,,,,0.0,48.79027375589757,,point
,,,,1.0,48.79027375589757,,point
,,,,0.0,48.79027375589757,,point
,,,,0.0,48.79027375589757,,point
,,,,0.0,48.79027375589757,,point
,,,,0.0,21.799152201895055,,point
,,,,1.0,21.799152201895055,,point
,,,,1.0,21.799152201895055,,point
,,,,1.0,21.799152201895055,,point
,,,,0.0,21.799152201895055,,point
,,,,1.0,21.799152201895055,,point
,,,,0.0,21.799152201895055,,point
,,,,0.0,60.71154031693472,,point
,,,,0.0,60.71154031693472,,point
,,,,0.0,60.71154031693472,,point
,,,,0.0,60.71154031693472,,point
,,,,0.0,60.71154031693472,,point
,,,,0.0,60.71154031693472,,point
,,,,0.0,60.71154031693472,,point
,,,,0.0,60.71154031693472,,point
,,,,0.0,60.71154031693472,,point
,,,,0.0,60.71154031693472,,point
,,,,0.0,60.71154031693472,,point
,,,,0.0,1.0738622434522027,,point
,,,,1.0,1.0738622434522027,,point
,,,,0.0,1.0738622434522027,,point
,,,,0.0,1.0738622434522027,,point
,,,,0.0,1.0738622434522027,,point
,,,,0.0,1.0738622434522027,,point
,,,,0.0,1.0738622434522027,,point
,,,,0.0,1.0738622434522027,,point
,,,,0.0,1.0738622434522027,,point
,,,,0.0,24.577345242617554,,point
,,,,0.0,24.577345242617554,,point
,,,,0.0,24.577345242617554,,point
,,,,0.0,24.577345242617554,,point
,,,,0.0,24.577345242617554,,point
,,,,0.0,24.577345242617554,,point
,,,,0.0,24.577345242617554,,point
,,,,0.0,24.577345242617554,,point
,,,,1.0,24.577345242617554,,point
,,,,0.0,24.577345242617554,,point
,,,,0.0,36.886266700438846,,point
,,,,0.0,36.886266700438846,,point
,,,,0.0,36.886266700438846,,point
,,,,0.0,36.886266700438846,,point
,,,,0.0,36.886266700438846,,point
,,,,0.0,36.886266700438846,,point
,,,,0.0,36.886266700438846,,point
,,,,0.0,36.886266700438846,,point
,,,,0.0,36.886266700438846,,point
,,,,0.0,36.886266700438846,,point
,,,,0.0,34.779077934570914,,point
,,,,0.0,34.779077934570914,,point
,,,,0.0,34.779077934570914,,point
,,,,1.0,34.779077934570914,,point
,,,,0.0,34.779077934570914,,point
,,,,0.0,34.779077934570914,,point
,,,,0.0,34.779077934570914,,point
,,,,0.0,34.779077934570914,,point
,,,,0.0,34.779077934570914,,point
,,,,0.0,34.779077934570914,,point
,,,,0.0,34.779077934570914,,point
,,,,0.0,34.779077934570914,,point
,,,,0.0,34.779077934570914,,point
,,,,0.0,86.99499528143389,,point
,,,,0.0,86.99499528143389,,point
,,,,0.0,86.99499528143389,,point
,,,,0.0,86.99499528143389,,point
,,,,1.0,86.99499528143389,,point
,,,,1.0,86.99499528143389,,point
,,,,0.0,86.99499528143389,,point
,,,,0.0,86.99499528143389,,point
,,,,1.0,86.99499528143389,,point
,,,,0.0,86.99499528143389,,point
,,,,0.0,31.3026644411495,,point
,,,,1.0,31.3026644411495,,point
,,,,0.0,31.3026644411495,,point
,,,,1.0,31.3026644411495,,point
,,,,0.0,31.3026644411495,,point
,,,,0.0,31.3026644411495,,point
,,,,0.0,31.3026644411495,,point
,,,,0.0,31.3026644411495,,point
,,,,0.0,31.3026644411495,,point
,,,,0.0,31.3026644411495,,point
,,,,1.0,31.3026644411495,,point
,,,,0.0,31.3026644411495,,point
,,,,0.0,31.3026644411495,,point
,,,,1.0,24.43435328936338,,point
,,,,0.0,24.43435328936338,,point
,,,,0.0,24.43435328936338,,point
,,,,0.0,24.43435328936338,,point
,,,,0.0,24.43435328936338,,point
,,,,0.0,24.43435328936338,,point
,,,,0.0,24.43435328936338,,point
,,,,0.0,24.43435328936338,,point
,,,,0.0,24.43435328936338,,point
,,,,0.0,24.43435328936338,,point
,,,,1.0,24.43435328936338,,point
,,,,1.0,24.43435328936338,,point
,,,,0.0,91.30096658587847,,point
,,,,1.0,91.30096658587847,,point
,,,,0.0,91.30096658587847,,point
,,,,0.0,91.30096658587847,,point
,,,,0.0,91.30096658587847,,point
,,,,0.0,91.30096658587847,,point
,,,,1.0,91.30096658587847,,point
,,,,0.0,91.30096658587847,,point
,,,,0.0,66.2792179853764,,point
,,,,0.0,66.2792179853764,,point
,,,,0.0,66.2792179853764,,point
,,,,1.0,66.2792179853764,,point
,,,,0.0,66.2792179853764,,point
,,,,0.0,66.2792179853764,,point
,,,,0.0,66.2792179853764,,point
,,,,1.0,66.2792179853764,,point
,,,,0.0,66.2792179853764,,point
,,,,0.0,0.8421776939216435,,point
,,,,0.0,0.8421776939216435,,point
,,,,0.0,0.8421776939216435,,point
,,,,0.0,0.8421776939216435,,point
,,,,0.0,0.8421776939216435,,point
,,,,0.0,0.8421776939216435,,point
,,,,1.0,0.8421776939216435,,point
,,,,0.0,0.8421776939216435,,point
,,,,0.0,0.8421776939216435,,point
,,,,0.0,12.70460545894498,,point
,,,,0.0,12.70460545894498,,point
,,,,0.0,12.70460545894498,,point
,,,,0.0,12.70460545894498,,point
,,,,0.0,12.70460545894498,,point
,,,,0.0,12.70460545894498,,point
,,,,0.0,12.70460545894498,,point
,,,,0.0,12.70460545894498,,point
,,,,0.0,12.70460545894498,,point
,,,,0.0,12.70460545894498,,point
,,,,0.0,12.70460545894498,,point
,,,,0.0,12.70460545894498,,point
,,,,0.0,43.44636893660017,,point
,,,,0.0,43.44636893660017,,point
,,,,0.0,43.44636893660017,,point
,,,,0.0,43.44636893660017,,point
,,,,0.0,43.44636893660017,,point
,,,,0.0,43.44636893660017,,point
,,,,0.0,0.9076944476855499,,point
,,,,0.0,0.9076944476855499,,point
,,,,0.0,0.9076944476855499,,point
,,,,0.0,0.9076944476855499,,point
,,,,1.0,0.9076944476855499,,point
,,,,0.0,0.9076944476855499,,point
,,,,0.0,0.9076944476855499,,point
,,,,1.0,0.9076944476855499,,point
,,,,0.0,0.9076944476855499,,point
,,,,0.0,0.9076944476855499,,point
,,,,0.0,0.9076944476855499,,point
,,,,0.0,41.99109744034488,,point
,,,,0.0,41.99109744034488,,point
,,,,0.0,41.99109744034488,,point
,,,,0.0,41.99109744034488,,point
,,,,0.0,41.99109744034488,,point
,,,,0.0,41.99109744034488,,point
,,,,0.0,41.99109744034488,,point
,,,,0.0,41.99109744034488,,point
,,,,1.0,41.99109744034488,,point
,,,,0.0,41.99109744034488,,point
,,,,0.0,41.99109744034488,,point
,,,,1.0,41.99109744034488,,point
,,,,0.0,41.99109744034488,,point
,,,,0.0,41.99109744034488,,point
,,,,1.0,47.49409678807714,,point
,,,,0.0,47.49409678807714,,point
,,,,0.0,47.49409678807714,,point
,,,,0.0,47.49409678807714,,point
,,,,1.0,47.49409678807714,,point
,,,,0.0,47.49409678807714,,point
,,,,0.0,47.49409678807714,,point
,,,,1.0,47.49409678807714,,point
,,,,0.0,47.49409678807714,,point
,,,,0.0,47.49409678807714,,point
,,,,0.0,41.08584042456716,,point
,,,,0.0,41.08584042456716,,point
,,,,0.0,41.08584042456716,,point
,,,,0.0,41.08584042456716,,point
,,,,0.0,41.08584042456716,,point
,,,,0.0,41.08584042456716,,point
,,,,0.0,41.08584042456716,,point
,,,,0.0,41.08584042456716,,point
,,,,1.0,41.08584042456716,,point
,,,,0.0,41.08584042456716,,point
,,,,0.0,41.08584042456716,,point
,,,,0.0,41.08584042456716,,point
,,,,0.0,41.08584042456716,,point
,,,,1.0,11.16200391460046,,point
,,,,0.0,11.16200391460046,,point
,,,,0.0,11.16200391460046,,point
,,,,0.0,11.16200391460046,,point
,,,,1.0,11.16200391460046,,point
,,,,0.0,11.16200391460046,,point
,,,,0.0,11.16200391460046,,point
,,,,0.0,11.16200391460046,,point
,,,,0.0,11.16200391460046,,point
,,,,1.0,11.16200391460046,,point
,,,,0.0,11.16200391460046,,point
,,,,0.0,11.16200391460046,,point
,,,,0.0,11.16200391460046,,point
,,,,0.0,9.819506436134613,,point
,,,,0.0,9.819506436134613,,point
,,,,1.0,9.819506436134613,,point
,,,,0.0,9.819506436134613,,point
,,,,0.0,9.819506436134613,,point
,,,,0.0,9.819506436134613,,point
,,,,0.0,9.819506436134613,,point
,,,,0.0,9.819506436134613,,point
,,,,0.0,9.819506436134613,,point
,,,,0.0,9.819506436134613,,point
,,,,1.0,9.819506436134613,,point
,,,,1.0,54.20477829408192,,point
,,,,0.0,54.20477829408192,,point
,,,,0.0,54.20477829408192,,point
,,,,0.0,54.20477829408192,,point
,,,,1.0,54.20477829408192,,point
,,,,0.0,54.20477829408192,,point
,,,,0.0,54.20477829408192,,point
,,,,0.0,54.20477829408192,,point
,,,,0.0,54.20477829408192,,point
,,,,0.0,54.20477829408192,,point
,,,,0.0,54.20477829408192,,point
,,,,0.0,54.20477829408192,,point
,,,,0.0,54.20477829408192,,point
,,,,0.0,125.61669691579543,,point
,,,,1.0,125.61669691579543,,point
,,,,0.0,125.61669691579543,,point
,,,,1.0,125.61669691579543,,point
,,,,0.0,125.61669691579543,,point
,,,,0.0,125.61669691579543,,point
,,,,0.0,125.61669691579543,,point
,,,,1.0,125.61669691579543,,point
,,,,0.0,125.61669691579543,,point
,,,,0.0,125.61669691579543,,point
,,,,0.0,125.61669691579543,,point
,,,,0.0,125.61669691579543,,point
,,,,0.0,0.7360692174280247,,point
,,,,0.0,0.7360692174280247,,point
,,,,0.0,0.7360692174280247,,point
,,,,0.0,0.7360692174280247,,point
,,,,0.0,0.7360692174280247,,point
,,,,0.0,0.7360692174280247,,point
,,,,0.0,0.7360692174280247,,point
,,,,0.0,0.7360692174280247,,point
,,,,0.0,0.7360692174280247,,point
,,,,1.0,0.7360692174280247,,point
,,,,0.0,0.7360692174280247,,point
,,,,0.0,0.7360692174280247,,point
,,,,0.0,0.7360692174280247,,point
,,,,0.0,0.7360692174280247,,point
,,,,0.0,3.8797106245260613,,point
,,,,0.0,3.8797106245260613,,point
,,,,0.0,3.8797106245260613,,point
,,,,0.0,3.8797106245260613,,point
,,,,0.0,3.8797106245260613,,point
,,,,0.0,3.8797106245260613,,point
,,,,0.0,3.8797106245260613,,point
,,,,0.0,3.8797106245260613,,point
,,,,1.0,3.8797106245260613,,point
,,,,1.0,3.8797106245260613,,point
,,,,0.0,3.8797106245260613,,point
,,,,0.0,3.8797106245260613,,point
,,,,1.0,3.8797106245260613,,point
,,,,0.0,3.8797106245260613,,point
,,,,1.0,32.16668875235367,,point
,,,,1.0,32.16668875235367,,point
,,,,0.0,32.16668875235367,,point
,,,,0.0,32.16668875235367,,point
,,,,0.0,32.16668875235367,,point
,,,,0.0,32.16668875235367,,point
,,,,1.0,32.16668875235367,,point
,,,,0.0,32.16668875235367,,point
,,,,0.0,32.16668875235367,,point
,,,,0.0,32.16668875235367,,point
,,,,0.0,32.16668875235367,,point
,,,,0.0,32.16668875235367,,point
,,,,0.0,0.9999859081173544,,point
,,,,0.0,0.9999859081173544,,point
,,,,0.0,0.9999859081173544,,point
,,,,0.0,0.9999859081173544,,point
,,,,0.0,0.9999859081173544,,point
,,,,0.0,0.9999859081173544,,point
,,,,0.0,0.9999859081173544,,point
,,,,0.0,0.9999859081173544,,point
,,,,1.0,0.9999859081173544,,point
,,,,0.0,0.9999859081173544,,point
,,,,0.0,0.9999859081173544,,point
,,,,0.0,0.9999859081173544,,point
,,,,0.0,0.9999859081173544,,point
,,,,1.0,1.6017946968181267,,point
,,,,0.0,1.6017946968181267,,point
,,,,0.0,1.6017946968181267,,point
,,,,0.0,1.6017946968181267,,point
,,,,0.0,1.6017946968181267,,point
,,,,0.0,1.6017946968181267,,point
,,,,0.0,1.6017946968181267,,point
,,,,0.0,1.6017946968181267,,point
,,,,0.0,1.6017946968181267,,point
,,,,0.0,1.6017946968181267,,point
,,,,0.0,1.6017946968181267,,point
,,,,0.0,1.6017946968181267,,point
,,,,0.0,10.18872582070388,,point
,,,,0.0,10.18872582070388,,point
,,,,0.0,10.18872582070388,,point
,,,,0.0,10.18872582070388,,point
,,,,0.0,10.18872582070388,,point
,,,,0.0,10.18872582070388,,point
,,,,0.0,10.18872582070388,,point
,,,,0.0,10.18872582070388,,point
,,,,0.0,10.18872582070388,,point
,,,,0.0,10.18872582070388,,point
,,,,0.0,10.18872582070388,,point
,,,,0.0,10.18872582070388,,point
,,,,0.0,10.18872582070388,,point
,,,,0.0,10.18872582070388,,point
,,,,0.0,10.18872582070388,,point
,,,,1.0,0.5415197685474741,,point
,,,,0.0,0.5415197685474741,,point
,,,,1.0,0.5415197685474741,,point
,,,,0.0,0.5415197685474741,,point
,,,,0.0,0.5415197685474741,,point
,,,,0.0,0.5415197685474741,,point
,,,,0.0,0.5415197685474741,,point
,,,,0.0,0.5415197685474741,,point
,,,,0.0,0.5415197685474741,,point
,,,,0.0,0.5415197685474741,,point
,,,,0.0,0.5415197685474741,,point
,,,,0.0,0.5415197685474741,,point
,,,,0.0,0.5415197685474741,,point
,,,,0.0,7.680928242215257,,point
,,,,0.0,7.680928242215257,,point
,,,,0.0,7.680928242215257,,point
,,,,0.0,7.680928242215257,,point
,,,,0.0,7.680928242215257,,point
,,,,0.0,7.680928242215257,,point
,,,,0.0,7.680928242215257,,point
,,,,0.0,7.680928242215257,,point
,,,,0.0,7.680928242215257,,point
,,,,0.0,7.680928242215257,,point
,,,,0.0,2.0965216236561046,,point
,,,,0.0,2.0965216236561046,,point
,,,,0.0,2.0965216236561046,,point
,,,,0.0,2.0965216236561046,,point
,,,,0.0,2.0965216236561046,,point
,,,,0.0,2.0965216236561046,,point
,,,,0.0,2.0965216236561046,,point
,,,,0.0,2.0965216236561046,,point
,,,,0.0,2.0965216236561046,,point
,,,,0.0,23.616600917334114,,point
,,,,0.0,23.616600917334114,,point
,,,,0.0,23.616600917334114,,point
,,,,0.0,23.616600917334114,,point
,,,,0.0,23.616600917334114,,point
,,,,1.0,23.616600917334114,,point
,,,,0.0,23.616600917334114,,point
,,,,0.0,23.616600917334114,,point
,,,,0.0,23.616600917334114,,point
,,,,0.0,23.616600917334114,,point
,,,,0.0,1.8096427859537192,,point
,,,,0.0,1.8096427859537192,,point
,,,,0.0,1.8096427859537192,,point
,,,,1.0,1.8096427859537192,,point
,,,,0.0,1.8096427859537192,,point
,,,,1.0,1.8096427859537192,,point
,,,,0.0,1.8096427859537192,,point
,,,,0.0,1.8096427859537192,,point
,,,,0.0,1.8096427859537192,,point
,,,,0.0,1.8096427859537192,,point
,,,,0.0,1.8096427859537192,,point
,,,,0.0,1.8096427859537192,,point
,,,,0.0,1.8096427859537192,,point
,,,,0.0,1.8096427859537192,,point
,,,,0.0,1.8096427859537192,,point
,,,,0.0,1.8096427859537192,,point
,,,,0.0,1.8096427859537192,,point
,,,,1.0,0.5159748238174018,,point
,,,,0.0,0.5159748238174018,,point
,,,,0.0,0.5159748238174018,,point
,,,,0.0,0.5159748238174018,,point
,,,,0.0,0.5159748238174018,,point
,,,,0.0,0.5159748238174018,,point
,,,,1.0,0.5159748238174018,,point
,,,,1.0,0.5159748238174018,,point
,,,,0.0,0.5159748238174018,,point
,,,,0.0,0.5159748238174018,,point
,,,,0.0,2.8352231408053417,,point
,,,,0.0,2.8352231408053417,,point
,,,,0.0,2.8352231408053417,,point
,,,,0.0,2.8352231408053417,,point
,,,,0.0,2.8352231408053417,,point
,,,,0.0,2.8352231408053417,,point
,,,,0.0,2.8352231408053417,,point
,,,,0.0,2.8352231408053417,,point
,,,,1.0,2.8352231408053417,,point
,,,,0.0,2.8352231408053417,,point
,,,,0.0,14.2118868822499,,point
,,,,0.0,14.2118868822499,,point
,,,,0.0,14.2118868822499,,point
,,,,1.0,14.2118868822499,,point
,,,,0.0,14.2118868822499,,point
,,,,0.0,14.2118868822499,,point
,,,,0.0,14.2118868822499,,point
,,,,0.0,14.2118868822499,,point
,,,,1.0,14.2118868822499,,point
,,,,0.0,14.2118868822499,,point
,,,,0.0,14.2118868822499,,point
,,,,1.0,14.2118868822499,,point
,,,,0.0,14.2118868822499,,point
,,,,0.0,10.331155554069197,,point
,,,,1.0,10.331155554069197,,point
,,,,0.0,10.331155554069197,,point
,,,,0.0,10.331155554069197,,point
,,,,0.0,10.331155554069197,,point
,,,,1.0,10.331155554069197,,point
,,,,1.0,10.331155554069197,,point
,,,,1.0,10.331155554069197,,point
,,,,0.0,10.331155554069197,,point
,,,,1.0,10.331155554069197,,point
,,,,0.0,10.331155554069197,,point
,,,,1.0,10.331155554069197,,point
,,,,0.0,46.6614474541164,,point
,,,,1.0,46.6614474541164,,point
,,,,1.0,46.6614474541164,,point
,,,,0.0,46.6614474541164,,point
,,,,0.0,46.6614474541164,,point
,,,,0.0,46.6614474541164,,point
,,,,1.0,46.6614474541164,,point
,,,,0.0,46.6614474541164,,point
,,,,0.0,46.6614474541164,,point
,,,,0.0,46.6614474541164,,point
,,,,0.0,46.6614474541164,,point
,,,,1.0,46.6614474541164,,point
,,,,0.0,46.6614474541164,,point
,,,,0.0,46.6614474541164,,point
,,,,0.0,0.8931364434061686,,point
,,,,0.0,0.8931364434061686,,point
,,,,0.0,0.8931364434061686,,point
,,,,0.0,0.8931364434061686,,point
,,,,0.0,0.8931364434061686,,point
,,,,0.0,0.8931364434061686,,point
,,,,0.0,0.8931364434061686,,point
,,,,0.0,0.8931364434061686,,point
,,,,0.0,0.8931364434061686,,point
,,,,0.0,0.8931364434061686,,point
,,,,0.0,0.8931364434061686,,point
,,,,0.0,56.53053492868721,,point
,,,,0.0,56.53053492868721,,point
,,,,0.0,56.53053492868721,,point
,,,,0.0,56.53053492868721,,point
,,,,0.0,56.53053492868721,,point
,,,,0.0,56.53053492868721,,point
,,,,0.0,56.53053492868721,,point
,,,,0.0,56.53053492868721,,point
,,,,0.0,56.53053492868721,,point
,,,,0.0,56.53053492868721,,point
,,,,0.0,56.53053492868721,,point
,,,,0.0,104.38505786906622,,point
,,,,1.0,104.38505786906622,,point
,,,,0.0,104.38505786906622,,point
,,,,0.0,104.38505786906622,,point
,,,,0.0,104.38505786906622,,point
,,,,0.0,104.38505786906622,,point
,,,,0.0,104.38505786906622,,point
,,,,0.0,104.38505786906622,,point
,,,,0.0,104.38505786906622,,point
,,,,0.0,104.38505786906622,,point
,,,,0.0,5.787999346261401,,point
,,,,0.0,5.787999346261401,,point
,,,,0.0,5.787999346261401,,point
,,,,1.0,5.787999346261401,,point
,,,,0.0,5.787999346261401,,point
,,,,0.0,5.787999346261401,,point
,,,,0.0,5.787999346261401,,point
,,,,0.0,5.787999346261401,,point
,,,,0.0,5.787999346261401,,point
,,,,0.0,151.77035003386746,,point
,,,,0.0,151.77035003386746,,point
,,,,0.0,151.77035003386746,,point
,,,,1.0,151.77035003386746,,point
,,,,0.0,151.77035003386746,,point
,,,,0.0,151.77035003386746,,point
,,,,0.0,151.77035003386746,,point
,,,,1.0,84.25524304645089,,point
,,,,0.0,84.25524304645089,,point
,,,,0.0,84.25524304645089,,point
,,,,0.0,84.25524304645089,,point
,,,,1.0,84.25524304645089,,point
,,,,0.0,84.25524304645089,,point
,,,,0.0,84.25524304645089,,point
,,,,0.0,84.25524304645089,,point
,,,,0.0,84.25524304645089,,point
,,,,0.0,84.25524304645089,,point
,,,,0.0,84.25524304645089,,point
,,,,0.0,12.239250768916191,,point
,,,,0.0,12.239250768916191,,point
,,,,1.0,12.239250768916191,,point
,,,,1.0,12.239250768916191,,point
,,,,0.0,12.239250768916191,,point
,,,,0.0,12.239250768916191,,point
,,,,0.0,12.239250768916191,,point
,,,,0.0,12.239250768916191,,point
,,,,0.0,12.239250768916191,,point
,,,,0.0,12.239250768916191,,point
,,,,0.0,12.239250768916191,,point
,,,,0.0,12.239250768916191,,point
,,,,1.0,12.239250768916191,,point
,,,,1.0,12.239250768916191,,point
,,,,0.0,12.239250768916191,,point
,,,,0.0,1.058582092975471,,point
,,,,0.0,1.058582092975471,,point
,,,,0.0,1.058582092975471,,point
,,,,0.0,1.058582092975471,,point
,,,,0.0,1.058582092975471,,point
,,,,0.0,1.058582092975471,,point
,,,,0.0,1.058582092975471,,point
,,,,0.0,1.058582092975471,,point
,,,,0.0,1.058582092975471,,point
,,,,0.0,1.058582092975471,,point
,,,,0.0,1.058582092975471,,point
,,,,0.0,1.058582092975471,,point
,,,,0.0,70.03186778417958,,point
,,,,0.0,70.03186778417958,,point
,,,,0.0,70.03186778417958,,point
,,,,0.0,70.03186778417958,,point
,,,,0.0,70.03186778417958,,point
,,,,0.0,70.03186778417958,,point
,,,,0.0,70.03186778417958,,point
,,,,0.0,70.03186778417958,,point
,,,,1.0,70.03186778417958,,point
,,,,0.0,70.03186778417958,,point
,,,,0.0,70.03186778417958,,point
,,,,0.0,70.03186778417958,,point
,,,,0.0,5.177944040904465,,point
,,,,0.0,5.177944040904465,,point
,,,,0.0,5.177944040904465,,point
,,,,0.0,5.177944040904465,,point
,,,,0.0,5.177944040904465,,point
,,,,0.0,5.177944040904465,,point
,,,,1.0,5.177944040904465,,point
,,,,0.0,5.177944040904465,,point
,,,,0.0,5.177944040904465,,point
,,,,0.0,5.177944040904465,,point
,,,,1.0,5.177944040904465,,point
,,,,1.0,5.177944040904465,,point
,,,,0.0,0.39046308207772557,,point
,,,,0.0,0.39046308207772557,,point
,,,,0.0,0.39046308207772557,,point
,,,,1.0,0.39046308207772557,,point
,,,,0.0,0.39046308207772557,,point
,,,,0.0,0.39046308207772557,,point
,,,,0.0,0.39046308207772557,,point
,,,,0.0,0.39046308207772557,,point
,,,,0.0,0.39046308207772557,,point
,,,,0.0,0.39046308207772557,,point
,,,,0.0,0.39046308207772557,,point
,,,,1.0,0.39046308207772557,,point
,,,,0.0,0.39046308207772557,,point
,,,,0.0,0.39046308207772557,,point
,,,,0.0,0.39046308207772557,,point
,,,,0.0,1.2541154976363078,,point
,,,,0.0,1.2541154976363078,,point
,,,,0.0,1.2541154976363078,,point
,,,,0.0,1.2541154976363078,,point
,,,,0.0,1.2541154976363078,,point
,,,,0.0,1.2541154976363078,,point
,,,,1.0,10.320479934141332,,point
,,,,1.0,10.320479934141332,,point
,,,,0.0,10.320479934141332,,point
,,,,0.0,10.320479934141332,,point
,,,,0.0,10.320479934141332,,point
,,,,0.0,10.320479934141332,,point
,,,,0.0,2.628041855669415,,point
,,,,0.0,2.628041855669415,,point
,,,,0.0,2.628041855669415,,point
,,,,0.0,2.628041855669415,,point
,,,,0.0,2.628041855669415,,point
,,,,1.0,2.628041855669415,,point
,,,,0.0,2.628041855669415,,point
,,,,0.0,2.628041855669415,,point
,,,,0.0,2.628041855669415,,point
,,,,0.0,2.628041855669415,,point
,,,,0.0,39.77947126914462,,point
,,,,0.0,39.77947126914462,,point
,,,,0.0,39.77947126914462,,point
,,,,0.0,39.77947126914462,,point
,,,,0.0,39.77947126914462,,point
,,,,0.0,39.77947126914462,,point
,,,,0.0,39.77947126914462,,point
,,,,0.0,39.77947126914462,,point
,,,,0.0,39.77947126914462,,point
,,,,0.0,39.77947126914462,,point
,,,,0.0,39.77947126914462,,point
,,,,0.0,39.77947126914462,,point
,,,,0.0,39.77947126914462,,point
,,,,0.0,39.77947126914462,,point
,,,,1.0,21.749992790552046,,point
,,,,0.0,21.749992790552046,,point
,,,,0.0,21.749992790552046,,point
,,,,0.0,21.749992790552046,,point
,,,,1.0,21.749992790552046,,point
,,,,0.0,21.749992790552046,,point
,,,,0.0,21.749992790552046,,point
,,,,0.0,21.749992790552046,,point
,,,,0.0,21.749992790552046,,point
,,,,0.0,21.749992790552046,,point
,,,,0.0,21.749992790552046,,point
,,,,0.0,21.749992790552046,,point
,,,,0.0,21.749992790552046,,point
,,,,1.0,7.3391636578343595,,point
,,,,0.0,7.3391636578343595,,point
,,,,0.0,7.3391636578343595,,point
,,,,0.0,7.3391636578343595,,point
,,,,1.0,7.3391636578343595,,point
,,,,0.0,7.3391636578343595,,point
,,,,0.0,7.3391636578343595,,point
,,,,0.0,7.3391636578343595,,point
,,,,0.0,7.3391636578343595,,point
,,,,0.0,7.3391636578343595,,point
,,,,0.0,7.3391636578343595,,point
,,,,0.0,7.3391636578343595,,point
,,,,0.0,7.3391636578343595,,point
,,,,0.0,51.5063010312038,,point
,,,,1.0,51.5063010312038,,point
,,,,0.0,51.5063010312038,,point
,,,,0.0,51.5063010312038,,point
,,,,1.0,51.5063010312038,,point
,,,,0.0,51.5063010312038,,point
,,,,0.0,51.5063010312038,,point
,,,,0.0,51.5063010312038,,point
,,,,0.0,51.5063010312038,,point
,,,,1.0,51.5063010312038,,point
,,,,1.0,51.5063010312038,,point
,,,,0.0,14.939223066137128,,point
,,,,1.0,14.939223066137128,,point
,,,,1.0,14.939223066137128,,point
,,,,0.0,14.939223066137128,,point
,,,,0.0,14.939223066137128,,point
,,,,0.0,14.939223066137128,,point
,,,,1.0,14.939223066137128,,point
,,,,0.0,14.939223066137128,,point
,,,,1.0,14.939223066137128,,point
,,,,0.0,14.939223066137128,,point
,,,,0.0,14.939223066137128,,point
,,,,0.0,23.924577051870106,,point
,,,,0.0,23.924577051870106,,point
,,,,0.0,23.924577051870106,,point
,,,,0.0,23.924577051870106,,point
,,,,0.0,23.924577051870106,,point
,,,,0.0,23.924577051870106,,point
,,,,0.0,23.924577051870106,,point
,,,,0.0,23.924577051870106,,point
,,,,0.0,23.924577051870106,,point
,,,,0.0,23.924577051870106,,point
,,,,0.0,23.924577051870106,,point
,,,,0.0,36.805407240511336,,point
,,,,0.0,36.805407240511336,,point
,,,,0.0,36.805407240511336,,point
,,,,0.0,36.805407240511336,,point
,,,,0.0,36.805407240511336,,point
,,,,0.0,36.805407240511336,,point
,,,,0.0,36.805407240511336,,point
,,,,0.0,36.805407240511336,,point
,,,,0.0,36.805407240511336,,point
,,,,1.0,36.805407240511336,,point
,,,,1.0,36.805407240511336,,point
,,,,0.0,13.569727922833897,,point
,,,,0.0,13.569727922833897,,point
,,,,1.0,13.569727922833897,,point
,,,,0.0,13.569727922833897,,point
,,,,0.0,13.569727922833897,,point
,,,,0.0,13.569727922833897,,point
,,,,1.0,13.569727922833897,,point
,,,,1.0,13.569727922833897,,point
,,,,1.0,13.569727922833897,,point
,,,,0.0,13.569727922833897,,point
,,,,0.0,13.569727922833897,,point
,,,,0.0,69.41155456075603,,point
,,,,0.0,69.41155456075603,,point
,,,,0.0,69.41155456075603,,point
,,,,0.0,69.41155456075603,,point
,,,,0.0,69.41155456075603,,point
,,,,0.0,69.41155456075603,,point
,,,,0.0,69.41155456075603,,point
,,,,0.0,69.41155456075603,,point
,,,,0.0,69.41155456075603,,point
,,,,0.0,69.41155456075603,,point
,,,,0.0,69.41155456075603,,point
,,,,0.0,1.8762585400538505,,point
,,,,0.0,1.8762585400538505,,point
,,,,0.0,1.8762585400538505,,point
,,,,0.0,1.8762585400538505,,point
,,,,0.0,1.8762585400538505,,point
,,,,0.0,1.8762585400538505,,point
,,,,0.0,1.8762585400538505,,point
,,,,0.0,1.8762585400538505,,point
,,,,1.0,1.8762585400538505,,point
,,,,0.0,9.502757933601588,,point
,,,,0.0,9.502757933601588,,point
,,,,0.0,9.502757933601588,,point
,,,,0.0,9.502757933601588,,point
,,,,0.0,9.502757933601588,,point
,,,,0.0,9.502757933601588,,point
,,,,0.0,9.502757933601588,,point
,,,,0.0,9.502757933601588,,point
,,,,0.0,9.502757933601588,,point
,,,,0.0,9.502757933601588,,point
,,,,1.0,9.502757933601588,,point
,,,,0.0,9.502757933601588,,point
,,,,0.0,9.502757933601588,,point
,,,,0.0,148.41432176155638,,point
,,,,0.0,148.41432176155638,,point
,,,,0.0,148.41432176155638,,point
,,,,0.0,148.41432176155638,,point
,,,,0.0,148.41432176155638,,point
,,,,0.0,148.41432176155638,,point
,,,,0.0,148.41432176155638,,point
,,,,0.0,148.41432176155638,,point
,,,,0.0,148.41432176155638,,point
,,,,1.0,148.41432176155638,,point
,,,,0.0,148.41432176155638,,point
,,,,0.0,148.41432176155638,,point
,,,,1.0,21.50363233562554,,point
,,,,0.0,21.50363233562554,,point
,,,,0.0,21.50363233562554,,point
,,,,1.0,21.50363233562554,,point
,,,,0.0,21.50363233562554,,point
,,,,1.0,21.50363233562554,,point
,,,,0.0,21.50363233562554,,point
,,,,0.0,21.50363233562554,,point
,,,,0.0,21.50363233562554,,point
,,,,0.0,21.50363233562554,,point
,,,,0.0,21.50363233562554,,point
,,,,0.0,21.50363233562554,,point
,,,,1.0,21.50363233562554,,point
,,,,1.0,84.3580759756351,,point
,,,,0.0,84.3580759756351,,point
,,,,0.0,84.3580759756351,,point
,,,,0.0,84.3580759756351,,point
,,,,0.0,84.3580759756351,,point
,,,,1.0,84.3580759756351,,point
,,,,0.0,84.3580759756351,,point
,,,,0.0,84.3580759756351,,point
,,,,0.0,84.3580759756351,,point
,,,,0.0,84.3580759756351,,point
,,,,0.0,84.3580759756351,,point
,,,,0.0,84.3580759756351,,point
,,,,0.0,84.3580759756351,,point
,,,,1.0,84.3580759756351,,point
,,,,1.0,84.3580759756351,,point
,,,,0.0,21.922657966051695,,point
,,,,0.0,21.922657966051695,,point
,,,,0.0,21.922657966051695,,point
,,,,0.0,21.922657966051695,,point
,,,,0.0,21.922657966051695,,point
,,,,0.0,21.922657966051695,,point
,,,,0.0,21.922657966051695,,point
,,,,0.0,21.922657966051695,,point
,,,,0.0,21.922657966051695,,point
,,,,0.0,21.922657966051695,,point
,,,,0.0,2.2580118022527658,,point
,,,,1.0,2.2580118022527658,,point
,,,,0.0,2.2580118022527658,,point
,,,,0.0,2.2580118022527658,,point
,,,,0.0,2.2580118022527658,,point
,,,,0.0,2.2580118022527658,,point
,,,,0.0,2.2580118022527658,,point
,,,,0.0,2.2580118022527658,,point
,,,,0.0,2.2580118022527658,,point
,,,,0.0,2.2580118022527658,,point
,,,,0.0,2.2580118022527658,,point
,,,,0.0,2.2580118022527658,,point
,,,,1.0,2.2580118022527658,,point
,,,,0.0,35.26574812066766,,point
,,,,1.0,35.26574812066766,,point
,,,,0.0,35.26574812066766,,point
,,,,0.0,35.26574812066766,,point
,,,,0.0,35.26574812066766,,point
,,,,0.0,35.26574812066766,,point
,,,,1.0,35.26574812066766,,point
,,,,1.0,35.26574812066766,,point
,,,,1.0,35.26574812066766,,point
,,,,1.0,35.26574812066766,,point
,,,,0.0,14.073911729170387,,point
,,,,0.0,14.073911729170387,,point
,,,,0.0,14.073911729170387,,point
,,,,0.0,14.073911729170387,,point
,,,,1.0,14.073911729170387,,point
,,,,1.0,14.073911729170387,,point
,,,,0.0,14.073911729170387,,point
,,,,0.0,14.073911729170387,,point
,,,,0.0,14.073911729170387,,point
,,,,0.0,55.7617165388386,,point
,,,,0.0,55.7617165388386,,point
,,,,1.0,55.7617165388386,,point
,,,,0.0,55.7617165388386,,point
,,,,0.0,55.7617165388386,,point
,,,,0.0,55.7617165388386,,point
,,,,0.0,55.7617165388386,,point
,,,,0.0,55.7617165388386,,point
,,,,1.0,55.7617165388386,,point
,,,,0.0,55.7617165388386,,point
,,,,0.0,55.7617165388386,,point
,,,,0.0,55.7617165388386,,point
,,,,0.0,55.7617165388386,,point
,,,,1.0,55.7617165388386,,point
,,,,0.0,55.7617165388386,,point
,,,,1.0,82.0914026870548,,point
,,,,1.0,82.0914026870548,,point
,,,,0.0,82.0914026870548,,point
,,,,0.0,82.0914026870548,,point
,,,,1.0,82.0914026870548,,point
,,,,1.0,82.0914026870548,,point
,,,,1.0,82.0914026870548,,point
,,,,1.0,82.0914026870548,,point
,,,,1.0,82.0914026870548,,point
,,,,0.0,82.0914026870548,,point
,,,,0.0,82.0914026870548,,point
,,,,1.0,27.740820697100126,,point
,,,,0.0,27.740820697100126,,point
,,,,0.0,27.740820697100126,,point
,,,,0.0,27.740820697100126,,point
,,,,0.0,27.740820697100126,,point
,,,,0.0,27.740820697100126,,point
,,,,0.0,27.740820697100126,,point
,,,,0.0,27.740820697100126,,point
,,,,0.0,27.740820697100126,,point
,,,,0.0,27.740820697100126,,point
,,,,0.0,27.740820697100126,,point
,,,,0.0,1.317704143365665,,point
,,,,0.0,1.317704143365665,,point
,,,,0.0,1.317704143365665,,point
,,,,0.0,1.317704143365665,,point
,,,,0.0,1.317704143365665,,point
,,,,0.0,1.317704143365665,,point
,,,,0.0,1.317704143365665,,point
,,,,0.0,1.317704143365665,,point
,,,,0.0,1.317704143365665,,point
,,,,0.0,1.317704143365665,,point
,,,,0.0,1.317704143365665,,point
,,,,0.0,1.317704143365665,,point
,,,,0.0,1.317704143365665,,point
,,,,0.0,3.165061892707635,,point
,,,,0.0,3.165061892707635,,point
,,,,0.0,3.165061892707635,,point
,,,,0.0,3.165061892707635,,point
,,,,0.0,3.165061892707635,,point
,,,,0.0,3.165061892707635,,point
,,,,0.0,3.165061892707635,,point
,,,,0.0,3.165061892707635,,point
,,,,0.0,3.165061892707635,,point
,,,,0.0,3.165061892707635,,point
,,,,0.0,3.165061892707635,,point
,,,,0.0,18.141664459624035,,point
,,,,0.0,18.141664459624035,,point
,,,,1.0,18.141664459624035,,point
,,,,0.0,18.141664459624035,,point
,,,,0.0,18.141664459624035,,point
,,,,1.0,18.141664459624035,,point
,,,,0.0,18.141664459624035,,point
,,,,0.0,18.141664459624035,,point
,,,,0.0,18.141664459624035,,point
,,,,1.0,18.141664459624035,,point
,,,,0.0,18.141664459624035,,point
,,,,0.0,18.141664459624035,,point
,,,,0.0,50.94174510923081,,point
,,,,1.0,50.94174510923081,,point
,,,,0.0,50.94174510923081,,point
,,,,0.0,50.94174510923081,,point
,,,,0.0,50.94174510923081,,point
,,,,0.0,50.94174510923081,,point
,,,,0.0,50.94174510923081,,point
,,,,0.0,50.94174510923081,,point
,,,,1.0,50.94174510923081,,point
,,,,0.0,50.94174510923081,,point
,,,,0.0,61.67593378378666,,point
,,,,0.0,61.67593378378666,,point
,,,,0.0,61.67593378378666,,point
,,,,0.0,61.67593378378666,,point
,,,,0.0,61.67593378378666,,point
,,,,0.0,61.67593378378666,,point
,,,,0.0,61.67593378378666,,point
,,,,1.0,61.67593378378666,,point
,,,,0.0,61.67593378378666,,point
,,,,0.0,61.67593378378666,,point
,,,,1.0,61.67593378378666,,point
,,,,0.0,61.67593378378666,,point
,,,,0.0,61.67593378378666,,point
,,,,0.0,61.67593378378666,,point
,,,,0.0,2.8253573228175304,,point
,,,,0.0,2.8253573228175304,,point
,,,,0.0,2.8253573228175304,,point
,,,,0.0,2.8253573228175304,,point
,,,,0.0,2.8253573228175304,,point
,,,,0.0,2.8253573228175304,,point
,,,,0.0,2.8253573228175304,,point
,,,,0.0,2.8253573228175304,,point
,,,,0.0,2.8253573228175304,,point
,,,,0.0,2.8253573228175304,,point
,,,,0.0,2.839468256426734,,point
,,,,0.0,2.839468256426734,,point
,,,,0.0,2.839468256426734,,point
,,,,0.0,2.839468256426734,,point
,,,,0.0,2.839468256426734,,point
,,,,0.0,2.839468256426734,,point
,,,,0.0,2.839468256426734,,point
,,,,0.0,2.839468256426734,,point
,,,,0.0,2.839468256426734,,point
,,,,1.0,32.054213803224016,,point
,,,,0.0,32.054213803224016,,point
,,,,0.0,32.054213803224016,,point
,,,,0.0,32.054213803224016,,point
,,,,0.0,32.054213803224016,,point
,,,,1.0,32.054213803224016,,point
,,,,1.0,32.054213803224016,,point
,,,,1.0,32.054213803224016,,point
,,,,0.0,32.054213803224016,,point
,,,,0.0,32.054213803224016,,point
,,,,0.0,32.054213803224016,,point
,,,,1.0,32.054213803224016,,point
,,,,0.0,32.054213803224016,,point
,,,,0.0,32.054213803224016,,point
,,,,1.0,66.14261317766504,,point
,,,,0.0,66.14261317766504,,point
,,,,0.0,66.14261317766504,,point
,,,,0.0,66.14261317766504,,point
,,,,1.0,66.14261317766504,,point
,,,,0.0,66.14261317766504,,point
,,,,0.0,66.14261317766504,,point
,,,,0.0,66.14261317766504,,point
,,,,0.0,66.14261317766504,,point
,,,,0.0,66.14261317766504,,point
,,,,1.0,66.14261317766504,,point
,,,,0.0,66.14261317766504,,point
,,,,0.0,66.14261317766504,,point
,,,,0.0,66.14261317766504,,point
,,,,1.0,66.14261317766504,,point
,,,,0.0,54.59449458831627,,point
,,,,1.0,54.59449458831627,,point
,,,,0.0,54.59449458831627,,point
,,,,0.0,54.59449458831627,,point
,,,,0.0,54.59449458831627,,point
,,,,0.0,54.59449458831627,,point
,,,,1.0,54.59449458831627,,point
,,,,0.0,54.59449458831627,,point
,,,,1.0,54.59449458831627,,point
,,,,0.0,54.59449458831627,,point
,,,,0.0,14.75647090902679,,point
,,,,0.0,14.75647090902679,,point
,,,,0.0,14.75647090902679,,point
,,,,1.0,14.75647090902679,,point
,,,,0.0,14.75647090902679,,point
,,,,0.0,14.75647090902679,,point
,,,,0.0,14.75647090902679,,point
,,,,0.0,14.75647090902679,,point
,,,,1.0,14.75647090902679,,point
,,,,0.0,14.75647090902679,,point
,,,,0.0,1.992387464055095,,point
,,,,1.0,1.992387464055095,,point
,,,,0.0,1.992387464055095,,point
,,,,0.0,1.992387464055095,,point
,,,,0.0,1.992387464055095,,point
,,,,0.0,1.992387464055095,,point
,,,,0.0,1.992387464055095,,point
,,,,0.0,1.992387464055095,,point
,,,,0.0,1.992387464055095,,point
,,,,0.0,1.992387464055095,,point
,,,,0.0,1.992387464055095,,point
,,,,0.0,26.899040570282285,,point
,,,,0.0,26.899040570282285,,point
,,,,0.0,26.899040570282285,,point
,,,,0.0,26.899040570282285,,point
,,,,0.0,26.899040570282285,,point
,,,,1.0,26.899040570282285,,point
,,,,0.0,26.899040570282285,,point
,,,,0.0,26.899040570282285,,point
,,,,0.0,26.899040570282285,,point
,,,,0.0,26.899040570282285,,point
,,,,1.0,26.899040570282285,,point
,,,,0.0,56.82052575526109,,point
,,,,0.0,56.82052575526109,,point
,,,,1.0,56.82052575526109,,point
,,,,0.0,56.82052575526109,,point
,,,,1.0,56.82052575526109,,point
,,,,0.0,56.82052575526109,,point
,,,,1.0,56.82052575526109,,point
,,,,0.0,56.82052575526109,,point
,,,,1.0,56.82052575526109,,point
,,,,0.0,56.82052575526109,,point
,,,,0.0,56.82052575526109,,point
,,,,0.0,9.101220743486166,,point
,,,,0.0,9.101220743486166,,point
,,,,0.0,9.101220743486166,,point
,,,,1.0,9.101220743486166,,point
,,,,0.0,9.101220743486166,,point
,,,,0.0,9.101220743486166,,point
,,,,0.0,9.101220743486166,,point
,,,,0.0,9.101220743486166,,point
,,,,0.0,9.101220743486166,,point
,,,,0.0,9.101220743486166,,point
,,,,0.0,9.101220743486166,,point
,,,,0.0,9.101220743486166,,point
,,,,0.0,9.101220743486166,,point
,,,,0.0,9.101220743486166,,point
,,,,0.0,9.101220743486166,,point
,,,,0.0,0.39605435835098307,,point
,,,,0.0,0.39605435835098307,,point
,,,,0.0,0.39605435835098307,,point
,,,,1.0,0.39605435835098307,,point
,,,,0.0,0.39605435835098307,,point
,,,,0.0,0.39605435835098307,,point
,,,,0.0,0.39605435835098307,,point
,,,,0.0,0.39605435835098307,,point
,,,,0.0,0.39605435835098307,,point
,,,,0.0,0.39605435835098307,,point
,,,,0.0,0.39605435835098307,,point
,,,,1.0,0.39605435835098307,,point
,,,,1.0,0.39605435835098307,,point
,,,,1.0,0.39605435835098307,,point
,,,,0.0,80.27947017054001,,point
,,,,0.0,80.27947017054001,,point
,,,,0.0,80.27947017054001,,point
,,,,0.0,80.27947017054001,,point
,,,,0.0,80.27947017054001,,point
,,,,0.0,80.27947017054001,,point
,,,,1.0,80.27947017054001,,point
,,,,0.0,80.27947017054001,,point
,,,,0.0,80.27947017054001,,point
,,,,0.0,20.5993828267195,,point
,,,,0.0,20.5993828267195,,point
,,,,0.0,20.5993828267195,,point
,,,,0.0,20.5993828267195,,point
,,,,0.0,20.5993828267195,,point
,,,,0.0,20.5993828267195,,point
,,,,0.0,20.5993828267195,,point
,,,,1.0,20.5993828267195,,point
,,,,0.0,20.5993828267195,,point
,,,,0.0,20.5993828267195,,point
,,,,0.0,20.5993828267195,,point
,,,,0.0,20.5993828267195,,point
,,,,0.0,20.5993828267195,,point
,,,,0.0,20.5993828267195,,point
,,,,0.0,20.5993828267195,,point
,,,,0.0,6.228322131242898,,point
,,,,0.0,6.228322131242898,,point
,,,,0.0,6.228322131242898,,point
,,,,0.0,6.228322131242898,,point
,,,,0.0,78.97276658416004,,point
,,,,0.0,78.97276658416004,,point
,,,,0.0,78.97276658416004,,point
,,,,0.0,78.97276658416004,,point
,,,,0.0,78.97276658416004,,point
,,,,0.0,42.91908335861073,,point
,,,,0.0,42.91908335861073,,point
,,,,0.0,42.91908335861073,,point
,,,,1.0,42.91908335861073,,point
,,,,0.0,42.91908335861073,,point
,,,,0.0,42.91908335861073,,point
,,,,0.0,42.91908335861073,,point
,,,,0.0,42.91908335861073,,point
,,,,0.0,42.91908335861073,,point
,,,,1.0,42.91908335861073,,point
,,,,1.0,42.91908335861073,,point
,,,,0.0,42.91908335861073,,point
,,,,0.0,42.91908335861073,,point
,,,,1.0,42.91908335861073,,point
,,,,0.0,2.9479650453323365,,point
,,,,0.0,2.9479650453323365,,point
,,,,0.0,2.9479650453323365,,point
,,,,0.0,2.9479650453323365,,point
,,,,0.0,2.9479650453323365,,point
,,,,0.0,2.9479650453323365,,point
,,,,0.0,2.9479650453323365,,point
,,,,0.0,2.9479650453323365,,point
,,,,0.0,2.9479650453323365,,point
,,,,0.0,2.9479650453323365,,point
,,,,0.0,2.9479650453323365,,point
,,,,0.0,2.9479650453323365,,point
,,,,0.0,18.75595253223699,,point
,,,,0.0,18.75595253223699,,point
,,,,0.0,18.75595253223699,,point
,,,,0.0,18.75595253223699,,point
,,,,0.0,18.75595253223699,,point
,,,,1.0,18.75595253223699,,point
,,,,0.0,18.75595253223699,,point
,,,,0.0,18.75595253223699,,point
,,,,1.0,18.75595253223699,,point
,,,,0.0,18.75595253223699,,point
,,,,0.0,0.4335650912844248,,point
,,,,0.0,0.4335650912844248,,point
,,,,0.0,0.4335650912844248,,point
,,,,0.0,0.4335650912844248,,point
,,,,0.0,0.4335650912844248,,point
,,,,0.0,0.4335650912844248,,point
,,,,0.0,16.915754900629917,,point
,,,,0.0,16.915754900629917,,point
,,,,1.0,16.915754900629917,,point
,,,,0.0,16.915754900629917,,point
,,,,0.0,16.915754900629917,,point
,,,,0.0,16.915754900629917,,point
,,,,0.0,16.915754900629917,,point
,,,,0.0,22.464615355542467,,point
,,,,0.0,22.464615355542467,,point
,,,,0.0,22.464615355542467,,point
,,,,0.0,22.464615355542467,,point
,,,,0.0,22.464615355542467,,point
,,,,0.0,22.464615355542467,,point
,,,,0.0,22.464615355542467,,point
,,,,0.0,22.464615355542467,,point
,,,,0.0,22.464615355542467,,point
,,,,0.0,22.464615355542467,,point
,,,,0.0,2.632961823937049,,point
,,,,1.0,2.632961823937049,,point
,,,,1.0,2.632961823937049,,point
,,,,0.0,2.632961823937049,,point
,,,,0.0,2.632961823937049,,point
,,,,0.0,2.632961823937049,,point
,,,,0.0,2.632961823937049,,point
,,,,0.0,2.632961823937049,,point
,,,,0.0,2.632961823937049,,point
,,,,0.0,2.632961823937049,,point
,,,,0.0,2.632961823937049,,point
,,,,0.0,1.4557367896028377,,point
,,,,0.0,1.4557367896028377,,point
,,,,0.0,1.4557367896028377,,point
,,,,0.0,1.4557367896028377,,point
,,,,0.0,1.4557367896028377,,point
,,,,0.0,1.4557367896028377,,point
,,,,0.0,1.4557367896028377,,point
,,,,0.0,1.4557367896028377,,point
,,,,0.0,1.4557367896028377,,point
,,,,0.0,1.4557367896028377,,point
,,,,0.0,1.350851021605733,,point
,,,,0.0,1.350851021605733,,point
,,,,0.0,1.350851021605733,,point
,,,,1.0,1.350851021605733,,point
,,,,0.0,1.350851021605733,,point
,,,,0.0,1.350851021605733,,point
,,,,0.0,1.350851021605733,,point
,,,,1.0,1.350851021605733,,point
,,,,0.0,1.350851021605733,,point
,,,,0.0,1.350851021605733,,point
,,,,1.0,1.350851021605733,,point
,,,,0.0,1.350851021605733,,point
,,,,0.0,1.350851021605733,,point
,,,,0.0,2.011106576555935,,point
,,,,0.0,2.011106576555935,,point
,,,,0.0,2.011106576555935,,point
,,,,0.0,2.011106576555935,,point
,,,,0.0,2.011106576555935,,point
,,,,0.0,2.011106576555935,,point
,,,,0.0,2.011106576555935,,point
,,,,0.0,2.011106576555935,,point
,,,,0.0,2.011106576555935,,point
,,,,0.0,2.011106576555935,,point
,,,,0.0,2.011106576555935,,point
,,,,0.0,49.5379751248251,,point
,,,,0.0,49.5379751248251,,point
,,,,0.0,49.5379751248251,,point
,,,,0.0,49.5379751248251,,point
,,,,0.0,49.5379751248251,,point
,,,,0.0,49.5379751248251,,point
,,,,0.0,49.5379751248251,,point
,,,,0.0,49.5379751248251,,point
,,,,0.0,49.5379751248251,,point
,,,,0.0,49.5379751248251,,point
,,,,0.0,49.5379751248251,,point
,,,,0.0,49.5379751248251,,point
,,,,0.0,47.87522545406534,,point
,,,,0.0,47.87522545406534,,point
,,,,0.0,47.87522545406534,,point
,,,,0.0,47.87522545406534,,point
,,,,0.0,47.87522545406534,,point
,,,,0.0,47.87522545406534,,point
,,,,0.0,47.87522545406534,,point
,,,,0.0,47.87522545406534,,point
,,,,0.0,47.87522545406534,,point
,,,,0.0,47.87522545406534,,point
,,,,0.0,47.87522545406534,,point
,,,,1.0,0.42619863956148535,,point
,,,,0.0,0.42619863956148535,,point
,,,,0.0,0.42619863956148535,,point
,,,,0.0,0.42619863956148535,,point
,,,,0.0,0.42619863956148535,,point
,,,,1.0,0.42619863956148535,,point
,,,,0.0,0.42619863956148535,,point
,,,,0.0,0.42619863956148535,,point
,,,,0.0,0.42619863956148535,,point
,,,,0.0,0.42619863956148535,,point
,,,,0.0,0.42619863956148535,,point
,,,,1.0,0.42619863956148535,,point
,,,,0.0,0.42619863956148535,,point
,,,,0.0,0.42619863956148535,,point
,,,,0.0,0.42619863956148535,,point
,,,,0.0,0.42619863956148535,,point
,,,,0.0,52.55027422821465,,point
,,,,0.0,52.55027422821465,,point
,,,,0.0,52.55027422821465,,point
,,,,0.0,52.55027422821465,,point
,,,,0.0,52.55027422821465,,point
,,,,0.0,52.55027422821465,,point
,,,,0.0,0.12263381662582545,,point
,,,,0.0,0.12263381662582545,,point
,,,,0.0,0.12263381662582545,,point
,,,,0.0,0.12263381662582545,,point
,,,,0.0,0.12263381662582545,,point
,,,,0.0,0.12263381662582545,,point
,,,,0.0,0.12263381662582545,,point
,,,,0.0,0.12263381662582545,,point
,,,,0.0,0.12263381662582545,,point
,,,,0.0,5.147123476290242,,point
,,,,0.0,5.147123476290242,,point
,,,,1.0,5.147123476290242,,point
,,,,0.0,5.147123476290242,,point
,,,,0.0,5.147123476290242,,point
,,,,1.0,5.147123476290242,,point
,,,,1.0,5.147123476290242,,point
,,,,0.0,0.3534034061188365,,point
,,,,0.0,0.3534034061188365,,point
,,,,1.0,0.3534034061188365,,point
,,,,0.0,0.3534034061188365,,point
,,,,0.0,0.3534034061188365,,point
,,,,0.0,0.3534034061188365,,point
,,,,0.0,0.3534034061188365,,point
,,,,0.0,0.3534034061188365,,point
,,,,0.0,0.3534034061188365,,point
,,,,0.0,0.3534034061188365,,point
,,,,0.0,0.3534034061188365,,point
,,,,0.0,0.3534034061188365,,point
,,,,0.0,40.109538624248415,,point
,,,,1.0,40.109538624248415,,point
,,,,0.0,40.109538624248415,,point
,,,,0.0,40.109538624248415,,point
,,,,0.0,40.109538624248415,,point
,,,,0.0,40.109538624248415,,point
,,,,0.0,40.109538624248415,,point
,,,,0.0,40.109538624248415,,point
,,,,1.0,40.109538624248415,,point
,,,,0.0,40.109538624248415,,point
,,,,0.0,40.109538624248415,,point
,,,,0.0,30.55171176697862,,point
,,,,1.0,30.55171176697862,,point
,,,,0.0,30.55171176697862,,point
,,,,0.0,30.55171176697862,,point
,,,,1.0,30.55171176697862,,point
,,,,0.0,30.55171176697862,,point
,,,,1.0,30.55171176697862,,point
,,,,0.0,30.55171176697862,,point
,,,,0.0,30.55171176697862,,point
,,,,1.0,30.55171176697862,,point
,,,,1.0,30.55171176697862,,point
,,,,0.0,30.55171176697862,,point
,,,,0.0,10.166688096340785,,point
,,,,0.0,10.166688096340785,,point
,,,,0.0,10.166688096340785,,point
,,,,0.0,10.166688096340785,,point
,,,,0.0,10.166688096340785,,point
,,,,0.0,10.166688096340785,,point
,,,,0.0,10.166688096340785,,point
,,,,0.0,10.166688096340785,,point
,,,,0.0,10.166688096340785,,point
,,,,0.0,10.166688096340785,,point
,,,,0.0,10.166688096340785,,point
,,,,0.0,10.166688096340785,,point
,,,,0.0,4.541826471143781,,point
,,,,0.0,4.541826471143781,,point
,,,,0.0,4.541826471143781,,point
,,,,0.0,4.541826471143781,,point
,,,,0.0,4.541826471143781,,point
,,,,0.0,4.541826471143781,,point
,,,,0.0,4.541826471143781,,point
,,,,0.0,4.541826471143781,,point
,,,,0.0,4.541826471143781,,point
,,,,0.0,4.541826471143781,,point
,,,,0.0,22.408956514566558,,point
,,,,1.0,22.408956514566558,,point
,,,,1.0,22.408956514566558,,point
,,,,0.0,22.408956514566558,,point
,,,,0.0,22.408956514566558,,point
,,,,0.0,22.408956514566558,,point
,,,,1.0,22.408956514566558,,point
,,,,0.0,22.408956514566558,,point
,,,,0.0,62.066449253756325,,point
,,,,1.0,62.066449253756325,,point
,,,,0.0,62.066449253756325,,point
,,,,1.0,62.066449253756325,,point
,,,,1.0,62.066449253756325,,point
,,,,1.0,62.066449253756325,,point
,,,,0.0,62.066449253756325,,point
,,,,0.0,62.066449253756325,,point
,,,,1.0,62.066449253756325,,point
,,,,1.0,62.066449253756325,,point
,,,,1.0,62.066449253756325,,point
,,,,0.0,62.066449253756325,,point
,,,,0.0,13.397822564535845,,point
,,,,0.0,13.397822564535845,,point
,,,,0.0,13.397822564535845,,point
,,,,0.0,13.397822564535845,,point
,,,,1.0,13.397822564535845,,point
,,,,0.0,13.397822564535845,,point
,,,,0.0,13.397822564535845,,point
,,,,0.0,13.397822564535845,,point
,,,,0.0,13.397822564535845,,point
,,,,0.0,13.397822564535845,,point
,,,,0.0,13.397822564535845,,point
,,,,0.0,13.397822564535845,,point
,,,,0.0,13.397822564535845,,point
,,,,0.0,2.3039902281443343,,point
,,,,0.0,2.3039902281443343,,point
,,,,0.0,2.3039902281443343,,point
,,,,1.0,2.3039902281443343,,point
,,,,0.0,2.3039902281443343,,point
,,,,0.0,2.3039902281443343,,point
,,,,0.0,2.3039902281443343,,point
,,,,1.0,2.3039902281443343,,point
,,,,0.0,2.3039902281443343,,point
,,,,1.0,23.58807211253445,,point
,,,,0.0,23.58807211253445,,point
,,,,0.0,23.58807211253445,,point
,,,,0.0,23.58807211253445,,point
,,,,1.0,23.58807211253445,,point
,,,,0.0,23.58807211253445,,point
,,,,0.0,23.58807211253445,,point
,,,,0.0,23.58807211253445,,point
,,,,0.0,23.58807211253445,,point
,,,,1.0,23.58807211253445,,point
,,,,0.0,7.783269007457506,,point
,,,,1.0,7.783269007457506,,point
,,,,1.0,7.783269007457506,,point
,,,,0.0,7.783269007457506,,point
,,,,0.0,7.783269007457506,,point
,,,,0.0,7.783269007457506,,point
,,,,0.0,7.783269007457506,,point
,,,,0.0,7.783269007457506,,point
,,,,0.0,7.783269007457506,,point
,,,,0.0,7.783269007457506,,point
,,,,1.0,0.5664549553428467,,point
,,,,0.0,0.5664549553428467,,point
,,,,1.0,0.5664549553428467,,point
,,,,0.0,0.5664549553428467,,point
,,,,0.0,0.5664549553428467,,point
,,,,0.0,0.5664549553428467,,point
,,,,0.0,0.5664549553428467,,point
,,,,0.0,0.5664549553428467,,point
,,,,0.0,0.5664549553428467,,point
,,,,0.0,0.5664549553428467,,point
,,,,0.0,0.5664549553428467,,point
,,,,0.0,1.7422137810682534,,point
,,,,0.0,1.7422137810682534,,point
,,,,0.0,1.7422137810682534,,point
,,,,0.0,1.7422137810682534,,point
,,,,0.0,1.7422137810682534,,point
,,,,0.0,1.7422137810682534,,point
,,,,0.0,1.7422137810682534,,point
,,,,1.0,1.7422137810682534,,point
,,,,0.0,1.7422137810682534,,point
,,,,0.0,1.7422137810682534,,point
,,,,0.0,35.538615841231035,,point
,,,,0.0,35.538615841231035,,point
,,,,0.0,35.538615841231035,,point
,,,,0.0,35.538615841231035,,point
,,,,0.0,35.538615841231035,,point
,,,,0.0,35.538615841231035,,point
,,,,0.0,35.538615841231035,,point
,,,,0.0,35.538615841231035,,point
,,,,1.0,35.538615841231035,,point
,,,,0.0,35.538615841231035,,point
,,,,0.0,35.538615841231035,,point
,,,,0.0,35.538615841231035,,point
,,,,0.0,35.538615841231035,,point
,,,,0.0,35.538615841231035,,point
,,,,1.0,28.08415117350475,,point
,,,,0.0,28.08415117350475,,point
,,,,0.0,28.08415117350475,,point
,,,,0.0,28.08415117350475,,point
,,,,1.0,28.08415117350475,,point
,,,,0.0,28.08415117350475,,point
,,,,1.0,28.08415117350475,,point
,,,,0.0,28.08415117350475,,point
,,,,0.0,28.08415117350475,,point
,,,,0.0,41.45346079662893,,point
,,,,0.0,41.45346079662893,,point
,,,,0.0,41.45346079662893,,point
,,,,0.0,41.45346079662893,,point
,,,,0.0,41.45346079662893,,point
,,,,0.0,41.45346079662893,,point
,,,,0.0,41.45346079662893,,point
,,,,0.0,41.45346079662893,,point
,,,,0.0,41.45346079662893,,point
,,,,0.0,41.45346079662893,,point
,,,,0.0,41.45346079662893,,point
,,,,0.0,41.45346079662893,,point
,,,,0.0,1.4956773651313011,,point
,,,,0.0,1.4956773651313011,,point
,,,,0.0,1.4956773651313011,,point
,,,,0.0,1.4956773651313011,,point
,,,,1.0,1.4956773651313011,,point
,,,,0.0,1.4956773651313011,,point
,,,,0.0,1.4956773651313011,,point
,,,,1.0,1.4956773651313011,,point
,,,,0.0,1.4956773651313011,,point
,,,,0.0,1.4956773651313011,,point
,,,,0.0,12.829372242430011,,point
,,,,1.0,12.829372242430011,,point
,,,,0.0,12.829372242430011,,point
,,,,0.0,12.829372242430011,,point
,,,,0.0,12.829372242430011,,point
,,,,0.0,12.829372242430011,,point
,,,,0.0,12.829372242430011,,point
,,,,1.0,12.829372242430011,,point
,,,,1.0,12.829372242430011,,point
,,,,0.0,12.829372242430011,,point
,,,,0.0,12.829372242430011,,point
,,,,0.0,12.829372242430011,,point
,,,,0.0,12.829372242430011,,point
,,,,0.0,106.45773114908386,,point
,,,,0.0,106.45773114908386,,point
,,,,0.0,106.45773114908386,,point
,,,,0.0,106.45773114908386,,point
,,,,0.0,106.45773114908386,,point
,,,,0.0,106.45773114908386,,point
,,,,1.0,106.45773114908386,,point
,,,,0.0,106.45773114908386,,point
,,,,0.0,106.45773114908386,,point
,,,,0.0,106.45773114908386,,point
,,,,0.0,106.45773114908386,,point
,,,,0.0,106.45773114908386,,point
,,,,0.0,2.546318012583527,,point
,,,,0.0,2.546318012583527,,point
,,,,0.0,2.546318012583527,,point
,,,,0.0,2.546318012583527,,point
,,,,0.0,2.546318012583527,,point
,,,,0.0,2.546318012583527,,point
,,,,0.0,2.546318012583527,,point
,,,,0.0,2.546318012583527,,point
,,,,0.0,2.546318012583527,,point
,,,,0.0,2.546318012583527,,point
,,,,0.0,2.546318012583527,,point
,,,,0.0,2.546318012583527,,point
,,,,0.0,2.546318012583527,,point
,,,,0.0,2.546318012583527,,point
,,,,0.0,2.716265078849477,,point
,,,,0.0,2.716265078849477,,point
,,,,0.0,2.716265078849477,,point
,,,,0.0,2.716265078849477,,point
,,,,0.0,2.716265078849477,,point
,,,,0.0,2.716265078849477,,point
,,,,0.0,2.716265078849477,,point
,,,,0.0,2.716265078849477,,point
,,,,0.0,2.716265078849477,,point
,,,,0.0,2.716265078849477,,point
,,,,0.0,2.716265078849477,,point
,,,,0.0,2.716265078849477,,point
,,,,0.0,2.716265078849477,,point
,,,,0.0,32.00408544453134,,point
,,,,0.0,32.00408544453134,,point
,,,,0.0,32.00408544453134,,point
,,,,0.0,32.00408544453134,,point
,,,,1.0,32.00408544453134,,point
,,,,0.0,32.00408544453134,,point
,,,,0.0,32.00408544453134,,point
,,,,0.0,32.00408544453134,,point
,,,,0.0,32.00408544453134,,point
,,,,1.0,32.00408544453134,,point
,,,,1.0,32.00408544453134,,point
,,,,0.0,32.00408544453134,,point
,,,,0.0,32.00408544453134,,point
,,,,0.0,32.00408544453134,,point
,,,,0.0,32.00408544453134,,point
,,,,1.0,13.113418862108722,,point
,,,,0.0,13.113418862108722,,point
,,,,0.0,13.113418862108722,,point
,,,,0.0,13.113418862108722,,point
,,,,0.0,13.113418862108722,,point
,,,,0.0,13.113418862108722,,point
,,,,0.0,13.113418862108722,,point
,,,,0.0,13.113418862108722,,point
,,,,0.0,13.113418862108722,,point
,,,,1.0,13.113418862108722,,point
,,,,1.0,13.113418862108722,,point
,,,,0.0,42.7922819028345,,point
,,,,0.0,42.7922819028345,,point
,,,,0.0,42.7922819028345,,point
,,,,0.0,42.7922819028345,,point
,,,,0.0,42.7922819028345,,point
,,,,0.0,42.7922819028345,,point
,,,,0.0,42.7922819028345,,point
,,,,1.0,42.7922819028345,,point
,,,,0.0,42.7922819028345,,point
,,,,0.0,42.7922819028345,,point
,,,,0.0,42.7922819028345,,point
,,,,0.0,61.23552756389405,,point
,,,,0.0,61.23552756389405,,point
,,,,0.0,61.23552756389405,,point
,,,,0.0,61.23552756389405,,point
,,,,0.0,61.23552756389405,,point
,,,,0.0,61.23552756389405,,point
,,,,0.0,61.23552756389405,,point
,,,,0.0,61.23552756389405,,point
,,,,0.0,61.23552756389405,,point
,,,,0.0,61.23552756389405,,point
,,,,0.0,61.23552756389405,,point
,,,,0.0,44.706474329791014,,point
,,,,0.0,44.706474329791014,,point
,,,,0.0,44.706474329791014,,point
,,,,0.0,44.706474329791014,,point
,,,,0.0,44.706474329791014,,point
,,,,0.0,44.706474329791014,,point
,,,,0.0,44.706474329791014,,point
,,,,0.0,44.706474329791014,,point
,,,,0.0,44.706474329791014,,point
,,,,0.0,44.706474329791014,,point
,,,,0.0,9.586765719294311,,point
,,,,0.0,9.586765719294311,,point
,,,,1.0,9.586765719294311,,point
,,,,0.0,9.586765719294311,,point
,,,,0.0,9.586765719294311,,point
,,,,1.0,9.586765719294311,,point
,,,,0.0,9.586765719294311,,point
,,,,0.0,9.586765719294311,,point
,,,,0.0,9.586765719294311,,point
,,,,0.0,9.586765719294311,,point
,,,,0.0,9.586765719294311,,point
,,,,0.0,9.586765719294311,,point
,,,,0.0,9.586765719294311,,point
,,,,0.0,9.586765719294311,,point
,,,,0.0,9.586765719294311,,point
,,,,1.0,9.586765719294311,,point
,,,,0.0,1.2391779952343902,,point
,,,,0.0,1.2391779952343902,,point
,,,,0.0,1.2391779952343902,,point
,,,,0.0,1.2391779952343902,,point
,,,,0.0,1.2391779952343902,,point
,,,,0.0,1.2391779952343902,,point
,,,,0.0,1.2391779952343902,,point
,,,,0.0,1.2391779952343902,,point
,,,,0.0,1.2391779952343902,,point
,,,,0.0,1.2391779952343902,,point
,,,,0.0,4.8220200580075225,,point
,,,,0.0,4.8220200580075225,,point
,,,,0.0,4.8220200580075225,,point
,,,,1.0,4.8220200580075225,,point
,,,,0.0,74.78839553355834,,point
,,,,0.0,74.78839553355834,,point
,,,,0.0,74.78839553355834,,point
,,,,0.0,74.78839553355834,,point
,,,,0.0,74.78839553355834,,point
,,,,0.0,74.78839553355834,,point
,,,,0.0,74.78839553355834,,point
,,,,1.0,74.78839553355834,,point
,,,,0.0,74.78839553355834,,point
,,,,0.0,74.78839553355834,,point
,,,,0.0,74.78839553355834,,point
,,,,0.0,74.78839553355834,,point
,,,,0.0,74.78839553355834,,point
,,,,0.0,1.345908042856916,,point
,,,,0.0,1.345908042856916,,point
,,,,0.0,1.345908042856916,,point
,,,,0.0,1.345908042856916,,point
,,,,1.0,1.345908042856916,,point
,,,,1.0,1.345908042856916,,point
,,,,0.0,1.345908042856916,,point
,,,,1.0,1.345908042856916,,point
,,,,0.0,1.345908042856916,,point
,,,,0.0,0.14914757633310743,,point
,,,,0.0,0.14914757633310743,,point
,,,,1.0,0.14914757633310743,,point
,,,,0.0,0.14914757633310743,,point
,,,,0.0,0.14914757633310743,,point
,,,,0.0,0.14914757633310743,,point
,,,,0.0,0.14914757633310743,,point
,,,,1.0,0.14914757633310743,,point
,,,,0.0,0.14914757633310743,,point
,,,,0.0,0.14914757633310743,,point
,,,,0.0,0.14914757633310743,,point
,,,,0.0,0.14914757633310743,,point
,,,,0.0,0.14914757633310743,,point
,,,,1.0,0.14914757633310743,,point
,,,,1.0,23.703659342175428,,point
,,,,0.0,23.703659342175428,,point
,,,,1.0,23.703659342175428,,point
,,,,0.0,23.703659342175428,,point
,,,,0.0,45.15214458631119,,point
,,,,0.0,45.15214458631119,,point
,,,,0.0,45.15214458631119,,point
,,,,1.0,45.15214458631119,,point
,,,,0.0,45.15214458631119,,point
,,,,0.0,45.15214458631119,,point
,,,,0.0,45.15214458631119,,point
,,,,0.0,45.15214458631119,,point
,,,,0.0,45.15214458631119,,point
,,,,0.0,45.15214458631119,,point
,,,,1.0,45.15214458631119,,point
,,,,1.0,15.052624810794933,,point
,,,,1.0,15.052624810794933,,point
,,,,1.0,15.052624810794933,,point
,,,,1.0,15.052624810794933,,point
,,,,0.0,15.052624810794933,,point
,,,,0.0,15.052624810794933,,point
,,,,0.0,15.052624810794933,,point
,,,,1.0,15.052624810794933,,point
,,,,0.0,15.052624810794933,,point
,,,,1.0,15.052624810794933,,point
,,,,1.0,15.052624810794933,,point
,,,,1.0,15.052624810794933,,point
,,,,1.0,15.052624810794933,,point
,,,,0.0,3.1398251622898368,,point
,,,,0.0,3.1398251622898368,,point
,,,,0.0,3.1398251622898368,,point
,,,,0.0,3.1398251622898368,,point
,,,,0.0,3.1398251622898368,,point
,,,,0.0,3.1398251622898368,,point
,,,,0.0,3.1398251622898368,,point
,,,,0.0,3.1398251622898368,,point
,,,,0.0,3.1398251622898368,,point
,,,,0.0,3.1398251622898368,,point
,,,,0.0,3.1398251622898368,,point
,,,,0.0,3.1398251622898368,,point
,,,,0.0,1.6174892790562447,,point
,,,,0.0,1.6174892790562447,,point
,,,,0.0,1.6174892790562447,,point
,,,,0.0,1.6174892790562447,,point
,,,,0.0,1.6174892790562447,,point
,,,,0.0,1.6174892790562447,,point
,,,,0.0,1.6174892790562447,,point
,,,,0.0,1.6174892790562447,,point
,,,,0.0,1.6174892790562447,,point
,,,,1.0,19.69965158112786,,point
,,,,0.0,19.69965158112786,,point
,,,,1.0,19.69965158112786,,point
,,,,1.0,19.69965158112786,,point
,,,,1.0,19.69965158112786,,point
,,,,0.0,19.69965158112786,,point
,,,,0.0,19.69965158112786,,point
,,,,1.0,19.69965158112786,,point
,,,,0.0,19.69965158112786,,point
,,,,0.0,19.69965158112786,,point
,,,,0.0,19.69965158112786,,point
,,,,0.0,19.69965158112786,,point
,,,,0.0,1.4339332726404455,,point
,,,,0.0,1.4339332726404455,,point
,,,,0.0,1.4339332726404455,,point
,,,,0.0,1.4339332726404455,,point
,,,,0.0,1.4339332726404455,,point
,,,,0.0,1.4339332726404455,,point
,,,,0.0,1.4339332726404455,,point
,,,,0.0,1.4339332726404455,,point
,,,,0.0,1.4339332726404455,,point
,,,,0.0,1.4339332726404455,,point
,,,,0.0,1.4339332726404455,,point
,,,,0.0,1.4339332726404455,,point
,,,,1.0,1.4339332726404455,,point
,,,,0.0,8.261964980997881,,point
,,,,0.0,8.261964980997881,,point
,,,,1.0,8.261964980997881,,point
,,,,0.0,8.261964980997881,,point
,,,,0.0,8.261964980997881,,point
,,,,0.0,8.261964980997881,,point
,,,,0.0,8.261964980997881,,point
,,,,0.0,8.261964980997881,,point
,,,,0.0,8.261964980997881,,point
,,,,0.0,8.261964980997881,,point
,,,,0.0,8.261964980997881,,point
,,,,0.0,8.261964980997881,,point
,,,,0.0,8.261964980997881,,point
,,,,0.0,8.261964980997881,,point
,,,,0.0,3.3377899041507635,,point
,,,,0.0,3.3377899041507635,,point
,,,,0.0,3.3377899041507635,,point
,,,,0.0,3.3377899041507635,,point
,,,,0.0,3.3377899041507635,,point
,,,,0.0,3.3377899041507635,,point
,,,,0.0,3.3377899041507635,,point
,,,,0.0,3.3377899041507635,,point
,,,,0.0,3.3377899041507635,,point
,,,,0.0,3.3377899041507635,,point
,,,,0.0,3.3377899041507635,,point
,,,,0.0,3.3377899041507635,,point
,,,,0.0,3.3377899041507635,,point
,,,,1.0,0.9653030862334736,,point
,,,,0.0,0.9653030862334736,,point
,,,,0.0,0.9653030862334736,,point
,,,,0.0,0.9653030862334736,,point
,,,,0.0,0.9653030862334736,,point
,,,,0.0,0.9653030862334736,,point
,,,,0.0,0.9653030862334736,,point
,,,,0.0,0.9653030862334736,,point
,,,,1.0,0.9653030862334736,,point
,,,,0.0,0.9653030862334736,,point
,,,,0.0,0.9653030862334736,,point
,,,,0.0,0.9653030862334736,,point
,,,,0.0,1.3750842429523722,,point
,,,,0.0,1.3750842429523722,,point
,,,,0.0,1.3750842429523722,,point
,,,,0.0,1.3750842429523722,,point
,,,,0.0,1.3750842429523722,,point
,,,,0.0,1.3750842429523722,,point
,,,,0.0,1.3750842429523722,,point
,,,,0.0,1.3750842429523722,,point
,,,,0.0,1.3750842429523722,,point
,,,,0.0,1.3750842429523722,,point
,,,,0.0,1.3750842429523722,,point
,,,,1.0,5.8938570212091905,,point
,,,,0.0,5.8938570212091905,,point
,,,,0.0,5.8938570212091905,,point
,,,,0.0,5.8938570212091905,,point
,,,,0.0,5.8938570212091905,,point
,,,,0.0,5.8938570212091905,,point
,,,,0.0,5.8938570212091905,,point
,,,,0.0,5.8938570212091905,,point
,,,,0.0,5.8938570212091905,,point
,,,,0.0,5.8938570212091905,,point
,,,,0.0,5.8938570212091905,,point
,,,,0.0,4.086569754250259,,point
,,,,0.0,4.086569754250259,,point
,,,,0.0,4.086569754250259,,point
,,,,0.0,4.086569754250259,,point
,,,,0.0,4.086569754250259,,point
,,,,0.0,4.086569754250259,,point
,,,,0.0,4.086569754250259,,point
,,,,0.0,4.086569754250259,,point
,,,,0.0,4.086569754250259,,point
,,,,0.0,4.086569754250259,,point
,,,,0.0,4.086569754250259,,point
,,,,0.0,4.086569754250259,,point
,,,,0.0,4.086569754250259,,point
,,,,0.0,4.086569754250259,,point
2.094597539433724,0.14409302485435033,0.11672555382821129,0.13074421029496672,,,2638.0,curve
6.038524985049522,0.14933101916044564,0.12247537883307101,0.13634644600951332,,,655.0,curve
9.982452430665319,0.15022769954259185,0.12502007648258756,0.1372709894067296,,,483.0,curve
13.926379876281118,0.15906739780774903,0.12985499870768033,0.14434901617902793,,,444.0,curve
17.870307321896917,0.16163637548744272,0.12985639253551023,0.14453185104758637,,,454.0,curve
21.814234767512716,0.15652028921660238,0.12528543847618603,0.1402988190487343,,,387.0,curve
25.75816221312851,0.17361136782522169,0.13924091777301079,0.15688304252950952,,,329.0,curve
29.70208965874431,0.17634247371255146,0.1428117583839512,0.15964896225237202,,,404.0,curve
33.64601710436011,0.1764023864651242,0.1417529232372129,0.15940453177538338,,,377.0,curve
37.58994454997591,0.18268059091404085,0.1467860020318247,0.16476690315376102,,,323.0,curve
41.53387199559171,0.18965189723612152,0.15188736360896124,0.17198164102099037,,,370.0,curve
45.47779944120751,0.1826574777363038,0.14454296473572084,0.16416072630352394,,,218.0,curve
49.4217268868233,0.17105996686442626,0.13047135832667023,0.15108715284333113,,,244.0,curve
53.3656543324391,0.1812837908500758,0.13510045421922603,0.15812212899595435,,,198.0,curve
57.3095817780549,0.19964660879395718,0.1408990893953214,0.16811730041072978,,,123.0,curve
61.2535092236707,0.18501337440828267,0.12413105675501479,0.15317136389172037,,,136.0,curve
65.19743666928649,0.203731837382345,0.13754002585117317,0.16762357834393482,,,76.0,curve
69.14136411490229,0.22607571589791434,0.14650270062249807,0.18162145745316072,,,94.0,curve
73.08529156051809,0.2203207160975341,0.1420400165184911,0.17990829796256036,,,52.0,curve
77.02921900613389,0.21212076662679608,0.13070321360466952,0.17139082106420758,,,69.0,curve
80.97314645174968,0.24177718391093828,0.15039151105939846,0.19527863537755383,,,97.0,curve
84.91707389736548,0.1906310726773014,0.11462109633490103,0.1531971874137529,,,131.0,curve
88.86100134298128,0.21499217211862803,0.11542789326684819,0.16479139031230364,,,44.0,curve
92.80492878859707,0.20713546740828934,0.1070442666480407,0.1544312019452424,,,34.0,curve
96.74885623421287,0.21843393702057493,0.11136099870891057,0.1676519263239983,,,23.0,curve
100.69278367982866,0.21567477927622267,0.10326180427523836,0.15842854426863423,,,81.0,curve
104.63671112544446,0.26677978078750714,0.13743751990979813,0.20324647143950259,,,47.0,curve
108.58063857106026,0.3003286894972325,0.14838759915026675,0.22844409989800057,,,0.0,curve
112.52456601667606,0.29679153669043373,0.12821381222943723,0.21841323570046975,,,21.0,curve
116.46849346229186,0.32264649470899465,0.12463419732441472,0.2224025974025974,,,22.0,curve
120.41242090790766,0.32264649470899465,0.12463419732441472,0.2224025974025974,,,12.0,curve
124.35634835352346,0.2952806915306915,0.08663194444444446,0.1856060606060606,,,12.0,curve
128.30027579913926,0.2235267857142857,0.03333333333333333,0.1252913752913753,,,0.0,curve
132.24420324475506,0.26664696414696404,0.024679487179487182,0.13927738927738928,,,11.0,curve
136.18813069037088,0.221062271062271,0.0,0.08391608391608392,,,13.0,curve
140.13205813598665,0.18487103174603176,0.0,0.08372183372183373,,,0.0,curve
144.07598558160248,0.17964285714285713,0.018518518518518517,0.09508547008547008,,,0.0,curve
148.01991302721825,0.2017013888888888,0.0,0.09722222222222221,,,12.0,curve
151.96384047283408,0.2017013888888888,0.0,0.09722222222222221,,,16.0,curve
155.90776791844985,0.2017013888888888,0.0,0.09722222222222221,,,12.0,curve
