woman_id,distance_km,ipv_response
1,42.962762727853395,0
2,42.962762727853395,0
3,42.962762727853395,0
4,42.962762727853395,0
5,42.962762727853395,0
6,42.962762727853395,0
7,42.962762727853395,1
8,42.962762727853395,0
9,42.962762727853395,0
10,42.962762727853395,0
11,42.962762727853395,0
12,42.962762727853395,0
13,42.962762727853395,0
14,0.947995507393471,0
15,0.947995507393471,0
16,0.947995507393471,0
17,0.947995507393471,0
18,0.947995507393471,0
19,0.947995507393471,0
20,0.947995507393471,0
21,0.947995507393471,0
22,0.947995507393471,0
23,0.947995507393471,0
24,0.947995507393471,0
25,0.947995507393471,0
26,0.947995507393471,1
27,0.947995507393471,0
28,0.947995507393471,0
29,2.1495338861390376,0
30,2.1495338861390376,0
31,2.1495338861390376,0
32,2.1495338861390376,0
33,2.1495338861390376,0
34,2.1495338861390376,0
35,2.1495338861390376,0
36,2.1495338861390376,0
37,2.1495338861390376,0
38,2.1495338861390376,0
39,2.1495338861390376,0
40,2.1495338861390376,1
41,2.1495338861390376,0
42,2.1495338861390376,0
43,19.340296003841885,0
44,19.340296003841885,0
45,19.340296003841885,0
46,19.340296003841885,0
47,19.340296003841885,0
48,19.340296003841885,0
49,19.340296003841885,0
50,19.340296003841885,0
51,1.162632545122324,0
52,1.162632545122324,0
53,1.162632545122324,1
54,1.162632545122324,0
55,1.162632545122324,0
56,1.162632545122324,0
57,1.162632545122324,0
58,1.162632545122324,0
59,1.162632545122324,0
60,1.162632545122324,0
61,1.162632545122324,0
62,1.162632545122324,0
63,93.95777345487899,0
64,93.95777345487899,0
65,93.95777345487899,0
66,93.95777345487899,0
67,93.95777345487899,0
68,93.95777345487899,0
69,93.95777345487899,0
70,93.95777345487899,0
71,93.95777345487899,0
72,93.95777345487899,0
73,93.95777345487899,0
74,93.95777345487899,0
75,93.95777345487899,0
76,93.95777345487899,0
77,1.9107560935549572,0
78,1.9107560935549572,0
79,1.9107560935549572,0
80,1.9107560935549572,0
81,1.9107560935549572,0
82,1.9107560935549572,0
83,1.9107560935549572,0
84,1.9107560935549572,0
85,1.9107560935549572,0
86,1.9107560935549572,0
87,1.9107560935549572,0
88,1.9107560935549572,0
89,1.9107560935549572,0
90,52.537811596360946,0
91,52.537811596360946,0
92,52.537811596360946,0
93,52.537811596360946,0
94,52.537811596360946,0
95,52.537811596360946,1
96,52.537811596360946,0
97,52.537811596360946,0
98,52.537811596360946,0
99,52.537811596360946,1
100,52.537811596360946,0
101,52.537811596360946,0
102,54.4989639184153,0
103,54.4989639184153,0
104,54.4989639184153,0
105,54.4989639184153,0
106,54.4989639184153,0
107,54.4989639184153,1
108,54.4989639184153,0
109,54.4989639184153,0
110,54.4989639184153,0
111,5.663096891653038,0
112,5.663096891653038,0
113,5.663096891653038,0
114,5.663096891653038,0
115,5.663096891653038,0
116,5.663096891653038,0
117,5.663096891653038,0
118,5.663096891653038,0
119,5.663096891653038,0
120,5.663096891653038,0
121,0.5378313742003593,0
122,0.5378313742003593,0
123,0.5378313742003593,0
124,0.5378313742003593,0
125,0.5378313742003593,0
126,0.5378313742003593,0
127,0.5378313742003593,0
128,0.5378313742003593,0
129,0.5378313742003593,0
130,0.5378313742003593,0
131,0.5378313742003593,0
132,35.6262327085162,0
133,35.6262327085162,0
134,35.6262327085162,0
135,35.6262327085162,0
136,35.6262327085162,0
137,35.6262327085162,0
138,35.6262327085162,0
139,35.6262327085162,0
140,35.6262327085162,0
141,35.6262327085162,0
142,35.6262327085162,0
143,59.50711928527656,0
144,59.50711928527656,0
145,59.50711928527656,0
146,59.50711928527656,0
147,59.50711928527656,0
148,59.50711928527656,0
149,59.50711928527656,0
150,59.50711928527656,0
151,59.50711928527656,0
152,59.50711928527656,0
153,59.50711928527656,0
154,59.50711928527656,0
155,20.51973509318807,0
156,20.51973509318807,0
157,20.51973509318807,0
158,20.51973509318807,0
159,20.51973509318807,0
160,20.51973509318807,0
161,20.51973509318807,0
162,20.51973509318807,0
163,20.51973509318807,0
164,2.561814076333186,0
165,2.561814076333186,0
166,2.561814076333186,0
167,2.561814076333186,0
168,2.561814076333186,0
169,2.561814076333186,0
170,2.561814076333186,0
171,2.561814076333186,0
172,2.561814076333186,0
173,2.561814076333186,0
174,2.561814076333186,0
175,2.561814076333186,0
176,2.561814076333186,0
177,23.296747772643112,0
178,23.296747772643112,1
179,23.296747772643112,0
180,23.296747772643112,1
181,23.296747772643112,0
182,23.296747772643112,0
183,23.296747772643112,0
184,23.296747772643112,0
185,23.296747772643112,0
186,23.296747772643112,0
187,23.296747772643112,0
188,23.296747772643112,0
189,23.296747772643112,0
190,48.14361415644939,0
191,48.14361415644939,0
192,48.14361415644939,0
193,48.14361415644939,0
194,48.14361415644939,0
195,48.14361415644939,0
196,48.14361415644939,0
197,48.14361415644939,0
198,48.14361415644939,0
199,48.14361415644939,0
200,48.14361415644939,0
201,48.14361415644939,0
202,48.14361415644939,0
203,27.67264904040023,0
204,27.67264904040023,0
205,27.67264904040023,1
206,27.67264904040023,0
207,27.67264904040023,1
208,27.67264904040023,0
209,27.67264904040023,0
210,27.67264904040023,0
211,27.67264904040023,0
212,27.67264904040023,0
213,27.67264904040023,0
214,27.67264904040023,0
215,27.67264904040023,0
216,27.67264904040023,0
217,51.50083952278129,0
218,51.50083952278129,0
219,51.50083952278129,0
220,51.50083952278129,0
221,51.50083952278129,0
222,51.50083952278129,0
223,51.50083952278129,0
224,51.50083952278129,0
225,51.50083952278129,0
226,9.164810099502608,0
227,9.164810099502608,0
228,9.164810099502608,0
229,9.164810099502608,0
230,9.164810099502608,0
231,9.164810099502608,0
232,9.164810099502608,0
233,9.164810099502608,0
234,9.164810099502608,0
235,9.164810099502608,0
236,9.164810099502608,0
237,34.32928956700285,0
238,34.32928956700285,0
239,34.32928956700285,0
240,34.32928956700285,0
241,34.32928956700285,0
242,34.32928956700285,0
243,34.32928956700285,0
244,34.32928956700285,0
245,34.32928956700285,0
246,34.32928956700285,0
247,0.8503700033034108,0
248,0.8503700033034108,0
249,0.8503700033034108,0
250,0.8503700033034108,0
251,0.8503700033034108,0
252,0.8503700033034108,0
253,0.8503700033034108,0
254,0.8503700033034108,0
255,0.8503700033034108,0
256,0.8503700033034108,0
257,0.8503700033034108,0
258,0.8503700033034108,0
259,31.454919636090928,0
260,31.454919636090928,0
261,31.454919636090928,0
262,31.454919636090928,0
263,31.454919636090928,0
264,31.454919636090928,0
265,31.454919636090928,0
266,31.454919636090928,0
267,31.454919636090928,0
268,31.454919636090928,0
269,5.253671660587237,0
270,5.253671660587237,1
271,5.253671660587237,0
272,5.253671660587237,0
273,5.253671660587237,0
274,5.253671660587237,0
275,5.253671660587237,0
276,5.253671660587237,0
277,5.253671660587237,0
278,5.253671660587237,0
279,5.253671660587237,0
280,5.253671660587237,0
281,5.253671660587237,0
282,5.253671660587237,0
283,25.559286497331758,0
284,25.559286497331758,0
285,25.559286497331758,1
286,25.559286497331758,0
287,25.559286497331758,0
288,25.559286497331758,0
289,25.559286497331758,0
290,25.559286497331758,0
291,25.559286497331758,0
292,25.559286497331758,0
293,117.95569704514641,0
294,117.95569704514641,0
295,117.95569704514641,0
296,117.95569704514641,0
297,117.95569704514641,0
298,117.95569704514641,1
299,117.95569704514641,0
300,117.95569704514641,0
301,117.95569704514641,0
302,98.19229178523032,0
303,98.19229178523032,0
304,98.19229178523032,0
305,98.19229178523032,1
306,98.19229178523032,0
307,98.19229178523032,0
308,98.19229178523032,0
309,98.19229178523032,0
310,98.19229178523032,0
311,98.19229178523032,0
312,34.420008856767616,0
313,34.420008856767616,0
314,34.420008856767616,0
315,34.420008856767616,1
316,34.420008856767616,0
317,34.420008856767616,0
318,34.420008856767616,0
319,34.420008856767616,0
320,34.420008856767616,0
321,34.420008856767616,0
322,2.045780697961672,0
323,2.045780697961672,0
324,2.045780697961672,0
325,2.045780697961672,0
326,2.045780697961672,0
327,2.045780697961672,0
328,2.045780697961672,0
329,2.045780697961672,0
330,2.045780697961672,0
331,2.045780697961672,0
332,2.045780697961672,0
333,2.045780697961672,0
334,1.309031502707331,0
335,1.309031502707331,0
336,1.309031502707331,0
337,1.309031502707331,0
338,1.309031502707331,0
339,1.309031502707331,0
340,1.309031502707331,0
341,1.309031502707331,0
342,1.309031502707331,0
343,1.309031502707331,0
344,1.309031502707331,0
345,1.309031502707331,0
346,1.309031502707331,0
347,1.309031502707331,0
348,1.309031502707331,0
349,1.309031502707331,0
350,20.14949974360467,0
351,20.14949974360467,0
352,20.14949974360467,0
353,20.14949974360467,0
354,20.14949974360467,0
355,20.14949974360467,0
356,20.14949974360467,0
357,20.14949974360467,0
358,20.14949974360467,0
359,20.14949974360467,0
360,20.14949974360467,0
361,82.98958977179815,0
362,82.98958977179815,0
363,82.98958977179815,1
364,82.98958977179815,0
365,82.98958977179815,0
366,82.98958977179815,0
367,82.98958977179815,0
368,82.98958977179815,0
369,82.98958977179815,0
370,82.98958977179815,0
371,82.98958977179815,0
372,82.98958977179815,0
373,82.98958977179815,0
374,59.97578157701314,0
375,59.97578157701314,0
376,59.97578157701314,0
377,59.97578157701314,0
378,59.97578157701314,0
379,59.97578157701314,1
380,59.97578157701314,0
381,59.97578157701314,0
382,59.97578157701314,0
383,59.97578157701314,0
384,59.97578157701314,0
385,104.88297083064651,0
386,104.88297083064651,0
387,104.88297083064651,1
388,104.88297083064651,0
389,104.88297083064651,0
390,104.88297083064651,0
391,104.88297083064651,0
392,104.88297083064651,0
393,104.88297083064651,0
394,104.88297083064651,0
395,2.5422270618677847,0
396,2.5422270618677847,0
397,2.5422270618677847,0
398,2.5422270618677847,0
399,2.5422270618677847,0
400,2.5422270618677847,0
401,2.5422270618677847,0
402,2.5422270618677847,0
403,2.5422270618677847,0
404,2.5422270618677847,0
405,2.5422270618677847,0
406,2.5422270618677847,0
407,2.5422270618677847,0
408,2.5422270618677847,0
409,0.260089178757357,0
410,0.260089178757357,0
411,0.260089178757357,0
412,0.260089178757357,0
413,0.260089178757357,0
414,0.260089178757357,0
415,0.260089178757357,0
416,0.260089178757357,0
417,0.260089178757357,0
418,0.260089178757357,0
419,0.260089178757357,0
420,0.260089178757357,0
421,61.27531545423346,0
422,61.27531545423346,0
423,61.27531545423346,0
424,61.27531545423346,0
425,61.27531545423346,0
426,61.27531545423346,0
427,61.27531545423346,0
428,61.27531545423346,0
429,61.27531545423346,0
430,67.25281860207457,0
431,67.25281860207457,0
432,67.25281860207457,0
433,67.25281860207457,0
434,67.25281860207457,0
435,67.25281860207457,0
436,67.25281860207457,0
437,67.25281860207457,0
438,67.25281860207457,0
439,67.25281860207457,0
440,67.25281860207457,0
441,67.25281860207457,0
442,20.901725612850058,0
443,20.901725612850058,0
444,20.901725612850058,0
445,20.901725612850058,0
446,20.901725612850058,0
447,20.901725612850058,0
448,20.901725612850058,0
449,20.901725612850058,0
450,20.901725612850058,0
451,20.901725612850058,0
452,19.392427993443803,0
453,19.392427993443803,0
454,19.392427993443803,1
455,19.392427993443803,0
456,19.392427993443803,0
457,19.392427993443803,0
458,19.392427993443803,0
459,19.392427993443803,0
460,19.392427993443803,0
461,19.392427993443803,0
462,19.392427993443803,0
463,19.392427993443803,0
464,28.352050755690446,0
465,28.352050755690446,0
466,28.352050755690446,0
467,28.352050755690446,0
468,28.352050755690446,0
469,28.352050755690446,0
470,28.352050755690446,0
471,28.352050755690446,0
472,28.352050755690446,0
473,28.352050755690446,0
474,28.352050755690446,0
475,17.06326050652264,1
476,17.06326050652264,0
477,17.06326050652264,0
478,17.06326050652264,1
479,17.06326050652264,0
480,17.06326050652264,0
481,17.06326050652264,0
482,17.06326050652264,0
483,17.06326050652264,0
484,17.06326050652264,0
485,17.06326050652264,0
486,17.06326050652264,0
487,38.73183806715245,0
488,38.73183806715245,0
489,38.73183806715245,0
490,38.73183806715245,0
491,38.73183806715245,1
492,38.73183806715245,0
493,38.73183806715245,0
494,38.73183806715245,0
495,38.73183806715245,0
496,38.73183806715245,0
497,137.3934026899716,0
498,137.3934026899716,0
499,137.3934026899716,0
500,137.3934026899716,0
501,137.3934026899716,0
502,137.3934026899716,0
503,137.3934026899716,0
504,137.3934026899716,1
505,137.3934026899716,0
506,137.3934026899716,0
507,137.3934026899716,1
508,137.3934026899716,0
509,137.3934026899716,0
510,41.06857101847662,0
511,41.06857101847662,0
512,41.06857101847662,0
513,41.06857101847662,0
514,41.06857101847662,0
515,41.06857101847662,0
516,41.06857101847662,0
517,41.06857101847662,0
518,41.06857101847662,0
519,41.06857101847662,0
520,41.06857101847662,0
521,41.06857101847662,1
522,41.06857101847662,0
523,41.06857101847662,0
524,3.6515106414840424,0
525,3.6515106414840424,0
526,3.6515106414840424,0
527,3.6515106414840424,0
528,3.6515106414840424,0
529,3.6515106414840424,0
530,3.6515106414840424,0
531,3.6515106414840424,0
532,3.6515106414840424,0
533,3.6515106414840424,0
534,3.6515106414840424,0
535,42.28188885039578,0
536,42.28188885039578,0
537,42.28188885039578,0
538,42.28188885039578,0
539,42.28188885039578,0
540,1.7127444539835708,0
541,1.7127444539835708,0
542,1.7127444539835708,0
543,1.7127444539835708,0
544,1.7127444539835708,0
545,1.7127444539835708,0
546,1.7127444539835708,0
547,1.7127444539835708,0
548,3.7370908852705997,0
549,3.7370908852705997,0
550,3.7370908852705997,0
551,3.7370908852705997,0
552,3.7370908852705997,0
553,3.7370908852705997,0
554,3.7370908852705997,0
555,3.7370908852705997,0
556,3.7370908852705997,0
557,3.7370908852705997,1
558,19.075987394691545,0
559,19.075987394691545,0
560,19.075987394691545,0
561,19.075987394691545,0
562,19.075987394691545,0
563,19.075987394691545,0
564,19.075987394691545,0
565,19.075987394691545,0
566,19.075987394691545,0
567,19.075987394691545,0
568,19.075987394691545,0
569,19.075987394691545,0
570,19.075987394691545,0
571,19.075987394691545,0
572,40.52307371389421,0
573,40.52307371389421,0
574,40.52307371389421,1
575,40.52307371389421,0
576,40.52307371389421,0
577,40.52307371389421,0
578,40.52307371389421,0
579,40.52307371389421,0
580,40.52307371389421,0
581,40.52307371389421,0
582,4.033765366835584,0
583,4.033765366835584,0
584,4.033765366835584,0
585,4.033765366835584,0
586,4.033765366835584,0
587,4.033765366835584,0
588,4.033765366835584,0
589,4.033765366835584,0
590,4.033765366835584,0
591,4.033765366835584,0
592,4.033765366835584,0
593,30.208112665726745,0
594,30.208112665726745,0
595,30.208112665726745,0
596,30.208112665726745,1
597,30.208112665726745,0
598,30.208112665726745,0
599,30.208112665726745,0
600,30.208112665726745,0
601,30.208112665726745,0
602,30.208112665726745,0
603,1.7030725936762554,1
604,1.7030725936762554,0
605,1.7030725936762554,0
606,1.7030725936762554,0
607,1.7030725936762554,0
608,1.7030725936762554,0
609,1.7030725936762554,0
610,83.47712796094417,0
611,83.47712796094417,0
612,83.47712796094417,0
613,83.47712796094417,1
614,83.47712796094417,0
615,83.47712796094417,1
616,83.47712796094417,0
617,83.47712796094417,0
618,83.47712796094417,0
619,83.47712796094417,0
620,83.47712796094417,0
621,83.47712796094417,0
622,83.47712796094417,0
623,83.47712796094417,0
624,54.3644916043884,0
625,54.3644916043884,0
626,54.3644916043884,0
627,54.3644916043884,0
628,54.3644916043884,0
629,54.3644916043884,0
630,54.3644916043884,0
631,54.3644916043884,0
632,54.3644916043884,0
633,54.3644916043884,0
634,54.3644916043884,0
635,54.3644916043884,0
636,17.90492016779832,0
637,17.90492016779832,0
638,17.90492016779832,0
639,17.90492016779832,0
640,17.90492016779832,0
641,17.90492016779832,0
642,17.90492016779832,0
643,17.90492016779832,0
644,17.90492016779832,0
645,17.90492016779832,0
646,8.778292007180227,0
647,8.778292007180227,0
648,8.778292007180227,0
649,8.778292007180227,0
650,8.778292007180227,1
651,8.778292007180227,1
652,8.778292007180227,0
653,8.778292007180227,1
654,8.778292007180227,0
655,8.778292007180227,1
656,8.778292007180227,0
657,8.778292007180227,0
658,8.778292007180227,0
659,31.691183751419917,0
660,31.691183751419917,0
661,31.691183751419917,0
662,31.691183751419917,0
663,31.691183751419917,0
664,31.691183751419917,0
665,31.691183751419917,0
666,31.691183751419917,0
667,31.691183751419917,0
668,31.691183751419917,1
669,31.691183751419917,0
670,31.691183751419917,0
671,31.691183751419917,0
672,31.691183751419917,0
673,31.691183751419917,0
674,19.60944340880366,1
675,19.60944340880366,0
676,19.60944340880366,0
677,19.60944340880366,0
678,19.60944340880366,0
679,19.60944340880366,0
680,31.644612963982375,0
681,31.644612963982375,0
682,31.644612963982375,0
683,31.644612963982375,0
684,31.644612963982375,0
685,31.644612963982375,0
686,31.644612963982375,0
687,31.644612963982375,0
688,14.726727542465873,0
689,14.726727542465873,0
690,14.726727542465873,0
691,14.726727542465873,0
692,14.726727542465873,0
693,14.726727542465873,0
694,14.726727542465873,0
695,14.726727542465873,1
696,14.726727542465873,0
697,14.726727542465873,0
698,14.726727542465873,0
699,14.726727542465873,0
700,14.726727542465873,0
701,110.9642578671639,0
702,110.9642578671639,0
703,110.9642578671639,0
704,110.9642578671639,0
705,110.9642578671639,0
706,110.9642578671639,0
707,110.9642578671639,0
708,110.9642578671639,0
709,110.9642578671639,0
710,110.9642578671639,0
711,110.9642578671639,1
712,32.45438642913027,0
713,32.45438642913027,0
714,32.45438642913027,0
715,32.45438642913027,0
716,32.45438642913027,0
717,12.601888453743355,0
718,12.601888453743355,0
719,12.601888453743355,0
720,12.601888453743355,0
721,12.601888453743355,0
722,12.601888453743355,0
723,12.601888453743355,0
724,12.601888453743355,0
725,12.601888453743355,1
726,12.601888453743355,1
727,12.601888453743355,0
728,12.601888453743355,0
729,14.228114046414829,0
730,14.228114046414829,0
731,14.228114046414829,0
732,14.228114046414829,1
733,14.228114046414829,0
734,14.228114046414829,0
735,14.228114046414829,0
736,14.228114046414829,0
737,4.7919298679432085,0
738,4.7919298679432085,0
739,4.7919298679432085,0
740,4.7919298679432085,0
741,4.7919298679432085,0
742,4.7919298679432085,0
743,4.7919298679432085,0
744,4.7919298679432085,0
745,4.7919298679432085,0
746,4.7919298679432085,1
747,4.7919298679432085,1
748,4.7919298679432085,1
749,4.7919298679432085,0
750,46.8066956347803,0
751,46.8066956347803,0
752,46.8066956347803,0
753,46.8066956347803,0
754,46.8066956347803,0
755,46.8066956347803,0
756,46.8066956347803,0
757,46.8066956347803,0
758,46.8066956347803,0
759,46.8066956347803,0
760,46.8066956347803,0
761,46.8066956347803,0
762,34.79379551250186,0
763,34.79379551250186,0
764,34.79379551250186,0
765,34.79379551250186,0
766,34.79379551250186,0
767,34.79379551250186,0
768,34.79379551250186,0
769,34.79379551250186,0
770,34.79379551250186,1
771,34.79379551250186,0
772,34.79379551250186,0
773,5.714470338580612,0
774,5.714470338580612,0
775,5.714470338580612,0
776,5.714470338580612,0
777,5.714470338580612,0
778,5.714470338580612,0
779,5.714470338580612,0
780,5.714470338580612,1
781,5.714470338580612,0
782,5.714470338580612,0
783,5.714470338580612,0
784,5.714470338580612,0
785,5.714470338580612,0
786,47.812958158462195,0
787,47.812958158462195,0
788,47.812958158462195,0
789,47.812958158462195,0
790,47.812958158462195,0
791,47.812958158462195,1
792,47.812958158462195,0
793,2.1112808665511626,0
794,2.1112808665511626,0
795,2.1112808665511626,0
796,2.1112808665511626,0
797,2.1112808665511626,0
798,2.1112808665511626,0
799,2.1112808665511626,0
800,2.1112808665511626,0
801,2.1112808665511626,0
802,2.1112808665511626,0
803,2.1112808665511626,0
804,2.1112808665511626,0
805,80.65526183156284,0
806,80.65526183156284,0
807,80.65526183156284,1
808,80.65526183156284,0
809,80.65526183156284,0
810,80.65526183156284,0
811,80.65526183156284,0
812,80.65526183156284,0
813,80.65526183156284,0
814,80.65526183156284,0
815,78.06990566844324,0
816,78.06990566844324,0
817,78.06990566844324,0
818,78.06990566844324,0
819,78.06990566844324,0
820,78.06990566844324,0
821,78.06990566844324,0
822,101.60684786107358,0
823,101.60684786107358,0
824,101.60684786107358,0
825,101.60684786107358,0
826,101.60684786107358,0
827,101.60684786107358,1
828,101.60684786107358,1
829,101.60684786107358,0
830,101.60684786107358,0
831,101.60684786107358,0
832,101.60684786107358,0
833,101.60684786107358,0
834,101.60684786107358,1
835,2.5207899425355658,0
836,2.5207899425355658,0
837,2.5207899425355658,0
838,2.5207899425355658,0
839,2.5207899425355658,0
840,2.5207899425355658,0
841,2.5207899425355658,0
842,2.5207899425355658,0
843,2.5207899425355658,0
844,2.5207899425355658,0
845,96.44950151573357,0
846,96.44950151573357,0
847,96.44950151573357,0
848,96.44950151573357,0
849,96.44950151573357,0
850,96.44950151573357,0
851,96.44950151573357,1
852,96.44950151573357,0
853,96.44950151573357,0
854,96.44950151573357,0
855,0.6590085280083539,0
856,0.6590085280083539,0
857,0.6590085280083539,0
858,0.6590085280083539,0
859,0.6590085280083539,0
860,0.6590085280083539,0
861,0.6590085280083539,0
862,0.6590085280083539,0
863,0.6590085280083539,0
864,0.6590085280083539,0
865,1.218694272542931,0
866,1.218694272542931,0
867,1.218694272542931,0
868,1.218694272542931,0
869,1.218694272542931,0
870,1.218694272542931,0
871,1.218694272542931,0
872,1.218694272542931,0
873,1.218694272542931,0
874,1.218694272542931,0
875,1.218694272542931,0
876,1.218694272542931,0
877,1.218694272542931,0
878,57.64021830801692,0
879,57.64021830801692,0
880,57.64021830801692,0
881,57.64021830801692,0
882,57.64021830801692,0
883,57.64021830801692,0
884,57.64021830801692,0
885,57.64021830801692,0
886,57.64021830801692,0
887,57.64021830801692,0
888,57.64021830801692,0
889,57.64021830801692,0
890,57.64021830801692,0
891,5.644916275358885,0
892,5.644916275358885,0
893,5.644916275358885,0
894,5.644916275358885,1
895,5.644916275358885,0
896,5.644916275358885,0
897,5.644916275358885,0
898,5.644916275358885,0
899,5.644916275358885,1
900,5.644916275358885,0
901,5.644916275358885,0
902,5.644916275358885,0
903,34.260078701792075,0
904,34.260078701792075,0
905,34.260078701792075,1
906,34.260078701792075,0
907,34.260078701792075,0
908,34.260078701792075,0
909,34.260078701792075,0
910,34.260078701792075,0
911,34.260078701792075,0
912,45.2053810446314,1
913,45.2053810446314,0
914,45.2053810446314,0
915,45.2053810446314,0
916,45.2053810446314,0
917,45.2053810446314,0
918,45.2053810446314,0
919,45.2053810446314,0
920,45.2053810446314,0
921,45.2053810446314,0
922,45.2053810446314,0
923,45.2053810446314,1
924,45.2053810446314,0
925,7.454393695445649,0
926,7.454393695445649,1
927,7.454393695445649,0
928,7.454393695445649,0
929,7.454393695445649,1
930,34.28640041287236,0
931,34.28640041287236,0
932,34.28640041287236,0
933,34.28640041287236,0
934,34.28640041287236,0
935,34.28640041287236,0
936,34.28640041287236,0
937,34.28640041287236,0
938,34.28640041287236,0
939,34.28640041287236,0
940,34.28640041287236,0
941,34.28640041287236,0
942,34.28640041287236,0
943,41.32838559659339,1
944,41.32838559659339,0
945,41.32838559659339,0
946,41.32838559659339,0
947,41.32838559659339,1
948,41.32838559659339,0
949,41.32838559659339,0
950,41.32838559659339,1
951,41.32838559659339,0
952,41.32838559659339,0
953,41.32838559659339,1
954,41.32838559659339,0
955,41.32838559659339,0
956,41.32838559659339,0
957,41.32838559659339,0
958,1.6120159492327377,0
959,1.6120159492327377,0
960,1.6120159492327377,0
961,1.6120159492327377,0
962,1.6120159492327377,0
963,1.6120159492327377,0
964,1.6120159492327377,0
965,1.6120159492327377,0
966,1.6120159492327377,0
967,31.651471407304506,0
968,31.651471407304506,0
969,31.651471407304506,0
970,31.651471407304506,0
971,31.651471407304506,0
972,31.651471407304506,0
973,31.651471407304506,0
974,31.651471407304506,0
975,31.651471407304506,0
976,31.651471407304506,0
977,31.651471407304506,0
978,3.7619998873621254,0
979,3.7619998873621254,0
980,3.7619998873621254,0
981,3.7619998873621254,0
982,3.7619998873621254,0
983,3.7619998873621254,0
984,3.7619998873621254,0
985,3.7619998873621254,0
986,3.7619998873621254,0
987,3.7619998873621254,0
988,3.7619998873621254,0
989,3.7619998873621254,0
990,3.7619998873621254,0
991,22.682607296055906,0
992,22.682607296055906,0
993,22.682607296055906,0
994,22.682607296055906,0
995,22.682607296055906,0
996,22.682607296055906,0
997,22.682607296055906,0
998,22.682607296055906,0
999,22.682607296055906,0
1000,22.682607296055906,0
1001,22.682607296055906,0
1002,22.682607296055906,0
1003,22.682607296055906,0
1004,22.682607296055906,0
1005,22.682607296055906,0
1006,22.682607296055906,0
1007,23.166643300242427,0
1008,23.166643300242427,0
1009,23.166643300242427,0
1010,23.166643300242427,0
1011,23.166643300242427,0
1012,23.166643300242427,0
1013,23.166643300242427,0
1014,23.166643300242427,0
1015,23.166643300242427,0
1016,23.166643300242427,0
1017,23.166643300242427,0
1018,23.166643300242427,0
1019,23.166643300242427,0
1020,23.166643300242427,0
1021,23.166643300242427,0
1022,0.22296444995945322,0
1023,0.22296444995945322,0
1024,0.22296444995945322,0
1025,0.22296444995945322,0
1026,0.22296444995945322,0
1027,0.22296444995945322,0
1028,0.22296444995945322,0
1029,0.22296444995945322,0
1030,0.22296444995945322,0
1031,0.22296444995945322,0
1032,0.22296444995945322,0
1033,0.22296444995945322,0
1034,0.22296444995945322,0
1035,30.076750452244134,0
1036,30.076750452244134,0
1037,30.076750452244134,1
1038,30.076750452244134,0
1039,30.076750452244134,0
1040,30.076750452244134,0
1041,30.076750452244134,1
1042,30.076750452244134,0
1043,30.076750452244134,0
1044,0.841555671612081,0
1045,0.841555671612081,0
1046,0.841555671612081,0
1047,0.841555671612081,0
1048,0.841555671612081,0
1049,0.841555671612081,0
1050,0.841555671612081,0
1051,0.841555671612081,0
1052,0.841555671612081,0
1053,0.841555671612081,0
1054,0.841555671612081,0
1055,17.90905875276293,0
1056,17.90905875276293,0
1057,17.90905875276293,0
1058,17.90905875276293,0
1059,17.90905875276293,0
1060,17.90905875276293,0
1061,17.90905875276293,0
1062,17.90905875276293,1
1063,17.90905875276293,0
1064,17.90905875276293,0
1065,56.08837547075039,0
1066,56.08837547075039,0
1067,56.08837547075039,0
1068,56.08837547075039,0
1069,56.08837547075039,0
1070,56.08837547075039,0
1071,56.08837547075039,0
1072,56.08837547075039,0
1073,56.08837547075039,0
1074,56.08837547075039,0
1075,79.04872143244826,0
1076,79.04872143244826,0
1077,79.04872143244826,0
1078,79.04872143244826,0
1079,79.04872143244826,0
1080,79.04872143244826,0
1081,79.04872143244826,0
1082,79.04872143244826,0
1083,79.04872143244826,0
1084,79.04872143244826,0
1085,9.915852897361614,0
1086,9.915852897361614,0
1087,9.915852897361614,0
1088,9.915852897361614,0
1089,9.915852897361614,1
1090,9.915852897361614,0
1091,9.915852897361614,1
1092,9.915852897361614,0
1093,9.915852897361614,0
1094,35.7518279096394,0
1095,35.7518279096394,0
1096,35.7518279096394,0
1097,35.7518279096394,0
1098,35.7518279096394,0
1099,35.7518279096394,0
1100,35.7518279096394,0
1101,35.7518279096394,0
1102,37.021895164383366,1
1103,37.021895164383366,0
1104,37.021895164383366,0
1105,37.021895164383366,0
1106,37.021895164383366,1
1107,37.021895164383366,0
1108,37.021895164383366,0
1109,37.021895164383366,0
1110,39.043176674059936,0
1111,39.043176674059936,0
1112,39.043176674059936,0
1113,39.043176674059936,0
1114,39.043176674059936,0
1115,39.043176674059936,0
1116,39.043176674059936,0
1117,39.043176674059936,0
1118,39.043176674059936,0
1119,39.043176674059936,0
1120,39.043176674059936,0
1121,39.043176674059936,0
1122,39.043176674059936,0
1123,39.043176674059936,0
1124,39.043176674059936,0
1125,60.54374217671084,0
1126,60.54374217671084,0
1127,60.54374217671084,0
1128,60.54374217671084,0
1129,60.54374217671084,0
1130,60.54374217671084,0
1131,60.54374217671084,0
1132,32.69921885649955,0
1133,32.69921885649955,1
1134,32.69921885649955,0
1135,32.69921885649955,0
1136,32.69921885649955,0
1137,32.69921885649955,0
1138,32.69921885649955,1
1139,32.69921885649955,0
1140,16.749395677016057,0
1141,16.749395677016057,0
1142,16.749395677016057,0
1143,16.749395677016057,0
1144,16.749395677016057,0
1145,16.749395677016057,0
1146,16.749395677016057,1
1147,16.749395677016057,0
1148,16.749395677016057,0
1149,16.749395677016057,0
1150,16.749395677016057,0
1151,16.749395677016057,0
1152,16.749395677016057,0
1153,16.749395677016057,0
1154,16.749395677016057,0
1155,16.749395677016057,0
1156,16.749395677016057,0
1157,1.6987302338929589,1
1158,1.6987302338929589,0
1159,1.6987302338929589,0
1160,1.6987302338929589,0
1161,1.6987302338929589,0
1162,1.6987302338929589,0
1163,1.6987302338929589,0
1164,1.6987302338929589,0
1165,1.6987302338929589,0
1166,1.6987302338929589,0
1167,54.65397165828025,1
1168,54.65397165828025,0
1169,54.65397165828025,0
1170,54.65397165828025,0
1171,54.65397165828025,0
1172,54.65397165828025,0
1173,54.65397165828025,0
1174,54.65397165828025,0
1175,54.65397165828025,0
1176,54.65397165828025,0
1177,1.6053136516226272,0
1178,1.6053136516226272,0
1179,1.6053136516226272,0
1180,1.6053136516226272,0
1181,1.6053136516226272,0
1182,1.6053136516226272,0
1183,1.6053136516226272,0
1184,1.6053136516226272,0
1185,1.6053136516226272,0
1186,1.6053136516226272,0
1187,1.6053136516226272,0
1188,5.763793744811103,0
1189,5.763793744811103,0
1190,5.763793744811103,0
1191,5.763793744811103,0
1192,5.763793744811103,0
1193,5.763793744811103,0
1194,5.763793744811103,0
1195,5.763793744811103,0
1196,5.763793744811103,0
1197,5.763793744811103,0
1198,5.763793744811103,0
1199,5.763793744811103,0
1200,5.763793744811103,0
1201,5.763793744811103,0
1202,5.763793744811103,0
1203,19.00537504816953,0
1204,19.00537504816953,0
1205,19.00537504816953,0
1206,19.00537504816953,0
1207,19.00537504816953,0
1208,19.00537504816953,0
1209,19.00537504816953,1
1210,19.00537504816953,0
1211,19.00537504816953,0
1212,19.00537504816953,0
1213,0.9996482899712615,1
1214,0.9996482899712615,0
1215,0.9996482899712615,0
1216,0.9996482899712615,0
1217,0.9996482899712615,0
1218,0.9996482899712615,0
1219,0.9996482899712615,0
1220,0.9996482899712615,0
1221,0.9996482899712615,0
1222,0.9996482899712615,0
1223,0.9996482899712615,0
1224,0.9996482899712615,0
1225,0.9996482899712615,0
1226,0.9996482899712615,0
1227,42.3591897292036,0
1228,42.3591897292036,0
1229,42.3591897292036,0
1230,42.3591897292036,0
1231,42.3591897292036,0
1232,42.3591897292036,0
1233,42.3591897292036,0
1234,42.3591897292036,0
1235,42.3591897292036,0
1236,42.3591897292036,0
1237,42.3591897292036,0
1238,42.3591897292036,0
1239,42.3591897292036,0
1240,3.2298598956350157,0
1241,3.2298598956350157,0
1242,3.2298598956350157,0
1243,3.2298598956350157,0
1244,3.2298598956350157,0
1245,3.2298598956350157,0
1246,3.2298598956350157,0
1247,3.2298598956350157,0
1248,3.2298598956350157,0
1249,3.2298598956350157,0
1250,3.2298598956350157,0
1251,30.83571251539677,0
1252,30.83571251539677,0
1253,30.83571251539677,0
1254,30.83571251539677,0
1255,30.83571251539677,0
1256,30.83571251539677,0
1257,30.83571251539677,0
1258,30.83571251539677,0
1259,30.83571251539677,0
1260,10.819287163167212,0
1261,10.819287163167212,0
1262,10.819287163167212,0
1263,10.819287163167212,0
1264,10.819287163167212,1
1265,10.819287163167212,0
1266,10.819287163167212,0
1267,10.819287163167212,0
1268,10.819287163167212,0
1269,10.819287163167212,0
1270,10.819287163167212,0
1271,10.819287163167212,0
1272,10.819287163167212,0
1273,4.346514010060433,0
1274,4.346514010060433,1
1275,4.346514010060433,0
1276,4.346514010060433,0
1277,4.346514010060433,0
1278,4.346514010060433,0
1279,4.346514010060433,0
1280,4.346514010060433,0
1281,0.8345786410710768,0
1282,0.8345786410710768,0
1283,0.8345786410710768,0
1284,0.8345786410710768,0
1285,0.8345786410710768,0
1286,0.8345786410710768,0
1287,0.8345786410710768,0
1288,0.8345786410710768,0
1289,0.8345786410710768,0
1290,0.8345786410710768,0
1291,0.8345786410710768,0
1292,0.8345786410710768,0
1293,15.394459314921958,0
1294,15.394459314921958,0
1295,15.394459314921958,0
1296,15.394459314921958,1
1297,15.394459314921958,0
1298,15.394459314921958,1
1299,15.394459314921958,0
1300,15.394459314921958,0
1301,15.394459314921958,0
1302,15.394459314921958,1
1303,39.338971985263846,0
1304,39.338971985263846,0
1305,39.338971985263846,0
1306,39.338971985263846,0
1307,39.338971985263846,1
1308,39.338971985263846,1
1309,39.338971985263846,0
1310,39.338971985263846,0
1311,39.338971985263846,0
1312,39.338971985263846,0
1313,50.82619606007555,1
1314,50.82619606007555,0
1315,50.82619606007555,0
1316,50.82619606007555,0
1317,50.82619606007555,0
1318,50.82619606007555,0
1319,50.82619606007555,0
1320,50.82619606007555,0
1321,50.82619606007555,1
1322,50.82619606007555,0
1323,50.82619606007555,1
1324,50.82619606007555,0
1325,50.82619606007555,0
1326,50.82619606007555,0
1327,30.15619506014614,0
1328,30.15619506014614,0
1329,30.15619506014614,0
1330,30.15619506014614,0
1331,30.15619506014614,0
1332,30.15619506014614,0
1333,30.15619506014614,0
1334,30.15619506014614,0
1335,30.15619506014614,0
1336,30.15619506014614,0
1337,30.15619506014614,0
1338,30.15619506014614,0
1339,30.15619506014614,0
1340,13.940999640679129,0
1341,13.940999640679129,0
1342,13.940999640679129,0
1343,13.940999640679129,0
1344,13.940999640679129,0
1345,13.940999640679129,0
1346,13.940999640679129,0
1347,13.940999640679129,0
1348,13.940999640679129,0
1349,13.940999640679129,0
1350,13.940999640679129,0
1351,13.940999640679129,1
1352,13.940999640679129,1
1353,13.940999640679129,0
1354,13.940999640679129,0
1355,12.126002165446328,1
1356,12.126002165446328,0
1357,12.126002165446328,1
1358,12.126002165446328,0
1359,12.126002165446328,0
1360,12.126002165446328,0
1361,12.126002165446328,0
1362,12.126002165446328,1
1363,12.126002165446328,0
1364,12.126002165446328,0
1365,48.19844065382281,0
1366,48.19844065382281,0
1367,48.19844065382281,0
1368,48.19844065382281,0
1369,48.19844065382281,0
1370,48.19844065382281,0
1371,48.19844065382281,0
1372,48.19844065382281,0
1373,48.19844065382281,0
1374,48.19844065382281,1
1375,48.19844065382281,0
1376,48.19844065382281,0
1377,48.19844065382281,1
1378,3.8278856510846233,0
1379,3.8278856510846233,0
1380,3.8278856510846233,0
1381,3.8278856510846233,0
1382,3.8278856510846233,0
1383,3.8278856510846233,0
1384,3.8278856510846233,0
1385,3.8278856510846233,0
1386,3.8278856510846233,0
1387,3.8278856510846233,0
1388,3.8278856510846233,0
1389,78.6491394228276,0
1390,78.6491394228276,0
1391,78.6491394228276,0
1392,78.6491394228276,0
1393,78.6491394228276,0
1394,78.6491394228276,0
1395,78.6491394228276,0
1396,78.6491394228276,0
1397,2.078667353824944,0
1398,2.078667353824944,0
1399,2.078667353824944,0
1400,2.078667353824944,0
1401,2.078667353824944,0
1402,2.078667353824944,0
1403,2.078667353824944,0
1404,2.078667353824944,0
1405,2.078667353824944,0
1406,2.078667353824944,0
1407,32.58515270646539,0
1408,32.58515270646539,0
1409,32.58515270646539,0
1410,32.58515270646539,0
1411,32.58515270646539,0
1412,32.58515270646539,0
1413,32.58515270646539,0
1414,32.58515270646539,0
1415,32.58515270646539,0
1416,32.58515270646539,0
1417,32.58515270646539,0
1418,32.58515270646539,0
1419,32.58515270646539,0
1420,32.58515270646539,0
1421,3.4663588744472404,0
1422,3.4663588744472404,0
1423,3.4663588744472404,0
1424,3.4663588744472404,0
1425,3.4663588744472404,0
1426,3.4663588744472404,0
1427,3.4663588744472404,0
1428,3.4663588744472404,0
1429,3.4663588744472404,0
1430,19.48512780472194,0
1431,19.48512780472194,0
1432,19.48512780472194,0
1433,19.48512780472194,0
1434,19.48512780472194,0
1435,19.48512780472194,0
1436,19.48512780472194,0
1437,19.48512780472194,0
1438,158.59235910893477,0
1439,158.59235910893477,0
1440,158.59235910893477,0
1441,158.59235910893477,0
1442,158.59235910893477,0
1443,158.59235910893477,1
1444,158.59235910893477,0
1445,158.59235910893477,0
1446,158.59235910893477,0
1447,43.89624526597628,0
1448,43.89624526597628,0
1449,43.89624526597628,0
1450,43.89624526597628,0
1451,43.89624526597628,0
1452,43.89624526597628,0
1453,43.89624526597628,0
1454,43.89624526597628,0
1455,36.895468036459185,0
1456,36.895468036459185,0
1457,36.895468036459185,0
1458,36.895468036459185,0
1459,36.895468036459185,0
1460,36.895468036459185,0
1461,36.895468036459185,0
1462,36.895468036459185,0
1463,36.895468036459185,0
1464,36.895468036459185,0
1465,36.895468036459185,0
1466,36.895468036459185,1
1467,36.895468036459185,0
1468,11.179255780466358,0
1469,11.179255780466358,0
1470,11.179255780466358,0
1471,11.179255780466358,0
1472,11.179255780466358,0
1473,11.179255780466358,0
1474,11.179255780466358,0
1475,11.179255780466358,0
1476,77.74408666733738,0
1477,77.74408666733738,0
1478,77.74408666733738,0
1479,77.74408666733738,0
1480,77.74408666733738,0
1481,77.74408666733738,0
1482,77.74408666733738,0
1483,77.74408666733738,0
1484,77.74408666733738,1
1485,0.8045054734848553,0
1486,0.8045054734848553,0
1487,0.8045054734848553,0
1488,0.8045054734848553,0
1489,0.8045054734848553,0
1490,0.8045054734848553,0
1491,0.8045054734848553,0
1492,0.8045054734848553,0
1493,0.8045054734848553,0
1494,26.771724941185116,0
1495,26.771724941185116,0
1496,26.771724941185116,0
1497,26.771724941185116,0
1498,26.771724941185116,0
1499,26.771724941185116,0
1500,26.771724941185116,0
1501,26.771724941185116,0
1502,26.771724941185116,0
1503,26.771724941185116,0
1504,26.771724941185116,0
1505,26.771724941185116,0
1506,26.771724941185116,0
1507,28.16898805956135,0
1508,28.16898805956135,0
1509,28.16898805956135,0
1510,28.16898805956135,0
1511,28.16898805956135,0
1512,28.16898805956135,0
1513,28.16898805956135,0
1514,28.16898805956135,0
1515,28.16898805956135,0
1516,28.16898805956135,0
1517,28.16898805956135,0
1518,28.16898805956135,0
1519,28.16898805956135,0
1520,28.16898805956135,0
1521,28.16898805956135,0
1522,28.16898805956135,0
1523,37.37576716271252,0
1524,37.37576716271252,1
1525,37.37576716271252,1
1526,37.37576716271252,0
1527,37.37576716271252,0
1528,37.37576716271252,0
1529,37.37576716271252,1
1530,37.37576716271252,0
1531,37.37576716271252,0
1532,37.37576716271252,0
1533,37.37576716271252,0
1534,37.37576716271252,0
1535,37.37576716271252,0
1536,37.37576716271252,0
1537,37.37576716271252,0
1538,21.72295076590218,0
1539,21.72295076590218,0
1540,21.72295076590218,0
1541,21.72295076590218,0
1542,21.72295076590218,0
1543,21.72295076590218,0
1544,21.72295076590218,0
1545,21.72295076590218,0
1546,21.72295076590218,0
1547,21.72295076590218,0
1548,18.827765766598652,0
1549,18.827765766598652,0
1550,18.827765766598652,0
1551,18.827765766598652,0
1552,18.827765766598652,0
1553,18.827765766598652,0
1554,18.827765766598652,0
1555,18.827765766598652,0
1556,18.827765766598652,0
1557,18.827765766598652,0
1558,18.827765766598652,0
1559,1.8292853623167953,0
1560,1.8292853623167953,0
1561,1.8292853623167953,0
1562,1.8292853623167953,0
1563,1.8292853623167953,0
1564,1.8292853623167953,0
1565,1.8292853623167953,0
1566,43.18125562906112,0
1567,43.18125562906112,0
1568,43.18125562906112,0
1569,43.18125562906112,0
1570,43.18125562906112,0
1571,43.18125562906112,0
1572,43.18125562906112,0
1573,43.18125562906112,0
1574,43.18125562906112,0
1575,43.18125562906112,0
1576,43.18125562906112,0
1577,43.18125562906112,0
1578,43.18125562906112,0
1579,91.82894299835738,0
1580,91.82894299835738,0
1581,91.82894299835738,0
1582,91.82894299835738,1
1583,91.82894299835738,0
1584,91.82894299835738,0
1585,91.82894299835738,0
1586,91.82894299835738,0
1587,91.82894299835738,0
1588,91.82894299835738,0
1589,91.82894299835738,0
1590,91.82894299835738,0
1591,4.064373444834622,0
1592,4.064373444834622,0
1593,4.064373444834622,0
1594,4.064373444834622,0
1595,4.064373444834622,0
1596,4.064373444834622,0
1597,4.064373444834622,0
1598,4.064373444834622,0
1599,4.064373444834622,0
1600,4.064373444834622,0
1601,4.064373444834622,0
1602,157.70291680334893,0
1603,157.70291680334893,0
1604,157.70291680334893,0
1605,157.70291680334893,0
1606,157.70291680334893,0
1607,157.70291680334893,0
1608,157.70291680334893,1
1609,157.70291680334893,0
1610,157.70291680334893,0
1611,157.70291680334893,0
1612,157.70291680334893,0
1613,157.70291680334893,0
1614,37.38825047241588,0
1615,37.38825047241588,0
1616,37.38825047241588,0
1617,37.38825047241588,0
1618,37.38825047241588,0
1619,37.38825047241588,0
1620,37.38825047241588,0
1621,37.38825047241588,0
1622,37.38825047241588,0
1623,37.38825047241588,0
1624,37.38825047241588,0
1625,37.38825047241588,0
1626,1.2399043955224094,0
1627,1.2399043955224094,0
1628,1.2399043955224094,0
1629,1.2399043955224094,0
1630,1.2399043955224094,0
1631,13.424906376205959,0
1632,13.424906376205959,0
1633,13.424906376205959,0
1634,13.424906376205959,1
1635,13.424906376205959,1
1636,13.424906376205959,0
1637,13.424906376205959,0
1638,13.424906376205959,1
1639,13.424906376205959,0
1640,13.424906376205959,0
1641,13.424906376205959,0
1642,13.424906376205959,0
1643,13.424906376205959,1
1644,68.24271995401263,0
1645,68.24271995401263,0
1646,68.24271995401263,0
1647,68.24271995401263,0
1648,68.24271995401263,0
1649,68.24271995401263,0
1650,68.24271995401263,0
1651,68.24271995401263,0
1652,59.06365812812898,0
1653,59.06365812812898,0
1654,59.06365812812898,0
1655,59.06365812812898,0
1656,59.06365812812898,0
1657,59.06365812812898,1
1658,59.06365812812898,1
1659,59.06365812812898,0
1660,59.06365812812898,0
1661,59.06365812812898,0
1662,59.06365812812898,0
1663,59.06365812812898,0
1664,59.06365812812898,0
1665,59.06365812812898,0
1666,59.06365812812898,0
1667,100.50821498659948,0
1668,100.50821498659948,0
1669,100.50821498659948,0
1670,100.50821498659948,0
1671,100.50821498659948,0
1672,100.50821498659948,0
1673,100.50821498659948,0
1674,100.50821498659948,0
1675,100.50821498659948,0
1676,100.50821498659948,0
1677,100.50821498659948,0
1678,57.00041571307573,0
1679,57.00041571307573,0
1680,57.00041571307573,0
1681,57.00041571307573,0
1682,57.00041571307573,0
1683,57.00041571307573,0
1684,57.00041571307573,0
1685,50.555325151458064,0
1686,50.555325151458064,0
1687,50.555325151458064,0
1688,50.555325151458064,0
1689,50.555325151458064,0
1690,50.555325151458064,0
1691,50.555325151458064,0
1692,50.555325151458064,0
1693,50.555325151458064,0
1694,50.555325151458064,0
1695,8.625824283685668,0
1696,8.625824283685668,0
1697,8.625824283685668,0
1698,8.625824283685668,0
1699,8.625824283685668,0
1700,8.625824283685668,0
1701,8.625824283685668,0
1702,8.625824283685668,0
1703,8.625824283685668,1
1704,2.1617784632081567,0
1705,2.1617784632081567,0
1706,2.1617784632081567,0
1707,2.1617784632081567,0
1708,2.1617784632081567,0
1709,2.1617784632081567,0
1710,2.1617784632081567,0
1711,2.1617784632081567,0
1712,2.1617784632081567,0
1713,2.1617784632081567,0
1714,2.1617784632081567,0
1715,2.1617784632081567,0
1716,2.1617784632081567,0
1717,4.067778834972583,1
1718,4.067778834972583,0
1719,4.067778834972583,0
1720,4.067778834972583,0
1721,4.067778834972583,0
1722,4.067778834972583,0
1723,4.067778834972583,0
1724,4.067778834972583,0
1725,4.067778834972583,0
1726,4.067778834972583,0
1727,21.77638715751485,0
1728,21.77638715751485,0
1729,21.77638715751485,0
1730,21.77638715751485,0
1731,21.77638715751485,0
1732,21.77638715751485,0
1733,21.77638715751485,0
1734,21.77638715751485,0
1735,21.77638715751485,0
1736,21.77638715751485,0
1737,21.77638715751485,0
1738,21.77638715751485,0
1739,21.77638715751485,0
1740,108.69129009580993,0
1741,108.69129009580993,0
1742,108.69129009580993,0
1743,108.69129009580993,0
1744,108.69129009580993,0
1745,108.69129009580993,0
1746,108.69129009580993,0
1747,108.69129009580993,0
1748,108.69129009580993,0
1749,28.98710924201596,0
1750,28.98710924201596,0
1751,28.98710924201596,0
1752,28.98710924201596,0
1753,28.98710924201596,0
1754,28.98710924201596,0
1755,28.98710924201596,0
1756,28.98710924201596,0
1757,28.98710924201596,0
1758,28.98710924201596,0
1759,28.98710924201596,0
1760,28.98710924201596,0
1761,1.1369172197806994,0
1762,1.1369172197806994,0
1763,1.1369172197806994,0
1764,1.1369172197806994,0
1765,1.1369172197806994,0
1766,1.1369172197806994,0
1767,1.1369172197806994,1
1768,1.1369172197806994,0
1769,1.1369172197806994,0
1770,1.1369172197806994,0
1771,1.1369172197806994,0
1772,1.1369172197806994,0
1773,0.1837082927677286,0
1774,0.1837082927677286,0
1775,0.1837082927677286,0
1776,0.1837082927677286,0
1777,0.1837082927677286,0
1778,0.1837082927677286,0
1779,0.1837082927677286,1
1780,0.1837082927677286,1
1781,0.3504779483948694,0
1782,0.3504779483948694,0
1783,0.3504779483948694,0
1784,0.3504779483948694,0
1785,0.3504779483948694,0
1786,0.3504779483948694,0
1787,0.3504779483948694,0
1788,0.3504779483948694,0
1789,0.3504779483948694,0
1790,0.3504779483948694,0
1791,4.177917367799273,0
1792,4.177917367799273,0
1793,4.177917367799273,0
1794,4.177917367799273,0
1795,4.177917367799273,0
1796,4.177917367799273,0
1797,4.177917367799273,0
1798,4.177917367799273,0
1799,4.177917367799273,0
1800,4.177917367799273,0
1801,4.177917367799273,0
1802,4.177917367799273,0
1803,4.177917367799273,0
1804,4.177917367799273,0
1805,4.177917367799273,0
1806,4.177917367799273,0
1807,2.6787597180788656,0
1808,2.6787597180788656,0
1809,2.6787597180788656,0
1810,2.6787597180788656,0
1811,2.6787597180788656,0
1812,2.6787597180788656,0
1813,2.6787597180788656,0
1814,2.6787597180788656,0
1815,2.6787597180788656,0
1816,139.1477420314804,0
1817,139.1477420314804,0
1818,139.1477420314804,0
1819,139.1477420314804,1
1820,139.1477420314804,0
1821,139.1477420314804,0
1822,139.1477420314804,0
1823,139.1477420314804,0
1824,139.1477420314804,0
1825,139.1477420314804,0
1826,139.1477420314804,0
1827,139.1477420314804,0
1828,139.1477420314804,0
1829,0.9289042991611347,0
1830,0.9289042991611347,0
1831,0.9289042991611347,0
1832,0.9289042991611347,0
1833,0.9289042991611347,0
1834,0.9289042991611347,0
1835,0.9289042991611347,0
1836,0.9289042991611347,0
1837,0.9801124858676489,0
1838,0.9801124858676489,0
1839,0.9801124858676489,1
1840,0.9801124858676489,0
1841,0.9801124858676489,0
1842,0.9801124858676489,0
1843,0.9801124858676489,0
1844,0.9801124858676489,0
1845,0.9801124858676489,0
1846,0.9801124858676489,0
1847,0.9801124858676489,0
1848,0.9801124858676489,0
1849,0.9801124858676489,0
1850,2.3652717953909304,0
1851,2.3652717953909304,0
1852,2.3652717953909304,0
1853,2.3652717953909304,0
1854,2.3652717953909304,0
1855,2.3652717953909304,0
1856,2.3652717953909304,0
1857,2.3652717953909304,0
1858,2.3652717953909304,0
1859,6.763523111848787,0
1860,6.763523111848787,1
1861,6.763523111848787,0
1862,6.763523111848787,0
1863,6.763523111848787,0
1864,6.763523111848787,0
1865,6.763523111848787,0
1866,6.763523111848787,0
1867,6.763523111848787,0
1868,6.763523111848787,0
1869,6.763523111848787,0
1870,6.763523111848787,0
1871,6.763523111848787,0
1872,6.763523111848787,0
1873,3.3688703807009235,0
1874,3.3688703807009235,0
1875,3.3688703807009235,0
1876,3.3688703807009235,0
1877,3.3688703807009235,0
1878,3.3688703807009235,0
1879,3.3688703807009235,0
1880,3.3688703807009235,0
1881,3.3688703807009235,0
1882,3.3688703807009235,0
1883,3.3688703807009235,0
1884,3.3688703807009235,0
1885,28.69195306034745,0
1886,28.69195306034745,0
1887,28.69195306034745,0
1888,28.69195306034745,0
1889,28.69195306034745,0
1890,28.69195306034745,0
1891,28.69195306034745,0
1892,28.69195306034745,0
1893,28.69195306034745,0
1894,28.69195306034745,0
1895,28.69195306034745,0
1896,28.69195306034745,0
1897,43.96961885344897,0
1898,43.96961885344897,0
1899,43.96961885344897,1
1900,43.96961885344897,0
1901,43.96961885344897,0
1902,43.96961885344897,0
1903,43.96961885344897,0
1904,1.8500114204235547,0
1905,1.8500114204235547,0
1906,1.8500114204235547,0
1907,1.8500114204235547,0
1908,1.8500114204235547,1
1909,1.8500114204235547,0
1910,1.8500114204235547,0
1911,1.8500114204235547,0
1912,1.8500114204235547,0
1913,1.8500114204235547,0
1914,1.8500114204235547,0
1915,44.13167807381051,0
1916,44.13167807381051,0
1917,44.13167807381051,0
1918,44.13167807381051,0
1919,44.13167807381051,0
1920,44.13167807381051,0
1921,44.13167807381051,0
1922,44.13167807381051,0
1923,44.13167807381051,0
1924,44.13167807381051,0
1925,44.13167807381051,0
1926,44.13167807381051,0
1927,74.13587780824825,0
1928,74.13587780824825,0
1929,74.13587780824825,0
1930,74.13587780824825,0
1931,74.13587780824825,0
1932,74.13587780824825,0
1933,74.13587780824825,0
1934,74.13587780824825,0
1935,1.0972461700210892,0
1936,1.0972461700210892,0
1937,1.0972461700210892,0
1938,1.0972461700210892,0
1939,1.0972461700210892,0
1940,1.0972461700210892,0
1941,1.0972461700210892,0
1942,1.0972461700210892,0
1943,1.0972461700210892,1
1944,1.0972461700210892,0
1945,1.0972461700210892,0
1946,1.0972461700210892,1
1947,48.7458917999872,0
1948,48.7458917999872,1
1949,48.7458917999872,0
1950,48.7458917999872,0
1951,48.7458917999872,1
1952,48.7458917999872,0
1953,48.7458917999872,1
1954,48.7458917999872,0
1955,48.7458917999872,0
1956,48.7458917999872,0
1957,48.7458917999872,0
1958,48.7458917999872,1
1959,48.7458917999872,1
1960,48.7458917999872,0
1961,44.44350437945551,0
1962,44.44350437945551,0
1963,44.44350437945551,0
1964,44.44350437945551,0
1965,44.44350437945551,0
1966,44.44350437945551,0
1967,44.44350437945551,0
1968,44.44350437945551,0
1969,44.44350437945551,1
1970,44.44350437945551,0
1971,44.44350437945551,1
1972,44.44350437945551,0
1973,44.44350437945551,0
1974,44.44350437945551,0
1975,44.44350437945551,0
1976,44.44350437945551,1
1977,30.387117673942363,0
1978,30.387117673942363,0
1979,30.387117673942363,0
1980,30.387117673942363,0
1981,30.387117673942363,0
1982,30.387117673942363,0
1983,2.494269337977438,0
1984,2.494269337977438,0
1985,2.494269337977438,0
1986,2.494269337977438,0
1987,2.494269337977438,0
1988,2.494269337977438,0
1989,2.494269337977438,0
1990,2.494269337977438,0
1991,2.494269337977438,0
1992,2.494269337977438,0
1993,2.494269337977438,0
1994,14.586719390826321,0
1995,14.586719390826321,0
1996,14.586719390826321,0
1997,14.586719390826321,0
1998,14.586719390826321,0
1999,14.586719390826321,0
2000,14.586719390826321,0
2001,16.812759922336486,0
2002,16.812759922336486,0
2003,16.812759922336486,1
2004,16.812759922336486,0
2005,16.812759922336486,0
2006,16.812759922336486,0
2007,16.812759922336486,0
2008,16.812759922336486,0
2009,16.812759922336486,0
2010,16.812759922336486,0
2011,16.812759922336486,0
2012,16.812759922336486,0
2013,16.812759922336486,0
2014,16.812759922336486,0
2015,16.812759922336486,0
2016,16.812759922336486,1
2017,16.013259696890902,0
2018,16.013259696890902,0
2019,16.013259696890902,0
2020,16.013259696890902,0
2021,16.013259696890902,0
2022,16.013259696890902,0
2023,16.013259696890902,0
2024,16.013259696890902,0
2025,16.013259696890902,0
2026,16.013259696890902,0
2027,16.013259696890902,0
2028,33.893366293852566,0
2029,33.893366293852566,0
2030,33.893366293852566,0
2031,33.893366293852566,1
2032,33.893366293852566,0
2033,33.893366293852566,0
2034,33.893366293852566,0
2035,33.893366293852566,0
2036,33.893366293852566,0
2037,33.893366293852566,0
2038,0.7342228846300097,0
2039,0.7342228846300097,0
2040,0.7342228846300097,0
2041,0.7342228846300097,0
2042,0.7342228846300097,0
2043,0.7342228846300097,0
2044,0.7342228846300097,0
2045,0.7342228846300097,0
2046,0.7342228846300097,0
2047,0.7342228846300097,0
2048,1.567659422187478,0
2049,1.567659422187478,0
2050,1.567659422187478,0
2051,1.567659422187478,0
2052,1.567659422187478,0
2053,1.567659422187478,0
2054,1.567659422187478,0
2055,1.567659422187478,0
2056,1.567659422187478,0
2057,1.567659422187478,0
2058,1.567659422187478,0
2059,1.567659422187478,0
2060,1.567659422187478,1
2061,70.16499333892418,0
2062,70.16499333892418,0
2063,70.16499333892418,0
2064,70.16499333892418,0
2065,70.16499333892418,0
2066,70.16499333892418,0
2067,70.16499333892418,0
2068,70.16499333892418,0
2069,70.16499333892418,0
2070,70.16499333892418,1
2071,4.0225910091831425,0
2072,4.0225910091831425,0
2073,4.0225910091831425,0
2074,4.0225910091831425,0
2075,4.0225910091831425,0
2076,4.0225910091831425,0
2077,4.0225910091831425,0
2078,4.0225910091831425,0
2079,4.0225910091831425,0
2080,4.0225910091831425,0
2081,25.464919741949494,0
2082,25.464919741949494,1
2083,25.464919741949494,0
2084,25.464919741949494,0
2085,25.464919741949494,0
2086,25.464919741949494,0
2087,25.464919741949494,0
2088,25.464919741949494,0
2089,25.464919741949494,0
2090,25.464919741949494,0
2091,25.464919741949494,0
2092,25.464919741949494,0
2093,25.464919741949494,0
2094,16.4570781309647,0
2095,16.4570781309647,0
2096,16.4570781309647,0
2097,16.4570781309647,0
2098,16.4570781309647,0
2099,16.4570781309647,0
2100,16.4570781309647,0
2101,16.4570781309647,0
2102,16.4570781309647,0
2103,16.4570781309647,0
2104,16.4570781309647,0
2105,16.4570781309647,0
2106,1.9457197292864152,0
2107,1.9457197292864152,0
2108,1.9457197292864152,0
2109,1.9457197292864152,0
2110,1.9457197292864152,0
2111,1.9457197292864152,0
2112,1.9457197292864152,0
2113,1.9457197292864152,0
2114,1.9457197292864152,0
2115,1.9457197292864152,0
2116,1.9457197292864152,0
2117,32.703071882526416,0
2118,32.703071882526416,0
2119,32.703071882526416,0
2120,32.703071882526416,0
2121,32.703071882526416,0
2122,32.703071882526416,0
2123,32.703071882526416,0
2124,32.703071882526416,0
2125,32.703071882526416,0
2126,32.703071882526416,0
2127,32.703071882526416,0
2128,32.703071882526416,0
2129,32.703071882526416,0
2130,32.703071882526416,0
2131,32.703071882526416,0
2132,45.3160147980848,0
2133,45.3160147980848,0
2134,45.3160147980848,0
2135,45.3160147980848,0
2136,45.3160147980848,0
2137,45.3160147980848,0
2138,45.3160147980848,0
2139,45.3160147980848,0
2140,45.3160147980848,0
2141,45.3160147980848,0
2142,45.3160147980848,0
2143,45.3160147980848,0
2144,45.3160147980848,0
2145,96.4648358880317,0
2146,96.4648358880317,0
2147,96.4648358880317,0
2148,96.4648358880317,0
2149,96.4648358880317,0
2150,96.4648358880317,0
2151,96.4648358880317,0
2152,96.4648358880317,0
2153,96.4648358880317,0
2154,96.4648358880317,0
2155,96.4648358880317,0
2156,96.4648358880317,0
2157,96.4648358880317,0
2158,0.16204108570619238,0
2159,0.16204108570619238,0
2160,0.16204108570619238,0
2161,0.16204108570619238,0
2162,0.16204108570619238,0
2163,43.092531782400144,0
2164,43.092531782400144,0
2165,43.092531782400144,0
2166,43.092531782400144,0
2167,43.092531782400144,0
2168,43.092531782400144,0
2169,43.092531782400144,1
2170,43.092531782400144,0
2171,43.092531782400144,0
2172,43.092531782400144,0
2173,43.092531782400144,0
2174,43.092531782400144,0
2175,43.092531782400144,0
2176,25.502212749782927,0
2177,25.502212749782927,0
2178,25.502212749782927,0
2179,25.502212749782927,0
2180,25.502212749782927,0
2181,25.502212749782927,0
2182,25.502212749782927,0
2183,25.502212749782927,0
2184,25.502212749782927,0
2185,25.502212749782927,0
2186,25.502212749782927,0
2187,51.812935124554556,0
2188,51.812935124554556,0
2189,51.812935124554556,0
2190,51.812935124554556,1
2191,51.812935124554556,0
2192,51.812935124554556,0
2193,51.812935124554556,0
2194,51.812935124554556,0
2195,51.812935124554556,0
2196,51.812935124554556,0
2197,51.812935124554556,0
2198,51.812935124554556,0
2199,0.9154130158252068,0
2200,0.9154130158252068,0
2201,0.9154130158252068,0
2202,0.9154130158252068,0
2203,0.9154130158252068,0
2204,0.9154130158252068,0
2205,0.9154130158252068,0
2206,0.9154130158252068,0
2207,0.9154130158252068,0
2208,0.9154130158252068,0
2209,57.2646272823319,0
2210,57.2646272823319,0
2211,57.2646272823319,0
2212,57.2646272823319,0
2213,57.2646272823319,0
2214,57.2646272823319,0
2215,57.2646272823319,1
2216,57.2646272823319,0
2217,14.669324540132044,0
2218,14.669324540132044,0
2219,38.83479101022119,0
2220,38.83479101022119,0
2221,38.83479101022119,0
2222,38.83479101022119,1
2223,38.83479101022119,0
2224,38.83479101022119,0
2225,38.83479101022119,0
2226,5.0158625887524115,0
2227,5.0158625887524115,0
2228,5.0158625887524115,0
2229,5.0158625887524115,0
2230,5.0158625887524115,0
2231,5.0158625887524115,0
2232,5.0158625887524115,0
2233,5.0158625887524115,0
2234,5.0158625887524115,0
2235,33.757173291899164,0
2236,33.757173291899164,0
2237,33.757173291899164,0
2238,33.757173291899164,0
2239,33.757173291899164,0
2240,33.757173291899164,0
2241,33.757173291899164,0
2242,33.757173291899164,0
2243,33.757173291899164,0
2244,33.757173291899164,0
2245,1.3196271971428173,0
2246,1.3196271971428173,0
2247,1.3196271971428173,0
2248,1.3196271971428173,0
2249,1.3196271971428173,0
2250,1.3196271971428173,0
2251,1.3196271971428173,0
2252,1.3196271971428173,0
2253,1.3196271971428173,0
2254,1.9019910462655722,0
2255,1.9019910462655722,0
2256,1.9019910462655722,0
2257,1.9019910462655722,0
2258,1.9019910462655722,1
2259,15.248191387990078,0
2260,15.248191387990078,0
2261,15.248191387990078,0
2262,15.248191387990078,0
2263,15.248191387990078,0
2264,15.248191387990078,0
2265,15.248191387990078,0
2266,15.248191387990078,0
2267,15.248191387990078,1
2268,15.248191387990078,0
2269,15.248191387990078,0
2270,15.248191387990078,1
2271,15.248191387990078,0
2272,1.077994054637874,0
2273,1.077994054637874,0
2274,1.077994054637874,0
2275,1.077994054637874,0
2276,1.077994054637874,0
2277,1.077994054637874,0
2278,1.077994054637874,0
2279,1.077994054637874,0
2280,1.077994054637874,0
2281,1.077994054637874,0
2282,1.077994054637874,0
2283,1.077994054637874,0
2284,1.077994054637874,0
2285,27.547427562709117,0
2286,27.547427562709117,0
2287,27.547427562709117,0
2288,27.547427562709117,0
2289,27.547427562709117,0
2290,27.547427562709117,0
2291,27.547427562709117,0
2292,27.547427562709117,0
2293,27.547427562709117,0
2294,29.108947235905635,0
2295,29.108947235905635,0
2296,29.108947235905635,0
2297,29.108947235905635,0
2298,29.108947235905635,0
2299,29.108947235905635,0
2300,29.108947235905635,0
2301,29.108947235905635,0
2302,29.108947235905635,0
2303,29.108947235905635,0
2304,29.108947235905635,0
2305,32.475110872492735,0
2306,32.475110872492735,0
2307,32.475110872492735,1
2308,32.475110872492735,0
2309,32.475110872492735,0
2310,32.475110872492735,0
2311,32.475110872492735,0
2312,32.475110872492735,0
2313,32.475110872492735,0
2314,32.475110872492735,0
2315,32.475110872492735,0
2316,32.475110872492735,0
2317,32.475110872492735,0
2318,32.475110872492735,0
2319,11.79764907359383,0
2320,11.79764907359383,0
2321,11.79764907359383,0
2322,11.79764907359383,0
2323,11.79764907359383,0
2324,11.79764907359383,0
2325,11.79764907359383,0
2326,11.79764907359383,0
2327,11.79764907359383,0
2328,11.79764907359383,0
2329,1.3002266408458483,0
2330,1.3002266408458483,0
2331,1.3002266408458483,1
2332,1.3002266408458483,0
2333,1.3002266408458483,0
2334,1.3002266408458483,0
2335,1.3002266408458483,0
2336,1.3002266408458483,0
2337,1.3002266408458483,0
2338,1.3002266408458483,0
2339,1.3002266408458483,1
2340,1.3002266408458483,0
2341,27.417264645588,1
2342,27.417264645588,0
2343,27.417264645588,0
2344,27.417264645588,0
2345,27.417264645588,0
2346,27.417264645588,0
2347,27.417264645588,0
2348,27.417264645588,0
2349,27.417264645588,0
2350,1.5167518551689272,0
2351,1.5167518551689272,0
2352,1.5167518551689272,0
2353,1.5167518551689272,0
2354,1.5167518551689272,0
2355,1.5167518551689272,0
2356,1.5167518551689272,0
2357,1.5167518551689272,0
2358,1.5167518551689272,0
2359,1.5167518551689272,0
2360,1.5167518551689272,0
2361,1.5167518551689272,0
2362,1.5167518551689272,0
2363,3.689298368958139,0
2364,3.689298368958139,0
2365,3.689298368958139,0
2366,3.689298368958139,0
2367,3.689298368958139,0
2368,19.762476323897385,0
2369,19.762476323897385,0
2370,19.762476323897385,1
2371,19.762476323897385,0
2372,19.762476323897385,0
2373,19.762476323897385,0
2374,19.762476323897385,1
2375,19.762476323897385,0
2376,19.762476323897385,0
2377,19.762476323897385,0
2378,19.762476323897385,0
2379,203.00394195747273,0
2380,203.00394195747273,0
2381,203.00394195747273,0
2382,203.00394195747273,0
2383,203.00394195747273,0
2384,203.00394195747273,0
2385,203.00394195747273,0
2386,203.00394195747273,0
2387,203.00394195747273,0
2388,203.00394195747273,0
2389,203.00394195747273,0
2390,1.9750588863179563,0
2391,1.9750588863179563,0
2392,1.9750588863179563,0
2393,1.9750588863179563,0
2394,1.9750588863179563,0
2395,1.9750588863179563,0
2396,1.9750588863179563,0
2397,1.9750588863179563,0
2398,1.9750588863179563,0
2399,1.9750588863179563,0
2400,1.9750588863179563,0
2401,32.41275706639857,0
2402,32.41275706639857,1
2403,32.41275706639857,1
2404,32.41275706639857,0
2405,32.41275706639857,0
2406,32.41275706639857,0
2407,32.41275706639857,1
2408,32.41275706639857,0
2409,32.41275706639857,0
2410,32.41275706639857,0
2411,32.41275706639857,0
2412,32.41275706639857,1
2413,43.890290562184,0
2414,43.890290562184,0
2415,43.890290562184,0
2416,43.890290562184,0
2417,43.890290562184,0
2418,43.890290562184,0
2419,43.890290562184,0
2420,43.890290562184,0
2421,43.890290562184,0
2422,43.890290562184,0
2423,43.890290562184,0
2424,0.7245420225370898,0
2425,0.7245420225370898,0
2426,0.7245420225370898,0
2427,0.7245420225370898,0
2428,0.7245420225370898,0
2429,0.7245420225370898,0
2430,0.7245420225370898,0
2431,0.7245420225370898,0
2432,0.7245420225370898,0
2433,45.76215250278103,0
2434,45.76215250278103,0
2435,45.76215250278103,0
2436,45.76215250278103,0
2437,45.76215250278103,0
2438,45.76215250278103,0
2439,45.76215250278103,0
2440,45.76215250278103,0
2441,45.76215250278103,1
2442,45.76215250278103,0
2443,45.76215250278103,0
2444,45.76215250278103,1
2445,45.76215250278103,0
2446,45.76215250278103,0
2447,0.5774491124652239,0
2448,0.5774491124652239,0
2449,0.5774491124652239,0
2450,0.5774491124652239,0
2451,0.5774491124652239,0
2452,0.5774491124652239,1
2453,0.5774491124652239,0
2454,0.5774491124652239,0
2455,0.5774491124652239,0
2456,0.580529064463007,0
2457,0.580529064463007,0
2458,0.580529064463007,0
2459,0.580529064463007,0
2460,0.580529064463007,0
2461,0.580529064463007,0
2462,0.580529064463007,0
2463,0.580529064463007,0
2464,0.580529064463007,0
2465,0.580529064463007,0
2466,0.580529064463007,0
2467,0.580529064463007,0
2468,10.078475389020465,1
2469,10.078475389020465,0
2470,10.078475389020465,0
2471,10.078475389020465,0
2472,10.078475389020465,0
2473,10.078475389020465,0
2474,10.078475389020465,1
2475,10.078475389020465,0
2476,10.078475389020465,0
2477,10.078475389020465,0
2478,10.078475389020465,0
2479,4.1111904093459,0
2480,4.1111904093459,0
2481,4.1111904093459,0
2482,4.1111904093459,0
2483,4.1111904093459,0
2484,4.1111904093459,0
2485,1.5656266944967263,0
2486,1.5656266944967263,0
2487,1.5656266944967263,0
2488,1.5656266944967263,0
2489,1.5656266944967263,0
2490,1.5656266944967263,1
2491,1.5656266944967263,0
2492,1.5656266944967263,1
2493,1.5656266944967263,0
2494,4.130462389346606,0
2495,4.130462389346606,0
2496,4.130462389346606,0
2497,4.130462389346606,0
2498,4.130462389346606,0
2499,4.130462389346606,0
2500,4.130462389346606,0
2501,4.130462389346606,0
2502,4.130462389346606,0
2503,4.130462389346606,0
2504,4.130462389346606,0
2505,25.981953726101487,0
2506,25.981953726101487,0
2507,25.981953726101487,0
2508,25.981953726101487,0
2509,25.981953726101487,0
2510,25.981953726101487,1
2511,25.981953726101487,0
2512,25.981953726101487,0
2513,25.981953726101487,1
2514,25.981953726101487,0
2515,25.981953726101487,1
2516,25.981953726101487,0
2517,25.981953726101487,0
2518,24.003727045492344,0
2519,24.003727045492344,0
2520,24.003727045492344,0
2521,24.003727045492344,0
2522,24.003727045492344,0
2523,24.003727045492344,1
2524,0.3914490818869823,0
2525,0.3914490818869823,0
2526,0.3914490818869823,0
2527,0.3914490818869823,0
2528,0.3914490818869823,0
2529,0.3914490818869823,0
2530,0.3914490818869823,0
2531,0.3914490818869823,0
2532,0.3914490818869823,0
2533,0.3914490818869823,0
2534,0.3914490818869823,0
2535,5.9875156927404465,0
2536,5.9875156927404465,0
2537,5.9875156927404465,0
2538,5.9875156927404465,0
2539,5.9875156927404465,0
2540,5.9875156927404465,0
2541,5.9875156927404465,0
2542,5.9875156927404465,0
2543,14.155936262138345,0
2544,14.155936262138345,0
2545,14.155936262138345,0
2546,14.155936262138345,0
2547,14.155936262138345,0
2548,14.155936262138345,0
2549,1.6436602066286092,1
2550,1.6436602066286092,0
2551,1.6436602066286092,0
2552,1.6436602066286092,0
2553,1.6436602066286092,0
2554,1.6436602066286092,0
2555,1.6436602066286092,0
2556,1.6436602066286092,0
2557,1.6436602066286092,0
2558,1.6436602066286092,0
2559,19.672108626527486,0
2560,19.672108626527486,0
2561,19.672108626527486,0
2562,19.672108626527486,0
2563,19.672108626527486,0
2564,19.672108626527486,0
2565,19.672108626527486,0
2566,19.672108626527486,0
2567,19.672108626527486,0
2568,82.2861299522867,0
2569,82.2861299522867,0
2570,82.2861299522867,0
2571,82.2861299522867,0
2572,82.2861299522867,0
2573,82.2861299522867,0
2574,82.2861299522867,0
2575,82.2861299522867,0
2576,82.2861299522867,0
2577,82.2861299522867,0
2578,82.2861299522867,0
2579,82.2861299522867,1
2580,82.2861299522867,0
2581,82.2861299522867,0
2582,5.290241386630726,0
2583,5.290241386630726,0
2584,5.290241386630726,0
2585,5.290241386630726,0
2586,5.290241386630726,1
2587,5.290241386630726,0
2588,5.290241386630726,0
2589,5.290241386630726,0
2590,5.290241386630726,0
2591,5.290241386630726,0
2592,5.290241386630726,0
2593,5.290241386630726,0
2594,5.290241386630726,0
2595,5.290241386630726,0
2596,53.87976559718655,0
2597,53.87976559718655,0
2598,53.87976559718655,0
2599,53.87976559718655,0
2600,53.87976559718655,0
2601,53.87976559718655,0
2602,53.87976559718655,0
2603,53.87976559718655,0
2604,53.87976559718655,0
2605,53.87976559718655,1
2606,0.2874021965083169,0
2607,0.2874021965083169,0
2608,0.2874021965083169,0
2609,0.2874021965083169,0
2610,0.2874021965083169,0
2611,0.2874021965083169,0
2612,0.2874021965083169,0
2613,0.2874021965083169,0
2614,0.2874021965083169,0
2615,0.2874021965083169,0
2616,0.2874021965083169,0
2617,2.03113010134274,0
2618,2.03113010134274,0
2619,2.03113010134274,1
2620,2.03113010134274,0
2621,2.03113010134274,0
2622,2.03113010134274,0
2623,2.03113010134274,0
2624,2.03113010134274,0
2625,45.631767135708955,0
2626,45.631767135708955,0
2627,45.631767135708955,0
2628,45.631767135708955,0
2629,45.631767135708955,0
2630,45.631767135708955,0
2631,45.631767135708955,1
2632,45.631767135708955,0
2633,45.631767135708955,0
2634,45.631767135708955,0
2635,45.631767135708955,0
2636,45.631767135708955,0
2637,62.38423904921808,0
2638,62.38423904921808,1
2639,62.38423904921808,0
2640,62.38423904921808,0
2641,62.38423904921808,0
2642,62.38423904921808,1
2643,62.38423904921808,0
2644,62.38423904921808,0
2645,62.38423904921808,1
2646,62.38423904921808,0
2647,62.38423904921808,1
2648,62.38423904921808,0
2649,62.38423904921808,0
2650,62.38423904921808,0
2651,70.8187393602838,0
2652,70.8187393602838,0
2653,70.8187393602838,0
2654,70.8187393602838,0
2655,70.8187393602838,0
2656,70.8187393602838,0
2657,70.8187393602838,0
2658,70.8187393602838,0
2659,70.8187393602838,0
2660,70.8187393602838,0
2661,70.8187393602838,0
2662,70.8187393602838,1
2663,1.5027332938878166,0
2664,1.5027332938878166,0
2665,1.5027332938878166,0
2666,1.5027332938878166,0
2667,1.5027332938878166,0
2668,1.5027332938878166,0
2669,1.5027332938878166,0
2670,1.5027332938878166,0
2671,1.5027332938878166,0
2672,1.5027332938878166,0
2673,1.5027332938878166,0
2674,1.5027332938878166,0
2675,1.5027332938878166,0
2676,85.46645547770018,0
2677,85.46645547770018,0
2678,85.46645547770018,0
2679,85.46645547770018,0
2680,85.46645547770018,1
2681,85.46645547770018,0
2682,85.46645547770018,0
2683,85.46645547770018,0
2684,85.46645547770018,0
2685,85.46645547770018,0
2686,85.46645547770018,0
2687,85.46645547770018,0
2688,85.46645547770018,0
2689,85.46645547770018,1
2690,48.379218139134984,0
2691,48.379218139134984,0
2692,48.379218139134984,0
2693,48.379218139134984,0
2694,48.379218139134984,0
2695,48.379218139134984,0
2696,48.379218139134984,0
2697,48.379218139134984,0
2698,48.379218139134984,0
2699,48.379218139134984,0
2700,48.379218139134984,0
2701,48.379218139134984,0
2702,48.379218139134984,0
2703,48.379218139134984,0
2704,48.379218139134984,0
2705,3.7467719986304537,0
2706,3.7467719986304537,0
2707,3.7467719986304537,0
2708,3.7467719986304537,0
2709,3.7467719986304537,0
2710,3.7467719986304537,0
2711,3.7467719986304537,0
2712,3.7467719986304537,0
2713,3.7467719986304537,0
2714,3.7467719986304537,0
2715,3.7467719986304537,0
2716,3.7467719986304537,0
2717,2.409708653450608,0
2718,2.409708653450608,0
2719,2.409708653450608,0
2720,2.409708653450608,0
2721,2.409708653450608,0
2722,2.409708653450608,0
2723,2.409708653450608,0
2724,2.409708653450608,0
2725,2.409708653450608,0
2726,2.409708653450608,0
2727,2.409708653450608,0
2728,2.409708653450608,0
2729,64.27241552117496,0
2730,64.27241552117496,0
2731,64.27241552117496,0
2732,64.27241552117496,0
2733,64.27241552117496,0
2734,64.27241552117496,0
2735,64.27241552117496,0
2736,64.27241552117496,0
2737,64.27241552117496,0
2738,64.27241552117496,0
2739,64.27241552117496,0
2740,38.50753991861171,0
2741,38.50753991861171,0
2742,38.50753991861171,1
2743,38.50753991861171,0
2744,38.50753991861171,0
2745,38.50753991861171,1
2746,38.50753991861171,0
2747,38.50753991861171,0
2748,38.50753991861171,0
2749,38.50753991861171,0
2750,155.45206512385104,0
2751,155.45206512385104,0
2752,155.45206512385104,0
2753,155.45206512385104,0
2754,155.45206512385104,0
2755,155.45206512385104,0
2756,155.45206512385104,0
2757,155.45206512385104,0
2758,155.45206512385104,0
2759,155.45206512385104,0
2760,155.45206512385104,0
2761,155.45206512385104,0
2762,2.1156230921168726,0
2763,2.1156230921168726,0
2764,2.1156230921168726,0
2765,2.1156230921168726,0
2766,2.1156230921168726,1
2767,2.1156230921168726,0
2768,2.338917591516191,0
2769,2.338917591516191,0
2770,2.338917591516191,0
2771,2.338917591516191,0
2772,2.338917591516191,0
2773,2.338917591516191,0
2774,2.338917591516191,0
2775,2.338917591516191,0
2776,2.338917591516191,0
2777,2.338917591516191,0
2778,2.338917591516191,0
2779,2.338917591516191,1
2780,1.3469325423191505,0
2781,1.3469325423191505,0
2782,1.3469325423191505,0
2783,1.3469325423191505,0
2784,1.3469325423191505,0
2785,1.3469325423191505,0
2786,1.3469325423191505,0
2787,1.3469325423191505,0
2788,1.3469325423191505,0
2789,1.3469325423191505,0
2790,29.24472250209053,0
2791,29.24472250209053,0
2792,29.24472250209053,0
2793,29.24472250209053,0
2794,29.24472250209053,0
2795,29.24472250209053,0
2796,29.24472250209053,0
2797,29.24472250209053,0
2798,29.24472250209053,0
2799,29.24472250209053,0
2800,4.1733857864611945,0
2801,4.1733857864611945,0
2802,4.1733857864611945,0
2803,4.1733857864611945,0
2804,4.1733857864611945,0
2805,4.1733857864611945,0
2806,4.1733857864611945,0
2807,4.1733857864611945,0
2808,4.1733857864611945,0
2809,4.1733857864611945,0
2810,4.1733857864611945,0
2811,4.1733857864611945,0
2812,4.1733857864611945,0
2813,4.1733857864611945,0
2814,5.983162445026956,0
2815,5.983162445026956,0
2816,5.983162445026956,0
2817,5.983162445026956,0
2818,5.983162445026956,0
2819,5.983162445026956,1
2820,5.983162445026956,0
2821,5.983162445026956,0
2822,5.983162445026956,0
2823,5.983162445026956,0
2824,5.983162445026956,0
2825,5.983162445026956,0
2826,33.93277890104712,0
2827,33.93277890104712,0
2828,33.93277890104712,0
2829,33.93277890104712,0
2830,33.93277890104712,1
2831,33.93277890104712,0
2832,33.93277890104712,0
2833,33.93277890104712,0
2834,33.93277890104712,0
2835,47.33123264870874,0
2836,47.33123264870874,0
2837,47.33123264870874,1
2838,47.33123264870874,0
2839,47.33123264870874,0
2840,47.33123264870874,0
2841,47.33123264870874,0
2842,47.33123264870874,0
2843,34.393901363687156,1
2844,34.393901363687156,0
2845,34.393901363687156,1
2846,34.393901363687156,0
2847,34.393901363687156,0
2848,34.393901363687156,0
2849,34.393901363687156,0
2850,34.393901363687156,0
2851,34.393901363687156,1
2852,34.393901363687156,1
2853,34.393901363687156,0
2854,34.393901363687156,0
2855,34.393901363687156,0
2856,60.78559376222345,0
2857,60.78559376222345,0
2858,60.78559376222345,0
2859,60.78559376222345,0
2860,60.78559376222345,0
2861,60.78559376222345,0
2862,60.78559376222345,0
2863,60.78559376222345,0
2864,60.78559376222345,0
2865,60.78559376222345,1
2866,60.78559376222345,0
2867,67.61217982616594,0
2868,67.61217982616594,0
2869,67.61217982616594,0
2870,67.61217982616594,0
2871,67.61217982616594,0
2872,67.61217982616594,0
2873,67.61217982616594,0
2874,67.61217982616594,1
2875,67.61217982616594,0
2876,67.61217982616594,0
2877,67.61217982616594,0
2878,67.61217982616594,0
2879,67.61217982616594,0
2880,67.61217982616594,0
2881,54.05574838122615,1
2882,54.05574838122615,0
2883,54.05574838122615,0
2884,54.05574838122615,0
2885,54.05574838122615,0
2886,54.05574838122615,0
2887,54.05574838122615,0
2888,54.05574838122615,0
2889,54.05574838122615,0
2890,54.05574838122615,1
2891,1.727533233260848,1
2892,1.727533233260848,0
2893,1.727533233260848,0
2894,1.727533233260848,0
2895,1.727533233260848,0
2896,1.727533233260848,0
2897,1.727533233260848,1
2898,1.727533233260848,0
2899,1.727533233260848,0
2900,1.727533233260848,0
2901,1.727533233260848,0
2902,1.727533233260848,0
2903,1.727533233260848,0
2904,1.727533233260848,0
2905,1.727533233260848,0
2906,103.10378823495986,0
2907,103.10378823495986,0
2908,103.10378823495986,0
2909,103.10378823495986,0
2910,103.10378823495986,0
2911,103.10378823495986,0
2912,103.10378823495986,0
2913,103.10378823495986,0
2914,103.10378823495986,0
2915,103.10378823495986,0
2916,103.10378823495986,0
2917,103.10378823495986,0
2918,103.10378823495986,0
2919,103.10378823495986,0
2920,103.10378823495986,0
2921,22.306717379454504,0
2922,22.306717379454504,1
2923,22.306717379454504,0
2924,22.306717379454504,0
2925,22.306717379454504,0
2926,22.306717379454504,1
2927,22.306717379454504,0
2928,22.306717379454504,0
2929,22.306717379454504,0
2930,22.306717379454504,0
2931,22.306717379454504,0
2932,22.306717379454504,0
2933,22.306717379454504,0
2934,22.306717379454504,0
2935,22.306717379454504,0
2936,22.306717379454504,0
2937,4.709711868721419,0
2938,4.709711868721419,0
2939,4.709711868721419,0
2940,4.709711868721419,0
2941,4.709711868721419,0
2942,4.709711868721419,0
2943,4.709711868721419,0
2944,4.709711868721419,0
2945,4.709711868721419,0
2946,4.709711868721419,0
2947,4.709711868721419,0
2948,4.709711868721419,0
2949,4.709711868721419,1
2950,0.9475005064992953,0
2951,0.9475005064992953,0
2952,0.9475005064992953,0
2953,0.9475005064992953,0
2954,0.9475005064992953,1
2955,0.9475005064992953,0
2956,0.9475005064992953,0
2957,0.9475005064992953,0
2958,0.9475005064992953,0
2959,0.9475005064992953,0
2960,0.9475005064992953,0
2961,0.9475005064992953,0
2962,18.532356910630213,0
2963,18.532356910630213,0
2964,18.532356910630213,0
2965,18.532356910630213,0
2966,18.532356910630213,0
2967,18.532356910630213,0
2968,18.532356910630213,0
2969,18.532356910630213,0
2970,18.532356910630213,0
2971,18.532356910630213,0
2972,18.532356910630213,0
2973,18.532356910630213,0
2974,18.532356910630213,0
2975,59.8356369925963,0
2976,59.8356369925963,0
2977,59.8356369925963,0
2978,59.8356369925963,1
2979,59.8356369925963,0
2980,59.8356369925963,0
2981,59.8356369925963,0
2982,59.8356369925963,0
2983,1.5404985231402741,1
2984,1.5404985231402741,0
2985,1.5404985231402741,0
2986,1.5404985231402741,0
2987,1.5404985231402741,0
2988,1.5404985231402741,0
2989,1.5404985231402741,1
2990,1.5404985231402741,0
2991,1.5404985231402741,0
2992,7.852422655367831,0
2993,7.852422655367831,0
2994,7.852422655367831,0
2995,7.852422655367831,0
2996,7.852422655367831,0
2997,7.852422655367831,0
2998,7.852422655367831,0
2999,39.390006001360135,0
3000,39.390006001360135,1
3001,39.390006001360135,0
3002,39.390006001360135,0
3003,39.390006001360135,0
3004,39.390006001360135,0
3005,39.390006001360135,0
3006,39.390006001360135,0
3007,39.390006001360135,0
3008,39.390006001360135,0
3009,39.390006001360135,0
3010,39.390006001360135,0
3011,35.63185096744711,0
3012,35.63185096744711,0
3013,35.63185096744711,0
3014,35.63185096744711,0
3015,35.63185096744711,0
3016,35.63185096744711,0
3017,35.63185096744711,0
3018,35.63185096744711,0
3019,35.63185096744711,0
3020,35.63185096744711,0
3021,35.63185096744711,0
3022,33.40058005346203,0
3023,33.40058005346203,0
3024,33.40058005346203,0
3025,33.40058005346203,0
3026,33.40058005346203,1
3027,7.082651369012288,0
3028,7.082651369012288,0
3029,7.082651369012288,0
3030,7.082651369012288,0
3031,7.082651369012288,0
3032,7.082651369012288,0
3033,7.082651369012288,0
3034,7.082651369012288,0
3035,7.082651369012288,0
3036,7.082651369012288,0
3037,7.082651369012288,0
3038,5.712577445287802,0
3039,5.712577445287802,0
3040,5.712577445287802,0
3041,5.712577445287802,0
3042,5.712577445287802,0
3043,5.712577445287802,0
3044,5.712577445287802,0
3045,0.6356771208057782,0
3046,0.6356771208057782,0
3047,0.6356771208057782,0
3048,0.6356771208057782,0
3049,0.6356771208057782,0
3050,0.6356771208057782,0
3051,0.6356771208057782,0
3052,0.6356771208057782,0
3053,0.6356771208057782,0
3054,0.6356771208057782,0
3055,0.6356771208057782,0
3056,0.6356771208057782,0
3057,0.6356771208057782,0
3058,0.6356771208057782,0
3059,30.71899052651069,0
3060,30.71899052651069,0
3061,30.71899052651069,0
3062,30.71899052651069,0
3063,30.71899052651069,0
3064,30.71899052651069,0
3065,30.71899052651069,0
3066,30.71899052651069,0
3067,30.71899052651069,0
3068,30.71899052651069,0
3069,1.1346601606176758,0
3070,1.1346601606176758,0
3071,1.1346601606176758,0
3072,1.1346601606176758,0
3073,1.1346601606176758,0
3074,1.1346601606176758,0
3075,1.1346601606176758,0
3076,1.1346601606176758,0
3077,1.1346601606176758,0
3078,1.1346601606176758,0
3079,2.656264373452355,0
3080,2.656264373452355,0
3081,2.656264373452355,0
3082,2.656264373452355,0
3083,2.656264373452355,0
3084,2.656264373452355,0
3085,2.656264373452355,0
3086,2.656264373452355,0
3087,2.656264373452355,0
3088,2.656264373452355,1
3089,2.656264373452355,0
3090,2.656264373452355,0
3091,42.70967587450657,0
3092,42.70967587450657,0
3093,42.70967587450657,0
3094,42.70967587450657,0
3095,42.70967587450657,0
3096,42.70967587450657,0
3097,42.70967587450657,0
3098,42.70967587450657,0
3099,42.70967587450657,0
3100,42.70967587450657,0
3101,42.70967587450657,0
3102,42.70967587450657,0
3103,13.372345038365902,0
3104,13.372345038365902,0
3105,13.372345038365902,1
3106,13.372345038365902,0
3107,13.372345038365902,0
3108,13.372345038365902,0
3109,13.372345038365902,0
3110,13.372345038365902,0
3111,13.372345038365902,0
3112,13.372345038365902,0
3113,12.360684039071678,0
3114,12.360684039071678,0
3115,12.360684039071678,0
3116,12.360684039071678,0
3117,12.360684039071678,0
3118,12.360684039071678,0
3119,12.360684039071678,0
3120,12.360684039071678,0
3121,12.360684039071678,0
3122,12.360684039071678,0
3123,12.360684039071678,0
3124,12.360684039071678,0
3125,61.53140207396485,0
3126,61.53140207396485,0
3127,61.53140207396485,0
3128,61.53140207396485,0
3129,61.53140207396485,0
3130,61.53140207396485,0
3131,61.53140207396485,0
3132,61.53140207396485,0
3133,61.53140207396485,0
3134,61.53140207396485,0
3135,61.53140207396485,0
3136,61.53140207396485,0
3137,14.110396616675533,0
3138,14.110396616675533,0
3139,14.110396616675533,0
3140,14.110396616675533,0
3141,14.110396616675533,0
3142,14.110396616675533,0
3143,14.110396616675533,0
3144,14.110396616675533,0
3145,14.110396616675533,0
3146,1.7602865502970308,0
3147,1.7602865502970308,0
3148,1.7602865502970308,0
3149,1.7602865502970308,0
3150,1.7602865502970308,0
3151,1.7602865502970308,0
3152,1.7602865502970308,0
3153,1.7602865502970308,0
3154,1.7602865502970308,0
3155,1.7602865502970308,0
3156,1.7602865502970308,0
3157,81.80187693332016,0
3158,81.80187693332016,0
3159,81.80187693332016,0
3160,81.80187693332016,0
3161,81.80187693332016,0
3162,81.80187693332016,0
3163,81.80187693332016,0
3164,81.80187693332016,0
3165,81.80187693332016,0
3166,81.80187693332016,0
3167,81.80187693332016,0
3168,81.80187693332016,0
3169,81.80187693332016,0
3170,28.710861586106613,0
3171,28.710861586106613,0
3172,28.710861586106613,0
3173,28.710861586106613,0
3174,28.710861586106613,0
3175,28.710861586106613,0
3176,28.710861586106613,0
3177,28.710861586106613,1
3178,28.710861586106613,0
3179,28.710861586106613,0
3180,28.710861586106613,0
3181,28.710861586106613,0
3182,28.710861586106613,0
3183,28.710861586106613,0
3184,28.710861586106613,0
3185,81.62884562366585,0
3186,81.62884562366585,0
3187,81.62884562366585,0
3188,81.62884562366585,0
3189,81.62884562366585,0
3190,81.62884562366585,0
3191,81.62884562366585,0
3192,81.62884562366585,0
3193,81.62884562366585,0
3194,81.62884562366585,0
3195,81.62884562366585,0
3196,81.62884562366585,0
3197,81.62884562366585,0
3198,0.5854213725135473,0
3199,0.5854213725135473,0
3200,0.5854213725135473,0
3201,0.5854213725135473,0
3202,0.5854213725135473,0
3203,0.5854213725135473,0
3204,0.5854213725135473,0
3205,0.5854213725135473,0
3206,0.5854213725135473,0
3207,0.5854213725135473,0
3208,0.5854213725135473,1
3209,1.7715945235718709,0
3210,1.7715945235718709,0
3211,1.7715945235718709,0
3212,1.7715945235718709,0
3213,1.7715945235718709,0
3214,1.7715945235718709,0
3215,11.683738963589853,0
3216,11.683738963589853,0
3217,11.683738963589853,0
3218,11.683738963589853,0
3219,11.683738963589853,0
3220,11.683738963589853,0
3221,11.683738963589853,0
3222,11.683738963589853,0
3223,11.683738963589853,0
3224,11.683738963589853,1
3225,11.683738963589853,0
3226,11.683738963589853,0
3227,11.683738963589853,0
3228,11.683738963589853,0
3229,1.3822889147399706,0
3230,1.3822889147399706,0
3231,1.3822889147399706,0
3232,1.3822889147399706,0
3233,1.3822889147399706,0
3234,1.3822889147399706,0
3235,1.3822889147399706,0
3236,1.3822889147399706,0
3237,1.3822889147399706,1
3238,1.3822889147399706,0
3239,3.328778954919442,0
3240,3.328778954919442,0
3241,3.328778954919442,0
3242,3.328778954919442,0
3243,3.328778954919442,0
3244,3.328778954919442,0
3245,3.328778954919442,0
3246,3.328778954919442,0
3247,3.328778954919442,0
3248,3.328778954919442,0
3249,3.328778954919442,0
3250,3.328778954919442,0
3251,3.328778954919442,0
3252,3.328778954919442,0
3253,8.772098643486187,0
3254,8.772098643486187,1
3255,8.772098643486187,0
3256,8.772098643486187,0
3257,8.772098643486187,0
3258,8.772098643486187,0
3259,8.772098643486187,0
3260,8.772098643486187,0
3261,8.772098643486187,0
3262,8.772098643486187,0
3263,8.772098643486187,0
3264,8.772098643486187,0
3265,8.772098643486187,0
3266,8.772098643486187,0
3267,8.772098643486187,0
3268,10.957645588540224,0
3269,10.957645588540224,0
3270,10.957645588540224,0
3271,10.957645588540224,0
3272,10.957645588540224,0
3273,10.957645588540224,0
3274,10.957645588540224,0
3275,10.957645588540224,0
3276,10.957645588540224,0
3277,10.957645588540224,0
3278,117.5244224301781,0
3279,117.5244224301781,0
3280,117.5244224301781,0
3281,117.5244224301781,0
3282,117.5244224301781,0
3283,117.5244224301781,0
3284,117.5244224301781,0
3285,117.5244224301781,0
3286,117.5244224301781,0
3287,117.5244224301781,0
3288,117.5244224301781,0
3289,117.5244224301781,1
3290,32.714049048783124,0
3291,32.714049048783124,0
3292,32.714049048783124,0
3293,32.714049048783124,0
3294,32.714049048783124,0
3295,32.714049048783124,0
3296,32.714049048783124,0
3297,32.714049048783124,0
3298,32.714049048783124,0
3299,32.714049048783124,0
3300,3.6214048165663493,0
3301,3.6214048165663493,0
3302,3.6214048165663493,0
3303,3.6214048165663493,0
3304,3.6214048165663493,0
3305,3.6214048165663493,0
3306,3.6214048165663493,0
3307,3.6214048165663493,0
3308,3.6214048165663493,0
3309,3.6214048165663493,0
3310,3.6214048165663493,0
3311,3.6214048165663493,0
3312,43.36368387022526,0
3313,43.36368387022526,0
3314,43.36368387022526,0
3315,43.36368387022526,0
3316,43.36368387022526,0
3317,43.36368387022526,0
3318,43.36368387022526,0
3319,43.36368387022526,0
3320,43.36368387022526,1
3321,43.36368387022526,0
3322,1.0086234957568243,0
3323,1.0086234957568243,0
3324,1.0086234957568243,1
3325,1.0086234957568243,1
3326,1.0086234957568243,0
3327,1.0086234957568243,0
3328,1.0086234957568243,1
3329,1.0086234957568243,1
3330,1.0086234957568243,1
3331,1.0086234957568243,0
3332,1.0086234957568243,1
3333,1.0086234957568243,0
3334,7.106230453498302,0
3335,7.106230453498302,0
3336,7.106230453498302,0
3337,7.106230453498302,0
3338,7.106230453498302,0
3339,7.106230453498302,0
3340,7.106230453498302,0
3341,7.106230453498302,0
3342,7.106230453498302,0
3343,7.106230453498302,0
3344,7.106230453498302,0
3345,7.106230453498302,0
3346,67.12106588092085,0
3347,67.12106588092085,0
3348,67.12106588092085,0
3349,67.12106588092085,0
3350,67.12106588092085,0
3351,67.12106588092085,0
3352,67.12106588092085,0
3353,67.12106588092085,0
3354,67.12106588092085,0
3355,67.12106588092085,0
3356,67.12106588092085,0
3357,67.12106588092085,0
3358,67.12106588092085,0
3359,4.1176290278886105,0
3360,4.1176290278886105,0
3361,4.1176290278886105,0
3362,4.1176290278886105,0
3363,4.1176290278886105,0
3364,4.1176290278886105,0
3365,4.1176290278886105,0
3366,4.1176290278886105,0
3367,3.378504389835268,0
3368,3.378504389835268,0
3369,3.378504389835268,0
3370,3.378504389835268,0
3371,3.378504389835268,0
3372,3.378504389835268,0
3373,3.378504389835268,0
3374,3.378504389835268,0
3375,3.378504389835268,0
3376,9.643789277561254,1
3377,9.643789277561254,0
3378,9.643789277561254,0
3379,9.643789277561254,0
3380,9.643789277561254,0
3381,9.643789277561254,0
3382,9.643789277561254,0
3383,9.643789277561254,1
3384,9.643789277561254,0
3385,9.643789277561254,1
3386,9.643789277561254,0
3387,6.594240001625816,0
3388,6.594240001625816,0
3389,6.594240001625816,0
3390,6.594240001625816,0
3391,6.594240001625816,0
3392,6.594240001625816,0
3393,6.594240001625816,0
3394,6.594240001625816,0
3395,6.594240001625816,0
3396,6.594240001625816,0
3397,6.594240001625816,0
3398,1.0599504210914483,0
3399,1.0599504210914483,0
3400,1.0599504210914483,0
3401,1.0599504210914483,0
3402,1.0599504210914483,0
3403,1.0599504210914483,0
3404,1.0599504210914483,0
3405,1.0599504210914483,0
3406,1.0599504210914483,0
3407,1.0599504210914483,0
3408,1.0599504210914483,0
3409,59.879683767916426,0
3410,59.879683767916426,0
3411,59.879683767916426,0
3412,59.879683767916426,0
3413,59.879683767916426,0
3414,59.879683767916426,0
3415,59.879683767916426,0
3416,59.879683767916426,0
3417,21.087782798305703,0
3418,21.087782798305703,0
3419,21.087782798305703,0
3420,21.087782798305703,0
3421,21.087782798305703,0
3422,21.087782798305703,0
3423,21.087782798305703,0
3424,21.087782798305703,0
3425,21.087782798305703,0
3426,21.087782798305703,0
3427,21.087782798305703,0
3428,21.087782798305703,0
3429,17.49785476242247,0
3430,17.49785476242247,0
3431,17.49785476242247,1
3432,17.49785476242247,0
3433,17.49785476242247,0
3434,17.49785476242247,0
3435,17.49785476242247,0
3436,164.71511847037422,0
3437,164.71511847037422,0
3438,164.71511847037422,0
3439,164.71511847037422,0
3440,164.71511847037422,0
3441,164.71511847037422,0
3442,164.71511847037422,0
3443,164.71511847037422,0
3444,164.71511847037422,0
3445,164.71511847037422,0
3446,164.71511847037422,0
3447,164.71511847037422,0
3448,64.3362014333394,0
3449,64.3362014333394,0
3450,64.3362014333394,0
3451,64.3362014333394,0
3452,64.3362014333394,0
3453,64.3362014333394,1
3454,64.3362014333394,0
3455,64.3362014333394,0
3456,64.3362014333394,0
3457,64.3362014333394,0
3458,64.3362014333394,0
3459,64.3362014333394,0
3460,3.309466940754424,0
3461,3.309466940754424,0
3462,3.309466940754424,0
3463,3.309466940754424,0
3464,3.309466940754424,0
3465,3.309466940754424,0
3466,3.309466940754424,0
3467,3.309466940754424,0
3468,3.309466940754424,0
3469,3.309466940754424,0
3470,16.000555071678335,0
3471,16.000555071678335,0
3472,16.000555071678335,0
3473,16.000555071678335,1
3474,16.000555071678335,0
3475,16.000555071678335,0
3476,16.000555071678335,0
3477,16.000555071678335,0
3478,16.000555071678335,0
3479,16.000555071678335,0
3480,16.000555071678335,0
3481,3.2623046559541287,0
3482,3.2623046559541287,0
3483,3.2623046559541287,0
3484,3.2623046559541287,0
3485,3.2623046559541287,0
3486,3.2623046559541287,0
3487,3.2623046559541287,0
3488,3.2623046559541287,0
3489,3.2623046559541287,0
3490,3.2623046559541287,0
3491,3.2623046559541287,0
3492,20.22836199115036,0
3493,20.22836199115036,0
3494,20.22836199115036,0
3495,20.22836199115036,0
3496,20.22836199115036,0
3497,20.22836199115036,0
3498,20.22836199115036,0
3499,20.22836199115036,0
3500,20.22836199115036,0
3501,20.22836199115036,0
3502,5.299731849108349,0
3503,5.299731849108349,0
3504,5.299731849108349,0
3505,5.299731849108349,0
3506,5.299731849108349,0
3507,5.299731849108349,0
3508,5.299731849108349,0
3509,5.299731849108349,1
3510,5.299731849108349,0
3511,5.299731849108349,0
3512,77.13316651228321,0
3513,77.13316651228321,0
3514,77.13316651228321,0
3515,77.13316651228321,0
3516,77.13316651228321,0
3517,77.13316651228321,0
3518,77.13316651228321,0
3519,77.13316651228321,0
3520,77.13316651228321,0
3521,77.13316651228321,0
3522,27.52031470294538,0
3523,27.52031470294538,0
3524,27.52031470294538,1
3525,27.52031470294538,1
3526,27.52031470294538,0
3527,27.52031470294538,0
3528,27.52031470294538,1
3529,27.52031470294538,0
3530,27.52031470294538,0
3531,27.52031470294538,0
3532,27.52031470294538,0
3533,27.52031470294538,0
3534,27.52031470294538,0
3535,27.52031470294538,0
3536,1.6781588906444416,0
3537,1.6781588906444416,0
3538,1.6781588906444416,0
3539,1.6781588906444416,0
3540,1.6781588906444416,0
3541,1.6781588906444416,0
3542,1.6781588906444416,0
3543,1.7843040877111578,0
3544,1.7843040877111578,0
3545,1.7843040877111578,0
3546,1.7843040877111578,0
3547,1.7843040877111578,0
3548,1.7843040877111578,0
3549,1.7843040877111578,0
3550,1.5495346956258347,0
3551,1.5495346956258347,0
3552,1.5495346956258347,0
3553,1.5495346956258347,0
3554,1.5495346956258347,0
3555,1.5495346956258347,0
3556,1.5495346956258347,0
3557,1.4601072021601857,1
3558,1.4601072021601857,0
3559,1.4601072021601857,1
3560,1.4601072021601857,0
3561,1.4601072021601857,0
3562,1.4601072021601857,0
3563,1.4601072021601857,1
3564,1.4601072021601857,0
3565,1.4601072021601857,0
3566,1.4601072021601857,0
3567,1.4601072021601857,0
3568,1.4601072021601857,0
3569,1.4601072021601857,0
3570,1.4601072021601857,0
3571,1.2921165143699336,0
3572,1.2921165143699336,0
3573,1.2921165143699336,0
3574,1.2921165143699336,0
3575,1.2921165143699336,0
3576,1.2921165143699336,0
3577,1.2921165143699336,0
3578,1.2921165143699336,0
3579,1.2921165143699336,0
3580,1.2921165143699336,0
3581,1.2921165143699336,0
3582,1.2921165143699336,0
3583,1.2921165143699336,0
3584,68.70292613448292,0
3585,68.70292613448292,0
3586,68.70292613448292,0
3587,68.70292613448292,0
3588,68.70292613448292,0
3589,68.70292613448292,0
3590,68.70292613448292,0
3591,68.70292613448292,0
3592,68.70292613448292,0
3593,68.70292613448292,0
3594,68.70292613448292,0
3595,68.70292613448292,0
3596,6.1442944611734935,0
3597,6.1442944611734935,0
3598,6.1442944611734935,0
3599,6.1442944611734935,0
3600,6.1442944611734935,0
3601,6.1442944611734935,0
3602,6.1442944611734935,0
3603,6.1442944611734935,0
3604,6.1442944611734935,0
3605,6.1442944611734935,0
3606,6.1442944611734935,0
3607,6.1442944611734935,0
3608,1.9454247213534657,0
3609,1.9454247213534657,0
3610,1.9454247213534657,0
3611,1.9454247213534657,0
3612,1.9454247213534657,0
3613,1.9454247213534657,0
3614,1.9454247213534657,0
3615,1.9454247213534657,0
3616,1.9454247213534657,0
3617,1.9454247213534657,0
3618,1.9454247213534657,0
3619,4.2094607155488655,0
3620,4.2094607155488655,0
3621,4.2094607155488655,0
3622,4.2094607155488655,0
3623,4.2094607155488655,0
3624,4.2094607155488655,0
3625,4.2094607155488655,0
3626,4.2094607155488655,0
3627,4.2094607155488655,0
3628,4.2094607155488655,0
3629,4.2094607155488655,0
3630,4.2094607155488655,0
3631,4.2094607155488655,0
3632,22.83065286891353,0
3633,22.83065286891353,0
3634,22.83065286891353,1
3635,22.83065286891353,0
3636,22.83065286891353,0
3637,22.83065286891353,0
3638,22.83065286891353,0
3639,22.83065286891353,0
3640,22.83065286891353,0
3641,22.83065286891353,0
3642,22.83065286891353,0
3643,22.83065286891353,0
3644,22.83065286891353,1
3645,30.033725957535804,0
3646,30.033725957535804,0
3647,30.033725957535804,0
3648,112.56707158523142,0
3649,112.56707158523142,0
3650,112.56707158523142,0
3651,112.56707158523142,0
3652,112.56707158523142,0
3653,112.56707158523142,0
3654,112.56707158523142,0
3655,112.56707158523142,0
3656,112.56707158523142,0
3657,112.56707158523142,0
3658,112.56707158523142,0
3659,27.903452712263867,0
3660,27.903452712263867,1
3661,27.903452712263867,0
3662,27.903452712263867,0
3663,27.903452712263867,0
3664,27.903452712263867,0
3665,27.903452712263867,0
3666,27.903452712263867,1
3667,27.903452712263867,0
3668,27.903452712263867,0
3669,2.27889147194001,0
3670,2.27889147194001,0
3671,2.27889147194001,0
3672,2.27889147194001,0
3673,2.27889147194001,0
3674,2.27889147194001,0
3675,2.27889147194001,0
3676,2.27889147194001,0
3677,2.27889147194001,0
3678,2.27889147194001,0
3679,2.27889147194001,0
3680,2.27889147194001,0
3681,57.608623205867666,0
3682,57.608623205867666,0
3683,57.608623205867666,0
3684,57.608623205867666,0
3685,57.608623205867666,0
3686,57.608623205867666,0
3687,57.608623205867666,0
3688,57.608623205867666,0
3689,57.608623205867666,0
3690,57.608623205867666,0
3691,11.534591075752418,0
3692,11.534591075752418,0
3693,11.534591075752418,0
3694,11.534591075752418,0
3695,11.534591075752418,0
3696,11.534591075752418,0
3697,11.534591075752418,0
3698,11.534591075752418,0
3699,11.534591075752418,0
3700,11.534591075752418,0
3701,11.534591075752418,0
3702,11.534591075752418,0
3703,40.443368100624106,0
3704,40.443368100624106,0
3705,40.443368100624106,0
3706,40.443368100624106,0
3707,40.443368100624106,1
3708,40.443368100624106,0
3709,40.443368100624106,0
3710,40.443368100624106,0
3711,40.443368100624106,0
3712,40.443368100624106,0
3713,40.443368100624106,0
3714,40.443368100624106,0
3715,8.066281900015591,1
3716,8.066281900015591,0
3717,8.066281900015591,0
3718,8.066281900015591,0
3719,8.066281900015591,0
3720,8.066281900015591,0
3721,8.066281900015591,0
3722,8.066281900015591,1
3723,45.185612857826754,0
3724,45.185612857826754,0
3725,45.185612857826754,0
3726,45.185612857826754,0
3727,45.185612857826754,0
3728,45.185612857826754,0
3729,26.00704090674426,0
3730,26.00704090674426,0
3731,26.00704090674426,0
3732,26.00704090674426,0
3733,26.00704090674426,0
3734,26.00704090674426,0
3735,26.00704090674426,0
3736,26.00704090674426,0
3737,26.00704090674426,0
3738,26.00704090674426,0
3739,26.00704090674426,0
3740,26.00704090674426,0
3741,26.00704090674426,0
3742,26.00704090674426,0
3743,1.1801314898814719,0
3744,1.1801314898814719,0
3745,1.1801314898814719,0
3746,1.1801314898814719,0
3747,1.1801314898814719,0
3748,1.1801314898814719,0
3749,1.1801314898814719,0
3750,1.1801314898814719,0
3751,1.1801314898814719,0
3752,1.1801314898814719,0
3753,1.1801314898814719,0
3754,1.1801314898814719,0
3755,1.1801314898814719,0
3756,29.07160391833291,0
3757,29.07160391833291,0
3758,29.07160391833291,0
3759,29.07160391833291,0
3760,29.07160391833291,0
3761,29.07160391833291,0
3762,29.07160391833291,0
3763,29.07160391833291,0
3764,29.07160391833291,0
3765,29.07160391833291,0
3766,29.07160391833291,0
3767,29.07160391833291,1
3768,29.07160391833291,0
3769,0.9312769524770923,1
3770,0.9312769524770923,0
3771,0.9312769524770923,0
3772,0.9312769524770923,0
3773,0.9312769524770923,0
3774,0.9312769524770923,0
3775,0.9312769524770923,0
3776,0.9312769524770923,0
3777,0.9312769524770923,0
3778,0.9312769524770923,0
3779,0.9312769524770923,0
3780,2.9115731860215344,0
3781,2.9115731860215344,0
3782,2.9115731860215344,1
3783,2.9115731860215344,1
3784,2.9115731860215344,0
3785,2.9115731860215344,0
3786,2.9115731860215344,0
3787,2.9115731860215344,0
3788,2.9115731860215344,0
3789,2.44723061654712,0
3790,2.44723061654712,0
3791,2.44723061654712,0
3792,2.44723061654712,0
3793,2.44723061654712,0
3794,2.44723061654712,0
3795,2.44723061654712,0
3796,2.44723061654712,0
3797,2.44723061654712,0
3798,2.44723061654712,0
3799,2.44723061654712,0
3800,31.370313233360662,0
3801,31.370313233360662,0
3802,31.370313233360662,0
3803,31.370313233360662,0
3804,31.370313233360662,0
3805,31.370313233360662,0
3806,31.370313233360662,0
3807,31.370313233360662,0
3808,31.370313233360662,0
3809,31.370313233360662,0
3810,31.370313233360662,0
3811,31.370313233360662,0
3812,31.370313233360662,1
3813,23.357821734287143,0
3814,23.357821734287143,1
3815,23.357821734287143,1
3816,23.357821734287143,0
3817,23.357821734287143,0
3818,23.357821734287143,1
3819,23.357821734287143,0
3820,23.357821734287143,0
3821,23.357821734287143,0
3822,23.357821734287143,1
3823,23.357821734287143,1
3824,41.30007906257235,0
3825,41.30007906257235,0
3826,41.30007906257235,1
3827,41.30007906257235,0
3828,41.30007906257235,0
3829,41.30007906257235,0
3830,41.30007906257235,0
3831,41.30007906257235,0
3832,41.30007906257235,0
3833,41.30007906257235,0
3834,41.30007906257235,0
3835,3.9839406979190417,0
3836,3.9839406979190417,0
3837,3.9839406979190417,0
3838,3.9839406979190417,0
3839,3.9839406979190417,0
3840,3.9839406979190417,0
3841,3.9839406979190417,0
3842,3.9839406979190417,0
3843,3.9839406979190417,0
3844,3.9839406979190417,0
3845,17.197294330290656,0
3846,17.197294330290656,0
3847,17.197294330290656,0
3848,17.197294330290656,0
3849,17.197294330290656,0
3850,17.197294330290656,0
3851,17.197294330290656,0
3852,17.197294330290656,0
3853,17.197294330290656,0
3854,17.197294330290656,0
3855,17.197294330290656,0
3856,17.197294330290656,0
3857,17.197294330290656,0
3858,17.197294330290656,0
3859,30.74726870457752,0
3860,30.74726870457752,0
3861,30.74726870457752,1
3862,30.74726870457752,0
3863,30.74726870457752,0
3864,30.74726870457752,0
3865,30.74726870457752,0
3866,30.74726870457752,0
3867,30.74726870457752,0
3868,30.74726870457752,1
3869,30.74726870457752,0
3870,53.212541382383684,0
3871,53.212541382383684,0
3872,53.212541382383684,0
3873,53.212541382383684,0
3874,53.212541382383684,0
3875,53.212541382383684,0
3876,53.212541382383684,0
3877,53.212541382383684,0
3878,53.212541382383684,0
3879,13.221459405962952,0
3880,13.221459405962952,0
3881,13.221459405962952,0
3882,13.221459405962952,0
3883,13.221459405962952,0
3884,13.221459405962952,0
3885,13.221459405962952,0
3886,13.221459405962952,0
3887,13.221459405962952,0
3888,13.221459405962952,0
3889,13.221459405962952,0
3890,13.221459405962952,0
3891,1.3699879491409137,0
3892,1.3699879491409137,0
3893,1.3699879491409137,0
3894,1.3699879491409137,1
3895,1.3699879491409137,0
3896,1.3699879491409137,0
3897,1.3699879491409137,0
3898,1.3699879491409137,0
3899,1.3699879491409137,0
3900,1.3699879491409137,0
3901,1.3699879491409137,0
3902,1.3699879491409137,0
3903,3.8000949385959,0
3904,3.8000949385959,0
3905,3.8000949385959,0
3906,3.8000949385959,0
3907,3.8000949385959,0
3908,3.8000949385959,0
3909,3.8000949385959,0
3910,3.8000949385959,0
3911,3.8000949385959,0
3912,43.23552753347178,0
3913,43.23552753347178,0
3914,43.23552753347178,0
3915,43.23552753347178,0
3916,43.23552753347178,0
3917,43.23552753347178,0
3918,43.23552753347178,0
3919,43.23552753347178,0
3920,43.23552753347178,0
3921,2.0879831369686217,0
3922,2.0879831369686217,0
3923,2.0879831369686217,1
3924,2.0879831369686217,0
3925,2.0879831369686217,0
3926,2.0879831369686217,0
3927,2.0879831369686217,0
3928,2.0879831369686217,0
3929,2.0879831369686217,0
3930,2.0879831369686217,0
3931,2.0879831369686217,0
3932,196.74613894667328,0
3933,196.74613894667328,0
3934,196.74613894667328,1
3935,196.74613894667328,0
3936,196.74613894667328,0
3937,196.74613894667328,1
3938,196.74613894667328,0
3939,196.74613894667328,0
3940,196.74613894667328,0
3941,2.0233230518914396,0
3942,2.0233230518914396,0
3943,2.0233230518914396,0
3944,2.0233230518914396,0
3945,2.0233230518914396,0
3946,2.0233230518914396,0
3947,2.0233230518914396,0
3948,25.49434459499525,0
3949,25.49434459499525,0
3950,25.49434459499525,0
3951,25.49434459499525,1
3952,25.49434459499525,0
3953,25.49434459499525,1
3954,25.49434459499525,0
3955,25.49434459499525,0
3956,3.485705945738842,0
3957,3.485705945738842,0
3958,3.485705945738842,0
3959,3.485705945738842,0
3960,3.485705945738842,0
3961,3.485705945738842,0
3962,3.485705945738842,0
3963,3.485705945738842,0
3964,3.485705945738842,0
3965,3.485705945738842,0
3966,3.485705945738842,0
3967,3.7927260764291684,0
3968,3.7927260764291684,0
3969,3.7927260764291684,0
3970,3.7927260764291684,0
3971,3.7927260764291684,0
3972,3.7927260764291684,0
3973,3.7927260764291684,0
3974,3.7927260764291684,0
3975,3.7927260764291684,0
3976,3.7927260764291684,0
3977,3.7927260764291684,0
3978,3.7927260764291684,0
3979,3.7927260764291684,0
3980,141.40292117269897,0
3981,141.40292117269897,0
3982,141.40292117269897,0
3983,141.40292117269897,0
3984,141.40292117269897,0
3985,141.40292117269897,0
3986,141.40292117269897,0
3987,141.40292117269897,0
3988,1.5690677707357326,0
3989,1.5690677707357326,0
3990,1.5690677707357326,0
3991,1.5690677707357326,0
3992,1.5690677707357326,0
3993,1.5690677707357326,0
3994,1.5690677707357326,0
3995,1.5690677707357326,1
3996,1.5690677707357326,0
3997,1.5690677707357326,0
3998,12.67061074003976,0
3999,12.67061074003976,0
4000,12.67061074003976,0
4001,12.67061074003976,0
4002,12.67061074003976,0
4003,12.67061074003976,0
4004,12.67061074003976,0
4005,12.67061074003976,0
4006,12.67061074003976,0
4007,12.67061074003976,1
4008,12.67061074003976,0
4009,30.104826290602535,0
4010,30.104826290602535,0
4011,30.104826290602535,0
4012,30.104826290602535,0
4013,30.104826290602535,0
4014,30.104826290602535,0
4015,30.104826290602535,0
4016,30.104826290602535,0
4017,30.104826290602535,0
4018,30.104826290602535,0
4019,30.104826290602535,0
4020,30.104826290602535,0
4021,30.104826290602535,0
4022,9.858696792179462,0
4023,9.858696792179462,0
4024,9.858696792179462,0
4025,9.858696792179462,0
4026,9.858696792179462,0
4027,9.858696792179462,0
4028,9.858696792179462,0
4029,9.858696792179462,0
4030,53.68597500032638,0
4031,53.68597500032638,0
4032,53.68597500032638,0
4033,53.68597500032638,0
4034,53.68597500032638,0
4035,53.68597500032638,0
4036,53.68597500032638,0
4037,53.68597500032638,0
4038,53.68597500032638,0
4039,53.68597500032638,0
4040,53.68597500032638,0
4041,0.8084959909394577,0
4042,0.8084959909394577,0
4043,0.8084959909394577,0
4044,0.8084959909394577,0
4045,0.8084959909394577,0
4046,0.8084959909394577,0
4047,0.8084959909394577,1
4048,0.8084959909394577,0
4049,0.8084959909394577,0
4050,0.8084959909394577,0
4051,0.8084959909394577,0
4052,0.8084959909394577,0
4053,0.8084959909394577,0
4054,35.94112456803679,0
4055,35.94112456803679,0
4056,35.94112456803679,0
4057,35.94112456803679,0
4058,35.94112456803679,0
4059,35.94112456803679,0
4060,35.94112456803679,0
4061,35.94112456803679,0
4062,35.94112456803679,0
4063,35.94112456803679,0
4064,35.94112456803679,0
4065,35.94112456803679,0
4066,11.221657174445216,1
4067,11.221657174445216,1
4068,11.221657174445216,0
4069,11.221657174445216,0
4070,11.221657174445216,0
4071,11.221657174445216,0
4072,11.221657174445216,0
4073,11.221657174445216,0
4074,11.221657174445216,0
4075,11.221657174445216,0
4076,11.221657174445216,0
4077,11.221657174445216,0
4078,18.44113417632734,0
4079,18.44113417632734,0
4080,18.44113417632734,0
4081,18.44113417632734,0
4082,18.44113417632734,0
4083,18.44113417632734,0
4084,18.44113417632734,0
4085,18.44113417632734,0
4086,18.44113417632734,0
4087,18.44113417632734,0
4088,18.44113417632734,0
4089,18.44113417632734,0
4090,18.44113417632734,0
4091,18.44113417632734,0
4092,18.44113417632734,0
4093,18.44113417632734,0
4094,18.44113417632734,0
4095,1.1635326409335878,0
4096,1.1635326409335878,0
4097,1.1635326409335878,0
4098,1.1635326409335878,0
4099,1.1635326409335878,0
4100,1.1635326409335878,0
4101,1.1635326409335878,0
4102,1.1635326409335878,0
4103,1.1635326409335878,0
4104,1.1635326409335878,0
4105,156.8033794240996,0
4106,156.8033794240996,0
4107,156.8033794240996,0
4108,156.8033794240996,0
4109,156.8033794240996,0
4110,156.8033794240996,0
4111,156.8033794240996,0
4112,156.8033794240996,0
4113,156.8033794240996,0
4114,156.8033794240996,0
4115,44.46281567206114,0
4116,44.46281567206114,0
4117,44.46281567206114,0
4118,44.46281567206114,0
4119,44.46281567206114,0
4120,44.46281567206114,0
4121,44.46281567206114,0
4122,44.46281567206114,0
4123,44.46281567206114,0
4124,44.46281567206114,0
4125,44.46281567206114,0
4126,44.46281567206114,1
4127,44.46281567206114,0
4128,44.46281567206114,0
4129,1.9781044266401209,0
4130,1.9781044266401209,0
4131,1.9781044266401209,0
4132,1.9781044266401209,0
4133,1.9781044266401209,0
4134,1.9781044266401209,0
4135,1.9781044266401209,0
4136,1.9781044266401209,0
4137,1.9781044266401209,0
4138,1.9781044266401209,0
4139,1.9781044266401209,0
4140,27.89833126860518,0
4141,27.89833126860518,0
4142,27.89833126860518,0
4143,27.89833126860518,0
4144,27.89833126860518,0
4145,27.89833126860518,1
4146,27.89833126860518,0
4147,27.89833126860518,0
4148,27.89833126860518,0
4149,27.89833126860518,0
4150,55.764825429163984,0
4151,55.764825429163984,0
4152,55.764825429163984,0
4153,55.764825429163984,0
4154,55.764825429163984,0
4155,55.764825429163984,0
4156,55.764825429163984,0
4157,55.764825429163984,0
4158,55.764825429163984,0
4159,55.764825429163984,0
4160,55.764825429163984,0
4161,55.764825429163984,0
4162,55.764825429163984,0
4163,75.41635343225174,0
4164,75.41635343225174,0
4165,75.41635343225174,1
4166,75.41635343225174,0
4167,75.41635343225174,0
4168,75.41635343225174,0
4169,75.41635343225174,0
4170,75.41635343225174,0
4171,75.41635343225174,0
4172,75.41635343225174,0
4173,75.41635343225174,0
4174,75.41635343225174,0
4175,52.646686318699544,0
4176,52.646686318699544,0
4177,52.646686318699544,0
4178,52.646686318699544,0
4179,52.646686318699544,0
4180,52.646686318699544,0
4181,52.646686318699544,0
4182,1.685051714217224,0
4183,1.685051714217224,0
4184,1.685051714217224,1
4185,1.685051714217224,0
4186,1.685051714217224,0
4187,1.685051714217224,0
4188,1.685051714217224,0
4189,1.685051714217224,0
4190,1.685051714217224,0
4191,1.685051714217224,0
4192,1.685051714217224,0
4193,1.685051714217224,0
4194,24.62545783785119,0
4195,24.62545783785119,0
4196,24.62545783785119,0
4197,24.62545783785119,0
4198,24.62545783785119,0
4199,24.62545783785119,0
4200,24.62545783785119,0
4201,24.62545783785119,0
4202,24.62545783785119,0
4203,24.62545783785119,0
4204,24.62545783785119,0
4205,24.62545783785119,0
4206,37.82755274041855,0
4207,37.82755274041855,0
4208,37.82755274041855,0
4209,37.82755274041855,0
4210,37.82755274041855,0
4211,37.82755274041855,0
4212,37.82755274041855,1
4213,37.82755274041855,0
4214,37.82755274041855,0
4215,37.82755274041855,0
4216,12.803719728239017,0
4217,12.803719728239017,1
4218,12.803719728239017,0
4219,12.803719728239017,0
4220,12.803719728239017,0
4221,12.803719728239017,0
4222,12.803719728239017,0
4223,12.803719728239017,0
4224,12.803719728239017,0
4225,12.803719728239017,0
4226,12.803719728239017,0
4227,5.776292412972031,0
4228,5.776292412972031,0
4229,5.776292412972031,0
4230,5.776292412972031,0
4231,5.776292412972031,0
4232,5.776292412972031,0
4233,5.776292412972031,0
4234,5.776292412972031,0
4235,1.9203658268280075,1
4236,1.9203658268280075,0
4237,1.9203658268280075,0
4238,1.9203658268280075,0
4239,1.9203658268280075,0
4240,1.9203658268280075,0
4241,1.9203658268280075,0
4242,1.9203658268280075,0
4243,1.9203658268280075,0
4244,1.9203658268280075,0
4245,1.9203658268280075,0
4246,1.9203658268280075,0
4247,1.9203658268280075,0
4248,24.596066539494274,0
4249,24.596066539494274,0
4250,24.596066539494274,0
4251,24.596066539494274,0
4252,24.596066539494274,0
4253,24.596066539494274,0
4254,24.596066539494274,0
4255,24.596066539494274,0
4256,24.596066539494274,0
4257,24.596066539494274,0
4258,0.8219651447055523,1
4259,0.8219651447055523,0
4260,0.8219651447055523,0
4261,0.8219651447055523,0
4262,0.8219651447055523,0
4263,0.8219651447055523,0
4264,0.8219651447055523,0
4265,0.8219651447055523,0
4266,0.8219651447055523,0
4267,105.34892220203405,0
4268,105.34892220203405,0
4269,105.34892220203405,0
4270,105.34892220203405,0
4271,105.34892220203405,0
4272,105.34892220203405,0
4273,105.34892220203405,0
4274,105.34892220203405,0
4275,105.34892220203405,0
4276,133.3267896966632,0
4277,133.3267896966632,0
4278,133.3267896966632,0
4279,133.3267896966632,0
4280,133.3267896966632,0
4281,133.3267896966632,0
4282,133.3267896966632,0
4283,133.3267896966632,0
4284,133.3267896966632,0
4285,133.3267896966632,0
4286,133.3267896966632,0
4287,133.3267896966632,0
4288,1.0735439723956444,0
4289,1.0735439723956444,1
4290,1.0735439723956444,0
4291,1.0735439723956444,0
4292,1.0735439723956444,0
4293,1.0735439723956444,0
4294,1.0735439723956444,0
4295,1.0735439723956444,1
4296,1.0735439723956444,0
4297,1.0735439723956444,0
4298,1.0735439723956444,0
4299,16.57686338660647,0
4300,16.57686338660647,0
4301,16.57686338660647,0
4302,16.57686338660647,0
4303,16.57686338660647,0
4304,16.57686338660647,1
4305,16.57686338660647,0
4306,16.57686338660647,1
4307,16.57686338660647,0
4308,16.57686338660647,0
4309,16.57686338660647,0
4310,16.57686338660647,0
4311,52.37998703226782,0
4312,52.37998703226782,0
4313,52.37998703226782,0
4314,52.37998703226782,0
4315,52.37998703226782,0
4316,52.37998703226782,0
4317,52.37998703226782,0
4318,52.37998703226782,0
4319,52.37998703226782,1
4320,52.37998703226782,0
4321,52.37998703226782,0
4322,52.37998703226782,0
4323,52.37998703226782,0
4324,131.3642133275915,0
4325,131.3642133275915,0
4326,131.3642133275915,0
4327,131.3642133275915,0
4328,131.3642133275915,0
4329,131.3642133275915,0
4330,131.3642133275915,0
4331,131.3642133275915,0
4332,131.3642133275915,0
4333,131.3642133275915,0
4334,131.3642133275915,0
4335,26.591284706105917,0
4336,26.591284706105917,0
4337,26.591284706105917,0
4338,26.591284706105917,0
4339,26.591284706105917,0
4340,26.591284706105917,0
4341,26.591284706105917,1
4342,26.591284706105917,0
4343,26.591284706105917,0
4344,26.591284706105917,0
4345,26.591284706105917,0
4346,26.591284706105917,0
4347,26.591284706105917,0
4348,83.17687477503584,0
4349,83.17687477503584,0
4350,83.17687477503584,0
4351,83.17687477503584,0
4352,83.17687477503584,0
4353,83.17687477503584,0
4354,83.17687477503584,0
4355,83.17687477503584,0
4356,83.17687477503584,0
4357,83.17687477503584,0
4358,83.17687477503584,0
4359,83.17687477503584,0
4360,35.84188716837392,0
4361,35.84188716837392,0
4362,35.84188716837392,0
4363,35.84188716837392,0
4364,35.84188716837392,0
4365,35.84188716837392,0
4366,35.84188716837392,0
4367,35.84188716837392,0
4368,35.84188716837392,0
4369,35.84188716837392,0
4370,1.3826413038292154,0
4371,1.3826413038292154,0
4372,1.3826413038292154,0
4373,1.3826413038292154,0
4374,1.3826413038292154,0
4375,1.3826413038292154,0
4376,1.3826413038292154,0
4377,1.3826413038292154,0
4378,1.3826413038292154,0
4379,1.3826413038292154,0
4380,1.3826413038292154,0
4381,1.8247614988784324,0
4382,1.8247614988784324,0
4383,1.8247614988784324,0
4384,1.8247614988784324,0
4385,1.8247614988784324,0
4386,1.8247614988784324,0
4387,1.8247614988784324,0
4388,1.8247614988784324,0
4389,1.8930638838382041,0
4390,1.8930638838382041,1
4391,1.8930638838382041,0
4392,1.8930638838382041,0
4393,1.8930638838382041,0
4394,1.8930638838382041,0
4395,1.8930638838382041,0
4396,1.8930638838382041,0
4397,1.8930638838382041,0
4398,1.8930638838382041,1
4399,21.365486804827736,0
4400,21.365486804827736,0
4401,21.365486804827736,1
4402,21.365486804827736,0
4403,21.365486804827736,0
4404,21.365486804827736,1
4405,21.365486804827736,0
4406,21.365486804827736,0
4407,21.365486804827736,0
4408,21.365486804827736,0
4409,21.365486804827736,0
4410,21.365486804827736,0
4411,21.365486804827736,0
4412,21.365486804827736,0
4413,3.114808495543982,0
4414,3.114808495543982,0
4415,3.114808495543982,0
4416,3.114808495543982,0
4417,3.114808495543982,0
4418,3.114808495543982,0
4419,3.114808495543982,0
4420,3.114808495543982,0
4421,3.114808495543982,0
4422,3.2622765700494765,0
4423,3.2622765700494765,0
4424,3.2622765700494765,1
4425,3.2622765700494765,0
4426,3.2622765700494765,0
4427,3.2622765700494765,0
4428,3.2622765700494765,0
4429,3.2622765700494765,0
4430,3.2622765700494765,0
4431,3.2622765700494765,0
4432,3.2622765700494765,0
4433,3.2622765700494765,0
4434,3.2622765700494765,0
4435,85.90274671196987,0
4436,85.90274671196987,0
4437,85.90274671196987,0
4438,85.90274671196987,0
4439,85.90274671196987,0
4440,85.90274671196987,0
4441,85.90274671196987,0
4442,85.90274671196987,0
4443,85.90274671196987,0
4444,85.90274671196987,0
4445,85.90274671196987,0
4446,85.90274671196987,0
4447,85.90274671196987,0
4448,85.90274671196987,0
4449,40.295731402174816,0
4450,40.295731402174816,0
4451,40.295731402174816,0
4452,40.295731402174816,0
4453,40.295731402174816,0
4454,40.295731402174816,0
4455,40.295731402174816,0
4456,2.5798585950294353,0
4457,2.5798585950294353,0
4458,2.5798585950294353,0
4459,2.5798585950294353,0
4460,2.5798585950294353,0
4461,2.5798585950294353,0
4462,2.5798585950294353,0
4463,12.47714584380099,1
4464,12.47714584380099,0
4465,12.47714584380099,0
4466,12.47714584380099,0
4467,12.47714584380099,0
4468,12.47714584380099,0
4469,12.47714584380099,0
4470,12.47714584380099,0
4471,85.4316175111395,0
4472,85.4316175111395,0
4473,85.4316175111395,0
4474,85.4316175111395,0
4475,85.4316175111395,0
4476,85.4316175111395,0
4477,85.4316175111395,0
4478,85.4316175111395,0
4479,85.4316175111395,0
4480,85.4316175111395,0
4481,85.4316175111395,0
4482,85.4316175111395,0
4483,85.4316175111395,0
4484,85.4316175111395,0
4485,85.4316175111395,0
4486,30.607028948734115,0
4487,30.607028948734115,1
4488,30.607028948734115,0
4489,30.607028948734115,0
4490,30.607028948734115,0
4491,30.607028948734115,0
4492,30.607028948734115,0
4493,30.607028948734115,0
4494,116.17211390527747,0
4495,116.17211390527747,0
4496,116.17211390527747,1
4497,116.17211390527747,0
4498,116.17211390527747,0
4499,116.17211390527747,1
4500,116.17211390527747,0
4501,116.17211390527747,0
4502,116.17211390527747,0
4503,116.17211390527747,1
4504,10.45504122720418,0
4505,10.45504122720418,0
4506,10.45504122720418,0
4507,10.45504122720418,0
4508,10.45504122720418,0
4509,10.45504122720418,0
4510,10.45504122720418,0
4511,10.45504122720418,0
4512,10.45504122720418,0
4513,10.45504122720418,0
4514,10.45504122720418,0
4515,10.45504122720418,0
4516,3.940974724592218,0
4517,3.940974724592218,0
4518,3.940974724592218,0
4519,3.940974724592218,0
4520,3.940974724592218,0
4521,3.940974724592218,0
4522,3.940974724592218,0
4523,3.940974724592218,0
4524,3.940974724592218,0
4525,3.940974724592218,0
4526,3.940974724592218,0
4527,3.940974724592218,1
4528,17.598273139645833,0
4529,17.598273139645833,0
4530,17.598273139645833,0
4531,17.598273139645833,0
4532,17.598273139645833,0
4533,17.598273139645833,0
4534,17.598273139645833,0
4535,17.598273139645833,0
4536,17.598273139645833,0
4537,17.598273139645833,0
4538,17.598273139645833,0
4539,17.598273139645833,0
4540,17.598273139645833,0
4541,33.336004008157914,1
4542,33.336004008157914,0
4543,33.336004008157914,0
4544,33.336004008157914,0
4545,33.336004008157914,0
4546,33.336004008157914,0
4547,33.336004008157914,0
4548,33.336004008157914,0
4549,33.336004008157914,0
4550,33.336004008157914,0
4551,33.336004008157914,0
4552,33.336004008157914,0
4553,33.336004008157914,0
4554,101.26217856713173,0
4555,101.26217856713173,0
4556,101.26217856713173,0
4557,101.26217856713173,0
4558,101.26217856713173,0
4559,101.26217856713173,0
4560,101.26217856713173,0
4561,101.26217856713173,0
4562,101.26217856713173,0
4563,101.26217856713173,0
4564,101.26217856713173,0
4565,101.26217856713173,0
4566,101.26217856713173,0
4567,46.28804452658212,0
4568,46.28804452658212,0
4569,46.28804452658212,0
4570,46.28804452658212,0
4571,46.28804452658212,0
4572,46.28804452658212,0
4573,46.28804452658212,0
4574,46.28804452658212,1
4575,46.28804452658212,0
4576,46.28804452658212,0
4577,46.28804452658212,0
4578,3.3158866673605925,0
4579,3.3158866673605925,0
4580,3.3158866673605925,0
4581,3.3158866673605925,1
4582,3.3158866673605925,0
4583,3.3158866673605925,0
4584,3.3158866673605925,0
4585,3.3158866673605925,0
4586,3.3158866673605925,0
4587,3.3158866673605925,0
4588,3.3158866673605925,0
4589,3.3158866673605925,0
4590,8.636136340691607,0
4591,8.636136340691607,0
4592,8.636136340691607,1
4593,8.636136340691607,0
4594,8.636136340691607,0
4595,8.636136340691607,0
4596,8.636136340691607,0
4597,8.636136340691607,0
4598,8.636136340691607,0
4599,8.636136340691607,0
4600,8.636136340691607,0
4601,8.636136340691607,0
4602,1.6909916530053124,0
4603,1.6909916530053124,0
4604,1.6909916530053124,0
4605,1.6909916530053124,0
4606,1.6909916530053124,0
4607,1.6909916530053124,0
4608,1.6909916530053124,0
4609,1.6909916530053124,0
4610,1.6909916530053124,0
4611,1.6909916530053124,0
4612,1.6909916530053124,0
4613,1.6909916530053124,0
4614,1.6909916530053124,0
4615,1.6909916530053124,0
4616,1.8227422916490188,1
4617,1.8227422916490188,0
4618,1.8227422916490188,0
4619,1.8227422916490188,0
4620,1.8227422916490188,0
4621,1.8227422916490188,0
4622,1.8227422916490188,0
4623,1.8227422916490188,0
4624,1.8227422916490188,0
4625,1.8227422916490188,0
4626,1.8227422916490188,0
4627,1.8227422916490188,0
4628,1.8227422916490188,0
4629,1.8227422916490188,0
4630,47.7484620838552,0
4631,47.7484620838552,0
4632,47.7484620838552,0
4633,47.7484620838552,0
4634,47.7484620838552,0
4635,47.7484620838552,0
4636,47.7484620838552,0
4637,47.7484620838552,0
4638,47.7484620838552,0
4639,47.7484620838552,0
4640,29.030196507859362,0
4641,29.030196507859362,0
4642,29.030196507859362,0
4643,29.030196507859362,1
4644,29.030196507859362,0
4645,29.030196507859362,1
4646,29.030196507859362,0
4647,29.030196507859362,0
4648,29.030196507859362,0
4649,29.030196507859362,0
4650,29.030196507859362,0
4651,29.030196507859362,0
4652,7.354955905773059,0
4653,7.354955905773059,0
4654,7.354955905773059,0
4655,7.354955905773059,0
4656,7.354955905773059,0
4657,7.354955905773059,0
4658,7.354955905773059,0
4659,7.354955905773059,0
4660,7.354955905773059,0
4661,7.354955905773059,0
4662,7.354955905773059,0
4663,54.56546453651709,0
4664,54.56546453651709,0
4665,54.56546453651709,0
4666,54.56546453651709,0
4667,54.56546453651709,0
4668,54.56546453651709,0
4669,54.56546453651709,0
4670,54.56546453651709,0
4671,1.5361511858826316,0
4672,1.5361511858826316,1
4673,1.5361511858826316,0
4674,1.5361511858826316,0
4675,1.5361511858826316,0
4676,1.5361511858826316,0
4677,1.5361511858826316,1
4678,1.5361511858826316,0
4679,1.5361511858826316,0
4680,1.5361511858826316,0
4681,1.5361511858826316,0
4682,1.5361511858826316,0
4683,3.0776517280884197,0
4684,3.0776517280884197,0
4685,3.0776517280884197,0
4686,3.0776517280884197,0
4687,3.0776517280884197,0
4688,3.0776517280884197,0
4689,3.0776517280884197,0
4690,3.0776517280884197,0
4691,3.0776517280884197,0
4692,3.0776517280884197,0
4693,3.0776517280884197,0
4694,3.0776517280884197,0
4695,3.0776517280884197,0
4696,3.0776517280884197,0
4697,3.0776517280884197,0
4698,3.076030076079799,0
4699,3.076030076079799,0
4700,3.076030076079799,0
4701,3.076030076079799,0
4702,3.076030076079799,0
4703,3.076030076079799,0
4704,3.076030076079799,0
4705,3.076030076079799,0
4706,3.076030076079799,0
4707,20.868470284349034,0
4708,20.868470284349034,0
4709,20.868470284349034,0
4710,20.868470284349034,0
4711,20.868470284349034,0
4712,20.868470284349034,0
4713,20.868470284349034,0
4714,20.868470284349034,0
4715,20.868470284349034,1
4716,20.868470284349034,0
4717,20.868470284349034,0
4718,20.868470284349034,0
4719,20.868470284349034,0
4720,20.868470284349034,0
4721,23.932203659327286,0
4722,23.932203659327286,0
4723,23.932203659327286,0
4724,23.932203659327286,0
4725,23.932203659327286,0
4726,23.932203659327286,0
4727,23.932203659327286,0
4728,23.932203659327286,0
4729,23.932203659327286,0
4730,23.932203659327286,0
4731,12.532055238728091,0
4732,12.532055238728091,0
4733,12.532055238728091,0
4734,12.532055238728091,0
4735,12.532055238728091,0
4736,12.532055238728091,0
4737,12.532055238728091,0
4738,12.532055238728091,0
4739,12.532055238728091,0
4740,12.532055238728091,0
4741,12.532055238728091,0
4742,12.532055238728091,0
4743,5.208829352695758,0
4744,5.208829352695758,0
4745,5.208829352695758,0
4746,5.208829352695758,0
4747,5.208829352695758,0
4748,5.208829352695758,0
4749,5.208829352695758,0
4750,5.208829352695758,0
4751,5.208829352695758,0
4752,5.208829352695758,0
4753,5.208829352695758,0
4754,5.208829352695758,0
4755,36.26235125476849,0
4756,36.26235125476849,0
4757,36.26235125476849,0
4758,36.26235125476849,0
4759,36.26235125476849,0
4760,36.26235125476849,0
4761,36.26235125476849,0
4762,36.26235125476849,0
4763,36.26235125476849,0
4764,2.7352784875485114,1
4765,2.7352784875485114,0
4766,2.7352784875485114,0
4767,2.7352784875485114,0
4768,2.7352784875485114,0
4769,2.7352784875485114,0
4770,2.7352784875485114,0
4771,2.7352784875485114,0
4772,2.7352784875485114,0
4773,2.7352784875485114,0
4774,45.53235070094645,0
4775,45.53235070094645,0
4776,45.53235070094645,0
4777,45.53235070094645,0
4778,45.53235070094645,0
4779,45.53235070094645,0
4780,45.53235070094645,0
4781,45.53235070094645,0
4782,45.53235070094645,0
4783,45.53235070094645,0
4784,29.49971903341274,0
4785,29.49971903341274,0
4786,29.49971903341274,1
4787,29.49971903341274,0
4788,29.49971903341274,0
4789,29.49971903341274,0
4790,29.49971903341274,0
4791,29.49971903341274,1
4792,29.49971903341274,0
4793,29.49971903341274,0
4794,29.49971903341274,0
4795,29.49971903341274,0
4796,29.49971903341274,0
4797,29.49971903341274,0
4798,0.9733322592730824,0
4799,0.9733322592730824,0
4800,0.9733322592730824,0
4801,0.9733322592730824,0
4802,0.9733322592730824,0
4803,0.9733322592730824,0
4804,0.9733322592730824,0
4805,0.9733322592730824,0
4806,0.9733322592730824,0
4807,0.365345849974315,0
4808,0.365345849974315,0
4809,0.365345849974315,0
4810,0.365345849974315,0
4811,0.365345849974315,0
4812,0.365345849974315,0
4813,0.365345849974315,0
4814,0.365345849974315,0
4815,0.365345849974315,0
4816,0.365345849974315,0
4817,33.34657312261835,0
4818,33.34657312261835,0
4819,33.34657312261835,0
4820,33.34657312261835,0
4821,33.34657312261835,0
4822,33.34657312261835,0
4823,33.34657312261835,0
4824,33.34657312261835,0
4825,33.34657312261835,0
4826,33.34657312261835,0
4827,33.34657312261835,0
4828,33.34657312261835,1
4829,33.34657312261835,0
4830,33.34657312261835,1
4831,33.34657312261835,0
4832,94.87672704408406,0
4833,94.87672704408406,0
4834,94.87672704408406,0
4835,94.87672704408406,0
4836,94.87672704408406,0
4837,94.87672704408406,0
4838,94.87672704408406,0
4839,94.87672704408406,0
4840,94.87672704408406,0
4841,0.1485128434584376,0
4842,0.1485128434584376,0
4843,0.1485128434584376,0
4844,0.1485128434584376,0
4845,0.1485128434584376,0
4846,0.1485128434584376,0
4847,0.1485128434584376,0
4848,0.1485128434584376,0
4849,0.1485128434584376,0
4850,8.044185383585198,0
4851,8.044185383585198,0
4852,8.044185383585198,0
4853,8.044185383585198,0
4854,8.044185383585198,0
4855,8.044185383585198,0
4856,8.044185383585198,0
4857,8.044185383585198,0
4858,8.044185383585198,0
4859,8.044185383585198,0
4860,8.044185383585198,0
4861,8.044185383585198,0
4862,8.044185383585198,0
4863,19.163847009917156,0
4864,19.163847009917156,1
4865,19.163847009917156,0
4866,19.163847009917156,0
4867,19.163847009917156,1
4868,19.163847009917156,0
4869,19.163847009917156,0
4870,19.163847009917156,0
4871,19.163847009917156,0
4872,19.163847009917156,0
4873,19.163847009917156,0
4874,19.163847009917156,1
4875,0.5221944005702244,0
4876,0.5221944005702244,0
4877,0.5221944005702244,0
4878,0.5221944005702244,0
4879,0.5221944005702244,0
4880,0.5221944005702244,0
4881,0.5221944005702244,0
4882,0.5221944005702244,0
4883,0.5221944005702244,0
4884,0.5221944005702244,0
4885,0.5221944005702244,0
4886,0.5221944005702244,0
4887,0.5221944005702244,0
4888,0.5221944005702244,0
4889,88.08135208551097,0
4890,88.08135208551097,0
4891,88.08135208551097,0
4892,88.08135208551097,0
4893,88.08135208551097,0
4894,88.08135208551097,0
4895,88.08135208551097,0
4896,88.08135208551097,0
4897,88.08135208551097,1
4898,88.08135208551097,0
4899,88.08135208551097,0
4900,88.08135208551097,0
4901,88.08135208551097,0
4902,81.01545248093404,0
4903,81.01545248093404,0
4904,81.01545248093404,0
4905,81.01545248093404,0
4906,81.01545248093404,0
4907,81.01545248093404,0
4908,81.01545248093404,0
4909,81.01545248093404,0
4910,81.01545248093404,0
4911,81.01545248093404,0
4912,81.01545248093404,0
4913,81.01545248093404,0
4914,81.01545248093404,0
4915,81.01545248093404,0
4916,9.487374599371698,0
4917,9.487374599371698,0
4918,9.487374599371698,0
4919,9.487374599371698,0
4920,9.487374599371698,0
4921,9.487374599371698,0
4922,9.487374599371698,0
4923,9.487374599371698,0
4924,9.487374599371698,0
4925,9.487374599371698,0
4926,9.487374599371698,0
4927,2.777553331324304,0
4928,2.777553331324304,0
4929,2.777553331324304,0
4930,2.777553331324304,0
4931,2.777553331324304,0
4932,2.777553331324304,0
4933,2.777553331324304,0
4934,2.777553331324304,0
4935,52.941278675451244,0
4936,52.941278675451244,0
4937,52.941278675451244,0
4938,52.941278675451244,0
4939,52.941278675451244,0
4940,52.941278675451244,0
4941,52.941278675451244,1
4942,52.941278675451244,0
4943,52.941278675451244,1
4944,52.941278675451244,0
4945,52.941278675451244,0
4946,52.941278675451244,0
4947,36.914811030868925,0
4948,36.914811030868925,0
4949,36.914811030868925,0
4950,36.914811030868925,0
4951,36.914811030868925,1
4952,36.914811030868925,0
4953,36.914811030868925,1
4954,36.914811030868925,0
4955,36.914811030868925,0
4956,36.914811030868925,0
4957,36.914811030868925,1
4958,36.914811030868925,0
4959,36.914811030868925,0
4960,36.914811030868925,0
4961,36.914811030868925,0
4962,36.914811030868925,0
4963,19.678268983922994,0
4964,19.678268983922994,0
4965,19.678268983922994,0
4966,19.678268983922994,0
4967,19.678268983922994,0
4968,19.678268983922994,0
4969,19.678268983922994,0
4970,19.678268983922994,0
4971,39.85443402207369,0
4972,39.85443402207369,0
4973,39.85443402207369,0
4974,39.85443402207369,1
4975,39.85443402207369,0
4976,39.85443402207369,0
4977,39.85443402207369,1
4978,39.85443402207369,0
4979,39.85443402207369,0
4980,39.85443402207369,0
4981,39.85443402207369,0
4982,39.85443402207369,0
4983,39.85443402207369,1
4984,39.85443402207369,0
4985,17.723929336926865,0
4986,17.723929336926865,0
4987,17.723929336926865,0
4988,17.723929336926865,0
4989,17.723929336926865,0
4990,17.723929336926865,0
4991,17.723929336926865,0
4992,17.723929336926865,0
4993,17.723929336926865,0
4994,17.723929336926865,0
4995,17.723929336926865,0
4996,17.723929336926865,0
4997,1.5730253013003528,0
4998,1.5730253013003528,0
4999,1.5730253013003528,0
5000,1.5730253013003528,1
5001,1.5730253013003528,0
5002,1.5730253013003528,0
5003,1.5730253013003528,0
5004,1.5730253013003528,0
5005,1.5730253013003528,0
5006,1.5730253013003528,1
5007,1.5730253013003528,0
5008,1.5730253013003528,0
5009,9.763341598749419,0
5010,9.763341598749419,0
5011,9.763341598749419,0
5012,9.763341598749419,0
5013,9.763341598749419,0
5014,9.763341598749419,0
5015,9.763341598749419,0
5016,9.763341598749419,0
5017,9.763341598749419,0
5018,9.763341598749419,0
5019,9.763341598749419,1
5020,9.763341598749419,0
5021,9.763341598749419,0
5022,9.763341598749419,0
5023,2.6365155436588434,0
5024,2.6365155436588434,0
5025,2.6365155436588434,0
5026,2.6365155436588434,0
5027,2.6365155436588434,0
5028,2.6365155436588434,0
5029,2.6365155436588434,0
5030,2.6365155436588434,0
5031,17.619985933609414,0
5032,17.619985933609414,0
5033,17.619985933609414,0
5034,17.619985933609414,0
5035,17.619985933609414,0
5036,17.619985933609414,0
5037,17.619985933609414,0
5038,17.619985933609414,0
5039,17.619985933609414,0
5040,17.619985933609414,0
5041,17.619985933609414,1
5042,17.619985933609414,0
5043,13.850728552681154,0
5044,13.850728552681154,0
5045,13.850728552681154,0
5046,13.850728552681154,0
5047,13.850728552681154,0
5048,13.850728552681154,0
5049,13.850728552681154,0
5050,13.850728552681154,0
5051,13.850728552681154,0
5052,13.850728552681154,0
5053,13.850728552681154,0
5054,13.850728552681154,0
5055,13.850728552681154,0
5056,16.35258541090935,0
5057,16.35258541090935,0
5058,16.35258541090935,0
5059,16.35258541090935,0
5060,16.35258541090935,0
5061,16.35258541090935,0
5062,16.35258541090935,0
5063,16.35258541090935,0
5064,16.35258541090935,0
5065,16.35258541090935,0
5066,16.35258541090935,0
5067,16.35258541090935,0
5068,16.35258541090935,0
5069,16.35258541090935,0
5070,12.873893345407616,0
5071,12.873893345407616,0
5072,12.873893345407616,0
5073,12.873893345407616,0
5074,12.873893345407616,0
5075,12.873893345407616,0
5076,12.873893345407616,0
5077,12.873893345407616,0
5078,2.9752115451733316,0
5079,2.9752115451733316,0
5080,2.9752115451733316,0
5081,2.9752115451733316,0
5082,2.9752115451733316,0
5083,2.9752115451733316,0
5084,2.9752115451733316,0
5085,100.4070174227661,0
5086,100.4070174227661,0
5087,100.4070174227661,0
5088,100.4070174227661,0
5089,100.4070174227661,0
5090,100.4070174227661,0
5091,100.4070174227661,0
5092,100.4070174227661,0
5093,100.4070174227661,0
5094,6.302529464163458,0
5095,6.302529464163458,0
5096,6.302529464163458,0
5097,6.302529464163458,0
5098,6.302529464163458,0
5099,6.302529464163458,0
5100,6.302529464163458,0
5101,6.302529464163458,0
5102,6.302529464163458,0
5103,16.013845289265966,0
5104,16.013845289265966,0
5105,16.013845289265966,0
5106,16.013845289265966,0
5107,16.013845289265966,0
5108,16.013845289265966,0
5109,16.013845289265966,0
5110,16.013845289265966,0
5111,16.013845289265966,0
5112,16.013845289265966,0
5113,16.013845289265966,0
5114,16.013845289265966,0
5115,16.013845289265966,0
5116,39.43514771868893,0
5117,39.43514771868893,0
5118,39.43514771868893,0
5119,39.43514771868893,1
5120,39.43514771868893,0
5121,39.43514771868893,0
5122,39.43514771868893,0
5123,39.43514771868893,0
5124,39.43514771868893,1
5125,39.43514771868893,1
5126,39.43514771868893,0
5127,39.43514771868893,0
5128,39.43514771868893,0
5129,51.21105658671711,1
5130,51.21105658671711,1
5131,51.21105658671711,0
5132,51.21105658671711,0
5133,51.21105658671711,0
5134,51.21105658671711,0
5135,51.21105658671711,0
5136,51.21105658671711,0
5137,51.21105658671711,0
5138,51.21105658671711,0
5139,51.21105658671711,0
5140,51.21105658671711,0
5141,51.21105658671711,0
5142,39.58155530815964,0
5143,39.58155530815964,0
5144,39.58155530815964,1
5145,39.58155530815964,0
5146,39.58155530815964,0
5147,39.58155530815964,0
5148,39.58155530815964,0
5149,39.58155530815964,0
5150,39.58155530815964,0
5151,39.58155530815964,0
5152,39.58155530815964,0
5153,39.58155530815964,0
5154,39.58155530815964,0
5155,2.9293660817037614,0
5156,2.9293660817037614,0
5157,2.9293660817037614,1
5158,2.9293660817037614,0
5159,2.9293660817037614,0
5160,2.9293660817037614,0
5161,2.9293660817037614,0
5162,2.9293660817037614,0
5163,2.9293660817037614,0
5164,2.9293660817037614,0
5165,2.9293660817037614,0
5166,2.9293660817037614,0
5167,1.1615580823478342,0
5168,1.1615580823478342,0
5169,1.1615580823478342,0
5170,1.1615580823478342,0
5171,1.1615580823478342,0
5172,1.1615580823478342,0
5173,1.1615580823478342,0
5174,1.1615580823478342,0
5175,1.1615580823478342,0
5176,1.1615580823478342,0
5177,1.1615580823478342,0
5178,22.899401781753067,0
5179,22.899401781753067,0
5180,22.899401781753067,0
5181,22.899401781753067,0
5182,22.899401781753067,0
5183,22.899401781753067,0
5184,22.899401781753067,0
5185,22.899401781753067,0
5186,22.899401781753067,0
5187,22.899401781753067,0
5188,22.899401781753067,0
5189,22.899401781753067,0
5190,22.899401781753067,0
5191,22.899401781753067,0
5192,22.899401781753067,0
5193,65.35469155797927,0
5194,65.35469155797927,0
5195,65.35469155797927,1
5196,65.35469155797927,0
5197,65.35469155797927,0
5198,65.35469155797927,0
5199,65.35469155797927,1
5200,65.35469155797927,0
5201,65.35469155797927,0
5202,65.35469155797927,0
5203,65.35469155797927,0
5204,1.2160820231231044,0
5205,1.2160820231231044,0
5206,1.2160820231231044,0
5207,1.2160820231231044,0
5208,1.2160820231231044,0
5209,1.2160820231231044,0
5210,1.2160820231231044,0
5211,1.2160820231231044,0
5212,1.2160820231231044,0
5213,1.2160820231231044,0
5214,1.2160820231231044,1
5215,1.2160820231231044,0
5216,1.2160820231231044,0
5217,1.2160820231231044,0
5218,36.84399518280922,0
5219,36.84399518280922,0
5220,36.84399518280922,0
5221,36.84399518280922,0
5222,36.84399518280922,0
5223,36.84399518280922,0
5224,36.84399518280922,0
5225,36.84399518280922,0
5226,36.84399518280922,0
5227,36.84399518280922,0
5228,36.84399518280922,0
5229,36.84399518280922,0
5230,11.140718690982343,0
5231,11.140718690982343,0
5232,11.140718690982343,0
5233,11.140718690982343,0
5234,11.140718690982343,0
5235,11.140718690982343,0
5236,11.140718690982343,0
5237,11.140718690982343,0
5238,11.140718690982343,0
5239,11.140718690982343,0
5240,11.140718690982343,0
5241,11.140718690982343,0
5242,1.6405027570957036,0
5243,1.6405027570957036,0
5244,1.6405027570957036,0
5245,1.6405027570957036,0
5246,1.6405027570957036,0
5247,1.6405027570957036,0
5248,1.6405027570957036,0
5249,1.6405027570957036,0
5250,1.6405027570957036,0
5251,1.6405027570957036,0
5252,1.6405027570957036,0
5253,0.8893694742424418,0
5254,0.8893694742424418,0
5255,0.8893694742424418,0
5256,0.8893694742424418,0
5257,0.8893694742424418,0
5258,0.8893694742424418,0
5259,0.8893694742424418,0
5260,0.8893694742424418,0
5261,0.8893694742424418,0
5262,0.8893694742424418,0
5263,0.8893694742424418,0
5264,0.8893694742424418,0
5265,0.8893694742424418,0
5266,11.11270864919147,0
5267,11.11270864919147,0
5268,11.11270864919147,0
5269,11.11270864919147,0
5270,11.11270864919147,0
5271,11.11270864919147,0
5272,11.11270864919147,0
5273,11.11270864919147,0
5274,11.11270864919147,0
5275,7.8370963616594365,0
5276,7.8370963616594365,0
5277,7.8370963616594365,0
5278,7.8370963616594365,0
5279,7.8370963616594365,0
5280,7.8370963616594365,0
5281,7.8370963616594365,0
5282,7.8370963616594365,0
5283,7.8370963616594365,0
5284,7.8370963616594365,0
5285,46.8255777984132,0
5286,46.8255777984132,0
5287,46.8255777984132,0
5288,46.8255777984132,0
5289,46.8255777984132,1
5290,46.8255777984132,0
5291,46.8255777984132,0
5292,46.8255777984132,0
5293,46.8255777984132,1
5294,131.09594510222325,0
5295,131.09594510222325,0
5296,131.09594510222325,0
5297,131.09594510222325,0
5298,131.09594510222325,0
5299,131.09594510222325,0
5300,131.09594510222325,0
5301,131.09594510222325,0
5302,131.09594510222325,0
5303,131.09594510222325,0
5304,131.09594510222325,0
5305,131.09594510222325,0
5306,59.996497408911836,0
5307,59.996497408911836,0
5308,59.996497408911836,0
5309,59.996497408911836,0
5310,59.996497408911836,0
5311,59.996497408911836,1
5312,59.996497408911836,0
5313,59.996497408911836,0
5314,59.996497408911836,0
5315,31.760941700864024,0
5316,31.760941700864024,0
5317,31.760941700864024,0
5318,31.760941700864024,0
5319,31.760941700864024,0
5320,31.760941700864024,0
5321,31.760941700864024,0
5322,31.760941700864024,0
5323,31.760941700864024,0
5324,31.760941700864024,0
5325,31.760941700864024,0
5326,31.760941700864024,1
5327,31.760941700864024,0
5328,47.48665387832337,0
5329,47.48665387832337,0
5330,47.48665387832337,0
5331,47.48665387832337,0
5332,47.48665387832337,0
5333,47.48665387832337,0
5334,47.48665387832337,0
5335,47.48665387832337,0
5336,47.48665387832337,0
5337,47.48665387832337,0
5338,47.48665387832337,0
5339,47.48665387832337,0
5340,47.48665387832337,0
5341,47.48665387832337,0
5342,47.48665387832337,0
5343,2.2701392611119755,0
5344,2.2701392611119755,0
5345,2.2701392611119755,0
5346,2.2701392611119755,0
5347,2.2701392611119755,0
5348,2.2701392611119755,0
5349,2.2701392611119755,0
5350,2.2701392611119755,0
5351,2.2701392611119755,0
5352,2.2701392611119755,0
5353,23.806918956816766,0
5354,23.806918956816766,0
5355,23.806918956816766,0
5356,23.806918956816766,0
5357,23.806918956816766,0
5358,23.806918956816766,0
5359,23.806918956816766,0
5360,23.806918956816766,0
5361,23.806918956816766,0
5362,23.806918956816766,0
5363,23.806918956816766,0
5364,23.806918956816766,0
5365,23.806918956816766,0
5366,25.445568984544476,0
5367,25.445568984544476,1
5368,25.445568984544476,0
5369,25.445568984544476,0
5370,25.445568984544476,0
5371,25.445568984544476,0
5372,25.445568984544476,0
5373,25.445568984544476,0
5374,25.445568984544476,1
5375,25.445568984544476,0
5376,50.25665949689716,0
5377,50.25665949689716,0
5378,50.25665949689716,0
5379,50.25665949689716,0
5380,50.25665949689716,0
5381,50.25665949689716,0
5382,50.25665949689716,0
5383,50.25665949689716,1
5384,50.25665949689716,0
5385,0.1756447352600127,0
5386,0.1756447352600127,0
5387,0.1756447352600127,0
5388,0.1756447352600127,0
5389,0.1756447352600127,0
5390,0.1756447352600127,0
5391,0.1756447352600127,0
5392,0.1756447352600127,0
5393,0.1756447352600127,0
5394,0.1756447352600127,0
5395,0.1756447352600127,0
5396,80.53555567843267,0
5397,80.53555567843267,0
5398,80.53555567843267,0
5399,80.53555567843267,0
5400,80.53555567843267,0
5401,80.53555567843267,0
5402,80.53555567843267,0
5403,80.53555567843267,0
5404,80.53555567843267,0
5405,80.53555567843267,0
5406,80.53555567843267,0
5407,80.53555567843267,0
5408,80.53555567843267,0
5409,80.53555567843267,0
5410,34.96758178962928,0
5411,34.96758178962928,0
5412,34.96758178962928,0
5413,34.96758178962928,0
5414,34.96758178962928,1
5415,34.96758178962928,0
5416,34.96758178962928,0
5417,34.96758178962928,1
5418,34.96758178962928,0
5419,34.96758178962928,0
5420,34.96758178962928,0
5421,34.96758178962928,0
5422,1.416671290576984,1
5423,1.416671290576984,0
5424,1.416671290576984,0
5425,1.416671290576984,1
5426,1.416671290576984,0
5427,1.416671290576984,0
5428,1.416671290576984,0
5429,2.085856052933102,1
5430,2.085856052933102,0
5431,2.085856052933102,0
5432,2.085856052933102,0
5433,2.085856052933102,0
5434,2.085856052933102,0
5435,2.085856052933102,0
5436,2.085856052933102,0
5437,2.085856052933102,0
5438,2.085856052933102,0
5439,1.8327040622209962,0
5440,1.8327040622209962,0
5441,1.8327040622209962,1
5442,1.8327040622209962,1
5443,1.8327040622209962,0
5444,1.8327040622209962,0
5445,1.8327040622209962,0
5446,1.8327040622209962,0
5447,1.8327040622209962,0
5448,1.8327040622209962,0
5449,1.8327040622209962,1
5450,1.8327040622209962,0
5451,1.8327040622209962,0
5452,1.8327040622209962,1
5453,1.8327040622209962,1
5454,1.8327040622209962,0
5455,1.8327040622209962,0
5456,41.884121615114736,1
5457,41.884121615114736,0
5458,41.884121615114736,0
5459,41.884121615114736,0
5460,41.884121615114736,0
5461,41.884121615114736,0
5462,41.884121615114736,0
5463,41.884121615114736,0
5464,41.884121615114736,0
5465,41.884121615114736,0
5466,41.884121615114736,1
5467,41.884121615114736,0
5468,41.884121615114736,0
5469,41.884121615114736,0
5470,41.884121615114736,0
5471,41.884121615114736,0
5472,4.249396450688154,0
5473,4.249396450688154,1
5474,4.249396450688154,0
5475,4.249396450688154,1
5476,4.249396450688154,0
5477,4.249396450688154,0
5478,4.249396450688154,0
5479,4.249396450688154,0
5480,4.249396450688154,0
5481,4.249396450688154,0
5482,4.249396450688154,0
5483,4.249396450688154,0
5484,4.249396450688154,0
5485,16.766571990963822,0
5486,16.766571990963822,1
5487,16.766571990963822,0
5488,16.766571990963822,0
5489,16.766571990963822,0
5490,16.766571990963822,0
5491,16.766571990963822,0
5492,16.766571990963822,0
5493,16.766571990963822,0
5494,28.793320918971013,0
5495,28.793320918971013,0
5496,28.793320918971013,0
5497,28.793320918971013,0
5498,28.793320918971013,0
5499,28.793320918971013,0
5500,28.793320918971013,0
5501,28.793320918971013,0
5502,28.793320918971013,0
5503,28.793320918971013,0
5504,28.793320918971013,0
5505,28.793320918971013,0
5506,10.784373760313915,0
5507,10.784373760313915,0
5508,10.784373760313915,0
5509,10.784373760313915,0
5510,10.784373760313915,0
5511,10.784373760313915,0
5512,10.784373760313915,0
5513,10.784373760313915,0
5514,10.784373760313915,0
5515,0.7939367146635042,0
5516,0.7939367146635042,0
5517,0.7939367146635042,0
5518,0.7939367146635042,0
5519,0.7939367146635042,0
5520,0.7939367146635042,0
5521,0.7939367146635042,0
5522,0.7939367146635042,0
5523,0.7939367146635042,0
5524,0.7939367146635042,0
5525,0.7939367146635042,0
5526,0.7939367146635042,0
5527,3.562099087619769,0
5528,3.562099087619769,0
5529,3.562099087619769,0
5530,3.562099087619769,0
5531,3.562099087619769,0
5532,3.562099087619769,0
5533,3.562099087619769,0
5534,3.562099087619769,0
5535,3.562099087619769,0
5536,3.562099087619769,0
5537,3.562099087619769,0
5538,3.562099087619769,0
5539,3.562099087619769,0
5540,5.810295697218286,0
5541,5.810295697218286,0
5542,5.810295697218286,0
5543,5.810295697218286,0
5544,5.810295697218286,0
5545,5.810295697218286,0
5546,5.810295697218286,0
5547,5.810295697218286,0
5548,2.0647618937231953,0
5549,2.0647618937231953,0
5550,2.0647618937231953,0
5551,2.0647618937231953,0
5552,2.0647618937231953,0
5553,2.0647618937231953,0
5554,2.0647618937231953,0
5555,2.0647618937231953,0
5556,12.59162978552774,0
5557,12.59162978552774,0
5558,12.59162978552774,0
5559,12.59162978552774,0
5560,12.59162978552774,0
5561,12.59162978552774,0
5562,12.59162978552774,0
5563,12.59162978552774,0
5564,12.59162978552774,0
5565,12.59162978552774,0
5566,12.59162978552774,0
5567,12.59162978552774,0
5568,12.59162978552774,0
5569,12.59162978552774,0
5570,62.837737439396705,0
5571,62.837737439396705,0
5572,62.837737439396705,0
5573,62.837737439396705,0
5574,62.837737439396705,0
5575,62.837737439396705,0
5576,62.837737439396705,0
5577,62.837737439396705,0
5578,62.837737439396705,0
5579,73.06399565362157,0
5580,73.06399565362157,1
5581,73.06399565362157,0
5582,73.06399565362157,0
5583,73.06399565362157,0
5584,73.06399565362157,0
5585,73.06399565362157,0
5586,73.06399565362157,0
5587,73.06399565362157,0
5588,73.06399565362157,0
5589,73.06399565362157,0
5590,0.7940262338782168,0
5591,0.7940262338782168,0
5592,0.7940262338782168,0
5593,0.7940262338782168,0
5594,0.7940262338782168,0
5595,0.7940262338782168,0
5596,0.7940262338782168,0
5597,0.7940262338782168,0
5598,0.7940262338782168,0
5599,0.7940262338782168,0
5600,0.7940262338782168,0
5601,0.7940262338782168,0
5602,0.7940262338782168,0
5603,0.7940262338782168,0
5604,1.5221558704324716,0
5605,1.5221558704324716,0
5606,1.5221558704324716,0
5607,1.5221558704324716,0
5608,1.5221558704324716,0
5609,1.5221558704324716,1
5610,1.5221558704324716,0
5611,1.5221558704324716,0
5612,1.5221558704324716,0
5613,1.5221558704324716,0
5614,1.5221558704324716,0
5615,1.5221558704324716,0
5616,74.55506253562278,1
5617,74.55506253562278,0
5618,74.55506253562278,0
5619,74.55506253562278,0
5620,74.55506253562278,0
5621,74.55506253562278,1
5622,74.55506253562278,0
5623,74.55506253562278,0
5624,74.55506253562278,0
5625,74.55506253562278,0
5626,18.455918866886694,0
5627,18.455918866886694,0
5628,18.455918866886694,0
5629,18.455918866886694,0
5630,18.455918866886694,0
5631,18.455918866886694,0
5632,18.455918866886694,0
5633,18.455918866886694,0
5634,18.455918866886694,0
5635,18.455918866886694,0
5636,18.455918866886694,0
5637,18.455918866886694,0
5638,18.455918866886694,0
5639,18.455918866886694,0
5640,18.455918866886694,0
5641,3.4129641224549836,0
5642,3.4129641224549836,0
5643,3.4129641224549836,0
5644,3.4129641224549836,0
5645,3.4129641224549836,0
5646,3.4129641224549836,0
5647,3.4129641224549836,0
5648,3.4129641224549836,0
5649,3.4129641224549836,0
5650,3.4129641224549836,0
5651,3.4129641224549836,1
5652,3.4129641224549836,1
5653,3.4129641224549836,0
5654,3.4129641224549836,0
5655,13.063240050088863,0
5656,13.063240050088863,0
5657,13.063240050088863,1
5658,13.063240050088863,1
5659,13.063240050088863,0
5660,13.063240050088863,0
5661,13.063240050088863,0
5662,13.063240050088863,1
5663,13.063240050088863,0
5664,13.063240050088863,0
5665,13.063240050088863,0
5666,13.063240050088863,0
5667,13.063240050088863,0
5668,35.375515557059934,1
5669,35.375515557059934,0
5670,35.375515557059934,0
5671,35.375515557059934,0
5672,35.375515557059934,0
5673,35.375515557059934,0
5674,35.375515557059934,0
5675,35.375515557059934,0
5676,35.375515557059934,0
5677,35.375515557059934,0
5678,35.375515557059934,0
5679,35.375515557059934,0
5680,35.375515557059934,0
5681,35.375515557059934,0
5682,3.2441778545863293,0
5683,3.2441778545863293,0
5684,3.2441778545863293,0
5685,3.2441778545863293,0
5686,3.2441778545863293,0
5687,3.2441778545863293,1
5688,3.2441778545863293,0
5689,3.2441778545863293,0
5690,3.2441778545863293,0
5691,3.2441778545863293,0
5692,3.2441778545863293,0
5693,3.2441778545863293,0
5694,3.2441778545863293,1
5695,11.518382234211202,0
5696,18.8779008358386,0
5697,18.8779008358386,0
5698,18.8779008358386,0
5699,18.8779008358386,1
5700,18.8779008358386,0
5701,18.8779008358386,0
5702,18.8779008358386,0
5703,18.8779008358386,0
5704,18.8779008358386,0
5705,18.8779008358386,0
5706,18.8779008358386,0
5707,18.8779008358386,0
5708,0.3780213531952649,0
5709,0.3780213531952649,0
5710,0.3780213531952649,1
5711,0.3780213531952649,0
5712,0.3780213531952649,0
5713,0.3780213531952649,0
5714,0.3780213531952649,0
5715,0.3780213531952649,0
5716,0.3780213531952649,0
5717,0.3780213531952649,0
5718,0.3780213531952649,0
5719,0.3780213531952649,0
5720,0.3780213531952649,0
5721,0.3780213531952649,0
5722,4.08418772379476,0
5723,4.08418772379476,0
5724,4.08418772379476,0
5725,4.08418772379476,0
5726,4.08418772379476,0
5727,4.08418772379476,0
5728,4.08418772379476,0
5729,4.08418772379476,0
5730,4.08418772379476,0
5731,4.08418772379476,0
5732,45.795093587397275,0
5733,45.795093587397275,0
5734,45.795093587397275,0
5735,45.795093587397275,0
5736,45.795093587397275,0
5737,45.795093587397275,0
5738,45.795093587397275,0
5739,45.795093587397275,0
5740,45.795093587397275,0
5741,45.795093587397275,0
5742,45.795093587397275,0
5743,45.795093587397275,0
5744,45.795093587397275,0
5745,45.795093587397275,0
5746,45.795093587397275,0
5747,58.14449738928008,0
5748,58.14449738928008,0
5749,58.14449738928008,0
5750,58.14449738928008,0
5751,58.14449738928008,0
5752,58.14449738928008,0
5753,58.14449738928008,0
5754,58.14449738928008,0
5755,58.14449738928008,0
5756,58.14449738928008,0
5757,58.14449738928008,0
5758,58.14449738928008,0
5759,4.015946278304369,0
5760,4.015946278304369,0
5761,4.015946278304369,0
5762,4.015946278304369,0
5763,4.015946278304369,0
5764,4.015946278304369,0
5765,4.015946278304369,0
5766,4.015946278304369,0
5767,4.015946278304369,0
5768,4.015946278304369,0
5769,18.701441462509834,0
5770,18.701441462509834,1
5771,18.701441462509834,0
5772,18.701441462509834,0
5773,18.701441462509834,0
5774,18.701441462509834,0
5775,18.701441462509834,0
5776,18.701441462509834,0
5777,18.701441462509834,0
5778,18.701441462509834,0
5779,0.6948914373868669,0
5780,0.6948914373868669,0
5781,0.6948914373868669,0
5782,0.6948914373868669,0
5783,0.6948914373868669,0
5784,0.6948914373868669,0
5785,0.6948914373868669,0
5786,0.6948914373868669,0
5787,0.6948914373868669,0
5788,0.6948914373868669,0
5789,0.6948914373868669,0
5790,17.158480916227262,0
5791,17.158480916227262,0
5792,17.158480916227262,1
5793,17.158480916227262,0
5794,17.158480916227262,0
5795,17.158480916227262,0
5796,17.158480916227262,0
5797,17.158480916227262,0
5798,17.158480916227262,0
5799,17.158480916227262,0
5800,17.158480916227262,0
5801,17.158480916227262,0
5802,45.397989620274394,0
5803,45.397989620274394,0
5804,45.397989620274394,0
5805,45.397989620274394,0
5806,45.397989620274394,0
5807,45.397989620274394,0
5808,45.397989620274394,0
5809,45.397989620274394,0
5810,45.397989620274394,0
5811,45.397989620274394,0
5812,45.397989620274394,0
5813,45.397989620274394,0
5814,45.397989620274394,0
5815,53.39800547961581,0
5816,53.39800547961581,0
5817,53.39800547961581,0
5818,53.39800547961581,0
5819,53.39800547961581,0
5820,53.39800547961581,0
5821,53.39800547961581,0
5822,53.39800547961581,0
5823,53.39800547961581,0
5824,53.39800547961581,0
5825,53.39800547961581,0
5826,53.39800547961581,0
5827,50.30926750380642,0
5828,50.30926750380642,0
5829,50.30926750380642,0
5830,50.30926750380642,0
5831,50.30926750380642,0
5832,50.30926750380642,0
5833,50.30926750380642,0
5834,50.30926750380642,0
5835,50.30926750380642,0
5836,50.30926750380642,0
5837,50.30926750380642,0
5838,4.946173658933328,0
5839,4.946173658933328,0
5840,4.946173658933328,0
5841,4.946173658933328,0
5842,4.946173658933328,0
5843,4.946173658933328,0
5844,4.946173658933328,0
5845,4.946173658933328,0
5846,4.946173658933328,0
5847,4.946173658933328,0
5848,4.946173658933328,1
5849,88.36751791561468,0
5850,88.36751791561468,0
5851,88.36751791561468,0
5852,88.36751791561468,0
5853,88.36751791561468,0
5854,88.36751791561468,1
5855,88.36751791561468,0
5856,88.36751791561468,0
5857,88.36751791561468,0
5858,88.36751791561468,0
5859,88.36751791561468,0
5860,88.36751791561468,0
5861,88.36751791561468,0
5862,0.23777744407196472,0
5863,0.23777744407196472,0
5864,0.23777744407196472,0
5865,0.23777744407196472,0
5866,0.23777744407196472,1
5867,0.23777744407196472,0
5868,0.23777744407196472,0
5869,0.23777744407196472,0
5870,0.23777744407196472,0
5871,0.23777744407196472,0
5872,0.23777744407196472,0
5873,1.047395116279737,0
5874,1.047395116279737,0
5875,1.047395116279737,0
5876,1.047395116279737,0
5877,1.047395116279737,0
5878,1.047395116279737,0
5879,1.047395116279737,0
5880,4.028550338353261,0
5881,4.028550338353261,0
5882,4.028550338353261,0
5883,4.028550338353261,0
5884,4.028550338353261,0
5885,4.028550338353261,0
5886,4.028550338353261,0
5887,4.028550338353261,0
5888,4.028550338353261,0
5889,4.028550338353261,0
5890,4.028550338353261,0
5891,28.000237627342624,0
5892,28.000237627342624,0
5893,28.000237627342624,0
5894,28.000237627342624,0
5895,28.000237627342624,0
5896,28.000237627342624,0
5897,28.000237627342624,0
5898,28.000237627342624,0
5899,28.000237627342624,0
5900,28.000237627342624,0
5901,28.000237627342624,0
5902,28.000237627342624,0
5903,28.000237627342624,0
5904,28.000237627342624,0
5905,28.000237627342624,0
5906,23.963419961293887,0
5907,23.963419961293887,0
5908,23.963419961293887,0
5909,23.963419961293887,0
5910,23.963419961293887,1
5911,23.963419961293887,0
5912,23.963419961293887,0
5913,23.963419961293887,0
5914,23.963419961293887,0
5915,23.963419961293887,0
5916,23.963419961293887,0
5917,23.963419961293887,0
5918,18.20390109984807,0
5919,18.20390109984807,0
5920,18.20390109984807,0
5921,18.20390109984807,0
5922,18.20390109984807,0
5923,18.20390109984807,0
5924,18.20390109984807,0
5925,18.20390109984807,0
5926,18.20390109984807,0
5927,3.0503080534686906,0
5928,3.0503080534686906,0
5929,3.0503080534686906,0
5930,3.0503080534686906,0
5931,3.0503080534686906,0
5932,3.0503080534686906,0
5933,3.0503080534686906,1
5934,3.0503080534686906,0
5935,3.0503080534686906,0
5936,3.0503080534686906,0
5937,3.0503080534686906,0
5938,3.0503080534686906,0
5939,3.0503080534686906,0
5940,14.468068858026784,0
5941,14.468068858026784,1
5942,14.468068858026784,0
5943,14.468068858026784,0
5944,14.468068858026784,0
5945,14.468068858026784,0
5946,14.468068858026784,0
5947,14.468068858026784,0
5948,14.468068858026784,0
5949,14.468068858026784,0
5950,14.468068858026784,0
5951,14.468068858026784,0
5952,4.320115907425272,0
5953,4.320115907425272,0
5954,4.320115907425272,0
5955,4.320115907425272,0
5956,4.320115907425272,0
5957,4.320115907425272,0
5958,4.320115907425272,0
5959,4.320115907425272,0
5960,4.320115907425272,0
5961,144.5494547098821,0
5962,144.5494547098821,0
5963,144.5494547098821,0
5964,144.5494547098821,0
5965,144.5494547098821,0
5966,144.5494547098821,0
5967,144.5494547098821,0
5968,144.5494547098821,0
5969,144.5494547098821,0
5970,144.5494547098821,0
5971,85.9085358881499,0
5972,85.9085358881499,0
5973,85.9085358881499,1
5974,85.9085358881499,0
5975,85.9085358881499,0
5976,85.9085358881499,0
5977,85.9085358881499,0
5978,85.9085358881499,0
5979,85.9085358881499,0
5980,85.9085358881499,1
5981,85.9085358881499,0
5982,1.7560987632841436,0
5983,1.7560987632841436,0
5984,1.7560987632841436,0
5985,1.7560987632841436,0
5986,1.7560987632841436,0
5987,1.7560987632841436,0
5988,1.7560987632841436,0
5989,1.7560987632841436,0
5990,1.7560987632841436,0
5991,18.529726879916453,1
5992,18.529726879916453,0
5993,18.529726879916453,0
5994,18.529726879916453,0
5995,18.529726879916453,1
5996,18.529726879916453,0
5997,18.529726879916453,0
5998,18.529726879916453,0
5999,18.529726879916453,0
6000,18.529726879916453,0
6001,18.529726879916453,0
6002,18.529726879916453,0
6003,54.14285172525061,0
6004,54.14285172525061,1
6005,54.14285172525061,0
6006,54.14285172525061,0
6007,54.14285172525061,0
6008,54.14285172525061,0
6009,54.14285172525061,0
6010,54.14285172525061,0
6011,54.14285172525061,0
6012,54.14285172525061,0
6013,54.14285172525061,0
6014,0.9200430652128716,0
6015,0.9200430652128716,0
6016,0.9200430652128716,0
6017,0.9200430652128716,0
6018,0.9200430652128716,0
6019,0.9200430652128716,0
6020,0.9200430652128716,0
6021,0.9200430652128716,0
6022,0.9200430652128716,0
6023,0.9200430652128716,0
6024,0.9200430652128716,0
6025,0.9200430652128716,0
6026,99.45006466282582,0
6027,99.45006466282582,0
6028,99.45006466282582,1
6029,99.45006466282582,0
6030,99.45006466282582,0
6031,99.45006466282582,0
6032,99.45006466282582,0
6033,99.45006466282582,0
6034,99.45006466282582,0
6035,99.45006466282582,0
6036,99.45006466282582,0
6037,99.45006466282582,0
6038,99.45006466282582,0
6039,14.548068177198815,0
6040,14.548068177198815,0
6041,14.548068177198815,0
6042,14.548068177198815,0
6043,14.548068177198815,0
6044,14.548068177198815,1
6045,14.548068177198815,0
6046,14.548068177198815,0
6047,2.674231095276297,0
6048,2.674231095276297,1
6049,2.674231095276297,0
6050,2.674231095276297,0
6051,2.674231095276297,0
6052,2.674231095276297,0
6053,2.674231095276297,0
6054,2.674231095276297,0
6055,2.674231095276297,0
6056,2.674231095276297,0
6057,2.674231095276297,0
6058,2.674231095276297,0
6059,2.674231095276297,0
6060,3.601401104623315,0
6061,3.601401104623315,0
6062,3.601401104623315,0
6063,3.601401104623315,0
6064,3.601401104623315,0
6065,3.601401104623315,0
6066,3.601401104623315,0
6067,3.601401104623315,0
6068,3.601401104623315,1
6069,3.601401104623315,0
6070,3.601401104623315,0
6071,3.601401104623315,1
6072,3.601401104623315,1
6073,22.124888426449893,0
6074,22.124888426449893,0
6075,22.124888426449893,0
6076,22.124888426449893,0
6077,22.124888426449893,0
6078,22.124888426449893,0
6079,22.124888426449893,0
6080,22.124888426449893,1
6081,22.124888426449893,0
6082,22.124888426449893,0
6083,22.124888426449893,0
6084,22.124888426449893,0
6085,3.5288911202032454,0
6086,3.5288911202032454,0
6087,3.5288911202032454,0
6088,3.5288911202032454,0
6089,3.5288911202032454,0
6090,3.5288911202032454,0
6091,3.5288911202032454,0
6092,3.5288911202032454,0
6093,3.5288911202032454,0
6094,3.5288911202032454,0
6095,3.5288911202032454,0
6096,3.5288911202032454,0
6097,3.5288911202032454,0
6098,3.5288911202032454,0
6099,2.8633267827857836,0
6100,2.8633267827857836,0
6101,2.8633267827857836,0
6102,2.8633267827857836,0
6103,2.8633267827857836,0
6104,2.8633267827857836,0
6105,2.8633267827857836,0
6106,2.8633267827857836,0
6107,2.8633267827857836,0
6108,2.8633267827857836,0
6109,2.8633267827857836,0
6110,2.8633267827857836,0
6111,2.8633267827857836,0
6112,3.4461682717668523,0
6113,3.4461682717668523,0
6114,3.4461682717668523,0
6115,3.4461682717668523,0
6116,3.4461682717668523,0
6117,3.4461682717668523,0
6118,3.4461682717668523,0
6119,3.4461682717668523,0
6120,3.4461682717668523,0
6121,11.05942744630544,0
6122,11.05942744630544,0
6123,11.05942744630544,0
6124,11.05942744630544,0
6125,11.05942744630544,0
6126,11.05942744630544,0
6127,11.05942744630544,0
6128,11.05942744630544,0
6129,11.05942744630544,1
6130,11.05942744630544,0
6131,11.05942744630544,0
6132,53.23091945650315,0
6133,53.23091945650315,0
6134,53.23091945650315,0
6135,53.23091945650315,0
6136,53.23091945650315,0
6137,53.23091945650315,0
6138,53.23091945650315,0
6139,53.23091945650315,0
6140,53.23091945650315,0
6141,53.23091945650315,0
6142,53.23091945650315,0
6143,53.23091945650315,0
6144,78.20485146688519,0
6145,78.20485146688519,0
6146,78.20485146688519,0
6147,78.20485146688519,0
6148,78.20485146688519,0
6149,78.20485146688519,0
6150,78.20485146688519,0
6151,78.20485146688519,0
6152,78.20485146688519,0
6153,78.20485146688519,0
6154,78.20485146688519,0
6155,78.20485146688519,0
6156,0.44200868063821924,0
6157,0.44200868063821924,0
6158,0.44200868063821924,0
6159,0.44200868063821924,0
6160,0.44200868063821924,0
6161,0.44200868063821924,0
6162,0.44200868063821924,0
6163,0.44200868063821924,0
6164,0.44200868063821924,0
6165,0.44200868063821924,0
6166,2.9713333894542293,0
6167,2.9713333894542293,0
6168,2.9713333894542293,0
6169,2.9713333894542293,0
6170,2.9713333894542293,0
6171,2.9713333894542293,0
6172,2.9713333894542293,0
6173,2.9713333894542293,0
6174,2.9713333894542293,0
6175,2.9713333894542293,0
6176,2.9713333894542293,0
6177,2.9713333894542293,0
6178,2.9713333894542293,0
6179,2.9713333894542293,0
6180,2.9713333894542293,0
6181,22.267569771158904,0
6182,22.267569771158904,0
6183,22.267569771158904,0
6184,22.267569771158904,0
6185,22.267569771158904,1
6186,22.267569771158904,0
6187,22.267569771158904,0
6188,22.267569771158904,0
6189,22.267569771158904,0
6190,22.267569771158904,0
6191,22.267569771158904,0
6192,22.267569771158904,0
6193,22.267569771158904,0
6194,22.267569771158904,1
6195,31.264615095961542,0
6196,31.264615095961542,0
6197,31.264615095961542,0
6198,31.264615095961542,0
6199,31.264615095961542,0
6200,31.264615095961542,0
6201,31.264615095961542,0
6202,31.264615095961542,0
6203,31.264615095961542,0
6204,31.264615095961542,0
6205,70.7686852543247,0
6206,70.7686852543247,0
6207,70.7686852543247,0
6208,70.7686852543247,0
6209,70.7686852543247,0
6210,70.7686852543247,0
6211,70.7686852543247,0
6212,70.7686852543247,0
6213,4.152099433581124,0
6214,4.152099433581124,0
6215,4.152099433581124,0
6216,4.152099433581124,0
6217,4.152099433581124,0
6218,4.152099433581124,0
6219,4.152099433581124,0
6220,4.152099433581124,0
6221,47.79127948222632,0
6222,47.79127948222632,0
6223,47.79127948222632,1
6224,47.79127948222632,0
6225,47.79127948222632,0
6226,47.79127948222632,0
6227,47.79127948222632,0
6228,47.79127948222632,0
6229,47.79127948222632,0
6230,47.79127948222632,0
6231,47.79127948222632,0
6232,47.79127948222632,0
6233,47.79127948222632,1
6234,47.79127948222632,0
6235,21.35084775310544,0
6236,21.35084775310544,0
6237,21.35084775310544,0
6238,21.35084775310544,0
6239,21.35084775310544,1
6240,21.35084775310544,0
6241,21.35084775310544,0
6242,21.35084775310544,0
6243,21.35084775310544,0
6244,21.35084775310544,1
6245,21.35084775310544,0
6246,21.35084775310544,0
6247,52.78588511308017,0
6248,52.78588511308017,0
6249,52.78588511308017,0
6250,52.78588511308017,0
6251,52.78588511308017,1
6252,52.78588511308017,1
6253,52.78588511308017,0
6254,52.78588511308017,0
6255,52.78588511308017,1
6256,52.78588511308017,0
6257,52.78588511308017,0
6258,52.78588511308017,1
6259,52.78588511308017,0
6260,10.143863430268658,0
6261,10.143863430268658,0
6262,10.143863430268658,0
6263,10.143863430268658,0
6264,10.143863430268658,0
6265,10.143863430268658,0
6266,10.143863430268658,0
6267,10.143863430268658,0
6268,10.143863430268658,0
6269,10.143863430268658,0
6270,10.143863430268658,0
6271,10.143863430268658,0
6272,10.143863430268658,0
6273,19.4583201555725,0
6274,19.4583201555725,0
6275,19.4583201555725,0
6276,19.4583201555725,0
6277,19.4583201555725,0
6278,19.4583201555725,1
6279,19.4583201555725,0
6280,19.4583201555725,0
6281,19.4583201555725,0
6282,4.268133859585004,0
6283,4.268133859585004,0
6284,4.268133859585004,0
6285,4.268133859585004,0
6286,4.268133859585004,1
6287,4.268133859585004,0
6288,4.268133859585004,0
6289,4.268133859585004,0
6290,4.268133859585004,0
6291,4.268133859585004,0
6292,39.18322022032811,0
6293,39.18322022032811,0
6294,39.18322022032811,0
6295,39.18322022032811,0
6296,39.18322022032811,0
6297,39.18322022032811,0
6298,39.18322022032811,0
6299,39.18322022032811,0
6300,39.18322022032811,0
6301,39.18322022032811,0
6302,39.18322022032811,0
6303,38.137932306362366,0
6304,38.137932306362366,0
6305,38.137932306362366,0
6306,38.137932306362366,0
6307,38.137932306362366,0
6308,38.137932306362366,1
6309,38.137932306362366,0
6310,38.137932306362366,0
6311,38.137932306362366,0
6312,38.137932306362366,0
6313,38.137932306362366,0
6314,38.137932306362366,0
6315,38.137932306362366,0
6316,37.80569646615168,0
6317,37.80569646615168,0
6318,37.80569646615168,0
6319,37.80569646615168,0
6320,37.80569646615168,0
6321,37.80569646615168,0
6322,37.80569646615168,0
6323,37.80569646615168,0
6324,37.80569646615168,0
6325,37.80569646615168,0
6326,37.80569646615168,0
6327,37.80569646615168,0
6328,42.89987543611047,0
6329,42.89987543611047,0
6330,42.89987543611047,0
6331,42.89987543611047,0
6332,42.89987543611047,0
6333,42.89987543611047,0
6334,42.89987543611047,0
6335,42.89987543611047,0
6336,0.7438003534697282,0
6337,0.7438003534697282,0
6338,0.7438003534697282,0
6339,0.7438003534697282,0
6340,0.7438003534697282,0
6341,0.7438003534697282,0
6342,0.7438003534697282,0
6343,0.7438003534697282,0
6344,0.7438003534697282,0
6345,0.7438003534697282,0
6346,0.7438003534697282,0
6347,0.7438003534697282,0
6348,0.7438003534697282,0
6349,0.7438003534697282,0
6350,28.610122126975856,0
6351,28.610122126975856,0
6352,28.610122126975856,0
6353,28.610122126975856,0
6354,28.610122126975856,0
6355,28.610122126975856,0
6356,5.521016456852208,0
6357,5.521016456852208,0
6358,5.521016456852208,0
6359,5.521016456852208,0
6360,5.521016456852208,0
6361,5.521016456852208,1
6362,5.521016456852208,0
6363,5.521016456852208,0
6364,5.521016456852208,0
6365,5.521016456852208,0
6366,5.521016456852208,0
6367,2.113247597196525,0
6368,2.113247597196525,0
6369,2.113247597196525,0
6370,2.113247597196525,0
6371,2.113247597196525,0
6372,2.113247597196525,0
6373,2.113247597196525,0
6374,2.113247597196525,1
6375,2.113247597196525,0
6376,2.113247597196525,0
6377,2.113247597196525,0
6378,27.97581452661822,0
6379,27.97581452661822,0
6380,27.97581452661822,0
6381,27.97581452661822,0
6382,27.97581452661822,0
6383,27.97581452661822,1
6384,27.97581452661822,0
6385,27.97581452661822,0
6386,27.97581452661822,0
6387,27.97581452661822,0
6388,27.97581452661822,0
6389,27.97581452661822,0
6390,27.97581452661822,0
6391,0.9171489060612799,0
6392,0.9171489060612799,0
6393,0.9171489060612799,0
6394,0.9171489060612799,0
6395,0.9171489060612799,0
6396,0.9171489060612799,0
6397,0.9171489060612799,0
6398,0.9171489060612799,0
6399,0.9171489060612799,0
6400,0.9171489060612799,0
6401,0.9171489060612799,0
6402,0.9171489060612799,0
6403,0.9171489060612799,0
6404,1.0310840177919012,0
6405,1.0310840177919012,0
6406,1.0310840177919012,0
6407,1.0310840177919012,1
6408,1.0310840177919012,0
6409,1.0310840177919012,0
6410,1.0310840177919012,0
6411,1.0310840177919012,0
6412,1.0310840177919012,0
6413,1.0310840177919012,0
6414,1.0310840177919012,0
6415,43.13542250303049,0
6416,43.13542250303049,0
6417,43.13542250303049,0
6418,43.13542250303049,1
6419,43.13542250303049,0
6420,43.13542250303049,1
6421,43.13542250303049,0
6422,43.13542250303049,0
6423,43.13542250303049,0
6424,43.13542250303049,0
6425,43.13542250303049,0
6426,43.13542250303049,1
6427,43.13542250303049,1
6428,43.13542250303049,0
6429,63.244601276540365,0
6430,63.244601276540365,0
6431,63.244601276540365,0
6432,63.244601276540365,0
6433,63.244601276540365,0
6434,63.244601276540365,0
6435,63.244601276540365,0
6436,63.244601276540365,0
6437,63.244601276540365,0
6438,63.244601276540365,0
6439,63.244601276540365,0
6440,63.244601276540365,0
6441,63.244601276540365,0
6442,9.781103622505984,0
6443,9.781103622505984,0
6444,9.781103622505984,0
6445,9.781103622505984,0
6446,9.781103622505984,0
6447,9.781103622505984,0
6448,9.781103622505984,0
6449,9.781103622505984,0
6450,9.781103622505984,0
6451,9.781103622505984,1
6452,38.72127736934353,0
6453,38.72127736934353,0
6454,38.72127736934353,0
6455,38.72127736934353,0
6456,38.72127736934353,1
6457,38.72127736934353,0
6458,38.72127736934353,0
6459,38.72127736934353,0
6460,38.72127736934353,0
6461,38.72127736934353,0
6462,38.72127736934353,0
6463,38.72127736934353,0
6464,38.72127736934353,0
6465,0.8216990424519097,0
6466,0.8216990424519097,0
6467,0.8216990424519097,0
6468,0.8216990424519097,0
6469,0.8216990424519097,0
6470,0.8216990424519097,0
6471,0.8216990424519097,0
6472,0.8216990424519097,0
6473,0.8216990424519097,0
6474,0.8216990424519097,0
6475,0.8216990424519097,0
6476,0.8216990424519097,0
6477,0.8216990424519097,0
6478,0.8216990424519097,0
6479,0.8216990424519097,0
6480,42.657152760643804,0
6481,42.657152760643804,1
6482,42.657152760643804,0
6483,42.657152760643804,0
6484,42.657152760643804,0
6485,42.657152760643804,0
6486,42.657152760643804,0
6487,42.657152760643804,0
6488,29.35461851652167,0
6489,29.35461851652167,0
6490,29.35461851652167,0
6491,29.35461851652167,0
6492,29.35461851652167,0
6493,29.35461851652167,0
6494,29.35461851652167,0
6495,29.35461851652167,0
6496,29.35461851652167,0
6497,29.35461851652167,0
6498,29.35461851652167,0
6499,29.35461851652167,0
6500,87.38105951639292,0
6501,87.38105951639292,0
6502,87.38105951639292,0
6503,87.38105951639292,1
6504,87.38105951639292,0
6505,87.38105951639292,0
6506,87.38105951639292,0
6507,87.38105951639292,0
6508,87.38105951639292,0
6509,87.38105951639292,0
6510,87.38105951639292,1
6511,87.38105951639292,0
6512,7.440507264041962,1
6513,7.440507264041962,0
6514,7.440507264041962,0
6515,7.440507264041962,0
6516,7.440507264041962,1
6517,7.440507264041962,0
6518,7.440507264041962,0
6519,7.440507264041962,0
6520,7.440507264041962,0
6521,7.440507264041962,0
6522,7.440507264041962,0
6523,7.440507264041962,0
6524,35.25646308554881,0
6525,35.25646308554881,1
6526,35.25646308554881,0
6527,35.25646308554881,0
6528,35.25646308554881,0
6529,35.25646308554881,0
6530,35.25646308554881,0
6531,35.25646308554881,0
6532,35.25646308554881,0
6533,35.25646308554881,0
6534,35.25646308554881,0
6535,42.67337088013276,0
6536,42.67337088013276,0
6537,42.67337088013276,0
6538,42.67337088013276,0
6539,42.67337088013276,0
6540,42.67337088013276,0
6541,42.67337088013276,0
6542,42.67337088013276,0
6543,42.67337088013276,0
6544,42.67337088013276,0
6545,42.67337088013276,0
6546,42.67337088013276,0
6547,42.67337088013276,0
6548,0.9316590979694906,0
6549,0.9316590979694906,0
6550,0.9316590979694906,0
6551,0.9316590979694906,0
6552,0.9316590979694906,0
6553,0.9316590979694906,0
6554,0.9316590979694906,0
6555,0.9316590979694906,0
6556,0.9316590979694906,0
6557,0.9316590979694906,0
6558,0.9316590979694906,0
6559,0.9316590979694906,0
6560,0.9316590979694906,0
6561,0.9316590979694906,0
6562,8.935391092563911,0
6563,8.935391092563911,0
6564,8.935391092563911,0
6565,8.935391092563911,0
6566,8.935391092563911,0
6567,8.935391092563911,0
6568,8.935391092563911,0
6569,8.935391092563911,0
6570,8.935391092563911,0
6571,8.935391092563911,0
6572,8.935391092563911,0
6573,8.935391092563911,0
6574,8.935391092563911,0
6575,8.935391092563911,0
6576,75.80846080777494,0
6577,75.80846080777494,0
6578,75.80846080777494,0
6579,75.80846080777494,0
6580,75.80846080777494,0
6581,75.80846080777494,0
6582,75.80846080777494,0
6583,75.80846080777494,0
6584,75.80846080777494,0
6585,75.80846080777494,0
6586,75.80846080777494,0
6587,75.80846080777494,0
6588,75.80846080777494,0
6589,4.4491861158529735,0
6590,4.4491861158529735,0
6591,4.4491861158529735,1
6592,4.4491861158529735,0
6593,4.4491861158529735,0
6594,4.4491861158529735,0
6595,4.4491861158529735,0
6596,4.4491861158529735,0
6597,4.4491861158529735,0
6598,4.4491861158529735,0
6599,4.4491861158529735,0
6600,6.818085053039415,0
6601,6.818085053039415,0
6602,6.818085053039415,0
6603,6.818085053039415,0
6604,6.818085053039415,0
6605,6.818085053039415,0
6606,6.818085053039415,0
6607,6.818085053039415,0
6608,6.818085053039415,0
6609,6.818085053039415,0
6610,6.818085053039415,0
6611,55.02229834810943,0
6612,55.02229834810943,0
6613,55.02229834810943,0
6614,55.02229834810943,0
6615,55.02229834810943,0
6616,55.02229834810943,0
6617,55.02229834810943,0
6618,55.02229834810943,0
6619,55.02229834810943,0
6620,55.02229834810943,0
6621,55.02229834810943,0
6622,55.02229834810943,0
6623,55.02229834810943,0
6624,55.02229834810943,0
6625,18.800725833411207,0
6626,18.800725833411207,0
6627,18.800725833411207,0
6628,18.800725833411207,0
6629,18.800725833411207,0
6630,18.800725833411207,0
6631,18.800725833411207,1
6632,18.800725833411207,0
6633,18.800725833411207,0
6634,24.101533570474356,0
6635,24.101533570474356,0
6636,24.101533570474356,0
6637,24.101533570474356,0
6638,24.101533570474356,0
6639,24.101533570474356,0
6640,24.101533570474356,0
6641,24.101533570474356,0
6642,24.101533570474356,0
6643,24.101533570474356,0
6644,24.101533570474356,0
6645,24.101533570474356,0
6646,24.101533570474356,0
6647,24.101533570474356,0
6648,48.2220896715415,0
6649,48.2220896715415,0
6650,48.2220896715415,0
6651,48.2220896715415,0
6652,48.2220896715415,0
6653,48.2220896715415,0
6654,48.2220896715415,0
6655,48.2220896715415,0
6656,48.2220896715415,0
6657,48.2220896715415,0
6658,48.2220896715415,0
6659,48.2220896715415,0
6660,0.5715984337700761,0
6661,0.5715984337700761,0
6662,0.5715984337700761,0
6663,0.5715984337700761,1
6664,0.5715984337700761,0
6665,0.5715984337700761,0
6666,0.5715984337700761,0
6667,0.5715984337700761,0
6668,38.26577385912565,0
6669,38.26577385912565,0
6670,38.26577385912565,0
6671,38.26577385912565,0
6672,38.26577385912565,0
6673,38.26577385912565,0
6674,38.26577385912565,0
6675,38.26577385912565,0
6676,38.26577385912565,0
6677,38.26577385912565,1
6678,38.26577385912565,0
6679,38.26577385912565,0
6680,38.26577385912565,0
6681,70.47332420184962,0
6682,70.47332420184962,0
6683,70.47332420184962,0
6684,70.47332420184962,0
6685,70.47332420184962,0
6686,70.47332420184962,0
6687,70.47332420184962,0
6688,70.47332420184962,0
6689,2.481957659566659,0
6690,2.481957659566659,0
6691,2.481957659566659,0
6692,2.481957659566659,0
6693,2.481957659566659,0
6694,2.481957659566659,0
6695,2.481957659566659,0
6696,2.481957659566659,0
6697,2.481957659566659,0
6698,2.481957659566659,0
6699,2.481957659566659,0
6700,2.481957659566659,0
6701,2.481957659566659,0
6702,10.228003414450358,0
6703,10.228003414450358,0
6704,10.228003414450358,0
6705,10.228003414450358,0
6706,10.228003414450358,0
6707,10.228003414450358,0
6708,10.228003414450358,1
6709,0.6630858086166929,0
6710,0.6630858086166929,0
6711,0.6630858086166929,0
6712,0.6630858086166929,0
6713,0.6630858086166929,0
6714,0.6630858086166929,0
6715,0.6630858086166929,0
6716,0.6630858086166929,1
6717,0.6630858086166929,0
6718,0.6630858086166929,0
6719,0.6630858086166929,0
6720,0.6630858086166929,0
6721,0.6630858086166929,0
6722,23.691534444063198,0
6723,23.691534444063198,0
6724,23.691534444063198,0
6725,23.691534444063198,0
6726,23.691534444063198,0
6727,23.691534444063198,1
6728,23.691534444063198,0
6729,23.691534444063198,0
6730,23.691534444063198,0
6731,23.691534444063198,0
6732,23.691534444063198,0
6733,23.691534444063198,0
6734,23.691534444063198,0
6735,23.691534444063198,0
6736,58.71148997151002,0
6737,58.71148997151002,0
6738,58.71148997151002,0
6739,58.71148997151002,0
6740,58.71148997151002,0
6741,58.71148997151002,0
6742,58.71148997151002,0
6743,58.71148997151002,0
6744,58.71148997151002,0
6745,58.71148997151002,0
6746,58.71148997151002,0
6747,58.71148997151002,0
6748,58.71148997151002,0
6749,4.360064187847528,0
6750,4.360064187847528,0
6751,4.360064187847528,0
6752,4.360064187847528,0
6753,4.360064187847528,0
6754,4.360064187847528,0
6755,4.360064187847528,0
6756,4.360064187847528,0
6757,4.360064187847528,1
6758,4.360064187847528,0
6759,4.360064187847528,0
6760,15.911716491956346,0
6761,15.911716491956346,0
6762,15.911716491956346,0
6763,15.911716491956346,0
6764,15.911716491956346,0
6765,15.911716491956346,0
6766,15.911716491956346,0
6767,1.0410913649589146,0
6768,1.0410913649589146,0
6769,1.0410913649589146,0
6770,1.0410913649589146,0
6771,1.0410913649589146,0
6772,1.0410913649589146,0
6773,1.0410913649589146,0
6774,1.0410913649589146,0
6775,1.0410913649589146,0
6776,29.577548993463285,0
6777,29.577548993463285,0
6778,29.577548993463285,0
6779,29.577548993463285,0
6780,29.577548993463285,0
6781,0.4612866688373948,0
6782,0.4612866688373948,0
6783,0.4612866688373948,0
6784,0.4612866688373948,0
6785,0.4612866688373948,0
6786,0.4612866688373948,0
6787,0.4612866688373948,0
6788,0.4612866688373948,0
6789,0.4612866688373948,0
6790,0.4612866688373948,0
6791,29.535625230724882,0
6792,29.535625230724882,0
6793,29.535625230724882,0
6794,29.535625230724882,0
6795,29.535625230724882,0
6796,29.535625230724882,0
6797,29.535625230724882,0
6798,29.535625230724882,0
6799,29.535625230724882,0
6800,29.535625230724882,0
6801,29.535625230724882,1
6802,29.535625230724882,0
6803,29.535625230724882,0
6804,29.535625230724882,0
6805,68.59160987601544,0
6806,68.59160987601544,0
6807,68.59160987601544,0
6808,68.59160987601544,0
6809,68.59160987601544,0
6810,68.59160987601544,0
6811,68.59160987601544,0
6812,68.59160987601544,0
6813,68.59160987601544,0
6814,68.59160987601544,0
6815,68.59160987601544,0
6816,68.59160987601544,0
6817,34.51707147681823,0
6818,34.51707147681823,0
6819,34.51707147681823,0
6820,34.51707147681823,1
6821,34.51707147681823,0
6822,34.51707147681823,0
6823,34.51707147681823,0
6824,34.51707147681823,0
6825,34.51707147681823,0
6826,34.51707147681823,0
6827,4.96013307965161,0
6828,4.96013307965161,0
6829,4.96013307965161,0
6830,4.96013307965161,0
6831,4.96013307965161,0
6832,4.96013307965161,0
6833,4.96013307965161,0
6834,4.96013307965161,0
6835,5.9254455711599885,0
6836,5.9254455711599885,0
6837,5.9254455711599885,0
6838,5.9254455711599885,0
6839,5.9254455711599885,0
6840,5.9254455711599885,0
6841,5.9254455711599885,0
6842,5.9254455711599885,0
6843,43.40795172728054,0
6844,43.40795172728054,0
6845,43.40795172728054,0
6846,43.40795172728054,0
6847,43.40795172728054,0
6848,43.40795172728054,0
6849,43.40795172728054,0
6850,43.40795172728054,0
6851,43.40795172728054,0
6852,43.40795172728054,0
6853,43.40795172728054,0
6854,5.34807844030713,0
6855,5.34807844030713,0
6856,5.34807844030713,0
6857,5.34807844030713,0
6858,5.34807844030713,0
6859,5.34807844030713,0
6860,5.34807844030713,1
6861,5.34807844030713,0
6862,5.34807844030713,0
6863,5.34807844030713,0
6864,5.34807844030713,0
6865,5.34807844030713,0
6866,5.34807844030713,1
6867,5.34807844030713,0
6868,24.522021271101384,0
6869,24.522021271101384,0
6870,24.522021271101384,0
6871,24.522021271101384,0
6872,24.522021271101384,0
6873,24.522021271101384,0
6874,24.522021271101384,0
6875,24.522021271101384,0
6876,24.522021271101384,0
6877,24.522021271101384,0
6878,24.522021271101384,0
6879,32.25014071011183,0
6880,32.25014071011183,0
6881,32.25014071011183,0
6882,32.25014071011183,0
6883,32.25014071011183,1
6884,32.25014071011183,0
6885,32.25014071011183,0
6886,32.25014071011183,0
6887,32.25014071011183,0
6888,32.25014071011183,0
6889,32.25014071011183,0
6890,32.25014071011183,0
6891,32.25014071011183,0
6892,32.25014071011183,0
6893,32.25014071011183,0
6894,1.3701119367572836,0
6895,1.3701119367572836,0
6896,1.3701119367572836,0
6897,1.3701119367572836,0
6898,1.3701119367572836,0
6899,1.3701119367572836,0
6900,1.3701119367572836,0
6901,1.3701119367572836,0
6902,1.6127692818064594,0
6903,1.6127692818064594,0
6904,1.6127692818064594,0
6905,1.6127692818064594,0
6906,1.6127692818064594,1
6907,1.6127692818064594,0
6908,1.6127692818064594,0
6909,1.6127692818064594,0
6910,1.6127692818064594,0
6911,1.6127692818064594,0
6912,1.6127692818064594,0
6913,1.6127692818064594,0
6914,32.10339489859783,0
6915,32.10339489859783,1
6916,32.10339489859783,0
6917,32.10339489859783,0
6918,32.10339489859783,0
6919,32.10339489859783,0
6920,32.10339489859783,0
6921,32.10339489859783,0
6922,32.10339489859783,0
6923,32.10339489859783,0
6924,32.10339489859783,0
6925,48.736589923436355,0
6926,48.736589923436355,0
6927,48.736589923436355,0
6928,48.736589923436355,0
6929,48.736589923436355,0
6930,48.736589923436355,0
6931,48.736589923436355,0
6932,48.736589923436355,0
6933,48.736589923436355,0
6934,48.736589923436355,0
6935,48.736589923436355,0
6936,48.736589923436355,0
6937,21.7747561673966,0
6938,21.7747561673966,0
6939,21.7747561673966,1
6940,21.7747561673966,0
6941,21.7747561673966,0
6942,21.7747561673966,0
6943,21.7747561673966,0
6944,60.63532361147131,0
6945,60.63532361147131,0
6946,60.63532361147131,0
6947,60.63532361147131,0
6948,60.63532361147131,0
6949,60.63532361147131,0
6950,60.63532361147131,0
6951,60.63532361147131,0
6952,60.63532361147131,0
6953,60.63532361147131,0
6954,60.63532361147131,0
6955,1.528244798396643,0
6956,1.528244798396643,1
6957,1.528244798396643,0
6958,1.528244798396643,0
6959,1.528244798396643,0
6960,1.528244798396643,0
6961,1.528244798396643,1
6962,1.528244798396643,0
6963,1.528244798396643,0
6964,24.549503330373714,0
6965,24.549503330373714,0
6966,24.549503330373714,0
6967,24.549503330373714,0
6968,24.549503330373714,0
6969,24.549503330373714,0
6970,24.549503330373714,0
6971,24.549503330373714,0
6972,24.549503330373714,0
6973,24.549503330373714,0
6974,36.846582118517226,0
6975,36.846582118517226,0
6976,36.846582118517226,0
6977,36.846582118517226,0
6978,36.846582118517226,0
6979,36.846582118517226,0
6980,36.846582118517226,0
6981,36.846582118517226,0
6982,36.846582118517226,0
6983,36.846582118517226,0
6984,57.72320035194904,0
6985,57.72320035194904,0
6986,57.72320035194904,0
6987,57.72320035194904,1
6988,57.72320035194904,0
6989,57.72320035194904,0
6990,57.72320035194904,0
6991,57.72320035194904,0
6992,57.72320035194904,0
6993,57.72320035194904,0
6994,57.72320035194904,0
6995,57.72320035194904,0
6996,57.72320035194904,0
6997,86.88532970009236,0
6998,86.88532970009236,0
6999,86.88532970009236,1
7000,86.88532970009236,0
7001,86.88532970009236,0
7002,86.88532970009236,0
7003,86.88532970009236,1
7004,86.88532970009236,0
7005,86.88532970009236,0
7006,86.88532970009236,0
7007,31.26832606134107,0
7008,31.26832606134107,0
7009,31.26832606134107,0
7010,31.26832606134107,0
7011,31.26832606134107,0
7012,31.26832606134107,1
7013,31.26832606134107,0
7014,31.26832606134107,0
7015,31.26832606134107,0
7016,31.26832606134107,0
7017,31.26832606134107,0
7018,31.26832606134107,0
7019,31.26832606134107,0
7020,24.408242532099354,0
7021,24.408242532099354,0
7022,24.408242532099354,0
7023,24.408242532099354,0
7024,24.408242532099354,0
7025,24.408242532099354,0
7026,24.408242532099354,0
7027,24.408242532099354,0
7028,24.408242532099354,0
7029,24.408242532099354,0
7030,24.408242532099354,0
7031,24.408242532099354,0
7032,91.18973986478079,0
7033,91.18973986478079,0
7034,91.18973986478079,0
7035,91.18973986478079,0
7036,91.18973986478079,0
7037,91.18973986478079,0
7038,91.18973986478079,0
7039,91.18973986478079,0
7040,73.09938265191529,0
7041,73.09938265191529,0
7042,73.09938265191529,0
7043,73.09938265191529,0
7044,73.09938265191529,0
7045,73.09938265191529,0
7046,73.09938265191529,0
7047,73.09938265191529,0
7048,73.09938265191529,0
7049,0.8412328671536954,0
7050,0.8412328671536954,0
7051,0.8412328671536954,0
7052,0.8412328671536954,0
7053,0.8412328671536954,0
7054,0.8412328671536954,0
7055,0.8412328671536954,0
7056,0.8412328671536954,0
7057,0.8412328671536954,0
7058,12.690039885246367,0
7059,12.690039885246367,0
7060,12.690039885246367,0
7061,12.690039885246367,0
7062,12.690039885246367,0
7063,12.690039885246367,0
7064,12.690039885246367,0
7065,12.690039885246367,0
7066,12.690039885246367,0
7067,12.690039885246367,0
7068,12.690039885246367,1
7069,12.690039885246367,0
7070,43.39731121915011,0
7071,43.39731121915011,0
7072,43.39731121915011,0
7073,43.39731121915011,0
7074,43.39731121915011,0
7075,43.39731121915011,1
7076,0.9066761376051702,0
7077,0.9066761376051702,0
7078,0.9066761376051702,0
7079,0.9066761376051702,0
7080,0.9066761376051702,1
7081,0.9066761376051702,0
7082,0.9066761376051702,0
7083,0.9066761376051702,1
7084,0.9066761376051702,0
7085,0.9066761376051702,0
7086,0.9066761376051702,0
7087,41.94402675817857,0
7088,41.94402675817857,0
7089,41.94402675817857,0
7090,41.94402675817857,0
7091,41.94402675817857,0
7092,41.94402675817857,0
7093,41.94402675817857,0
7094,41.94402675817857,0
7095,41.94402675817857,0
7096,41.94402675817857,0
7097,41.94402675817857,0
7098,41.94402675817857,0
7099,41.94402675817857,0
7100,41.94402675817857,0
7101,76.08122506725572,1
7102,76.08122506725572,0
7103,76.08122506725572,0
7104,76.08122506725572,0
7105,76.08122506725572,1
7106,76.08122506725572,0
7107,76.08122506725572,0
7108,76.08122506725572,0
7109,76.08122506725572,0
7110,76.08122506725572,0
7111,41.03935156044912,0
7112,41.03935156044912,0
7113,41.03935156044912,0
7114,41.03935156044912,0
7115,41.03935156044912,0
7116,41.03935156044912,0
7117,41.03935156044912,0
7118,41.03935156044912,0
7119,41.03935156044912,0
7120,41.03935156044912,0
7121,41.03935156044912,0
7122,41.03935156044912,0
7123,41.03935156044912,0
7124,11.149360211882867,0
7125,11.149360211882867,0
7126,11.149360211882867,0
7127,11.149360211882867,0
7128,11.149360211882867,0
7129,11.149360211882867,0
7130,11.149360211882867,0
7131,11.149360211882867,0
7132,11.149360211882867,0
7133,11.149360211882867,0
7134,11.149360211882867,0
7135,11.149360211882867,0
7136,11.149360211882867,0
7137,9.808430317710924,0
7138,9.808430317710924,0
7139,9.808430317710924,0
7140,9.808430317710924,0
7141,9.808430317710924,1
7142,9.808430317710924,0
7143,9.808430317710924,0
7144,9.808430317710924,0
7145,9.808430317710924,0
7146,9.808430317710924,0
7147,9.808430317710924,0
7148,54.14823248407589,0
7149,54.14823248407589,0
7150,54.14823248407589,0
7151,54.14823248407589,0
7152,54.14823248407589,0
7153,54.14823248407589,0
7154,54.14823248407589,0
7155,54.14823248407589,0
7156,54.14823248407589,0
7157,54.14823248407589,0
7158,54.14823248407589,0
7159,54.14823248407589,0
7160,54.14823248407589,0
7161,125.49419509634546,0
7162,125.49419509634546,0
7163,125.49419509634546,0
7164,125.49419509634546,0
7165,125.49419509634546,0
7166,125.49419509634546,0
7167,125.49419509634546,0
7168,125.49419509634546,0
7169,125.49419509634546,0
7170,125.49419509634546,0
7171,125.49419509634546,0
7172,125.49419509634546,0
7173,0.7352419569250281,0
7174,0.7352419569250281,0
7175,0.7352419569250281,0
7176,0.7352419569250281,0
7177,0.7352419569250281,0
7178,0.7352419569250281,0
7179,0.7352419569250281,0
7180,0.7352419569250281,0
7181,0.7352419569250281,0
7182,0.7352419569250281,1
7183,0.7352419569250281,0
7184,0.7352419569250281,0
7185,0.7352419569250281,1
7186,0.7352419569250281,0
7187,3.8753327129154584,0
7188,3.8753327129154584,0
7189,3.8753327129154584,0
7190,3.8753327129154584,0
7191,3.8753327129154584,0
7192,3.8753327129154584,0
7193,3.8753327129154584,0
7194,3.8753327129154584,0
7195,3.8753327129154584,0
7196,3.8753327129154584,0
7197,3.8753327129154584,0
7198,3.8753327129154584,0
7199,3.8753327129154584,0
7200,3.8753327129154584,0
7201,32.129744567751594,0
7202,32.129744567751594,0
7203,32.129744567751594,0
7204,32.129744567751594,0
7205,32.129744567751594,0
7206,32.129744567751594,0
7207,32.129744567751594,0
7208,32.129744567751594,0
7209,32.129744567751594,0
7210,32.129744567751594,0
7211,32.129744567751594,0
7212,32.129744567751594,0
7213,0.9988589831415394,0
7214,0.9988589831415394,0
7215,0.9988589831415394,0
7216,0.9988589831415394,0
7217,0.9988589831415394,0
7218,0.9988589831415394,0
7219,0.9988589831415394,0
7220,0.9988589831415394,0
7221,0.9988589831415394,0
7222,0.9988589831415394,0
7223,0.9988589831415394,0
7224,0.9988589831415394,0
7225,0.9988589831415394,0
7226,1.599998656268379,0
7227,1.599998656268379,0
7228,1.599998656268379,0
7229,1.599998656268379,0
7230,1.599998656268379,0
7231,1.599998656268379,0
7232,1.599998656268379,0
7233,1.599998656268379,0
7234,1.599998656268379,0
7235,1.599998656268379,0
7236,1.599998656268379,0
7237,1.599998656268379,0
7238,10.176991620811016,0
7239,10.176991620811016,0
7240,10.176991620811016,0
7241,10.176991620811016,0
7242,10.176991620811016,0
7243,10.176991620811016,0
7244,10.176991620811016,0
7245,10.176991620811016,0
7246,10.176991620811016,0
7247,10.176991620811016,0
7248,10.176991620811016,0
7249,10.176991620811016,0
7250,10.176991620811016,0
7251,10.176991620811016,0
7252,10.176991620811016,0
7253,0.5409112593743198,1
7254,0.5409112593743198,0
7255,0.5409112593743198,0
7256,0.5409112593743198,0
7257,0.5409112593743198,0
7258,0.5409112593743198,0
7259,0.5409112593743198,0
7260,0.5409112593743198,0
7261,0.5409112593743198,0
7262,0.5409112593743198,0
7263,0.5409112593743198,0
7264,0.5409112593743198,0
7265,0.5409112593743198,0
7266,7.672127682877921,0
7267,7.672127682877921,0
7268,7.672127682877921,1
7269,7.672127682877921,0
7270,7.672127682877921,0
7271,7.672127682877921,0
7272,7.672127682877921,0
7273,7.672127682877921,0
7274,7.672127682877921,0
7275,7.672127682877921,0
7276,2.0941672130074918,1
7277,2.0941672130074918,0
7278,2.0941672130074918,0
7279,2.0941672130074918,0
7280,2.0941672130074918,0
7281,2.0941672130074918,0
7282,2.0941672130074918,0
7283,2.0941672130074918,0
7284,2.0941672130074918,0
7285,23.590070914279753,0
7286,23.590070914279753,0
7287,23.590070914279753,0
7288,23.590070914279753,0
7289,23.590070914279753,0
7290,23.590070914279753,1
7291,23.590070914279753,0
7292,23.590070914279753,0
7293,23.590070914279753,0
7294,23.590070914279753,0
7295,1.8076055193534357,0
7296,1.8076055193534357,0
7297,1.8076055193534357,0
7298,1.8076055193534357,1
7299,1.8076055193534357,0
7300,1.8076055193534357,1
7301,1.8076055193534357,0
7302,1.8076055193534357,0
7303,1.8076055193534357,0
7304,1.8076055193534357,0
7305,1.8076055193534357,0
7306,1.8076055193534357,0
7307,1.8076055193534357,0
7308,1.8076055193534357,0
7309,1.8076055193534357,0
7310,1.8076055193534357,0
7311,1.8076055193534357,0
7312,90.90841694820115,0
7313,90.90841694820115,0
7314,90.90841694820115,0
7315,90.90841694820115,0
7316,90.90841694820115,0
7317,90.90841694820115,0
7318,90.90841694820115,1
7319,90.90841694820115,0
7320,90.90841694820115,0
7321,90.90841694820115,0
7322,2.8320521344287157,0
7323,2.8320521344287157,0
7324,2.8320521344287157,0
7325,2.8320521344287157,0
7326,2.8320521344287157,0
7327,2.8320521344287157,0
7328,2.8320521344287157,0
7329,2.8320521344287157,0
7330,2.8320521344287157,0
7331,2.8320521344287157,0
7332,14.1962597012811,1
7333,14.1962597012811,0
7334,14.1962597012811,0
7335,14.1962597012811,0
7336,14.1962597012811,0
7337,14.1962597012811,0
7338,14.1962597012811,0
7339,14.1962597012811,0
7340,14.1962597012811,0
7341,14.1962597012811,0
7342,14.1962597012811,0
7343,14.1962597012811,0
7344,14.1962597012811,0
7345,10.319982749305181,0
7346,10.319982749305181,1
7347,10.319982749305181,0
7348,10.319982749305181,0
7349,10.319982749305181,0
7350,10.319982749305181,0
7351,10.319982749305181,0
7352,10.319982749305181,1
7353,10.319982749305181,0
7354,10.319982749305181,0
7355,10.319982749305181,0
7356,10.319982749305181,0
7357,46.605766159519355,0
7358,46.605766159519355,0
7359,46.605766159519355,0
7360,46.605766159519355,0
7361,46.605766159519355,0
7362,46.605766159519355,0
7363,46.605766159519355,1
7364,46.605766159519355,0
7365,46.605766159519355,0
7366,46.605766159519355,0
7367,46.605766159519355,0
7368,46.605766159519355,0
7369,46.605766159519355,0
7370,46.605766159519355,0
7371,0.8921324867387994,0
7372,0.8921324867387994,0
7373,0.8921324867387994,0
7374,0.8921324867387994,0
7375,0.8921324867387994,0
7376,0.8921324867387994,0
7377,0.8921324867387994,0
7378,0.8921324867387994,0
7379,0.8921324867387994,0
7380,0.8921324867387994,0
7381,0.8921324867387994,0
7382,56.471537403081534,0
7383,56.471537403081534,0
7384,56.471537403081534,0
7385,56.471537403081534,0
7386,56.471537403081534,0
7387,56.471537403081534,0
7388,56.471537403081534,0
7389,56.471537403081534,0
7390,56.471537403081534,0
7391,56.471537403081534,0
7392,56.471537403081534,0
7393,104.26237111046792,0
7394,104.26237111046792,0
7395,104.26237111046792,0
7396,104.26237111046792,0
7397,104.26237111046792,0
7398,104.26237111046792,1
7399,104.26237111046792,0
7400,104.26237111046792,0
7401,104.26237111046792,0
7402,104.26237111046792,0
7403,6.496238261740919,0
7404,6.496238261740919,0
7405,6.496238261740919,0
7406,6.496238261740919,0
7407,6.496238261740919,0
7408,6.496238261740919,0
7409,6.496238261740919,0
7410,6.496238261740919,0
7411,6.496238261740919,0
7412,182.10711557561473,0
7413,182.10711557561473,0
7414,182.10711557561473,0
7415,182.10711557561473,1
7416,182.10711557561473,0
7417,182.10711557561473,0
7418,182.10711557561473,0
7419,84.18087622693274,0
7420,84.18087622693274,0
7421,84.18087622693274,0
7422,84.18087622693274,0
7423,84.18087622693274,0
7424,84.18087622693274,0
7425,84.18087622693274,0
7426,84.18087622693274,0
7427,84.18087622693274,0
7428,84.18087622693274,0
7429,84.18087622693274,0
7430,20.937267935009647,0
7431,20.937267935009647,0
7432,20.937267935009647,0
7433,20.937267935009647,0
7434,20.937267935009647,0
7435,20.937267935009647,0
7436,20.937267935009647,0
7437,20.937267935009647,0
7438,20.937267935009647,0
7439,20.937267935009647,0
7440,20.937267935009647,0
7441,20.937267935009647,0
7442,20.937267935009647,0
7443,20.937267935009647,0
7444,20.937267935009647,0
7445,1.0573918830143467,0
7446,1.0573918830143467,0
7447,1.0573918830143467,0
7448,1.0573918830143467,0
7449,1.0573918830143467,0
7450,1.0573918830143467,0
7451,1.0573918830143467,0
7452,1.0573918830143467,0
7453,1.0573918830143467,0
7454,1.0573918830143467,0
7455,1.0573918830143467,0
7456,1.0573918830143467,0
7457,82.91093625432752,0
7458,82.91093625432752,0
7459,82.91093625432752,0
7460,82.91093625432752,0
7461,82.91093625432752,0
7462,82.91093625432752,0
7463,82.91093625432752,0
7464,82.91093625432752,0
7465,82.91093625432752,1
7466,82.91093625432752,0
7467,82.91093625432752,0
7468,82.91093625432752,0
7469,5.172102374225271,0
7470,5.172102374225271,0
7471,5.172102374225271,0
7472,5.172102374225271,0
7473,5.172102374225271,0
7474,5.172102374225271,0
7475,5.172102374225271,0
7476,5.172102374225271,0
7477,5.172102374225271,0
7478,5.172102374225271,0
7479,5.172102374225271,1
7480,5.172102374225271,0
7481,0.39002452194980586,0
7482,0.39002452194980586,0
7483,0.39002452194980586,0
7484,0.39002452194980586,0
7485,0.39002452194980586,0
7486,0.39002452194980586,0
7487,0.39002452194980586,0
7488,0.39002452194980586,0
7489,0.39002452194980586,0
7490,0.39002452194980586,0
7491,0.39002452194980586,0
7492,0.39002452194980586,0
7493,0.39002452194980586,0
7494,0.39002452194980586,1
7495,0.39002452194980586,0
7496,1.252704203311613,0
7497,1.252704203311613,0
7498,1.252704203311613,0
7499,1.252704203311613,0
7500,1.252704203311613,0
7501,1.252704203311613,0
7502,13.527037624074952,0
7503,13.527037624074952,0
7504,13.527037624074952,0
7505,13.527037624074952,0
7506,13.527037624074952,0
7507,13.527037624074952,0
7508,2.62512604430978,0
7509,2.62512604430978,0
7510,2.62512604430978,0
7511,2.62512604430978,0
7512,2.62512604430978,0
7513,2.62512604430978,0
7514,2.62512604430978,0
7515,2.62512604430978,0
7516,2.62512604430978,0
7517,2.62512604430978,0
7518,43.52162383275303,0
7519,43.52162383275303,0
7520,43.52162383275303,0
7521,43.52162383275303,0
7522,43.52162383275303,0
7523,43.52162383275303,0
7524,43.52162383275303,0
7525,43.52162383275303,0
7526,43.52162383275303,0
7527,43.52162383275303,0
7528,43.52162383275303,0
7529,43.52162383275303,0
7530,43.52162383275303,0
7531,43.52162383275303,0
7532,21.725711714786605,0
7533,21.725711714786605,0
7534,21.725711714786605,0
7535,21.725711714786605,0
7536,21.725711714786605,1
7537,21.725711714786605,0
7538,21.725711714786605,0
7539,21.725711714786605,0
7540,21.725711714786605,0
7541,21.725711714786605,0
7542,21.725711714786605,0
7543,21.725711714786605,0
7544,21.725711714786605,0
7545,7.330801254047865,1
7546,7.330801254047865,0
7547,7.330801254047865,0
7548,7.330801254047865,0
7549,7.330801254047865,1
7550,7.330801254047865,1
7551,7.330801254047865,0
7552,7.330801254047865,0
7553,7.330801254047865,0
7554,7.330801254047865,0
7555,7.330801254047865,0
7556,7.330801254047865,0
7557,7.330801254047865,0
7558,51.44414190616833,0
7559,51.44414190616833,0
7560,51.44414190616833,0
7561,51.44414190616833,0
7562,51.44414190616833,0
7563,51.44414190616833,0
7564,51.44414190616833,0
7565,51.44414190616833,0
7566,51.44414190616833,0
7567,51.44414190616833,0
7568,51.44414190616833,1
7569,14.922498432109172,0
7570,14.922498432109172,1
7571,14.922498432109172,0
7572,14.922498432109172,0
7573,14.922498432109172,0
7574,14.922498432109172,0
7575,14.922498432109172,0
7576,14.922498432109172,0
7577,14.922498432109172,0
7578,14.922498432109172,0
7579,14.922498432109172,0
7580,23.897774891215555,0
7581,23.897774891215555,0
7582,23.897774891215555,0
7583,23.897774891215555,0
7584,23.897774891215555,0
7585,23.897774891215555,0
7586,23.897774891215555,0
7587,23.897774891215555,0
7588,23.897774891215555,0
7589,23.897774891215555,0
7590,23.897774891215555,0
7591,36.76607726838001,0
7592,36.76607726838001,0
7593,36.76607726838001,0
7594,36.76607726838001,0
7595,36.76607726838001,0
7596,36.76607726838001,0
7597,36.76607726838001,0
7598,36.76607726838001,0
7599,36.76607726838001,0
7600,36.76607726838001,0
7601,36.76607726838001,0
7602,13.554434763612745,1
7603,13.554434763612745,0
7604,13.554434763612745,0
7605,13.554434763612745,0
7606,13.554434763612745,0
7607,13.554434763612745,0
7608,13.554434763612745,0
7609,13.554434763612745,1
7610,13.554434763612745,0
7611,13.554434763612745,0
7612,13.554434763612745,0
7613,69.32361768627295,0
7614,69.32361768627295,0
7615,69.32361768627295,0
7616,69.32361768627295,0
7617,69.32361768627295,0
7618,69.32361768627295,0
7619,69.32361768627295,0
7620,69.32361768627295,0
7621,69.32361768627295,0
7622,69.32361768627295,0
7623,69.32361768627295,0
7624,1.8741456933948226,0
7625,1.8741456933948226,0
7626,1.8741456933948226,0
7627,1.8741456933948226,0
7628,1.8741456933948226,0
7629,1.8741456933948226,0
7630,1.8741456933948226,0
7631,1.8741456933948226,0
7632,1.8741456933948226,1
7633,9.492315730520595,0
7634,9.492315730520595,0
7635,9.492315730520595,0
7636,9.492315730520595,0
7637,9.492315730520595,0
7638,9.492315730520595,0
7639,9.492315730520595,0
7640,9.492315730520595,0
7641,9.492315730520595,0
7642,9.492315730520595,0
7643,9.492315730520595,0
7644,9.492315730520595,0
7645,9.492315730520595,0
7646,148.24772292376858,0
7647,148.24772292376858,0
7648,148.24772292376858,1
7649,148.24772292376858,0
7650,148.24772292376858,0
7651,148.24772292376858,0
7652,148.24772292376858,0
7653,148.24772292376858,1
7654,148.24772292376858,0
7655,148.24772292376858,1
7656,148.24772292376858,0
7657,148.24772292376858,0
7658,21.48083973438197,1
7659,21.48083973438197,0
7660,21.48083973438197,0
7661,21.48083973438197,0
7662,21.48083973438197,0
7663,21.48083973438197,0
7664,21.48083973438197,0
7665,21.48083973438197,0
7666,21.48083973438197,0
7667,21.48083973438197,0
7668,21.48083973438197,0
7669,21.48083973438197,0
7670,21.48083973438197,0
7671,84.26211368994993,1
7672,84.26211368994993,0
7673,84.26211368994993,0
7674,84.26211368994993,0
7675,84.26211368994993,0
7676,84.26211368994993,0
7677,84.26211368994993,0
7678,84.26211368994993,0
7679,84.26211368994993,0
7680,84.26211368994993,0
7681,84.26211368994993,0
7682,84.26211368994993,0
7683,84.26211368994993,0
7684,84.26211368994993,0
7685,84.26211368994993,0
7686,21.899495998126707,0
7687,21.899495998126707,0
7688,21.899495998126707,0
7689,21.899495998126707,0
7690,21.899495998126707,0
7691,21.899495998126707,0
7692,21.899495998126707,0
7693,21.899495998126707,0
7694,21.899495998126707,0
7695,21.899495998126707,0
7696,2.2554826384743154,0
7697,2.2554826384743154,0
7698,2.2554826384743154,0
7699,2.2554826384743154,0
7700,2.2554826384743154,0
7701,2.2554826384743154,0
7702,2.2554826384743154,0
7703,2.2554826384743154,0
7704,2.2554826384743154,0
7705,2.2554826384743154,0
7706,2.2554826384743154,0
7707,2.2554826384743154,0
7708,2.2554826384743154,0
7709,35.22320134516929,0
7710,35.22320134516929,1
7711,35.22320134516929,0
7712,35.22320134516929,0
7713,35.22320134516929,0
7714,35.22320134516929,0
7715,35.22320134516929,1
7716,35.22320134516929,0
7717,35.22320134516929,0
7718,35.22320134516929,0
7719,28.307600686385467,0
7720,28.307600686385467,0
7721,28.307600686385467,0
7722,28.307600686385467,0
7723,28.307600686385467,1
7724,28.307600686385467,1
7725,28.307600686385467,0
7726,28.307600686385467,0
7727,28.307600686385467,0
7728,65.50400666446812,0
7729,65.50400666446812,0
7730,65.50400666446812,0
7731,65.50400666446812,0
7732,65.50400666446812,0
7733,65.50400666446812,0
7734,65.50400666446812,0
7735,65.50400666446812,0
7736,65.50400666446812,0
7737,65.50400666446812,0
7738,65.50400666446812,0
7739,65.50400666446812,0
7740,65.50400666446812,0
7741,65.50400666446812,1
7742,65.50400666446812,0
7743,81.99961056887841,0
7744,81.99961056887841,0
7745,81.99961056887841,0
7746,81.99961056887841,0
7747,81.99961056887841,0
7748,81.99961056887841,0
7749,81.99961056887841,1
7750,81.99961056887841,0
7751,81.99961056887841,0
7752,81.99961056887841,0
7753,81.99961056887841,0
7754,27.7096511651977,0
7755,27.7096511651977,0
7756,27.7096511651977,0
7757,27.7096511651977,0
7758,27.7096511651977,0
7759,27.7096511651977,0
7760,27.7096511651977,0
7761,27.7096511651977,0
7762,27.7096511651977,0
7763,27.7096511651977,0
7764,27.7096511651977,0
7765,1.3162222646848805,0
7766,1.3162222646848805,0
7767,1.3162222646848805,0
7768,1.3162222646848805,0
7769,1.3162222646848805,0
7770,1.3162222646848805,0
7771,1.3162222646848805,0
7772,1.3162222646848805,0
7773,1.3162222646848805,0
7774,1.3162222646848805,0
7775,1.3162222646848805,0
7776,1.3162222646848805,0
7777,1.3162222646848805,0
7778,3.161531580506141,0
7779,3.161531580506141,0
7780,3.161531580506141,0
7781,3.161531580506141,0
7782,3.161531580506141,0
7783,3.161531580506141,1
7784,3.161531580506141,0
7785,3.161531580506141,0
7786,3.161531580506141,0
7787,3.161531580506141,0
7788,3.161531580506141,0
7789,18.120794761896263,0
7790,18.120794761896263,0
7791,18.120794761896263,0
7792,18.120794761896263,0
7793,18.120794761896263,0
7794,18.120794761896263,0
7795,18.120794761896263,0
7796,18.120794761896263,0
7797,18.120794761896263,0
7798,18.120794761896263,1
7799,18.120794761896263,0
7800,18.120794761896263,0
7801,50.88044186636238,1
7802,50.88044186636238,0
7803,50.88044186636238,0
7804,50.88044186636238,0
7805,50.88044186636238,0
7806,50.88044186636238,0
7807,50.88044186636238,0
7808,50.88044186636238,0
7809,50.88044186636238,1
7810,50.88044186636238,0
7811,61.612956070290146,0
7812,61.612956070290146,0
7813,61.612956070290146,0
7814,61.612956070290146,0
7815,61.612956070290146,0
7816,61.612956070290146,0
7817,61.612956070290146,0
7818,61.612956070290146,0
7819,61.612956070290146,0
7820,61.612956070290146,0
7821,61.612956070290146,1
7822,61.612956070290146,0
7823,61.612956070290146,0
7824,61.612956070290146,0
7825,2.8221852667952687,0
7826,2.8221852667952687,0
7827,2.8221852667952687,0
7828,2.8221852667952687,0
7829,2.8221852667952687,0
7830,2.8221852667952687,0
7831,2.8221852667952687,0
7832,2.8221852667952687,0
7833,2.8221852667952687,0
7834,2.8221852667952687,0
7835,2.8362778324842792,0
7836,2.8362778324842792,0
7837,2.8362778324842792,0
7838,2.8362778324842792,0
7839,2.8362778324842792,0
7840,2.8362778324842792,0
7841,2.8362778324842792,0
7842,2.8362778324842792,0
7843,2.8362778324842792,0
7844,32.01776196803313,0
7845,32.01776196803313,0
7846,32.01776196803313,0
7847,32.01776196803313,0
7848,32.01776196803313,0
7849,32.01776196803313,0
7850,32.01776196803313,0
7851,32.01776196803313,0
7852,32.01776196803313,0
7853,32.01776196803313,0
7854,32.01776196803313,0
7855,32.01776196803313,0
7856,32.01776196803313,0
7857,32.01776196803313,0
7858,66.06458874200761,0
7859,66.06458874200761,0
7860,66.06458874200761,0
7861,66.06458874200761,0
7862,66.06458874200761,1
7863,66.06458874200761,0
7864,66.06458874200761,0
7865,66.06458874200761,0
7866,66.06458874200761,0
7867,66.06458874200761,0
7868,66.06458874200761,0
7869,66.06458874200761,0
7870,66.06458874200761,0
7871,66.06458874200761,0
7872,66.06458874200761,0
7873,54.52979936846939,0
7874,54.52979936846939,0
7875,54.52979936846939,0
7876,54.52979936846939,0
7877,54.52979936846939,0
7878,54.52979936846939,0
7879,54.52979936846939,0
7880,54.52979936846939,0
7881,54.52979936846939,0
7882,54.52979936846939,0
7883,47.11189692332126,0
7884,47.11189692332126,0
7885,47.11189692332126,0
7886,47.11189692332126,0
7887,47.11189692332126,0
7888,47.11189692332126,0
7889,47.11189692332126,0
7890,47.11189692332126,0
7891,47.11189692332126,0
7892,47.11189692332126,0
7893,1.990140327950446,0
7894,1.990140327950446,0
7895,1.990140327950446,0
7896,1.990140327950446,0
7897,1.990140327950446,0
7898,1.990140327950446,0
7899,1.990140327950446,0
7900,1.990140327950446,0
7901,1.990140327950446,0
7902,1.990140327950446,0
7903,1.990140327950446,0
7904,26.86837824145547,0
7905,26.86837824145547,0
7906,26.86837824145547,0
7907,26.86837824145547,0
7908,26.86837824145547,0
7909,26.86837824145547,0
7910,26.86837824145547,0
7911,26.86837824145547,0
7912,26.86837824145547,0
7913,26.86837824145547,0
7914,26.86837824145547,1
7915,56.75246384927848,0
7916,56.75246384927848,0
7917,56.75246384927848,0
7918,56.75246384927848,0
7919,56.75246384927848,0
7920,56.75246384927848,0
7921,56.75246384927848,0
7922,56.75246384927848,0
7923,56.75246384927848,0
7924,56.75246384927848,0
7925,56.75246384927848,0
7926,9.090997644592713,0
7927,9.090997644592713,0
7928,9.090997644592713,0
7929,9.090997644592713,1
7930,9.090997644592713,0
7931,9.090997644592713,0
7932,9.090997644592713,0
7933,9.090997644592713,0
7934,9.090997644592713,0
7935,9.090997644592713,0
7936,9.090997644592713,0
7937,9.090997644592713,0
7938,9.090997644592713,0
7939,9.090997644592713,0
7940,9.090997644592713,0
7941,0.3956093331952072,0
7942,0.3956093331952072,0
7943,0.3956093331952072,0
7944,0.3956093331952072,0
7945,0.3956093331952072,0
7946,0.3956093331952072,0
7947,0.3956093331952072,0
7948,0.3956093331952072,0
7949,0.3956093331952072,0
7950,0.3956093331952072,0
7951,0.3956093331952072,0
7952,0.3956093331952072,0
7953,0.3956093331952072,0
7954,0.3956093331952072,1
7955,80.19007689739857,0
7956,80.19007689739857,0
7957,80.19007689739857,0
7958,80.19007689739857,0
7959,80.19007689739857,0
7960,80.19007689739857,0
7961,80.19007689739857,0
7962,80.19007689739857,0
7963,80.19007689739857,0
7964,20.57664669397445,0
7965,20.57664669397445,0
7966,20.57664669397445,0
7967,20.57664669397445,0
7968,20.57664669397445,0
7969,20.57664669397445,0
7970,20.57664669397445,0
7971,20.57664669397445,0
7972,20.57664669397445,0
7973,20.57664669397445,0
7974,20.57664669397445,0
7975,20.57664669397445,0
7976,20.57664669397445,0
7977,20.57664669397445,0
7978,20.57664669397445,0
7979,6.221289463028354,0
7980,6.221289463028354,0
7981,6.221289463028354,0
7982,6.221289463028354,0
7983,78.8718960022669,0
7984,78.8718960022669,0
7985,78.8718960022669,0
7986,78.8718960022669,0
7987,78.8718960022669,0
7988,86.8243780967667,0
7989,86.8243780967667,0
7990,86.8243780967667,0
7991,86.8243780967667,0
7992,86.8243780967667,0
7993,86.8243780967667,0
7994,86.8243780967667,0
7995,86.8243780967667,0
7996,86.8243780967667,0
7997,86.8243780967667,0
7998,86.8243780967667,1
7999,86.8243780967667,0
8000,86.8243780967667,0
8001,86.8243780967667,0
8002,2.9446586343690124,0
8003,2.9446586343690124,0
8004,2.9446586343690124,0
8005,2.9446586343690124,0
8006,2.9446586343690124,0
8007,2.9446586343690124,0
8008,2.9446586343690124,0
8009,2.9446586343690124,0
8010,2.9446586343690124,0
8011,2.9446586343690124,0
8012,2.9446586343690124,0
8013,2.9446586343690124,0
8014,35.75416314815419,0
8015,35.75416314815419,0
8016,35.75416314815419,0
8017,35.75416314815419,0
8018,35.75416314815419,0
8019,35.75416314815419,1
8020,35.75416314815419,0
8021,35.75416314815419,0
8022,35.75416314815419,1
8023,35.75416314815419,0
8024,0.43307772097117253,0
8025,0.43307772097117253,0
8026,0.43307772097117253,0
8027,0.43307772097117253,0
8028,0.43307772097117253,0
8029,0.43307772097117253,0
8030,16.896253680525703,1
8031,16.896253680525703,0
8032,16.896253680525703,1
8033,16.896253680525703,0
8034,16.896253680525703,0
8035,16.896253680525703,0
8036,16.896253680525703,1
8037,22.43938157221363,0
8038,22.43938157221363,0
8039,22.43938157221363,0
8040,22.43938157221363,0
8041,22.43938157221363,0
8042,22.43938157221363,0
8043,22.43938157221363,0
8044,22.43938157221363,0
8045,22.43938157221363,0
8046,22.43938157221363,0
8047,2.6300100726982434,0
8048,2.6300100726982434,0
8049,2.6300100726982434,0
8050,2.6300100726982434,0
8051,2.6300100726982434,0
8052,2.6300100726982434,0
8053,2.6300100726982434,0
8054,2.6300100726982434,0
8055,2.6300100726982434,0
8056,2.6300100726982434,0
8057,2.6300100726982434,0
8058,1.4540998064124586,0
8059,1.4540998064124586,0
8060,1.4540998064124586,0
8061,1.4540998064124586,0
8062,1.4540998064124586,0
8063,1.4540998064124586,0
8064,1.4540998064124586,0
8065,1.4540998064124586,0
8066,1.4540998064124586,0
8067,1.4540998064124586,0
8068,1.3493352580324982,0
8069,1.3493352580324982,0
8070,1.3493352580324982,0
8071,1.3493352580324982,1
8072,1.3493352580324982,0
8073,1.3493352580324982,0
8074,1.3493352580324982,0
8075,1.3493352580324982,0
8076,1.3493352580324982,0
8077,1.3493352580324982,0
8078,1.3493352580324982,0
8079,1.3493352580324982,0
8080,1.3493352580324982,0
8081,2.008858236822691,0
8082,2.008858236822691,0
8083,2.008858236822691,0
8084,2.008858236822691,0
8085,2.008858236822691,0
8086,2.008858236822691,0
8087,2.008858236822691,0
8088,2.008858236822691,0
8089,2.008858236822691,0
8090,2.008858236822691,0
8091,2.008858236822691,0
8092,69.79262441419931,0
8093,69.79262441419931,0
8094,69.79262441419931,0
8095,69.79262441419931,1
8096,69.79262441419931,0
8097,69.79262441419931,0
8098,69.79262441419931,0
8099,69.79262441419931,0
8100,69.79262441419931,0
8101,69.79262441419931,0
8102,69.79262441419931,0
8103,69.79262441419931,0
8104,47.8161851777188,0
8105,47.8161851777188,0
8106,47.8161851777188,0
8107,47.8161851777188,0
8108,47.8161851777188,0
8109,47.8161851777188,0
8110,47.8161851777188,0
8111,47.8161851777188,0
8112,47.8161851777188,0
8113,47.8161851777188,0
8114,47.8161851777188,1
8115,0.42572071765203434,0
8116,0.42572071765203434,0
8117,0.42572071765203434,0
8118,0.42572071765203434,0
8119,0.42572071765203434,0
8120,0.42572071765203434,0
8121,0.42572071765203434,0
8122,0.42572071765203434,0
8123,0.42572071765203434,0
8124,0.42572071765203434,0
8125,0.42572071765203434,0
8126,0.42572071765203434,0
8127,0.42572071765203434,0
8128,0.42572071765203434,0
8129,0.42572071765203434,0
8130,0.42572071765203434,0
8131,52.48967897813807,0
8132,52.48967897813807,0
8133,52.48967897813807,0
8134,52.48967897813807,0
8135,52.48967897813807,0
8136,52.48967897813807,0
8137,0.12249600121169095,0
8138,0.12249600121169095,0
8139,0.12249600121169095,0
8140,0.12249600121169095,0
8141,0.12249600121169095,0
8142,0.12249600121169095,0
8143,0.12249600121169095,0
8144,0.12249600121169095,0
8145,0.12249600121169095,0
8146,5.309118701284887,0
8147,5.309118701284887,0
8148,5.309118701284887,1
8149,5.309118701284887,0
8150,5.309118701284887,0
8151,5.309118701284887,1
8152,5.309118701284887,0
8153,0.3530062729191364,0
8154,0.3530062729191364,0
8155,0.3530062729191364,1
8156,0.3530062729191364,0
8157,0.3530062729191364,0
8158,0.3530062729191364,0
8159,0.3530062729191364,0
8160,0.3530062729191364,0
8161,0.3530062729191364,0
8162,0.3530062729191364,0
8163,0.3530062729191364,0
8164,0.3530062729191364,0
8165,43.946568890553905,0
8166,43.946568890553905,0
8167,43.946568890553905,0
8168,43.946568890553905,0
8169,43.946568890553905,1
8170,43.946568890553905,0
8171,43.946568890553905,0
8172,43.946568890553905,0
8173,43.946568890553905,0
8174,43.946568890553905,0
8175,43.946568890553905,0
8176,30.51841336276217,0
8177,30.51841336276217,0
8178,30.51841336276217,0
8179,30.51841336276217,0
8180,30.51841336276217,1
8181,30.51841336276217,0
8182,30.51841336276217,0
8183,30.51841336276217,0
8184,30.51841336276217,0
8185,30.51841336276217,0
8186,30.51841336276217,1
8187,30.51841336276217,0
8188,10.15543716849773,0
8189,10.15543716849773,0
8190,10.15543716849773,0
8191,10.15543716849773,0
8192,10.15543716849773,0
8193,10.15543716849773,0
8194,10.15543716849773,0
8195,10.15543716849773,0
8196,10.15543716849773,0
8197,10.15543716849773,0
8198,10.15543716849773,0
8199,10.15543716849773,0
8200,4.536715465628468,0
8201,4.536715465628468,0
8202,4.536715465628468,0
8203,4.536715465628468,0
8204,4.536715465628468,0
8205,4.536715465628468,0
8206,4.536715465628468,0
8207,4.536715465628468,0
8208,4.536715465628468,0
8209,4.536715465628468,0
8210,22.38271658778042,0
8211,22.38271658778042,0
8212,22.38271658778042,0
8213,22.38271658778042,0
8214,22.38271658778042,0
8215,22.38271658778042,0
8216,22.38271658778042,0
8217,22.38271658778042,0
8218,61.996466708545654,0
8219,61.996466708545654,0
8220,61.996466708545654,0
8221,61.996466708545654,0
8222,61.996466708545654,1
8223,61.996466708545654,1
8224,61.996466708545654,0
8225,61.996466708545654,0
8226,61.996466708545654,0
8227,61.996466708545654,1
8228,61.996466708545654,0
8229,61.996466708545654,0
8230,49.04805532904815,0
8231,49.04805532904815,0
8232,49.04805532904815,0
8233,49.04805532904815,0
8234,49.04805532904815,1
8235,49.04805532904815,0
8236,49.04805532904815,0
8237,49.04805532904815,0
8238,49.04805532904815,0
8239,49.04805532904815,0
8240,49.04805532904815,1
8241,49.04805532904815,0
8242,49.04805532904815,0
8243,2.3014029559082436,0
8244,2.3014029559082436,0
8245,2.3014029559082436,0
8246,2.3014029559082436,1
8247,2.3014029559082436,0
8248,2.3014029559082436,0
8249,2.3014029559082436,0
8250,2.3014029559082436,0
8251,2.3014029559082436,0
8252,23.562428249457053,0
8253,23.562428249457053,0
8254,23.562428249457053,0
8255,23.562428249457053,0
8256,23.562428249457053,0
8257,23.562428249457053,0
8258,23.562428249457053,0
8259,23.562428249457053,0
8260,23.562428249457053,0
8261,23.562428249457053,0
8262,7.774330969843689,0
8263,7.774330969843689,0
8264,7.774330969843689,0
8265,7.774330969843689,0
8266,7.774330969843689,0
8267,7.774330969843689,0
8268,7.774330969843689,0
8269,7.774330969843689,0
8270,7.774330969843689,1
8271,7.774330969843689,0
8272,0.5658189942856369,0
8273,0.5658189942856369,0
8274,0.5658189942856369,0
8275,0.5658189942856369,0
8276,0.5658189942856369,0
8277,0.5658189942856369,0
8278,0.5658189942856369,0
8279,0.5658189942856369,0
8280,0.5658189942856369,0
8281,0.5658189942856369,0
8282,0.5658189942856369,0
8283,1.7402571715638973,0
8284,1.7402571715638973,0
8285,1.7402571715638973,0
8286,1.7402571715638973,0
8287,1.7402571715638973,0
8288,1.7402571715638973,0
8289,1.7402571715638973,0
8290,1.7402571715638973,0
8291,1.7402571715638973,0
8292,1.7402571715638973,0
8293,35.497206195499544,0
8294,35.497206195499544,0
8295,35.497206195499544,1
8296,35.497206195499544,0
8297,35.497206195499544,0
8298,35.497206195499544,0
8299,35.497206195499544,0
8300,35.497206195499544,0
8301,35.497206195499544,0
8302,35.497206195499544,0
8303,35.497206195499544,0
8304,35.497206195499544,0
8305,35.497206195499544,0
8306,35.497206195499544,0
8307,28.051911685227033,1
8308,28.051911685227033,0
8309,28.051911685227033,0
8310,28.051911685227033,0
8311,28.051911685227033,0
8312,28.051911685227033,0
8313,28.051911685227033,1
8314,28.051911685227033,1
8315,28.051911685227033,0
8316,41.40688717116577,0
8317,41.40688717116577,0
8318,41.40688717116577,0
8319,41.40688717116577,0
8320,41.40688717116577,0
8321,41.40688717116577,0
8322,41.40688717116577,0
8323,41.40688717116577,0
8324,41.40688717116577,0
8325,41.40688717116577,0
8326,41.40688717116577,0
8327,41.40688717116577,0
8328,1.493987882537881,0
8329,1.493987882537881,0
8330,1.493987882537881,0
8331,1.493987882537881,0
8332,1.493987882537881,1
8333,1.493987882537881,0
8334,1.493987882537881,0
8335,1.493987882537881,1
8336,1.493987882537881,0
8337,1.493987882537881,0
8338,12.815252478849752,0
8339,12.815252478849752,0
8340,12.815252478849752,0
8341,12.815252478849752,0
8342,12.815252478849752,0
8343,12.815252478849752,0
8344,12.815252478849752,0
8345,12.815252478849752,0
8346,12.815252478849752,1
8347,12.815252478849752,0
8348,12.815252478849752,0
8349,12.815252478849752,0
8350,12.815252478849752,0
8351,106.33795414729813,0
8352,106.33795414729813,0
8353,106.33795414729813,0
8354,106.33795414729813,0
8355,106.33795414729813,0
8356,106.33795414729813,0
8357,106.33795414729813,1
8358,106.33795414729813,0
8359,106.33795414729813,0
8360,106.33795414729813,0
8361,106.33795414729813,0
8362,106.33795414729813,1
8363,2.5434581126740676,0
8364,2.5434581126740676,0
8365,2.5434581126740676,0
8366,2.5434581126740676,0
8367,2.5434581126740676,0
8368,2.5434581126740676,0
8369,2.5434581126740676,0
8370,2.5434581126740676,0
8371,2.5434581126740676,0
8372,2.5434581126740676,0
8373,2.5434581126740676,0
8374,2.5434581126740676,0
8375,2.5434581126740676,1
8376,2.5434581126740676,0
8377,2.713230026661738,0
8378,2.713230026661738,0
8379,2.713230026661738,0
8380,2.713230026661738,0
8381,2.713230026661738,0
8382,2.713230026661738,0
8383,2.713230026661738,0
8384,2.713230026661738,0
8385,2.713230026661738,0
8386,2.713230026661738,0
8387,2.713230026661738,0
8388,2.713230026661738,0
8389,2.713230026661738,0
8390,31.969687764731336,0
8391,31.969687764731336,0
8392,31.969687764731336,0
8393,31.969687764731336,0
8394,31.969687764731336,0
8395,31.969687764731336,0
8396,31.969687764731336,0
8397,31.969687764731336,0
8398,31.969687764731336,0
8399,31.969687764731336,1
8400,31.969687764731336,0
8401,31.969687764731336,0
8402,31.969687764731336,0
8403,31.969687764731336,0
8404,31.969687764731336,0
8405,13.099203420255401,0
8406,13.099203420255401,0
8407,13.099203420255401,0
8408,13.099203420255401,0
8409,13.099203420255401,0
8410,13.099203420255401,0
8411,13.099203420255401,0
8412,13.099203420255401,0
8413,13.099203420255401,0
8414,13.099203420255401,0
8415,13.099203420255401,0
8416,42.745549916662426,0
8417,42.745549916662426,0
8418,42.745549916662426,0
8419,42.745549916662426,0
8420,42.745549916662426,0
8421,42.745549916662426,0
8422,42.745549916662426,0
8423,42.745549916662426,0
8424,42.745549916662426,0
8425,42.745549916662426,0
8426,42.745549916662426,0
8427,61.15502875192151,0
8428,61.15502875192151,1
8429,61.15502875192151,0
8430,61.15502875192151,0
8431,61.15502875192151,0
8432,61.15502875192151,0
8433,61.15502875192151,0
8434,61.15502875192151,0
8435,61.15502875192151,0
8436,61.15502875192151,0
8437,61.15502875192151,0
8438,44.658151773427875,0
8439,44.658151773427875,0
8440,44.658151773427875,0
8441,44.658151773427875,0
8442,44.658151773427875,0
8443,44.658151773427875,0
8444,44.658151773427875,0
8445,44.658151773427875,0
8446,44.658151773427875,0
8447,44.658151773427875,0
8448,9.575713528407043,0
8449,9.575713528407043,0
8450,9.575713528407043,0
8451,9.575713528407043,0
8452,9.575713528407043,0
8453,9.575713528407043,0
8454,9.575713528407043,0
8455,9.575713528407043,0
8456,9.575713528407043,0
8457,9.575713528407043,0
8458,9.575713528407043,0
8459,9.575713528407043,0
8460,9.575713528407043,0
8461,9.575713528407043,0
8462,9.575713528407043,0
8463,9.575713528407043,0
8464,1.2377891899687485,0
8465,1.2377891899687485,0
8466,1.2377891899687485,0
8467,1.2377891899687485,0
8468,1.2377891899687485,0
8469,1.2377891899687485,0
8470,1.2377891899687485,0
8471,1.2377891899687485,0
8472,1.2377891899687485,0
8473,1.2377891899687485,0
8474,4.816589066079462,0
8475,4.816589066079462,0
8476,4.816589066079462,0
8477,4.816589066079462,0
8478,74.70415333024634,0
8479,74.70415333024634,0
8480,74.70415333024634,0
8481,74.70415333024634,0
8482,74.70415333024634,0
8483,74.70415333024634,0
8484,74.70415333024634,0
8485,74.70415333024634,0
8486,74.70415333024634,0
8487,74.70415333024634,0
8488,74.70415333024634,0
8489,74.70415333024634,0
8490,74.70415333024634,0
8491,1.344393957685655,0
8492,1.344393957685655,0
8493,1.344393957685655,0
8494,1.344393957685655,0
8495,1.344393957685655,0
8496,1.344393957685655,0
8497,1.344393957685655,0
8498,1.344393957685655,1
8499,1.344393957685655,0
8500,0.14898002463444202,0
8501,0.14898002463444202,0
8502,0.14898002463444202,1
8503,0.14898002463444202,0
8504,0.14898002463444202,0
8505,0.14898002463444202,0
8506,0.14898002463444202,0
8507,0.14898002463444202,1
8508,0.14898002463444202,0
8509,0.14898002463444202,0
8510,0.14898002463444202,0
8511,0.14898002463444202,1
8512,0.14898002463444202,0
8513,0.14898002463444202,0
8514,23.677053666844945,0
8515,23.677053666844945,0
8516,23.677053666844945,0
8517,23.677053666844945,0
8518,45.09951098713228,0
8519,45.09951098713228,1
8520,45.09951098713228,1
8521,45.09951098713228,1
8522,45.09951098713228,0
8523,45.09951098713228,0
8524,45.09951098713228,0
8525,45.09951098713228,0
8526,45.09951098713228,0
8527,45.09951098713228,0
8528,45.09951098713228,0
8529,15.03585527016665,0
8530,15.03585527016665,0
8531,15.03585527016665,0
8532,15.03585527016665,0
8533,15.03585527016665,0
8534,15.03585527016665,0
8535,15.03585527016665,0
8536,15.03585527016665,0
8537,15.03585527016665,0
8538,15.03585527016665,1
8539,15.03585527016665,0
8540,15.03585527016665,0
8541,15.03585527016665,1
8542,3.136298338189383,0
8543,3.136298338189383,0
8544,3.136298338189383,0
8545,3.136298338189383,0
8546,3.136298338189383,0
8547,3.136298338189383,0
8548,3.136298338189383,0
8549,3.136298338189383,0
8550,3.136298338189383,0
8551,3.136298338189383,0
8552,3.136298338189383,0
8553,3.136298338189383,0
8554,1.615677908116758,0
8555,1.615677908116758,0
8556,1.615677908116758,0
8557,1.615677908116758,0
8558,1.615677908116758,0
8559,1.615677908116758,1
8560,1.615677908116758,0
8561,1.615677908116758,0
8562,1.615677908116758,0
8563,19.676945148435816,0
8564,19.676945148435816,0
8565,19.676945148435816,0
8566,19.676945148435816,0
8567,19.676945148435816,0
8568,19.676945148435816,0
8569,19.676945148435816,0
8570,19.676945148435816,0
8571,19.676945148435816,0
8572,19.676945148435816,0
8573,19.676945148435816,0
8574,19.676945148435816,0
8575,1.432328919467641,0
8576,1.432328919467641,0
8577,1.432328919467641,0
8578,1.432328919467641,0
8579,1.432328919467641,0
8580,1.432328919467641,0
8581,1.432328919467641,0
8582,1.432328919467641,0
8583,1.432328919467641,0
8584,1.432328919467641,0
8585,1.432328919467641,0
8586,1.432328919467641,0
8587,1.432328919467641,0
8588,8.252727553671772,0
8589,8.252727553671772,0
8590,8.252727553671772,0
8591,8.252727553671772,0
8592,8.252727553671772,0
8593,8.252727553671772,0
8594,8.252727553671772,0
8595,8.252727553671772,0
8596,8.252727553671772,0
8597,8.252727553671772,0
8598,8.252727553671772,1
8599,8.252727553671772,0
8600,8.252727553671772,0
8601,8.252727553671772,0
8602,59.330496858769614,0
8603,59.330496858769614,0
8604,59.330496858769614,0
8605,59.330496858769614,0
8606,59.330496858769614,0
8607,59.330496858769614,0
8608,59.330496858769614,0
8609,59.330496858769614,0
8610,59.330496858769614,0
8611,59.330496858769614,0
8612,59.330496858769614,0
8613,59.330496858769614,0
8614,59.330496858769614,0
8615,0.9642188602328708,1
8616,0.9642188602328708,0
8617,0.9642188602328708,1
8618,0.9642188602328708,0
8619,0.9642188602328708,0
8620,0.9642188602328708,0
8621,0.9642188602328708,0
8622,0.9642188602328708,0
8623,0.9642188602328708,0
8624,0.9642188602328708,0
8625,0.9642188602328708,0
8626,0.9642188602328708,0
8627,1.3735351026061788,0
8628,1.3735351026061788,0
8629,1.3735351026061788,0
8630,1.3735351026061788,0
8631,1.3735351026061788,0
8632,1.3735351026061788,0
8633,1.3735351026061788,0
8634,1.3735351026061788,0
8635,1.3735351026061788,0
8636,1.3735351026061788,0
8637,1.3735351026061788,0
8638,5.887264612380456,0
8639,5.887264612380456,0
8640,5.887264612380456,0
8641,5.887264612380456,0
8642,5.887264612380456,0
8643,5.887264612380456,0
8644,5.887264612380456,0
8645,5.887264612380456,0
8646,5.887264612380456,0
8647,5.887264612380456,0
8648,5.887264612380456,0
8649,4.0819642888718555,0
8650,4.0819642888718555,0
8651,4.0819642888718555,0
8652,4.0819642888718555,0
8653,4.0819642888718555,0
8654,4.0819642888718555,0
8655,4.0819642888718555,0
8656,4.0819642888718555,0
8657,4.0819642888718555,0
8658,4.0819642888718555,0
8659,4.0819642888718555,0
8660,4.0819642888718555,0
8661,4.0819642888718555,0
8662,4.0819642888718555,0
