woman_id,distance_km,ipv_response
1,42.962762727853395,0
2,42.962762727853395,0
3,42.962762727853395,0
4,42.962762727853395,0
5,42.962762727853395,0
6,42.962762727853395,0
7,42.962762727853395,0
8,42.962762727853395,0
9,42.962762727853395,0
10,42.962762727853395,0
11,42.962762727853395,0
12,42.962762727853395,0
13,42.962762727853395,0
14,0.947995507393471,0
15,0.947995507393471,0
16,0.947995507393471,0
17,0.947995507393471,0
18,0.947995507393471,0
19,0.947995507393471,0
20,0.947995507393471,0
21,0.947995507393471,0
22,0.947995507393471,0
23,0.947995507393471,0
24,0.947995507393471,0
25,0.947995507393471,0
26,0.947995507393471,0
27,0.947995507393471,0
28,0.947995507393471,0
29,2.1495338861390376,0
30,2.1495338861390376,0
31,2.1495338861390376,0
32,2.1495338861390376,0
33,2.1495338861390376,0
34,2.1495338861390376,0
35,2.1495338861390376,0
36,2.1495338861390376,0
37,2.1495338861390376,0
38,2.1495338861390376,0
39,2.1495338861390376,0
40,2.1495338861390376,0
41,2.1495338861390376,0
42,2.1495338861390376,0
43,19.340296003841885,0
44,19.340296003841885,0
45,19.340296003841885,0
46,19.340296003841885,0
47,19.340296003841885,0
48,19.340296003841885,0
49,19.340296003841885,0
50,19.340296003841885,0
51,1.162632545122324,0
52,1.162632545122324,0
53,1.162632545122324,0
54,1.162632545122324,0
55,1.162632545122324,0
56,1.162632545122324,0
57,1.162632545122324,0
58,1.162632545122324,0
59,1.162632545122324,0
60,1.162632545122324,0
61,1.162632545122324,0
62,93.95777345487899,0
63,93.95777345487899,0
64,93.95777345487899,0
65,93.95777345487899,0
66,93.95777345487899,0
67,93.95777345487899,0
68,93.95777345487899,0
69,93.95777345487899,0
70,93.95777345487899,0
71,93.95777345487899,0
72,93.95777345487899,0
73,93.95777345487899,0
74,93.95777345487899,0
75,93.95777345487899,0
76,1.9107560935549572,0
77,1.9107560935549572,0
78,1.9107560935549572,0
79,1.9107560935549572,0
80,1.9107560935549572,0
81,1.9107560935549572,0
82,1.9107560935549572,0
83,1.9107560935549572,0
84,1.9107560935549572,0
85,1.9107560935549572,0
86,1.9107560935549572,0
87,1.9107560935549572,0
88,1.9107560935549572,0
89,52.537811596360946,0
90,52.537811596360946,0
91,52.537811596360946,0
92,52.537811596360946,0
93,52.537811596360946,0
94,52.537811596360946,0
95,52.537811596360946,0
96,52.537811596360946,0
97,52.537811596360946,0
98,52.537811596360946,0
99,52.537811596360946,0
100,52.537811596360946,0
101,54.4989639184153,0
102,54.4989639184153,0
103,54.4989639184153,0
104,54.4989639184153,0
105,54.4989639184153,0
106,54.4989639184153,0
107,54.4989639184153,0
108,54.4989639184153,0
109,54.4989639184153,0
110,5.663096891653038,0
111,5.663096891653038,0
112,5.663096891653038,0
113,5.663096891653038,0
114,5.663096891653038,0
115,5.663096891653038,0
116,5.663096891653038,0
117,5.663096891653038,0
118,5.663096891653038,0
119,5.663096891653038,0
120,0.5378313742003593,0
121,0.5378313742003593,0
122,0.5378313742003593,0
123,0.5378313742003593,0
124,0.5378313742003593,0
125,0.5378313742003593,0
126,0.5378313742003593,0
127,0.5378313742003593,0
128,0.5378313742003593,0
129,0.5378313742003593,0
130,35.6262327085162,0
131,35.6262327085162,0
132,35.6262327085162,0
133,35.6262327085162,0
134,35.6262327085162,0
135,35.6262327085162,0
136,35.6262327085162,0
137,35.6262327085162,0
138,35.6262327085162,0
139,35.6262327085162,0
140,35.6262327085162,0
141,59.50711928527656,0
142,59.50711928527656,0
143,59.50711928527656,0
144,59.50711928527656,0
145,59.50711928527656,0
146,59.50711928527656,0
147,59.50711928527656,0
148,59.50711928527656,0
149,59.50711928527656,0
150,59.50711928527656,0
151,59.50711928527656,0
152,59.50711928527656,0
153,20.51973509318807,0
154,20.51973509318807,0
155,20.51973509318807,0
156,20.51973509318807,0
157,20.51973509318807,0
158,20.51973509318807,0
159,20.51973509318807,0
160,20.51973509318807,0
161,20.51973509318807,0
162,2.561814076333186,0
163,2.561814076333186,0
164,2.561814076333186,0
165,2.561814076333186,0
166,2.561814076333186,0
167,2.561814076333186,0
168,2.561814076333186,0
169,2.561814076333186,0
170,2.561814076333186,0
171,2.561814076333186,0
172,2.561814076333186,0
173,2.561814076333186,0
174,2.561814076333186,0
175,23.296747772643112,0
176,23.296747772643112,0
177,23.296747772643112,0
178,23.296747772643112,0
179,23.296747772643112,0
180,23.296747772643112,0
181,23.296747772643112,0
182,23.296747772643112,0
183,23.296747772643112,0
184,23.296747772643112,0
185,23.296747772643112,0
186,23.296747772643112,0
187,23.296747772643112,0
188,48.14361415644939,0
189,48.14361415644939,0
190,48.14361415644939,0
191,48.14361415644939,0
192,48.14361415644939,0
193,48.14361415644939,0
194,48.14361415644939,0
195,48.14361415644939,0
196,48.14361415644939,0
197,48.14361415644939,0
198,48.14361415644939,0
199,48.14361415644939,0
200,27.67264904040023,0
201,27.67264904040023,0
202,27.67264904040023,0
203,27.67264904040023,0
204,27.67264904040023,0
205,27.67264904040023,0
206,27.67264904040023,0
207,27.67264904040023,0
208,27.67264904040023,0
209,27.67264904040023,0
210,27.67264904040023,0
211,27.67264904040023,0
212,27.67264904040023,0
213,27.67264904040023,0
214,51.50083952278129,0
215,51.50083952278129,0
216,51.50083952278129,0
217,51.50083952278129,0
218,51.50083952278129,0
219,51.50083952278129,0
220,51.50083952278129,0
221,51.50083952278129,0
222,51.50083952278129,0
223,9.164810099502608,0
224,9.164810099502608,0
225,9.164810099502608,0
226,9.164810099502608,0
227,9.164810099502608,0
228,9.164810099502608,0
229,9.164810099502608,0
230,9.164810099502608,0
231,9.164810099502608,0
232,9.164810099502608,0
233,9.164810099502608,0
234,34.32928956700285,0
235,34.32928956700285,0
236,34.32928956700285,0
237,34.32928956700285,0
238,34.32928956700285,0
239,34.32928956700285,0
240,34.32928956700285,0
241,34.32928956700285,0
242,34.32928956700285,0
243,34.32928956700285,0
244,0.8503700033034108,0
245,0.8503700033034108,0
246,0.8503700033034108,0
247,0.8503700033034108,0
248,0.8503700033034108,0
249,0.8503700033034108,0
250,0.8503700033034108,0
251,0.8503700033034108,0
252,0.8503700033034108,0
253,0.8503700033034108,0
254,0.8503700033034108,0
255,0.8503700033034108,0
256,31.454919636090928,0
257,31.454919636090928,0
258,31.454919636090928,0
259,31.454919636090928,0
260,31.454919636090928,0
261,31.454919636090928,0
262,31.454919636090928,0
263,31.454919636090928,0
264,31.454919636090928,0
265,31.454919636090928,0
266,5.253671660587237,0
267,5.253671660587237,0
268,5.253671660587237,0
269,5.253671660587237,0
270,5.253671660587237,0
271,5.253671660587237,0
272,5.253671660587237,0
273,5.253671660587237,0
274,5.253671660587237,0
275,5.253671660587237,0
276,5.253671660587237,0
277,5.253671660587237,0
278,5.253671660587237,0
279,5.253671660587237,0
280,25.559286497331758,0
281,25.559286497331758,0
282,25.559286497331758,0
283,25.559286497331758,0
284,25.559286497331758,0
285,25.559286497331758,0
286,25.559286497331758,0
287,25.559286497331758,0
288,25.559286497331758,0
289,25.559286497331758,0
290,117.95569704514641,0
291,117.95569704514641,0
292,117.95569704514641,0
293,117.95569704514641,0
294,117.95569704514641,0
295,117.95569704514641,0
296,117.95569704514641,0
297,117.95569704514641,0
298,117.95569704514641,0
299,98.19229178523032,0
300,98.19229178523032,0
301,98.19229178523032,0
302,98.19229178523032,0
303,98.19229178523032,0
304,98.19229178523032,0
305,98.19229178523032,0
306,98.19229178523032,0
307,98.19229178523032,0
308,98.19229178523032,0
309,34.420008856767616,0
310,34.420008856767616,0
311,34.420008856767616,0
312,34.420008856767616,0
313,34.420008856767616,0
314,34.420008856767616,0
315,34.420008856767616,0
316,34.420008856767616,0
317,34.420008856767616,0
318,34.420008856767616,0
319,2.045780697961672,0
320,2.045780697961672,0
321,2.045780697961672,0
322,2.045780697961672,0
323,2.045780697961672,0
324,2.045780697961672,0
325,2.045780697961672,0
326,2.045780697961672,0
327,2.045780697961672,0
328,2.045780697961672,0
329,2.045780697961672,0
330,2.045780697961672,0
331,1.309031502707331,0
332,1.309031502707331,0
333,1.309031502707331,0
334,1.309031502707331,0
335,1.309031502707331,0
336,1.309031502707331,0
337,1.309031502707331,0
338,1.309031502707331,0
339,1.309031502707331,0
340,1.309031502707331,0
341,1.309031502707331,0
342,1.309031502707331,0
343,1.309031502707331,0
344,1.309031502707331,0
345,1.309031502707331,0
346,1.309031502707331,0
347,20.14949974360467,0
348,20.14949974360467,0
349,20.14949974360467,0
350,20.14949974360467,0
351,20.14949974360467,0
352,20.14949974360467,0
353,20.14949974360467,0
354,20.14949974360467,0
355,20.14949974360467,0
356,20.14949974360467,0
357,20.14949974360467,0
358,82.98958977179815,0
359,82.98958977179815,0
360,82.98958977179815,0
361,82.98958977179815,0
362,82.98958977179815,0
363,82.98958977179815,0
364,82.98958977179815,0
365,82.98958977179815,0
366,82.98958977179815,0
367,82.98958977179815,0
368,82.98958977179815,0
369,82.98958977179815,0
370,82.98958977179815,0
371,59.97578157701314,0
372,59.97578157701314,0
373,59.97578157701314,0
374,59.97578157701314,0
375,59.97578157701314,0
376,59.97578157701314,0
377,59.97578157701314,0
378,59.97578157701314,0
379,59.97578157701314,0
380,59.97578157701314,0
381,59.97578157701314,0
382,104.88297083064651,0
383,104.88297083064651,0
384,104.88297083064651,0
385,104.88297083064651,0
386,104.88297083064651,0
387,104.88297083064651,0
388,104.88297083064651,0
389,104.88297083064651,0
390,104.88297083064651,0
391,104.88297083064651,0
392,2.5422270618677847,0
393,2.5422270618677847,0
394,2.5422270618677847,0
395,2.5422270618677847,0
396,2.5422270618677847,0
397,2.5422270618677847,0
398,2.5422270618677847,0
399,2.5422270618677847,0
400,2.5422270618677847,0
401,2.5422270618677847,0
402,2.5422270618677847,0
403,2.5422270618677847,0
404,2.5422270618677847,0
405,2.5422270618677847,0
406,0.260089178757357,0
407,0.260089178757357,0
408,0.260089178757357,0
409,0.260089178757357,0
410,0.260089178757357,0
411,0.260089178757357,0
412,0.260089178757357,0
413,0.260089178757357,0
414,0.260089178757357,0
415,0.260089178757357,0
416,0.260089178757357,0
417,61.27531545423346,0
418,61.27531545423346,0
419,61.27531545423346,0
420,61.27531545423346,0
421,61.27531545423346,0
422,61.27531545423346,0
423,61.27531545423346,0
424,61.27531545423346,0
425,61.27531545423346,0
426,67.25281860207457,0
427,67.25281860207457,0
428,67.25281860207457,0
429,67.25281860207457,0
430,67.25281860207457,0
431,67.25281860207457,0
432,67.25281860207457,1
433,67.25281860207457,0
434,67.25281860207457,0
435,67.25281860207457,0
436,67.25281860207457,0
437,67.25281860207457,0
438,20.901725612850058,0
439,20.901725612850058,0
440,20.901725612850058,0
441,20.901725612850058,0
442,20.901725612850058,0
443,20.901725612850058,0
444,20.901725612850058,0
445,20.901725612850058,0
446,20.901725612850058,0
447,20.901725612850058,0
448,19.392427993443803,0
449,19.392427993443803,0
450,19.392427993443803,0
451,19.392427993443803,0
452,19.392427993443803,0
453,19.392427993443803,0
454,19.392427993443803,0
455,19.392427993443803,0
456,19.392427993443803,0
457,19.392427993443803,0
458,19.392427993443803,0
459,19.392427993443803,0
460,28.352050755690446,0
461,28.352050755690446,0
462,28.352050755690446,0
463,28.352050755690446,0
464,28.352050755690446,0
465,28.352050755690446,0
466,28.352050755690446,0
467,28.352050755690446,0
468,28.352050755690446,0
469,28.352050755690446,0
470,28.352050755690446,0
471,17.06326050652264,0
472,17.06326050652264,0
473,17.06326050652264,0
474,17.06326050652264,0
475,17.06326050652264,0
476,17.06326050652264,0
477,17.06326050652264,0
478,17.06326050652264,0
479,17.06326050652264,0
480,17.06326050652264,0
481,17.06326050652264,0
482,17.06326050652264,0
483,38.73183806715245,0
484,38.73183806715245,0
485,38.73183806715245,0
486,38.73183806715245,0
487,38.73183806715245,0
488,38.73183806715245,0
489,38.73183806715245,0
490,38.73183806715245,0
491,38.73183806715245,0
492,38.73183806715245,0
493,137.3934026899716,0
494,137.3934026899716,0
495,137.3934026899716,0
496,137.3934026899716,0
497,137.3934026899716,0
498,137.3934026899716,0
499,137.3934026899716,0
500,137.3934026899716,0
501,137.3934026899716,0
502,137.3934026899716,0
503,137.3934026899716,0
504,137.3934026899716,0
505,137.3934026899716,0
506,41.06857101847662,0
507,41.06857101847662,0
508,41.06857101847662,0
509,41.06857101847662,0
510,41.06857101847662,0
511,41.06857101847662,0
512,41.06857101847662,0
513,41.06857101847662,0
514,41.06857101847662,0
515,41.06857101847662,0
516,41.06857101847662,0
517,41.06857101847662,0
518,41.06857101847662,0
519,41.06857101847662,0
520,3.6515106414840424,0
521,3.6515106414840424,0
522,3.6515106414840424,0
523,3.6515106414840424,0
524,3.6515106414840424,0
525,3.6515106414840424,0
526,3.6515106414840424,0
527,3.6515106414840424,0
528,3.6515106414840424,0
529,3.6515106414840424,0
530,3.6515106414840424,0
531,42.28188885039578,0
532,42.28188885039578,0
533,42.28188885039578,0
534,42.28188885039578,0
535,42.28188885039578,0
536,1.7127444539835708,0
537,1.7127444539835708,0
538,1.7127444539835708,0
539,1.7127444539835708,0
540,1.7127444539835708,0
541,1.7127444539835708,0
542,1.7127444539835708,0
543,1.7127444539835708,0
544,3.7370908852705997,0
545,3.7370908852705997,0
546,3.7370908852705997,0
547,3.7370908852705997,0
548,3.7370908852705997,0
549,3.7370908852705997,0
550,3.7370908852705997,0
551,3.7370908852705997,0
552,3.7370908852705997,0
553,3.7370908852705997,0
554,19.075987394691545,0
555,19.075987394691545,0
556,19.075987394691545,0
557,19.075987394691545,0
558,19.075987394691545,0
559,19.075987394691545,0
560,19.075987394691545,0
561,19.075987394691545,0
562,19.075987394691545,0
563,19.075987394691545,0
564,19.075987394691545,0
565,19.075987394691545,0
566,19.075987394691545,0
567,19.075987394691545,0
568,40.52307371389421,0
569,40.52307371389421,0
570,40.52307371389421,0
571,40.52307371389421,0
572,40.52307371389421,0
573,40.52307371389421,0
574,40.52307371389421,0
575,40.52307371389421,0
576,40.52307371389421,0
577,40.52307371389421,0
578,4.033765366835584,0
579,4.033765366835584,0
580,4.033765366835584,0
581,4.033765366835584,0
582,4.033765366835584,0
583,4.033765366835584,0
584,4.033765366835584,0
585,4.033765366835584,0
586,4.033765366835584,0
587,4.033765366835584,0
588,4.033765366835584,0
589,30.208112665726745,0
590,30.208112665726745,0
591,30.208112665726745,0
592,30.208112665726745,0
593,30.208112665726745,0
594,30.208112665726745,0
595,30.208112665726745,0
596,30.208112665726745,0
597,30.208112665726745,0
598,30.208112665726745,0
599,1.7030725936762554,0
600,1.7030725936762554,0
601,1.7030725936762554,0
602,1.7030725936762554,0
603,1.7030725936762554,0
604,1.7030725936762554,0
605,1.7030725936762554,0
606,83.47712796094417,0
607,83.47712796094417,0
608,83.47712796094417,0
609,83.47712796094417,0
610,83.47712796094417,0
611,83.47712796094417,0
612,83.47712796094417,0
613,83.47712796094417,0
614,83.47712796094417,0
615,83.47712796094417,0
616,83.47712796094417,0
617,83.47712796094417,0
618,83.47712796094417,0
619,83.47712796094417,0
620,54.3644916043884,0
621,54.3644916043884,0
622,54.3644916043884,0
623,54.3644916043884,0
624,54.3644916043884,0
625,54.3644916043884,0
626,54.3644916043884,0
627,54.3644916043884,0
628,54.3644916043884,0
629,54.3644916043884,0
630,54.3644916043884,0
631,54.3644916043884,0
632,17.90492016779832,0
633,17.90492016779832,0
634,17.90492016779832,0
635,17.90492016779832,0
636,17.90492016779832,0
637,17.90492016779832,0
638,17.90492016779832,0
639,17.90492016779832,0
640,17.90492016779832,0
641,17.90492016779832,0
642,8.778292007180227,0
643,8.778292007180227,0
644,8.778292007180227,0
645,8.778292007180227,0
646,8.778292007180227,0
647,8.778292007180227,0
648,8.778292007180227,0
649,8.778292007180227,0
650,8.778292007180227,0
651,8.778292007180227,0
652,8.778292007180227,0
653,8.778292007180227,0
654,31.691183751419917,0
655,31.691183751419917,0
656,31.691183751419917,0
657,31.691183751419917,0
658,31.691183751419917,0
659,31.691183751419917,0
660,31.691183751419917,0
661,31.691183751419917,0
662,31.691183751419917,0
663,31.691183751419917,0
664,31.691183751419917,0
665,31.691183751419917,0
666,31.691183751419917,0
667,31.691183751419917,0
668,31.691183751419917,0
669,19.60944340880366,0
670,19.60944340880366,0
671,19.60944340880366,0
672,19.60944340880366,0
673,19.60944340880366,0
674,19.60944340880366,0
675,31.644612963982375,0
676,31.644612963982375,0
677,31.644612963982375,0
678,31.644612963982375,0
679,31.644612963982375,0
680,31.644612963982375,0
681,31.644612963982375,0
682,31.644612963982375,0
683,14.726727542465873,0
684,14.726727542465873,0
685,14.726727542465873,0
686,14.726727542465873,0
687,14.726727542465873,0
688,14.726727542465873,0
689,14.726727542465873,0
690,14.726727542465873,0
691,14.726727542465873,0
692,14.726727542465873,0
693,14.726727542465873,0
694,14.726727542465873,0
695,14.726727542465873,0
696,110.9642578671639,0
697,110.9642578671639,0
698,110.9642578671639,0
699,110.9642578671639,0
700,110.9642578671639,0
701,110.9642578671639,0
702,110.9642578671639,0
703,110.9642578671639,0
704,110.9642578671639,0
705,110.9642578671639,0
706,110.9642578671639,0
707,32.45438642913027,0
708,32.45438642913027,0
709,32.45438642913027,0
710,32.45438642913027,0
711,32.45438642913027,0
712,12.601888453743355,0
713,12.601888453743355,0
714,12.601888453743355,0
715,12.601888453743355,0
716,12.601888453743355,0
717,12.601888453743355,0
718,12.601888453743355,0
719,12.601888453743355,0
720,12.601888453743355,0
721,12.601888453743355,0
722,12.601888453743355,0
723,12.601888453743355,0
724,14.228114046414829,0
725,14.228114046414829,0
726,14.228114046414829,0
727,14.228114046414829,0
728,14.228114046414829,0
729,14.228114046414829,0
730,14.228114046414829,0
731,14.228114046414829,0
732,4.7919298679432085,0
733,4.7919298679432085,0
734,4.7919298679432085,0
735,4.7919298679432085,0
736,4.7919298679432085,0
737,4.7919298679432085,0
738,4.7919298679432085,0
739,4.7919298679432085,0
740,4.7919298679432085,0
741,4.7919298679432085,0
742,4.7919298679432085,0
743,46.8066956347803,0
744,46.8066956347803,0
745,46.8066956347803,0
746,46.8066956347803,0
747,46.8066956347803,0
748,46.8066956347803,0
749,46.8066956347803,0
750,46.8066956347803,0
751,46.8066956347803,0
752,46.8066956347803,0
753,46.8066956347803,0
754,46.8066956347803,0
755,34.79379551250186,0
756,34.79379551250186,0
757,34.79379551250186,0
758,34.79379551250186,0
759,34.79379551250186,0
760,34.79379551250186,0
761,34.79379551250186,0
762,34.79379551250186,0
763,34.79379551250186,1
764,34.79379551250186,0
765,34.79379551250186,0
766,5.714470338580612,0
767,5.714470338580612,0
768,5.714470338580612,0
769,5.714470338580612,0
770,5.714470338580612,0
771,5.714470338580612,0
772,5.714470338580612,0
773,5.714470338580612,0
774,5.714470338580612,0
775,5.714470338580612,0
776,5.714470338580612,0
777,5.714470338580612,0
778,5.714470338580612,0
779,47.812958158462195,0
780,47.812958158462195,0
781,47.812958158462195,0
782,47.812958158462195,0
783,47.812958158462195,0
784,47.812958158462195,0
785,47.812958158462195,0
786,2.1112808665511626,0
787,2.1112808665511626,0
788,2.1112808665511626,0
789,2.1112808665511626,0
790,2.1112808665511626,0
791,2.1112808665511626,0
792,2.1112808665511626,0
793,2.1112808665511626,0
794,2.1112808665511626,0
795,2.1112808665511626,0
796,2.1112808665511626,0
797,2.1112808665511626,0
798,80.65526183156284,0
799,80.65526183156284,0
800,80.65526183156284,0
801,80.65526183156284,0
802,80.65526183156284,0
803,80.65526183156284,0
804,80.65526183156284,0
805,80.65526183156284,0
806,80.65526183156284,0
807,80.65526183156284,0
808,78.06990566844324,0
809,78.06990566844324,0
810,78.06990566844324,0
811,78.06990566844324,0
812,78.06990566844324,0
813,78.06990566844324,0
814,78.06990566844324,0
815,101.60684786107358,0
816,101.60684786107358,0
817,101.60684786107358,0
818,101.60684786107358,1
819,101.60684786107358,0
820,101.60684786107358,0
821,101.60684786107358,0
822,101.60684786107358,0
823,101.60684786107358,0
824,101.60684786107358,0
825,101.60684786107358,0
826,101.60684786107358,0
827,101.60684786107358,0
828,2.5207899425355658,0
829,2.5207899425355658,0
830,2.5207899425355658,0
831,2.5207899425355658,0
832,2.5207899425355658,0
833,2.5207899425355658,0
834,2.5207899425355658,0
835,2.5207899425355658,0
836,2.5207899425355658,0
837,2.5207899425355658,0
838,96.44950151573357,0
839,96.44950151573357,0
840,96.44950151573357,0
841,96.44950151573357,0
842,96.44950151573357,0
843,96.44950151573357,0
844,96.44950151573357,0
845,96.44950151573357,0
846,96.44950151573357,0
847,96.44950151573357,0
848,0.6590085280083539,0
849,0.6590085280083539,0
850,0.6590085280083539,0
851,0.6590085280083539,0
852,0.6590085280083539,0
853,0.6590085280083539,0
854,0.6590085280083539,0
855,0.6590085280083539,0
856,0.6590085280083539,0
857,0.6590085280083539,0
858,1.218694272542931,0
859,1.218694272542931,0
860,1.218694272542931,0
861,1.218694272542931,0
862,1.218694272542931,0
863,1.218694272542931,0
864,1.218694272542931,0
865,1.218694272542931,0
866,1.218694272542931,0
867,1.218694272542931,0
868,1.218694272542931,0
869,1.218694272542931,0
870,1.218694272542931,0
871,57.64021830801692,0
872,57.64021830801692,0
873,57.64021830801692,0
874,57.64021830801692,0
875,57.64021830801692,0
876,57.64021830801692,0
877,57.64021830801692,0
878,57.64021830801692,0
879,57.64021830801692,0
880,57.64021830801692,0
881,57.64021830801692,0
882,57.64021830801692,0
883,57.64021830801692,0
884,5.644916275358885,0
885,5.644916275358885,0
886,5.644916275358885,0
887,5.644916275358885,0
888,5.644916275358885,0
889,5.644916275358885,0
890,5.644916275358885,0
891,5.644916275358885,0
892,5.644916275358885,0
893,5.644916275358885,0
894,5.644916275358885,0
895,5.644916275358885,0
896,34.260078701792075,0
897,34.260078701792075,0
898,34.260078701792075,0
899,34.260078701792075,0
900,34.260078701792075,0
901,34.260078701792075,0
902,34.260078701792075,0
903,34.260078701792075,0
904,34.260078701792075,0
905,45.2053810446314,0
906,45.2053810446314,0
907,45.2053810446314,0
908,45.2053810446314,0
909,45.2053810446314,0
910,45.2053810446314,0
911,45.2053810446314,0
912,45.2053810446314,0
913,45.2053810446314,0
914,45.2053810446314,0
915,45.2053810446314,0
916,45.2053810446314,1
917,45.2053810446314,0
918,7.454393695445649,0
919,7.454393695445649,0
920,7.454393695445649,0
921,7.454393695445649,0
922,7.454393695445649,0
923,34.28640041287236,0
924,34.28640041287236,0
925,34.28640041287236,0
926,34.28640041287236,0
927,34.28640041287236,0
928,34.28640041287236,0
929,34.28640041287236,0
930,34.28640041287236,0
931,34.28640041287236,0
932,34.28640041287236,0
933,34.28640041287236,0
934,34.28640041287236,0
935,34.28640041287236,0
936,41.32838559659339,0
937,41.32838559659339,0
938,41.32838559659339,0
939,41.32838559659339,0
940,41.32838559659339,0
941,41.32838559659339,0
942,41.32838559659339,0
943,41.32838559659339,0
944,41.32838559659339,0
945,41.32838559659339,0
946,41.32838559659339,0
947,41.32838559659339,0
948,41.32838559659339,0
949,41.32838559659339,0
950,41.32838559659339,0
951,1.6120159492327377,0
952,1.6120159492327377,0
953,1.6120159492327377,0
954,1.6120159492327377,0
955,1.6120159492327377,0
956,1.6120159492327377,0
957,1.6120159492327377,0
958,1.6120159492327377,0
959,1.6120159492327377,0
960,31.651471407304506,0
961,31.651471407304506,0
962,31.651471407304506,0
963,31.651471407304506,0
964,31.651471407304506,0
965,31.651471407304506,0
966,31.651471407304506,0
967,31.651471407304506,0
968,31.651471407304506,0
969,31.651471407304506,0
970,31.651471407304506,0
971,3.7619998873621254,0
972,3.7619998873621254,0
973,3.7619998873621254,0
974,3.7619998873621254,0
975,3.7619998873621254,1
976,3.7619998873621254,0
977,3.7619998873621254,0
978,3.7619998873621254,0
979,3.7619998873621254,0
980,3.7619998873621254,0
981,3.7619998873621254,0
982,3.7619998873621254,0
983,3.7619998873621254,0
984,22.682607296055906,0
985,22.682607296055906,0
986,22.682607296055906,0
987,22.682607296055906,0
988,22.682607296055906,0
989,22.682607296055906,0
990,22.682607296055906,0
991,22.682607296055906,0
992,22.682607296055906,0
993,22.682607296055906,0
994,22.682607296055906,0
995,22.682607296055906,0
996,22.682607296055906,0
997,22.682607296055906,0
998,22.682607296055906,0
999,22.682607296055906,0
1000,23.166643300242427,0
1001,23.166643300242427,0
1002,23.166643300242427,0
1003,23.166643300242427,0
1004,23.166643300242427,0
1005,23.166643300242427,0
1006,23.166643300242427,0
1007,23.166643300242427,0
1008,23.166643300242427,0
1009,23.166643300242427,0
1010,23.166643300242427,0
1011,23.166643300242427,0
1012,23.166643300242427,0
1013,23.166643300242427,0
1014,23.166643300242427,0
1015,0.22296444995945322,0
1016,0.22296444995945322,0
1017,0.22296444995945322,0
1018,0.22296444995945322,0
1019,0.22296444995945322,0
1020,0.22296444995945322,0
1021,0.22296444995945322,0
1022,0.22296444995945322,0
1023,0.22296444995945322,0
1024,0.22296444995945322,0
1025,0.22296444995945322,0
1026,0.22296444995945322,0
1027,0.22296444995945322,0
1028,30.076750452244134,0
1029,30.076750452244134,0
1030,30.076750452244134,0
1031,30.076750452244134,0
1032,30.076750452244134,0
1033,30.076750452244134,0
1034,30.076750452244134,0
1035,30.076750452244134,0
1036,30.076750452244134,0
1037,0.841555671612081,0
1038,0.841555671612081,0
1039,0.841555671612081,0
1040,0.841555671612081,0
1041,0.841555671612081,0
1042,0.841555671612081,0
1043,0.841555671612081,0
1044,0.841555671612081,0
1045,0.841555671612081,0
1046,0.841555671612081,0
1047,17.90905875276293,0
1048,17.90905875276293,0
1049,17.90905875276293,0
1050,17.90905875276293,0
1051,17.90905875276293,0
1052,17.90905875276293,0
1053,17.90905875276293,0
1054,17.90905875276293,0
1055,17.90905875276293,0
1056,17.90905875276293,0
1057,56.08837547075039,0
1058,56.08837547075039,0
1059,56.08837547075039,0
1060,56.08837547075039,0
1061,56.08837547075039,0
1062,56.08837547075039,0
1063,56.08837547075039,0
1064,56.08837547075039,0
1065,56.08837547075039,0
1066,56.08837547075039,0
1067,79.04872143244826,0
1068,79.04872143244826,0
1069,79.04872143244826,0
1070,79.04872143244826,0
1071,79.04872143244826,0
1072,79.04872143244826,0
1073,79.04872143244826,0
1074,79.04872143244826,0
1075,79.04872143244826,0
1076,9.915852897361614,0
1077,9.915852897361614,0
1078,9.915852897361614,0
1079,9.915852897361614,0
1080,9.915852897361614,0
1081,9.915852897361614,0
1082,9.915852897361614,0
1083,9.915852897361614,0
1084,9.915852897361614,0
1085,35.7518279096394,0
1086,35.7518279096394,1
1087,35.7518279096394,0
1088,35.7518279096394,0
1089,35.7518279096394,0
1090,35.7518279096394,0
1091,35.7518279096394,0
1092,35.7518279096394,0
1093,37.021895164383366,0
1094,37.021895164383366,0
1095,37.021895164383366,0
1096,37.021895164383366,0
1097,37.021895164383366,0
1098,37.021895164383366,0
1099,37.021895164383366,0
1100,37.021895164383366,0
1101,39.043176674059936,0
1102,39.043176674059936,0
1103,39.043176674059936,0
1104,39.043176674059936,0
1105,39.043176674059936,0
1106,39.043176674059936,0
1107,39.043176674059936,0
1108,39.043176674059936,0
1109,39.043176674059936,0
1110,39.043176674059936,0
1111,39.043176674059936,0
1112,39.043176674059936,0
1113,39.043176674059936,0
1114,39.043176674059936,0
1115,39.043176674059936,0
1116,60.54374217671084,0
1117,60.54374217671084,0
1118,60.54374217671084,0
1119,60.54374217671084,0
1120,60.54374217671084,0
1121,60.54374217671084,0
1122,60.54374217671084,0
1123,32.69921885649955,0
1124,32.69921885649955,0
1125,32.69921885649955,0
1126,32.69921885649955,0
1127,32.69921885649955,0
1128,32.69921885649955,0
1129,32.69921885649955,0
1130,32.69921885649955,0
1131,16.749395677016057,0
1132,16.749395677016057,0
1133,16.749395677016057,0
1134,16.749395677016057,0
1135,16.749395677016057,0
1136,16.749395677016057,0
1137,16.749395677016057,0
1138,16.749395677016057,0
1139,16.749395677016057,0
1140,16.749395677016057,0
1141,16.749395677016057,0
1142,16.749395677016057,0
1143,16.749395677016057,0
1144,16.749395677016057,0
1145,16.749395677016057,0
1146,16.749395677016057,0
1147,16.749395677016057,0
1148,1.6987302338929589,0
1149,1.6987302338929589,0
1150,1.6987302338929589,0
1151,1.6987302338929589,0
1152,1.6987302338929589,0
1153,1.6987302338929589,0
1154,1.6987302338929589,0
1155,1.6987302338929589,0
1156,1.6987302338929589,0
1157,1.6987302338929589,0
1158,54.65397165828025,0
1159,54.65397165828025,0
1160,54.65397165828025,0
1161,54.65397165828025,0
1162,54.65397165828025,0
1163,54.65397165828025,0
1164,54.65397165828025,0
1165,54.65397165828025,0
1166,54.65397165828025,0
1167,54.65397165828025,0
1168,1.6053136516226272,0
1169,1.6053136516226272,0
1170,1.6053136516226272,0
1171,1.6053136516226272,0
1172,1.6053136516226272,0
1173,1.6053136516226272,0
1174,1.6053136516226272,0
1175,1.6053136516226272,0
1176,1.6053136516226272,0
1177,1.6053136516226272,0
1178,1.6053136516226272,0
1179,5.763793744811103,0
1180,5.763793744811103,0
1181,5.763793744811103,0
1182,5.763793744811103,0
1183,5.763793744811103,0
1184,5.763793744811103,0
1185,5.763793744811103,0
1186,5.763793744811103,0
1187,5.763793744811103,0
1188,5.763793744811103,0
1189,5.763793744811103,0
1190,5.763793744811103,0
1191,5.763793744811103,0
1192,5.763793744811103,0
1193,5.763793744811103,0
1194,19.00537504816953,0
1195,19.00537504816953,0
1196,19.00537504816953,0
1197,19.00537504816953,0
1198,19.00537504816953,0
1199,19.00537504816953,0
1200,19.00537504816953,0
1201,19.00537504816953,0
1202,19.00537504816953,0
1203,19.00537504816953,0
1204,0.9996482899712615,0
1205,0.9996482899712615,0
1206,0.9996482899712615,0
1207,0.9996482899712615,0
1208,0.9996482899712615,0
1209,0.9996482899712615,0
1210,0.9996482899712615,0
1211,0.9996482899712615,0
1212,0.9996482899712615,0
1213,0.9996482899712615,0
1214,0.9996482899712615,0
1215,0.9996482899712615,0
1216,0.9996482899712615,0
1217,0.9996482899712615,0
1218,42.3591897292036,0
1219,42.3591897292036,0
1220,42.3591897292036,0
1221,42.3591897292036,0
1222,42.3591897292036,0
1223,42.3591897292036,0
1224,42.3591897292036,0
1225,42.3591897292036,0
1226,42.3591897292036,0
1227,42.3591897292036,0
1228,42.3591897292036,0
1229,42.3591897292036,0
1230,42.3591897292036,0
1231,3.2298598956350157,0
1232,3.2298598956350157,0
1233,3.2298598956350157,0
1234,3.2298598956350157,0
1235,3.2298598956350157,0
1236,3.2298598956350157,0
1237,3.2298598956350157,0
1238,3.2298598956350157,0
1239,3.2298598956350157,0
1240,3.2298598956350157,0
1241,3.2298598956350157,0
1242,30.83571251539677,0
1243,30.83571251539677,0
1244,30.83571251539677,0
1245,30.83571251539677,0
1246,30.83571251539677,0
1247,30.83571251539677,0
1248,30.83571251539677,0
1249,30.83571251539677,0
1250,30.83571251539677,0
1251,10.819287163167212,0
1252,10.819287163167212,0
1253,10.819287163167212,0
1254,10.819287163167212,0
1255,10.819287163167212,0
1256,10.819287163167212,0
1257,10.819287163167212,0
1258,10.819287163167212,0
1259,10.819287163167212,0
1260,10.819287163167212,0
1261,10.819287163167212,0
1262,10.819287163167212,0
1263,10.819287163167212,0
1264,4.346514010060433,0
1265,4.346514010060433,1
1266,4.346514010060433,0
1267,4.346514010060433,0
1268,4.346514010060433,0
1269,4.346514010060433,0
1270,4.346514010060433,0
1271,4.346514010060433,0
1272,0.8345786410710768,0
1273,0.8345786410710768,0
1274,0.8345786410710768,0
1275,0.8345786410710768,0
1276,0.8345786410710768,0
1277,0.8345786410710768,0
1278,0.8345786410710768,0
1279,0.8345786410710768,0
1280,0.8345786410710768,0
1281,0.8345786410710768,0
1282,0.8345786410710768,0
1283,0.8345786410710768,0
1284,15.394459314921958,0
1285,15.394459314921958,0
1286,15.394459314921958,0
1287,15.394459314921958,0
1288,15.394459314921958,0
1289,15.394459314921958,0
1290,15.394459314921958,0
1291,15.394459314921958,0
1292,15.394459314921958,0
1293,15.394459314921958,0
1294,39.338971985263846,0
1295,39.338971985263846,0
1296,39.338971985263846,0
1297,39.338971985263846,0
1298,39.338971985263846,0
1299,39.338971985263846,0
1300,39.338971985263846,0
1301,39.338971985263846,0
1302,39.338971985263846,0
1303,39.338971985263846,0
1304,50.82619606007555,0
1305,50.82619606007555,0
1306,50.82619606007555,0
1307,50.82619606007555,0
1308,50.82619606007555,0
1309,50.82619606007555,0
1310,50.82619606007555,0
1311,50.82619606007555,0
1312,50.82619606007555,0
1313,50.82619606007555,0
1314,50.82619606007555,0
1315,50.82619606007555,0
1316,50.82619606007555,0
1317,50.82619606007555,0
1318,30.15619506014614,0
1319,30.15619506014614,0
1320,30.15619506014614,0
1321,30.15619506014614,0
1322,30.15619506014614,0
1323,30.15619506014614,0
1324,30.15619506014614,0
1325,30.15619506014614,0
1326,30.15619506014614,0
1327,30.15619506014614,0
1328,30.15619506014614,0
1329,30.15619506014614,0
1330,30.15619506014614,0
1331,13.940999640679129,0
1332,13.940999640679129,0
1333,13.940999640679129,0
1334,13.940999640679129,0
1335,13.940999640679129,0
1336,13.940999640679129,0
1337,13.940999640679129,0
1338,13.940999640679129,0
1339,13.940999640679129,0
1340,13.940999640679129,0
1341,13.940999640679129,0
1342,13.940999640679129,0
1343,13.940999640679129,0
1344,13.940999640679129,0
1345,13.940999640679129,0
1346,12.126002165446328,0
1347,12.126002165446328,0
1348,12.126002165446328,0
1349,12.126002165446328,0
1350,12.126002165446328,0
1351,12.126002165446328,0
1352,12.126002165446328,0
1353,12.126002165446328,0
1354,12.126002165446328,0
1355,48.19844065382281,0
1356,48.19844065382281,0
1357,48.19844065382281,0
1358,48.19844065382281,0
1359,48.19844065382281,0
1360,48.19844065382281,0
1361,48.19844065382281,0
1362,48.19844065382281,0
1363,48.19844065382281,0
1364,48.19844065382281,0
1365,48.19844065382281,0
1366,48.19844065382281,0
1367,48.19844065382281,0
1368,3.8278856510846233,0
1369,3.8278856510846233,0
1370,3.8278856510846233,0
1371,3.8278856510846233,0
1372,3.8278856510846233,0
1373,3.8278856510846233,0
1374,3.8278856510846233,0
1375,3.8278856510846233,0
1376,3.8278856510846233,0
1377,3.8278856510846233,0
1378,3.8278856510846233,0
1379,78.6491394228276,0
1380,78.6491394228276,0
1381,78.6491394228276,0
1382,78.6491394228276,0
1383,78.6491394228276,0
1384,78.6491394228276,0
1385,78.6491394228276,0
1386,78.6491394228276,0
1387,2.078667353824944,0
1388,2.078667353824944,0
1389,2.078667353824944,0
1390,2.078667353824944,0
1391,2.078667353824944,0
1392,2.078667353824944,0
1393,2.078667353824944,0
1394,2.078667353824944,0
1395,2.078667353824944,0
1396,2.078667353824944,0
1397,32.58515270646539,0
1398,32.58515270646539,0
1399,32.58515270646539,0
1400,32.58515270646539,0
1401,32.58515270646539,0
1402,32.58515270646539,0
1403,32.58515270646539,0
1404,32.58515270646539,0
1405,32.58515270646539,0
1406,32.58515270646539,0
1407,32.58515270646539,0
1408,32.58515270646539,0
1409,32.58515270646539,0
1410,32.58515270646539,0
1411,3.4663588744472404,0
1412,3.4663588744472404,0
1413,3.4663588744472404,0
1414,3.4663588744472404,0
1415,3.4663588744472404,0
1416,3.4663588744472404,0
1417,3.4663588744472404,0
1418,3.4663588744472404,0
1419,3.4663588744472404,0
1420,19.48512780472194,0
1421,19.48512780472194,0
1422,19.48512780472194,0
1423,19.48512780472194,0
1424,19.48512780472194,0
1425,19.48512780472194,0
1426,19.48512780472194,0
1427,19.48512780472194,0
1428,158.59235910893477,0
1429,158.59235910893477,0
1430,158.59235910893477,0
1431,158.59235910893477,0
1432,158.59235910893477,0
1433,158.59235910893477,0
1434,158.59235910893477,0
1435,158.59235910893477,0
1436,158.59235910893477,0
1437,43.89624526597628,0
1438,43.89624526597628,0
1439,43.89624526597628,0
1440,43.89624526597628,0
1441,43.89624526597628,0
1442,43.89624526597628,0
1443,43.89624526597628,0
1444,43.89624526597628,0
1445,36.895468036459185,0
1446,36.895468036459185,0
1447,36.895468036459185,0
1448,36.895468036459185,0
1449,36.895468036459185,0
1450,36.895468036459185,0
1451,36.895468036459185,0
1452,36.895468036459185,0
1453,36.895468036459185,0
1454,36.895468036459185,0
1455,36.895468036459185,0
1456,36.895468036459185,0
1457,36.895468036459185,0
1458,11.179255780466358,0
1459,11.179255780466358,0
1460,11.179255780466358,0
1461,11.179255780466358,0
1462,11.179255780466358,0
1463,11.179255780466358,0
1464,11.179255780466358,0
1465,11.179255780466358,0
1466,77.74408666733738,0
1467,77.74408666733738,0
1468,77.74408666733738,0
1469,77.74408666733738,0
1470,77.74408666733738,0
1471,77.74408666733738,0
1472,77.74408666733738,0
1473,77.74408666733738,0
1474,77.74408666733738,0
1475,0.8045054734848553,0
1476,0.8045054734848553,0
1477,0.8045054734848553,0
1478,0.8045054734848553,0
1479,0.8045054734848553,0
1480,0.8045054734848553,0
1481,0.8045054734848553,0
1482,0.8045054734848553,0
1483,0.8045054734848553,0
1484,26.771724941185116,0
1485,26.771724941185116,0
1486,26.771724941185116,0
1487,26.771724941185116,0
1488,26.771724941185116,0
1489,26.771724941185116,0
1490,26.771724941185116,0
1491,26.771724941185116,0
1492,26.771724941185116,0
1493,26.771724941185116,0
1494,26.771724941185116,0
1495,26.771724941185116,0
1496,26.771724941185116,0
1497,28.16898805956135,0
1498,28.16898805956135,0
1499,28.16898805956135,0
1500,28.16898805956135,0
1501,28.16898805956135,0
1502,28.16898805956135,0
1503,28.16898805956135,0
1504,28.16898805956135,0
1505,28.16898805956135,0
1506,28.16898805956135,0
1507,28.16898805956135,0
1508,28.16898805956135,0
1509,28.16898805956135,0
1510,28.16898805956135,0
1511,28.16898805956135,0
1512,28.16898805956135,0
1513,37.37576716271252,0
1514,37.37576716271252,0
1515,37.37576716271252,0
1516,37.37576716271252,0
1517,37.37576716271252,0
1518,37.37576716271252,0
1519,37.37576716271252,0
1520,37.37576716271252,0
1521,37.37576716271252,0
1522,37.37576716271252,0
1523,37.37576716271252,0
1524,37.37576716271252,0
1525,37.37576716271252,0
1526,37.37576716271252,0
1527,37.37576716271252,0
1528,21.72295076590218,0
1529,21.72295076590218,0
1530,21.72295076590218,0
1531,21.72295076590218,0
1532,21.72295076590218,0
1533,21.72295076590218,0
1534,21.72295076590218,0
1535,21.72295076590218,0
1536,21.72295076590218,0
1537,21.72295076590218,0
1538,18.827765766598652,0
1539,18.827765766598652,0
1540,18.827765766598652,0
1541,18.827765766598652,0
1542,18.827765766598652,0
1543,18.827765766598652,0
1544,18.827765766598652,0
1545,18.827765766598652,0
1546,18.827765766598652,0
1547,18.827765766598652,0
1548,18.827765766598652,0
1549,1.8292853623167953,0
1550,1.8292853623167953,0
1551,1.8292853623167953,0
1552,1.8292853623167953,0
1553,1.8292853623167953,0
1554,1.8292853623167953,0
1555,1.8292853623167953,0
1556,43.18125562906112,0
1557,43.18125562906112,0
1558,43.18125562906112,0
1559,43.18125562906112,0
1560,43.18125562906112,0
1561,43.18125562906112,0
1562,43.18125562906112,0
1563,43.18125562906112,0
1564,43.18125562906112,0
1565,43.18125562906112,0
1566,43.18125562906112,0
1567,43.18125562906112,0
1568,43.18125562906112,0
1569,91.82894299835738,0
1570,91.82894299835738,0
1571,91.82894299835738,0
1572,91.82894299835738,0
1573,91.82894299835738,0
1574,91.82894299835738,0
1575,91.82894299835738,0
1576,91.82894299835738,0
1577,91.82894299835738,0
1578,91.82894299835738,0
1579,91.82894299835738,0
1580,91.82894299835738,0
1581,4.064373444834622,0
1582,4.064373444834622,0
1583,4.064373444834622,0
1584,4.064373444834622,0
1585,4.064373444834622,0
1586,4.064373444834622,0
1587,4.064373444834622,0
1588,4.064373444834622,0
1589,4.064373444834622,0
1590,4.064373444834622,0
1591,4.064373444834622,0
1592,157.70291680334893,0
1593,157.70291680334893,0
1594,157.70291680334893,0
1595,157.70291680334893,0
1596,157.70291680334893,0
1597,157.70291680334893,0
1598,157.70291680334893,0
1599,157.70291680334893,0
1600,157.70291680334893,0
1601,157.70291680334893,0
1602,157.70291680334893,0
1603,157.70291680334893,0
1604,37.38825047241588,0
1605,37.38825047241588,0
1606,37.38825047241588,0
1607,37.38825047241588,0
1608,37.38825047241588,0
1609,37.38825047241588,0
1610,37.38825047241588,0
1611,37.38825047241588,0
1612,37.38825047241588,0
1613,37.38825047241588,0
1614,37.38825047241588,0
1615,37.38825047241588,0
1616,1.2399043955224094,0
1617,1.2399043955224094,0
1618,1.2399043955224094,0
1619,1.2399043955224094,0
1620,1.2399043955224094,0
1621,13.424906376205959,0
1622,13.424906376205959,0
1623,13.424906376205959,0
1624,13.424906376205959,0
1625,13.424906376205959,0
1626,13.424906376205959,0
1627,13.424906376205959,0
1628,13.424906376205959,0
1629,13.424906376205959,0
1630,13.424906376205959,0
1631,13.424906376205959,0
1632,13.424906376205959,0
1633,13.424906376205959,0
1634,68.24271995401263,0
1635,68.24271995401263,1
1636,68.24271995401263,0
1637,68.24271995401263,0
1638,68.24271995401263,0
1639,68.24271995401263,1
1640,68.24271995401263,0
1641,68.24271995401263,1
1642,59.06365812812898,0
1643,59.06365812812898,0
1644,59.06365812812898,1
1645,59.06365812812898,0
1646,59.06365812812898,0
1647,59.06365812812898,0
1648,59.06365812812898,0
1649,59.06365812812898,0
1650,59.06365812812898,0
1651,59.06365812812898,0
1652,59.06365812812898,0
1653,59.06365812812898,0
1654,59.06365812812898,0
1655,100.50821498659948,0
1656,100.50821498659948,0
1657,100.50821498659948,0
1658,100.50821498659948,0
1659,100.50821498659948,0
1660,100.50821498659948,0
1661,100.50821498659948,0
1662,100.50821498659948,0
1663,100.50821498659948,0
1664,100.50821498659948,0
1665,100.50821498659948,0
1666,57.00041571307573,0
1667,57.00041571307573,0
1668,57.00041571307573,0
1669,57.00041571307573,0
1670,57.00041571307573,0
1671,57.00041571307573,0
1672,57.00041571307573,0
1673,50.555325151458064,0
1674,50.555325151458064,0
1675,50.555325151458064,0
1676,50.555325151458064,0
1677,50.555325151458064,0
1678,50.555325151458064,0
1679,50.555325151458064,0
1680,50.555325151458064,0
1681,50.555325151458064,0
1682,50.555325151458064,0
1683,8.625824283685668,0
1684,8.625824283685668,0
1685,8.625824283685668,0
1686,8.625824283685668,0
1687,8.625824283685668,0
1688,8.625824283685668,0
1689,8.625824283685668,0
1690,8.625824283685668,0
1691,8.625824283685668,0
1692,2.1617784632081567,0
1693,2.1617784632081567,0
1694,2.1617784632081567,0
1695,2.1617784632081567,0
1696,2.1617784632081567,0
1697,2.1617784632081567,0
1698,2.1617784632081567,0
1699,2.1617784632081567,0
1700,2.1617784632081567,0
1701,2.1617784632081567,0
1702,2.1617784632081567,0
1703,2.1617784632081567,0
1704,2.1617784632081567,0
1705,4.067778834972583,0
1706,4.067778834972583,0
1707,4.067778834972583,0
1708,4.067778834972583,0
1709,4.067778834972583,0
1710,4.067778834972583,0
1711,4.067778834972583,0
1712,4.067778834972583,0
1713,4.067778834972583,0
1714,21.77638715751485,0
1715,21.77638715751485,0
1716,21.77638715751485,0
1717,21.77638715751485,0
1718,21.77638715751485,0
1719,21.77638715751485,0
1720,21.77638715751485,0
1721,21.77638715751485,0
1722,21.77638715751485,0
1723,21.77638715751485,0
1724,21.77638715751485,0
1725,21.77638715751485,0
1726,21.77638715751485,0
1727,108.69129009580993,0
1728,108.69129009580993,0
1729,108.69129009580993,0
1730,108.69129009580993,0
1731,108.69129009580993,0
1732,108.69129009580993,0
1733,108.69129009580993,0
1734,108.69129009580993,0
1735,28.98710924201596,0
1736,28.98710924201596,0
1737,28.98710924201596,0
1738,28.98710924201596,0
1739,28.98710924201596,0
1740,28.98710924201596,0
1741,28.98710924201596,0
1742,28.98710924201596,0
1743,28.98710924201596,0
1744,28.98710924201596,0
1745,28.98710924201596,0
1746,28.98710924201596,0
1747,1.1369172197806994,0
1748,1.1369172197806994,0
1749,1.1369172197806994,0
1750,1.1369172197806994,0
1751,1.1369172197806994,0
1752,1.1369172197806994,0
1753,1.1369172197806994,1
1754,1.1369172197806994,0
1755,1.1369172197806994,0
1756,1.1369172197806994,0
1757,1.1369172197806994,0
1758,1.1369172197806994,0
1759,0.1837082927677286,0
1760,0.1837082927677286,0
1761,0.1837082927677286,0
1762,0.1837082927677286,0
1763,0.1837082927677286,0
1764,0.1837082927677286,0
1765,0.1837082927677286,0
1766,0.1837082927677286,0
1767,0.3504779483948694,0
1768,0.3504779483948694,0
1769,0.3504779483948694,0
1770,0.3504779483948694,0
1771,0.3504779483948694,0
1772,0.3504779483948694,0
1773,0.3504779483948694,0
1774,0.3504779483948694,0
1775,0.3504779483948694,0
1776,0.3504779483948694,0
1777,4.177917367799273,0
1778,4.177917367799273,0
1779,4.177917367799273,0
1780,4.177917367799273,0
1781,4.177917367799273,0
1782,4.177917367799273,0
1783,4.177917367799273,0
1784,4.177917367799273,0
1785,4.177917367799273,0
1786,4.177917367799273,0
1787,4.177917367799273,0
1788,4.177917367799273,0
1789,4.177917367799273,0
1790,4.177917367799273,0
1791,4.177917367799273,0
1792,2.6787597180788656,0
1793,2.6787597180788656,0
1794,2.6787597180788656,0
1795,2.6787597180788656,0
1796,2.6787597180788656,0
1797,2.6787597180788656,0
1798,2.6787597180788656,0
1799,2.6787597180788656,0
1800,2.6787597180788656,0
1801,139.1477420314804,0
1802,139.1477420314804,0
1803,139.1477420314804,0
1804,139.1477420314804,0
1805,139.1477420314804,0
1806,139.1477420314804,0
1807,139.1477420314804,0
1808,139.1477420314804,0
1809,139.1477420314804,0
1810,139.1477420314804,0
1811,139.1477420314804,0
1812,139.1477420314804,0
1813,139.1477420314804,0
1814,0.9289042991611347,0
1815,0.9289042991611347,0
1816,0.9289042991611347,0
1817,0.9289042991611347,0
1818,0.9289042991611347,0
1819,0.9289042991611347,0
1820,0.9289042991611347,0
1821,0.9289042991611347,0
1822,0.9801124858676489,0
1823,0.9801124858676489,0
1824,0.9801124858676489,0
1825,0.9801124858676489,0
1826,0.9801124858676489,0
1827,0.9801124858676489,0
1828,0.9801124858676489,0
1829,0.9801124858676489,0
1830,0.9801124858676489,0
1831,0.9801124858676489,0
1832,0.9801124858676489,0
1833,0.9801124858676489,0
1834,0.9801124858676489,0
1835,2.3652717953909304,0
1836,2.3652717953909304,0
1837,2.3652717953909304,0
1838,2.3652717953909304,0
1839,2.3652717953909304,0
1840,2.3652717953909304,0
1841,2.3652717953909304,0
1842,2.3652717953909304,0
1843,6.763523111848787,0
1844,6.763523111848787,0
1845,6.763523111848787,0
1846,6.763523111848787,0
1847,6.763523111848787,0
1848,6.763523111848787,0
1849,6.763523111848787,0
1850,6.763523111848787,0
1851,6.763523111848787,0
1852,6.763523111848787,0
1853,6.763523111848787,0
1854,6.763523111848787,0
1855,6.763523111848787,0
1856,6.763523111848787,0
1857,3.3688703807009235,0
1858,3.3688703807009235,0
1859,3.3688703807009235,0
1860,3.3688703807009235,0
1861,3.3688703807009235,0
1862,3.3688703807009235,0
1863,3.3688703807009235,0
1864,3.3688703807009235,0
1865,3.3688703807009235,0
1866,3.3688703807009235,0
1867,3.3688703807009235,0
1868,3.3688703807009235,0
1869,28.69195306034745,0
1870,28.69195306034745,0
1871,28.69195306034745,0
1872,28.69195306034745,0
1873,28.69195306034745,0
1874,28.69195306034745,0
1875,28.69195306034745,0
1876,28.69195306034745,0
1877,28.69195306034745,0
1878,28.69195306034745,0
1879,28.69195306034745,0
1880,28.69195306034745,0
1881,43.96961885344897,0
1882,43.96961885344897,0
1883,43.96961885344897,0
1884,43.96961885344897,0
1885,43.96961885344897,0
1886,43.96961885344897,0
1887,43.96961885344897,0
1888,1.8500114204235547,0
1889,1.8500114204235547,0
1890,1.8500114204235547,0
1891,1.8500114204235547,0
1892,1.8500114204235547,0
1893,1.8500114204235547,0
1894,1.8500114204235547,0
1895,1.8500114204235547,0
1896,1.8500114204235547,0
1897,1.8500114204235547,0
1898,1.8500114204235547,0
1899,44.13167807381051,0
1900,44.13167807381051,0
1901,44.13167807381051,0
1902,44.13167807381051,0
1903,44.13167807381051,0
1904,44.13167807381051,0
1905,44.13167807381051,0
1906,44.13167807381051,0
1907,44.13167807381051,0
1908,44.13167807381051,0
1909,44.13167807381051,0
1910,44.13167807381051,0
1911,74.13587780824825,0
1912,74.13587780824825,0
1913,74.13587780824825,0
1914,74.13587780824825,0
1915,74.13587780824825,0
1916,74.13587780824825,0
1917,74.13587780824825,0
1918,74.13587780824825,0
1919,1.0972461700210892,0
1920,1.0972461700210892,0
1921,1.0972461700210892,0
1922,1.0972461700210892,0
1923,1.0972461700210892,0
1924,1.0972461700210892,0
1925,1.0972461700210892,0
1926,1.0972461700210892,0
1927,1.0972461700210892,0
1928,1.0972461700210892,0
1929,1.0972461700210892,0
1930,48.7458917999872,0
1931,48.7458917999872,0
1932,48.7458917999872,0
1933,48.7458917999872,0
1934,48.7458917999872,0
1935,48.7458917999872,0
1936,48.7458917999872,0
1937,48.7458917999872,0
1938,48.7458917999872,0
1939,48.7458917999872,0
1940,48.7458917999872,0
1941,48.7458917999872,0
1942,48.7458917999872,1
1943,48.7458917999872,0
1944,44.44350437945551,0
1945,44.44350437945551,0
1946,44.44350437945551,0
1947,44.44350437945551,0
1948,44.44350437945551,0
1949,44.44350437945551,0
1950,44.44350437945551,0
1951,44.44350437945551,0
1952,44.44350437945551,0
1953,44.44350437945551,0
1954,44.44350437945551,0
1955,44.44350437945551,0
1956,44.44350437945551,0
1957,44.44350437945551,0
1958,44.44350437945551,0
1959,44.44350437945551,0
1960,30.387117673942363,0
1961,30.387117673942363,0
1962,30.387117673942363,0
1963,30.387117673942363,0
1964,30.387117673942363,0
1965,30.387117673942363,0
1966,2.494269337977438,0
1967,2.494269337977438,0
1968,2.494269337977438,0
1969,2.494269337977438,0
1970,2.494269337977438,0
1971,2.494269337977438,0
1972,2.494269337977438,0
1973,2.494269337977438,0
1974,2.494269337977438,0
1975,2.494269337977438,0
1976,2.494269337977438,0
1977,14.586719390826321,0
1978,14.586719390826321,0
1979,14.586719390826321,0
1980,14.586719390826321,0
1981,14.586719390826321,0
1982,14.586719390826321,0
1983,14.586719390826321,0
1984,16.812759922336486,0
1985,16.812759922336486,0
1986,16.812759922336486,0
1987,16.812759922336486,0
1988,16.812759922336486,0
1989,16.812759922336486,0
1990,16.812759922336486,0
1991,16.812759922336486,0
1992,16.812759922336486,0
1993,16.812759922336486,0
1994,16.812759922336486,0
1995,16.812759922336486,0
1996,16.812759922336486,0
1997,16.812759922336486,0
1998,16.812759922336486,0
1999,16.812759922336486,0
2000,16.013259696890902,0
2001,16.013259696890902,0
2002,16.013259696890902,0
2003,16.013259696890902,0
2004,16.013259696890902,0
2005,16.013259696890902,0
2006,16.013259696890902,0
2007,16.013259696890902,0
2008,16.013259696890902,0
2009,16.013259696890902,0
2010,16.013259696890902,0
2011,33.893366293852566,0
2012,33.893366293852566,0
2013,33.893366293852566,0
2014,33.893366293852566,0
2015,33.893366293852566,0
2016,33.893366293852566,0
2017,33.893366293852566,0
2018,33.893366293852566,0
2019,33.893366293852566,0
2020,33.893366293852566,0
2021,0.7342228846300097,0
2022,0.7342228846300097,0
2023,0.7342228846300097,0
2024,0.7342228846300097,0
2025,0.7342228846300097,0
2026,0.7342228846300097,0
2027,0.7342228846300097,0
2028,0.7342228846300097,0
2029,0.7342228846300097,0
2030,0.7342228846300097,0
2031,1.567659422187478,0
2032,1.567659422187478,0
2033,1.567659422187478,0
2034,1.567659422187478,0
2035,1.567659422187478,0
2036,1.567659422187478,0
2037,1.567659422187478,0
2038,1.567659422187478,0
2039,1.567659422187478,0
2040,1.567659422187478,0
2041,1.567659422187478,0
2042,1.567659422187478,0
2043,1.567659422187478,0
2044,70.16499333892418,0
2045,70.16499333892418,0
2046,70.16499333892418,0
2047,70.16499333892418,0
2048,70.16499333892418,0
2049,70.16499333892418,0
2050,70.16499333892418,0
2051,70.16499333892418,0
2052,70.16499333892418,0
2053,70.16499333892418,0
2054,4.0225910091831425,0
2055,4.0225910091831425,0
2056,4.0225910091831425,0
2057,4.0225910091831425,0
2058,4.0225910091831425,0
2059,4.0225910091831425,0
2060,4.0225910091831425,0
2061,4.0225910091831425,0
2062,4.0225910091831425,0
2063,4.0225910091831425,0
2064,25.464919741949494,0
2065,25.464919741949494,0
2066,25.464919741949494,0
2067,25.464919741949494,0
2068,25.464919741949494,0
2069,25.464919741949494,0
2070,25.464919741949494,0
2071,25.464919741949494,0
2072,25.464919741949494,0
2073,25.464919741949494,0
2074,25.464919741949494,0
2075,25.464919741949494,0
2076,25.464919741949494,0
2077,16.4570781309647,0
2078,16.4570781309647,0
2079,16.4570781309647,0
2080,16.4570781309647,0
2081,16.4570781309647,0
2082,16.4570781309647,0
2083,16.4570781309647,0
2084,16.4570781309647,0
2085,16.4570781309647,0
2086,16.4570781309647,0
2087,16.4570781309647,0
2088,16.4570781309647,0
2089,1.9457197292864152,0
2090,1.9457197292864152,0
2091,1.9457197292864152,0
2092,1.9457197292864152,0
2093,1.9457197292864152,0
2094,1.9457197292864152,0
2095,1.9457197292864152,0
2096,1.9457197292864152,0
2097,1.9457197292864152,0
2098,1.9457197292864152,0
2099,1.9457197292864152,0
2100,32.703071882526416,0
2101,32.703071882526416,0
2102,32.703071882526416,0
2103,32.703071882526416,0
2104,32.703071882526416,0
2105,32.703071882526416,0
2106,32.703071882526416,0
2107,32.703071882526416,0
2108,32.703071882526416,0
2109,32.703071882526416,0
2110,32.703071882526416,0
2111,32.703071882526416,0
2112,32.703071882526416,0
2113,32.703071882526416,0
2114,32.703071882526416,0
2115,45.3160147980848,0
2116,45.3160147980848,0
2117,45.3160147980848,0
2118,45.3160147980848,0
2119,45.3160147980848,0
2120,45.3160147980848,0
2121,45.3160147980848,0
2122,45.3160147980848,0
2123,45.3160147980848,0
2124,45.3160147980848,0
2125,45.3160147980848,0
2126,45.3160147980848,0
2127,45.3160147980848,0
2128,96.4648358880317,0
2129,96.4648358880317,0
2130,96.4648358880317,0
2131,96.4648358880317,0
2132,96.4648358880317,0
2133,96.4648358880317,0
2134,96.4648358880317,0
2135,96.4648358880317,0
2136,96.4648358880317,0
2137,96.4648358880317,0
2138,96.4648358880317,0
2139,96.4648358880317,0
2140,96.4648358880317,0
2141,0.16204108570619238,0
2142,0.16204108570619238,0
2143,0.16204108570619238,0
2144,0.16204108570619238,0
2145,0.16204108570619238,0
2146,43.092531782400144,0
2147,43.092531782400144,0
2148,43.092531782400144,0
2149,43.092531782400144,0
2150,43.092531782400144,0
2151,43.092531782400144,0
2152,43.092531782400144,0
2153,43.092531782400144,0
2154,43.092531782400144,0
2155,43.092531782400144,0
2156,43.092531782400144,0
2157,43.092531782400144,0
2158,25.502212749782927,0
2159,25.502212749782927,0
2160,25.502212749782927,0
2161,25.502212749782927,0
2162,25.502212749782927,0
2163,25.502212749782927,0
2164,25.502212749782927,0
2165,25.502212749782927,0
2166,25.502212749782927,0
2167,25.502212749782927,0
2168,25.502212749782927,0
2169,51.812935124554556,0
2170,51.812935124554556,0
2171,51.812935124554556,0
2172,51.812935124554556,0
2173,51.812935124554556,0
2174,51.812935124554556,0
2175,51.812935124554556,0
2176,51.812935124554556,0
2177,51.812935124554556,0
2178,51.812935124554556,0
2179,51.812935124554556,0
2180,51.812935124554556,0
2181,0.9154130158252068,0
2182,0.9154130158252068,0
2183,0.9154130158252068,0
2184,0.9154130158252068,0
2185,0.9154130158252068,0
2186,0.9154130158252068,0
2187,0.9154130158252068,0
2188,0.9154130158252068,0
2189,0.9154130158252068,0
2190,0.9154130158252068,0
2191,57.2646272823319,0
2192,57.2646272823319,0
2193,57.2646272823319,0
2194,57.2646272823319,0
2195,57.2646272823319,0
2196,57.2646272823319,0
2197,57.2646272823319,0
2198,57.2646272823319,0
2199,14.669324540132044,0
2200,14.669324540132044,0
2201,38.83479101022119,0
2202,38.83479101022119,0
2203,38.83479101022119,0
2204,38.83479101022119,0
2205,38.83479101022119,0
2206,38.83479101022119,0
2207,38.83479101022119,0
2208,5.0158625887524115,0
2209,5.0158625887524115,0
2210,5.0158625887524115,0
2211,5.0158625887524115,0
2212,5.0158625887524115,0
2213,5.0158625887524115,0
2214,5.0158625887524115,0
2215,5.0158625887524115,0
2216,5.0158625887524115,0
2217,33.757173291899164,0
2218,33.757173291899164,0
2219,33.757173291899164,0
2220,33.757173291899164,0
2221,33.757173291899164,0
2222,33.757173291899164,0
2223,33.757173291899164,0
2224,33.757173291899164,0
2225,33.757173291899164,0
2226,33.757173291899164,0
2227,1.3196271971428173,0
2228,1.3196271971428173,0
2229,1.3196271971428173,0
2230,1.3196271971428173,0
2231,1.3196271971428173,0
2232,1.3196271971428173,0
2233,1.3196271971428173,0
2234,1.3196271971428173,0
2235,1.3196271971428173,0
2236,1.9019910462655722,0
2237,1.9019910462655722,0
2238,1.9019910462655722,0
2239,1.9019910462655722,0
2240,1.9019910462655722,0
2241,15.248191387990078,0
2242,15.248191387990078,0
2243,15.248191387990078,0
2244,15.248191387990078,0
2245,15.248191387990078,0
2246,15.248191387990078,0
2247,15.248191387990078,0
2248,15.248191387990078,0
2249,15.248191387990078,0
2250,15.248191387990078,0
2251,15.248191387990078,0
2252,15.248191387990078,0
2253,15.248191387990078,0
2254,1.077994054637874,0
2255,1.077994054637874,0
2256,1.077994054637874,0
2257,1.077994054637874,0
2258,1.077994054637874,0
2259,1.077994054637874,0
2260,1.077994054637874,0
2261,1.077994054637874,0
2262,1.077994054637874,0
2263,1.077994054637874,0
2264,1.077994054637874,0
2265,1.077994054637874,0
2266,1.077994054637874,0
2267,27.547427562709117,0
2268,27.547427562709117,0
2269,27.547427562709117,0
2270,27.547427562709117,0
2271,27.547427562709117,0
2272,27.547427562709117,0
2273,27.547427562709117,0
2274,27.547427562709117,0
2275,27.547427562709117,0
2276,29.108947235905635,0
2277,29.108947235905635,1
2278,29.108947235905635,0
2279,29.108947235905635,0
2280,29.108947235905635,0
2281,29.108947235905635,0
2282,29.108947235905635,0
2283,29.108947235905635,0
2284,29.108947235905635,0
2285,29.108947235905635,0
2286,29.108947235905635,0
2287,32.475110872492735,0
2288,32.475110872492735,0
2289,32.475110872492735,0
2290,32.475110872492735,0
2291,32.475110872492735,0
2292,32.475110872492735,0
2293,32.475110872492735,0
2294,32.475110872492735,0
2295,32.475110872492735,0
2296,32.475110872492735,0
2297,32.475110872492735,0
2298,32.475110872492735,0
2299,32.475110872492735,0
2300,32.475110872492735,0
2301,11.79764907359383,0
2302,11.79764907359383,0
2303,11.79764907359383,0
2304,11.79764907359383,0
2305,11.79764907359383,0
2306,11.79764907359383,1
2307,11.79764907359383,0
2308,11.79764907359383,0
2309,11.79764907359383,0
2310,11.79764907359383,0
2311,1.3002266408458483,0
2312,1.3002266408458483,0
2313,1.3002266408458483,0
2314,1.3002266408458483,0
2315,1.3002266408458483,0
2316,1.3002266408458483,0
2317,1.3002266408458483,0
2318,1.3002266408458483,0
2319,1.3002266408458483,0
2320,1.3002266408458483,0
2321,1.3002266408458483,0
2322,1.3002266408458483,0
2323,27.417264645588,0
2324,27.417264645588,0
2325,27.417264645588,0
2326,27.417264645588,0
2327,27.417264645588,0
2328,27.417264645588,0
2329,27.417264645588,0
2330,27.417264645588,0
2331,27.417264645588,0
2332,1.5167518551689272,0
2333,1.5167518551689272,0
2334,1.5167518551689272,0
2335,1.5167518551689272,0
2336,1.5167518551689272,0
2337,1.5167518551689272,0
2338,1.5167518551689272,0
2339,1.5167518551689272,0
2340,1.5167518551689272,0
2341,1.5167518551689272,0
2342,1.5167518551689272,0
2343,1.5167518551689272,0
2344,1.5167518551689272,0
2345,3.689298368958139,0
2346,3.689298368958139,0
2347,3.689298368958139,0
2348,3.689298368958139,0
2349,3.689298368958139,0
2350,19.762476323897385,0
2351,19.762476323897385,0
2352,19.762476323897385,0
2353,19.762476323897385,0
2354,19.762476323897385,0
2355,19.762476323897385,0
2356,19.762476323897385,0
2357,19.762476323897385,0
2358,19.762476323897385,0
2359,19.762476323897385,0
2360,19.762476323897385,0
2361,203.00394195747273,0
2362,203.00394195747273,0
2363,203.00394195747273,0
2364,203.00394195747273,0
2365,203.00394195747273,0
2366,203.00394195747273,0
2367,203.00394195747273,0
2368,203.00394195747273,0
2369,203.00394195747273,0
2370,203.00394195747273,0
2371,1.9750588863179563,0
2372,1.9750588863179563,0
2373,1.9750588863179563,0
2374,1.9750588863179563,0
2375,1.9750588863179563,0
2376,1.9750588863179563,0
2377,1.9750588863179563,0
2378,1.9750588863179563,0
2379,1.9750588863179563,0
2380,1.9750588863179563,0
2381,1.9750588863179563,0
2382,32.41275706639857,0
2383,32.41275706639857,0
2384,32.41275706639857,1
2385,32.41275706639857,0
2386,32.41275706639857,0
2387,32.41275706639857,0
2388,32.41275706639857,0
2389,32.41275706639857,0
2390,32.41275706639857,0
2391,32.41275706639857,0
2392,32.41275706639857,0
2393,43.890290562184,0
2394,43.890290562184,0
2395,43.890290562184,0
2396,43.890290562184,0
2397,43.890290562184,0
2398,43.890290562184,0
2399,43.890290562184,0
2400,43.890290562184,0
2401,43.890290562184,0
2402,43.890290562184,0
2403,0.7245420225370898,0
2404,0.7245420225370898,0
2405,0.7245420225370898,0
2406,0.7245420225370898,0
2407,0.7245420225370898,0
2408,0.7245420225370898,0
2409,0.7245420225370898,0
2410,0.7245420225370898,0
2411,0.7245420225370898,0
2412,45.76215250278103,0
2413,45.76215250278103,0
2414,45.76215250278103,0
2415,45.76215250278103,0
2416,45.76215250278103,0
2417,45.76215250278103,0
2418,45.76215250278103,0
2419,45.76215250278103,0
2420,45.76215250278103,0
2421,45.76215250278103,0
2422,45.76215250278103,0
2423,45.76215250278103,0
2424,45.76215250278103,0
2425,45.76215250278103,0
2426,0.5774491124652239,0
2427,0.5774491124652239,0
2428,0.5774491124652239,0
2429,0.5774491124652239,0
2430,0.5774491124652239,0
2431,0.5774491124652239,0
2432,0.5774491124652239,0
2433,0.5774491124652239,0
2434,0.5774491124652239,0
2435,0.580529064463007,0
2436,0.580529064463007,0
2437,0.580529064463007,0
2438,0.580529064463007,0
2439,0.580529064463007,0
2440,0.580529064463007,0
2441,0.580529064463007,0
2442,0.580529064463007,0
2443,0.580529064463007,0
2444,0.580529064463007,0
2445,0.580529064463007,0
2446,0.580529064463007,0
2447,10.078475389020465,0
2448,10.078475389020465,0
2449,10.078475389020465,0
2450,10.078475389020465,0
2451,10.078475389020465,0
2452,10.078475389020465,0
2453,10.078475389020465,0
2454,10.078475389020465,0
2455,10.078475389020465,0
2456,10.078475389020465,0
2457,10.078475389020465,0
2458,4.1111904093459,0
2459,4.1111904093459,0
2460,4.1111904093459,0
2461,4.1111904093459,0
2462,4.1111904093459,0
2463,4.1111904093459,0
2464,1.5656266944967263,0
2465,1.5656266944967263,0
2466,1.5656266944967263,0
2467,1.5656266944967263,0
2468,1.5656266944967263,0
2469,1.5656266944967263,0
2470,1.5656266944967263,0
2471,1.5656266944967263,0
2472,1.5656266944967263,0
2473,4.130462389346606,0
2474,4.130462389346606,0
2475,4.130462389346606,0
2476,4.130462389346606,0
2477,4.130462389346606,0
2478,4.130462389346606,0
2479,4.130462389346606,0
2480,4.130462389346606,0
2481,4.130462389346606,0
2482,4.130462389346606,0
2483,4.130462389346606,0
2484,25.981953726101487,0
2485,25.981953726101487,0
2486,25.981953726101487,0
2487,25.981953726101487,0
2488,25.981953726101487,0
2489,25.981953726101487,0
2490,25.981953726101487,0
2491,25.981953726101487,0
2492,25.981953726101487,0
2493,25.981953726101487,0
2494,25.981953726101487,0
2495,25.981953726101487,0
2496,25.981953726101487,0
2497,24.003727045492344,0
2498,24.003727045492344,0
2499,24.003727045492344,0
2500,24.003727045492344,0
2501,24.003727045492344,0
2502,24.003727045492344,0
2503,0.3914490818869823,0
2504,0.3914490818869823,0
2505,0.3914490818869823,0
2506,0.3914490818869823,0
2507,0.3914490818869823,0
2508,0.3914490818869823,0
2509,0.3914490818869823,0
2510,0.3914490818869823,0
2511,0.3914490818869823,0
2512,0.3914490818869823,0
2513,0.3914490818869823,0
2514,5.9875156927404465,0
2515,5.9875156927404465,0
2516,5.9875156927404465,0
2517,5.9875156927404465,0
2518,5.9875156927404465,0
2519,5.9875156927404465,0
2520,5.9875156927404465,0
2521,5.9875156927404465,0
2522,14.155936262138345,0
2523,14.155936262138345,0
2524,14.155936262138345,0
2525,14.155936262138345,0
2526,14.155936262138345,0
2527,14.155936262138345,0
2528,1.6436602066286092,0
2529,1.6436602066286092,0
2530,1.6436602066286092,0
2531,1.6436602066286092,0
2532,1.6436602066286092,0
2533,1.6436602066286092,0
2534,1.6436602066286092,0
2535,1.6436602066286092,0
2536,1.6436602066286092,0
2537,1.6436602066286092,0
2538,19.672108626527486,0
2539,19.672108626527486,0
2540,19.672108626527486,0
2541,19.672108626527486,0
2542,19.672108626527486,0
2543,19.672108626527486,0
2544,19.672108626527486,0
2545,19.672108626527486,0
2546,19.672108626527486,0
2547,82.2861299522867,0
2548,82.2861299522867,0
2549,82.2861299522867,0
2550,82.2861299522867,0
2551,82.2861299522867,0
2552,82.2861299522867,0
2553,82.2861299522867,0
2554,82.2861299522867,0
2555,82.2861299522867,0
2556,82.2861299522867,0
2557,82.2861299522867,0
2558,82.2861299522867,0
2559,82.2861299522867,0
2560,82.2861299522867,0
2561,5.290241386630726,0
2562,5.290241386630726,0
2563,5.290241386630726,0
2564,5.290241386630726,0
2565,5.290241386630726,0
2566,5.290241386630726,0
2567,5.290241386630726,0
2568,5.290241386630726,0
2569,5.290241386630726,0
2570,5.290241386630726,0
2571,5.290241386630726,0
2572,5.290241386630726,0
2573,5.290241386630726,0
2574,5.290241386630726,0
2575,53.87976559718655,0
2576,53.87976559718655,0
2577,53.87976559718655,0
2578,53.87976559718655,0
2579,53.87976559718655,0
2580,53.87976559718655,0
2581,53.87976559718655,0
2582,53.87976559718655,0
2583,53.87976559718655,0
2584,53.87976559718655,0
2585,0.2874021965083169,0
2586,0.2874021965083169,0
2587,0.2874021965083169,0
2588,0.2874021965083169,0
2589,0.2874021965083169,0
2590,0.2874021965083169,0
2591,0.2874021965083169,0
2592,0.2874021965083169,0
2593,0.2874021965083169,0
2594,0.2874021965083169,0
2595,2.03113010134274,0
2596,2.03113010134274,0
2597,2.03113010134274,0
2598,2.03113010134274,0
2599,2.03113010134274,0
2600,2.03113010134274,0
2601,2.03113010134274,0
2602,45.631767135708955,0
2603,45.631767135708955,0
2604,45.631767135708955,0
2605,45.631767135708955,0
2606,45.631767135708955,0
2607,45.631767135708955,0
2608,45.631767135708955,0
2609,45.631767135708955,0
2610,45.631767135708955,0
2611,45.631767135708955,0
2612,45.631767135708955,0
2613,45.631767135708955,0
2614,62.38423904921808,0
2615,62.38423904921808,0
2616,62.38423904921808,0
2617,62.38423904921808,0
2618,62.38423904921808,0
2619,62.38423904921808,0
2620,62.38423904921808,0
2621,62.38423904921808,0
2622,62.38423904921808,0
2623,62.38423904921808,0
2624,62.38423904921808,0
2625,62.38423904921808,0
2626,62.38423904921808,0
2627,62.38423904921808,0
2628,70.8187393602838,0
2629,70.8187393602838,0
2630,70.8187393602838,0
2631,70.8187393602838,0
2632,70.8187393602838,0
2633,70.8187393602838,0
2634,70.8187393602838,0
2635,70.8187393602838,0
2636,70.8187393602838,0
2637,70.8187393602838,0
2638,70.8187393602838,0
2639,70.8187393602838,0
2640,1.5027332938878166,0
2641,1.5027332938878166,0
2642,1.5027332938878166,0
2643,1.5027332938878166,0
2644,1.5027332938878166,0
2645,1.5027332938878166,0
2646,1.5027332938878166,0
2647,1.5027332938878166,0
2648,1.5027332938878166,0
2649,1.5027332938878166,0
2650,1.5027332938878166,0
2651,1.5027332938878166,0
2652,85.46645547770018,0
2653,85.46645547770018,0
2654,85.46645547770018,0
2655,85.46645547770018,0
2656,85.46645547770018,0
2657,85.46645547770018,0
2658,85.46645547770018,0
2659,85.46645547770018,0
2660,85.46645547770018,0
2661,85.46645547770018,0
2662,85.46645547770018,0
2663,85.46645547770018,0
2664,85.46645547770018,0
2665,85.46645547770018,0
2666,48.379218139134984,0
2667,48.379218139134984,0
2668,48.379218139134984,0
2669,48.379218139134984,0
2670,48.379218139134984,0
2671,48.379218139134984,0
2672,48.379218139134984,0
2673,48.379218139134984,0
2674,48.379218139134984,0
2675,48.379218139134984,0
2676,48.379218139134984,0
2677,48.379218139134984,0
2678,48.379218139134984,0
2679,48.379218139134984,0
2680,48.379218139134984,0
2681,3.7467719986304537,0
2682,3.7467719986304537,0
2683,3.7467719986304537,0
2684,3.7467719986304537,0
2685,3.7467719986304537,0
2686,3.7467719986304537,0
2687,3.7467719986304537,0
2688,3.7467719986304537,0
2689,3.7467719986304537,0
2690,3.7467719986304537,0
2691,3.7467719986304537,0
2692,3.7467719986304537,0
2693,2.409708653450608,0
2694,2.409708653450608,0
2695,2.409708653450608,0
2696,2.409708653450608,0
2697,2.409708653450608,0
2698,2.409708653450608,0
2699,2.409708653450608,0
2700,2.409708653450608,0
2701,2.409708653450608,0
2702,2.409708653450608,0
2703,2.409708653450608,0
2704,2.409708653450608,0
2705,64.27241552117496,0
2706,64.27241552117496,0
2707,64.27241552117496,0
2708,64.27241552117496,0
2709,64.27241552117496,0
2710,64.27241552117496,0
2711,64.27241552117496,0
2712,64.27241552117496,0
2713,64.27241552117496,0
2714,64.27241552117496,0
2715,38.50753991861171,0
2716,38.50753991861171,0
2717,38.50753991861171,0
2718,38.50753991861171,0
2719,38.50753991861171,0
2720,38.50753991861171,0
2721,38.50753991861171,0
2722,38.50753991861171,0
2723,38.50753991861171,0
2724,38.50753991861171,0
2725,155.45206512385104,0
2726,155.45206512385104,0
2727,155.45206512385104,0
2728,155.45206512385104,0
2729,155.45206512385104,0
2730,155.45206512385104,0
2731,155.45206512385104,0
2732,155.45206512385104,0
2733,155.45206512385104,0
2734,155.45206512385104,0
2735,155.45206512385104,0
2736,2.1156230921168726,0
2737,2.1156230921168726,0
2738,2.1156230921168726,0
2739,2.1156230921168726,0
2740,2.1156230921168726,0
2741,2.1156230921168726,0
2742,2.338917591516191,0
2743,2.338917591516191,0
2744,2.338917591516191,0
2745,2.338917591516191,0
2746,2.338917591516191,0
2747,2.338917591516191,0
2748,2.338917591516191,0
2749,2.338917591516191,0
2750,2.338917591516191,0
2751,2.338917591516191,0
2752,2.338917591516191,0
2753,2.338917591516191,0
2754,1.3469325423191505,0
2755,1.3469325423191505,0
2756,1.3469325423191505,0
2757,1.3469325423191505,0
2758,1.3469325423191505,0
2759,1.3469325423191505,0
2760,1.3469325423191505,0
2761,1.3469325423191505,0
2762,1.3469325423191505,0
2763,1.3469325423191505,0
2764,29.24472250209053,0
2765,29.24472250209053,0
2766,29.24472250209053,0
2767,29.24472250209053,0
2768,29.24472250209053,0
2769,29.24472250209053,0
2770,29.24472250209053,0
2771,29.24472250209053,0
2772,29.24472250209053,0
2773,29.24472250209053,0
2774,4.1733857864611945,0
2775,4.1733857864611945,0
2776,4.1733857864611945,0
2777,4.1733857864611945,0
2778,4.1733857864611945,0
2779,4.1733857864611945,0
2780,4.1733857864611945,0
2781,4.1733857864611945,0
2782,4.1733857864611945,0
2783,4.1733857864611945,0
2784,4.1733857864611945,0
2785,4.1733857864611945,0
2786,4.1733857864611945,0
2787,4.1733857864611945,0
2788,5.983162445026956,0
2789,5.983162445026956,0
2790,5.983162445026956,0
2791,5.983162445026956,0
2792,5.983162445026956,0
2793,5.983162445026956,0
2794,5.983162445026956,0
2795,5.983162445026956,0
2796,5.983162445026956,0
2797,5.983162445026956,0
2798,5.983162445026956,0
2799,5.983162445026956,0
2800,33.93277890104712,0
2801,33.93277890104712,0
2802,33.93277890104712,0
2803,33.93277890104712,0
2804,33.93277890104712,0
2805,33.93277890104712,0
2806,33.93277890104712,0
2807,33.93277890104712,0
2808,33.93277890104712,0
2809,47.33123264870874,0
2810,47.33123264870874,0
2811,47.33123264870874,0
2812,47.33123264870874,0
2813,47.33123264870874,0
2814,47.33123264870874,0
2815,47.33123264870874,0
2816,47.33123264870874,0
2817,34.393901363687156,0
2818,34.393901363687156,0
2819,34.393901363687156,1
2820,34.393901363687156,0
2821,34.393901363687156,0
2822,34.393901363687156,0
2823,34.393901363687156,0
2824,34.393901363687156,0
2825,34.393901363687156,0
2826,34.393901363687156,0
2827,34.393901363687156,0
2828,34.393901363687156,0
2829,34.393901363687156,0
2830,60.78559376222345,0
2831,60.78559376222345,0
2832,60.78559376222345,0
2833,60.78559376222345,0
2834,60.78559376222345,0
2835,60.78559376222345,0
2836,60.78559376222345,0
2837,60.78559376222345,0
2838,60.78559376222345,0
2839,60.78559376222345,1
2840,60.78559376222345,1
2841,67.61217982616594,0
2842,67.61217982616594,0
2843,67.61217982616594,0
2844,67.61217982616594,0
2845,67.61217982616594,0
2846,67.61217982616594,0
2847,67.61217982616594,0
2848,67.61217982616594,0
2849,67.61217982616594,0
2850,67.61217982616594,0
2851,67.61217982616594,0
2852,67.61217982616594,0
2853,67.61217982616594,0
2854,67.61217982616594,0
2855,54.05574838122615,0
2856,54.05574838122615,0
2857,54.05574838122615,0
2858,54.05574838122615,0
2859,54.05574838122615,0
2860,54.05574838122615,0
2861,54.05574838122615,0
2862,54.05574838122615,0
2863,54.05574838122615,0
2864,54.05574838122615,0
2865,1.727533233260848,0
2866,1.727533233260848,0
2867,1.727533233260848,0
2868,1.727533233260848,0
2869,1.727533233260848,0
2870,1.727533233260848,0
2871,1.727533233260848,0
2872,1.727533233260848,0
2873,1.727533233260848,0
2874,1.727533233260848,0
2875,1.727533233260848,0
2876,1.727533233260848,0
2877,1.727533233260848,0
2878,1.727533233260848,0
2879,1.727533233260848,0
2880,103.10378823495986,0
2881,103.10378823495986,0
2882,103.10378823495986,0
2883,103.10378823495986,0
2884,103.10378823495986,0
2885,103.10378823495986,0
2886,103.10378823495986,0
2887,103.10378823495986,0
2888,103.10378823495986,0
2889,103.10378823495986,0
2890,103.10378823495986,0
2891,103.10378823495986,0
2892,103.10378823495986,0
2893,103.10378823495986,0
2894,22.306717379454504,0
2895,22.306717379454504,0
2896,22.306717379454504,0
2897,22.306717379454504,0
2898,22.306717379454504,0
2899,22.306717379454504,0
2900,22.306717379454504,1
2901,22.306717379454504,0
2902,22.306717379454504,0
2903,22.306717379454504,0
2904,22.306717379454504,0
2905,22.306717379454504,0
2906,22.306717379454504,0
2907,22.306717379454504,0
2908,22.306717379454504,0
2909,22.306717379454504,0
2910,4.709711868721419,0
2911,4.709711868721419,0
2912,4.709711868721419,0
2913,4.709711868721419,0
2914,4.709711868721419,0
2915,4.709711868721419,0
2916,4.709711868721419,0
2917,4.709711868721419,0
2918,4.709711868721419,0
2919,4.709711868721419,0
2920,4.709711868721419,0
2921,4.709711868721419,0
2922,4.709711868721419,0
2923,0.9475005064992953,0
2924,0.9475005064992953,0
2925,0.9475005064992953,0
2926,0.9475005064992953,0
2927,0.9475005064992953,0
2928,0.9475005064992953,0
2929,0.9475005064992953,0
2930,0.9475005064992953,0
2931,0.9475005064992953,0
2932,0.9475005064992953,0
2933,0.9475005064992953,0
2934,0.9475005064992953,0
2935,18.532356910630213,0
2936,18.532356910630213,0
2937,18.532356910630213,0
2938,18.532356910630213,0
2939,18.532356910630213,0
2940,18.532356910630213,0
2941,18.532356910630213,0
2942,18.532356910630213,0
2943,18.532356910630213,0
2944,18.532356910630213,0
2945,18.532356910630213,0
2946,18.532356910630213,0
2947,18.532356910630213,0
2948,59.8356369925963,0
2949,59.8356369925963,0
2950,59.8356369925963,0
2951,59.8356369925963,0
2952,59.8356369925963,0
2953,59.8356369925963,0
2954,59.8356369925963,0
2955,59.8356369925963,0
2956,1.5404985231402741,1
2957,1.5404985231402741,0
2958,1.5404985231402741,0
2959,1.5404985231402741,0
2960,1.5404985231402741,1
2961,1.5404985231402741,0
2962,1.5404985231402741,0
2963,1.5404985231402741,0
2964,1.5404985231402741,0
2965,7.852422655367831,0
2966,7.852422655367831,0
2967,7.852422655367831,0
2968,7.852422655367831,0
2969,7.852422655367831,0
2970,7.852422655367831,0
2971,7.852422655367831,0
2972,39.390006001360135,0
2973,39.390006001360135,0
2974,39.390006001360135,0
2975,39.390006001360135,0
2976,39.390006001360135,0
2977,39.390006001360135,0
2978,39.390006001360135,0
2979,39.390006001360135,0
2980,39.390006001360135,0
2981,39.390006001360135,0
2982,39.390006001360135,0
2983,39.390006001360135,0
2984,35.63185096744711,0
2985,35.63185096744711,0
2986,35.63185096744711,0
2987,35.63185096744711,0
2988,35.63185096744711,0
2989,35.63185096744711,0
2990,35.63185096744711,0
2991,35.63185096744711,0
2992,35.63185096744711,0
2993,35.63185096744711,0
2994,33.40058005346203,0
2995,33.40058005346203,0
2996,33.40058005346203,0
2997,33.40058005346203,0
2998,33.40058005346203,0
2999,7.082651369012288,0
3000,7.082651369012288,0
3001,7.082651369012288,0
3002,7.082651369012288,0
3003,7.082651369012288,0
3004,7.082651369012288,0
3005,7.082651369012288,0
3006,7.082651369012288,0
3007,7.082651369012288,0
3008,7.082651369012288,0
3009,7.082651369012288,0
3010,5.712577445287802,0
3011,5.712577445287802,0
3012,5.712577445287802,0
3013,5.712577445287802,0
3014,5.712577445287802,0
3015,5.712577445287802,0
3016,5.712577445287802,0
3017,0.6356771208057782,0
3018,0.6356771208057782,0
3019,0.6356771208057782,0
3020,0.6356771208057782,0
3021,0.6356771208057782,0
3022,0.6356771208057782,0
3023,0.6356771208057782,0
3024,0.6356771208057782,0
3025,0.6356771208057782,0
3026,0.6356771208057782,0
3027,0.6356771208057782,0
3028,0.6356771208057782,0
3029,0.6356771208057782,0
3030,0.6356771208057782,0
3031,30.71899052651069,0
3032,30.71899052651069,0
3033,30.71899052651069,0
3034,30.71899052651069,0
3035,30.71899052651069,0
3036,30.71899052651069,0
3037,30.71899052651069,0
3038,30.71899052651069,0
3039,30.71899052651069,0
3040,30.71899052651069,0
3041,1.1346601606176758,0
3042,1.1346601606176758,0
3043,1.1346601606176758,0
3044,1.1346601606176758,0
3045,1.1346601606176758,0
3046,1.1346601606176758,0
3047,1.1346601606176758,0
3048,1.1346601606176758,0
3049,1.1346601606176758,0
3050,1.1346601606176758,0
3051,2.656264373452355,0
3052,2.656264373452355,0
3053,2.656264373452355,0
3054,2.656264373452355,0
3055,2.656264373452355,0
3056,2.656264373452355,0
3057,2.656264373452355,0
3058,2.656264373452355,0
3059,2.656264373452355,0
3060,2.656264373452355,0
3061,2.656264373452355,0
3062,2.656264373452355,0
3063,42.70967587450657,0
3064,42.70967587450657,0
3065,42.70967587450657,0
3066,42.70967587450657,0
3067,42.70967587450657,0
3068,42.70967587450657,0
3069,42.70967587450657,0
3070,42.70967587450657,0
3071,42.70967587450657,0
3072,42.70967587450657,0
3073,42.70967587450657,0
3074,42.70967587450657,0
3075,13.372345038365902,0
3076,13.372345038365902,0
3077,13.372345038365902,0
3078,13.372345038365902,0
3079,13.372345038365902,0
3080,13.372345038365902,0
3081,13.372345038365902,0
3082,13.372345038365902,0
3083,13.372345038365902,0
3084,13.372345038365902,0
3085,12.360684039071678,0
3086,12.360684039071678,0
3087,12.360684039071678,0
3088,12.360684039071678,0
3089,12.360684039071678,0
3090,12.360684039071678,0
3091,12.360684039071678,0
3092,12.360684039071678,0
3093,12.360684039071678,0
3094,12.360684039071678,0
3095,12.360684039071678,0
3096,61.53140207396485,0
3097,61.53140207396485,0
3098,61.53140207396485,0
3099,61.53140207396485,1
3100,61.53140207396485,0
3101,61.53140207396485,0
3102,61.53140207396485,0
3103,61.53140207396485,0
3104,61.53140207396485,0
3105,61.53140207396485,0
3106,61.53140207396485,0
3107,14.110396616675533,0
3108,14.110396616675533,0
3109,14.110396616675533,0
3110,14.110396616675533,0
3111,14.110396616675533,0
3112,14.110396616675533,0
3113,14.110396616675533,0
3114,14.110396616675533,0
3115,14.110396616675533,0
3116,1.7602865502970308,0
3117,1.7602865502970308,0
3118,1.7602865502970308,0
3119,1.7602865502970308,0
3120,1.7602865502970308,0
3121,1.7602865502970308,0
3122,1.7602865502970308,0
3123,1.7602865502970308,0
3124,1.7602865502970308,0
3125,1.7602865502970308,0
3126,81.80187693332016,0
3127,81.80187693332016,0
3128,81.80187693332016,0
3129,81.80187693332016,0
3130,81.80187693332016,0
3131,81.80187693332016,0
3132,81.80187693332016,0
3133,81.80187693332016,0
3134,81.80187693332016,0
3135,81.80187693332016,0
3136,81.80187693332016,0
3137,81.80187693332016,0
3138,81.80187693332016,0
3139,28.710861586106613,0
3140,28.710861586106613,0
3141,28.710861586106613,0
3142,28.710861586106613,0
3143,28.710861586106613,0
3144,28.710861586106613,0
3145,28.710861586106613,0
3146,28.710861586106613,0
3147,28.710861586106613,0
3148,28.710861586106613,0
3149,28.710861586106613,0
3150,28.710861586106613,0
3151,28.710861586106613,0
3152,28.710861586106613,0
3153,28.710861586106613,0
3154,81.62884562366585,0
3155,81.62884562366585,0
3156,81.62884562366585,0
3157,81.62884562366585,0
3158,81.62884562366585,0
3159,81.62884562366585,0
3160,81.62884562366585,0
3161,81.62884562366585,0
3162,81.62884562366585,0
3163,81.62884562366585,0
3164,81.62884562366585,0
3165,81.62884562366585,0
3166,0.5854213725135473,0
3167,0.5854213725135473,0
3168,0.5854213725135473,0
3169,0.5854213725135473,0
3170,0.5854213725135473,0
3171,0.5854213725135473,0
3172,0.5854213725135473,0
3173,0.5854213725135473,0
3174,0.5854213725135473,0
3175,0.5854213725135473,0
3176,0.5854213725135473,0
3177,1.7715945235718709,0
3178,1.7715945235718709,0
3179,1.7715945235718709,0
3180,1.7715945235718709,0
3181,1.7715945235718709,0
3182,1.7715945235718709,0
3183,11.683738963589853,0
3184,11.683738963589853,0
3185,11.683738963589853,0
3186,11.683738963589853,0
3187,11.683738963589853,0
3188,11.683738963589853,0
3189,11.683738963589853,0
3190,11.683738963589853,0
3191,11.683738963589853,0
3192,11.683738963589853,0
3193,11.683738963589853,0
3194,11.683738963589853,0
3195,11.683738963589853,0
3196,11.683738963589853,0
3197,1.3822889147399706,0
3198,1.3822889147399706,0
3199,1.3822889147399706,0
3200,1.3822889147399706,0
3201,1.3822889147399706,0
3202,1.3822889147399706,0
3203,1.3822889147399706,0
3204,1.3822889147399706,0
3205,1.3822889147399706,0
3206,3.328778954919442,0
3207,3.328778954919442,0
3208,3.328778954919442,0
3209,3.328778954919442,0
3210,3.328778954919442,0
3211,3.328778954919442,0
3212,3.328778954919442,0
3213,3.328778954919442,0
3214,3.328778954919442,0
3215,3.328778954919442,0
3216,3.328778954919442,0
3217,3.328778954919442,0
3218,3.328778954919442,0
3219,3.328778954919442,0
3220,8.772098643486187,0
3221,8.772098643486187,0
3222,8.772098643486187,0
3223,8.772098643486187,0
3224,8.772098643486187,0
3225,8.772098643486187,0
3226,8.772098643486187,0
3227,8.772098643486187,0
3228,8.772098643486187,0
3229,8.772098643486187,0
3230,8.772098643486187,0
3231,8.772098643486187,0
3232,8.772098643486187,0
3233,8.772098643486187,0
3234,8.772098643486187,0
3235,10.957645588540224,0
3236,10.957645588540224,0
3237,10.957645588540224,0
3238,10.957645588540224,0
3239,10.957645588540224,0
3240,10.957645588540224,1
3241,10.957645588540224,0
3242,10.957645588540224,0
3243,10.957645588540224,0
3244,10.957645588540224,0
3245,117.5244224301781,0
3246,117.5244224301781,0
3247,117.5244224301781,0
3248,117.5244224301781,0
3249,117.5244224301781,0
3250,117.5244224301781,0
3251,117.5244224301781,0
3252,117.5244224301781,0
3253,117.5244224301781,0
3254,117.5244224301781,0
3255,117.5244224301781,0
3256,117.5244224301781,0
3257,32.714049048783124,0
3258,32.714049048783124,0
3259,32.714049048783124,0
3260,32.714049048783124,0
3261,32.714049048783124,0
3262,32.714049048783124,0
3263,32.714049048783124,0
3264,32.714049048783124,0
3265,32.714049048783124,0
3266,32.714049048783124,0
3267,3.6214048165663493,0
3268,3.6214048165663493,0
3269,3.6214048165663493,0
3270,3.6214048165663493,0
3271,3.6214048165663493,0
3272,3.6214048165663493,0
3273,3.6214048165663493,0
3274,3.6214048165663493,0
3275,3.6214048165663493,0
3276,3.6214048165663493,0
3277,3.6214048165663493,0
3278,3.6214048165663493,0
3279,43.36368387022526,0
3280,43.36368387022526,0
3281,43.36368387022526,0
3282,43.36368387022526,0
3283,43.36368387022526,0
3284,43.36368387022526,0
3285,43.36368387022526,0
3286,43.36368387022526,0
3287,43.36368387022526,0
3288,43.36368387022526,0
3289,1.0086234957568243,0
3290,1.0086234957568243,0
3291,1.0086234957568243,0
3292,1.0086234957568243,0
3293,1.0086234957568243,0
3294,1.0086234957568243,0
3295,1.0086234957568243,0
3296,1.0086234957568243,0
3297,1.0086234957568243,0
3298,1.0086234957568243,0
3299,1.0086234957568243,0
3300,7.106230453498302,0
3301,7.106230453498302,0
3302,7.106230453498302,0
3303,7.106230453498302,0
3304,7.106230453498302,0
3305,7.106230453498302,0
3306,7.106230453498302,0
3307,7.106230453498302,0
3308,7.106230453498302,0
3309,7.106230453498302,0
3310,7.106230453498302,0
3311,7.106230453498302,0
3312,67.12106588092085,0
3313,67.12106588092085,0
3314,67.12106588092085,0
3315,67.12106588092085,0
3316,67.12106588092085,0
3317,67.12106588092085,0
3318,67.12106588092085,0
3319,67.12106588092085,0
3320,67.12106588092085,0
3321,67.12106588092085,0
3322,67.12106588092085,0
3323,67.12106588092085,0
3324,67.12106588092085,0
3325,4.1176290278886105,0
3326,4.1176290278886105,0
3327,4.1176290278886105,0
3328,4.1176290278886105,0
3329,4.1176290278886105,0
3330,4.1176290278886105,0
3331,4.1176290278886105,0
3332,4.1176290278886105,0
3333,3.378504389835268,0
3334,3.378504389835268,0
3335,3.378504389835268,0
3336,3.378504389835268,0
3337,3.378504389835268,0
3338,3.378504389835268,0
3339,3.378504389835268,0
3340,3.378504389835268,0
3341,3.378504389835268,0
3342,9.643789277561254,0
3343,9.643789277561254,0
3344,9.643789277561254,0
3345,9.643789277561254,0
3346,9.643789277561254,0
3347,9.643789277561254,0
3348,9.643789277561254,0
3349,9.643789277561254,0
3350,9.643789277561254,0
3351,9.643789277561254,0
3352,9.643789277561254,0
3353,6.594240001625816,0
3354,6.594240001625816,0
3355,6.594240001625816,0
3356,6.594240001625816,0
3357,6.594240001625816,0
3358,6.594240001625816,0
3359,6.594240001625816,0
3360,6.594240001625816,0
3361,6.594240001625816,0
3362,6.594240001625816,0
3363,6.594240001625816,0
3364,1.0599504210914483,0
3365,1.0599504210914483,0
3366,1.0599504210914483,0
3367,1.0599504210914483,0
3368,1.0599504210914483,0
3369,1.0599504210914483,0
3370,1.0599504210914483,0
3371,1.0599504210914483,0
3372,1.0599504210914483,0
3373,1.0599504210914483,0
3374,1.0599504210914483,0
3375,59.879683767916426,0
3376,59.879683767916426,0
3377,59.879683767916426,0
3378,59.879683767916426,0
3379,59.879683767916426,0
3380,59.879683767916426,0
3381,59.879683767916426,0
3382,59.879683767916426,0
3383,21.087782798305703,0
3384,21.087782798305703,0
3385,21.087782798305703,0
3386,21.087782798305703,0
3387,21.087782798305703,0
3388,21.087782798305703,0
3389,21.087782798305703,0
3390,21.087782798305703,0
3391,21.087782798305703,0
3392,21.087782798305703,0
3393,21.087782798305703,0
3394,21.087782798305703,0
3395,17.49785476242247,0
3396,17.49785476242247,0
3397,17.49785476242247,0
3398,17.49785476242247,0
3399,17.49785476242247,0
3400,17.49785476242247,0
3401,17.49785476242247,0
3402,164.71511847037422,0
3403,164.71511847037422,0
3404,164.71511847037422,0
3405,164.71511847037422,0
3406,164.71511847037422,0
3407,164.71511847037422,0
3408,164.71511847037422,0
3409,164.71511847037422,0
3410,164.71511847037422,0
3411,164.71511847037422,0
3412,164.71511847037422,0
3413,64.3362014333394,0
3414,64.3362014333394,0
3415,64.3362014333394,0
3416,64.3362014333394,0
3417,64.3362014333394,0
3418,64.3362014333394,0
3419,64.3362014333394,0
3420,64.3362014333394,0
3421,64.3362014333394,0
3422,64.3362014333394,0
3423,64.3362014333394,0
3424,64.3362014333394,0
3425,3.309466940754424,0
3426,3.309466940754424,0
3427,3.309466940754424,0
3428,3.309466940754424,0
3429,3.309466940754424,0
3430,3.309466940754424,0
3431,3.309466940754424,0
3432,3.309466940754424,0
3433,3.309466940754424,0
3434,3.309466940754424,0
3435,16.000555071678335,0
3436,16.000555071678335,0
3437,16.000555071678335,0
3438,16.000555071678335,0
3439,16.000555071678335,0
3440,16.000555071678335,0
3441,16.000555071678335,0
3442,16.000555071678335,0
3443,16.000555071678335,0
3444,16.000555071678335,0
3445,16.000555071678335,0
3446,3.2623046559541287,0
3447,3.2623046559541287,0
3448,3.2623046559541287,0
3449,3.2623046559541287,0
3450,3.2623046559541287,0
3451,3.2623046559541287,0
3452,3.2623046559541287,0
3453,3.2623046559541287,0
3454,3.2623046559541287,0
3455,3.2623046559541287,0
3456,3.2623046559541287,0
3457,20.22836199115036,0
3458,20.22836199115036,0
3459,20.22836199115036,0
3460,20.22836199115036,0
3461,20.22836199115036,0
3462,20.22836199115036,0
3463,20.22836199115036,0
3464,20.22836199115036,0
3465,20.22836199115036,0
3466,5.299731849108349,0
3467,5.299731849108349,0
3468,5.299731849108349,0
3469,5.299731849108349,0
3470,5.299731849108349,0
3471,5.299731849108349,0
3472,5.299731849108349,0
3473,5.299731849108349,0
3474,5.299731849108349,0
3475,77.13316651228321,0
3476,77.13316651228321,0
3477,77.13316651228321,0
3478,77.13316651228321,0
3479,77.13316651228321,0
3480,77.13316651228321,0
3481,77.13316651228321,0
3482,77.13316651228321,0
3483,77.13316651228321,0
3484,77.13316651228321,0
3485,27.52031470294538,0
3486,27.52031470294538,0
3487,27.52031470294538,0
3488,27.52031470294538,0
3489,27.52031470294538,0
3490,27.52031470294538,0
3491,27.52031470294538,0
3492,27.52031470294538,0
3493,27.52031470294538,0
3494,27.52031470294538,0
3495,27.52031470294538,0
3496,27.52031470294538,0
3497,27.52031470294538,0
3498,27.52031470294538,0
3499,1.6781588906444416,0
3500,1.6781588906444416,0
3501,1.6781588906444416,0
3502,1.6781588906444416,0
3503,1.6781588906444416,0
3504,1.6781588906444416,0
3505,1.6781588906444416,0
3506,1.7843040877111578,0
3507,1.7843040877111578,0
3508,1.7843040877111578,0
3509,1.7843040877111578,0
3510,1.7843040877111578,0
3511,1.7843040877111578,0
3512,1.7843040877111578,0
3513,1.5495346956258347,0
3514,1.5495346956258347,0
3515,1.5495346956258347,0
3516,1.5495346956258347,0
3517,1.5495346956258347,0
3518,1.5495346956258347,0
3519,1.5495346956258347,0
3520,1.4601072021601857,0
3521,1.4601072021601857,0
3522,1.4601072021601857,0
3523,1.4601072021601857,0
3524,1.4601072021601857,0
3525,1.4601072021601857,0
3526,1.4601072021601857,0
3527,1.4601072021601857,0
3528,1.4601072021601857,0
3529,1.4601072021601857,0
3530,1.4601072021601857,0
3531,1.4601072021601857,0
3532,1.4601072021601857,0
3533,1.4601072021601857,0
3534,1.2921165143699336,0
3535,1.2921165143699336,0
3536,1.2921165143699336,0
3537,1.2921165143699336,0
3538,1.2921165143699336,0
3539,1.2921165143699336,0
3540,1.2921165143699336,0
3541,1.2921165143699336,0
3542,1.2921165143699336,0
3543,1.2921165143699336,0
3544,1.2921165143699336,0
3545,1.2921165143699336,0
3546,68.70292613448292,0
3547,68.70292613448292,0
3548,68.70292613448292,0
3549,68.70292613448292,0
3550,68.70292613448292,0
3551,68.70292613448292,0
3552,68.70292613448292,0
3553,68.70292613448292,0
3554,68.70292613448292,1
3555,68.70292613448292,0
3556,68.70292613448292,0
3557,68.70292613448292,0
3558,6.1442944611734935,0
3559,6.1442944611734935,0
3560,6.1442944611734935,0
3561,6.1442944611734935,0
3562,6.1442944611734935,0
3563,6.1442944611734935,0
3564,6.1442944611734935,0
3565,6.1442944611734935,0
3566,6.1442944611734935,0
3567,6.1442944611734935,0
3568,6.1442944611734935,0
3569,6.1442944611734935,0
3570,1.9454247213534657,0
3571,1.9454247213534657,0
3572,1.9454247213534657,0
3573,1.9454247213534657,0
3574,1.9454247213534657,0
3575,1.9454247213534657,0
3576,1.9454247213534657,0
3577,1.9454247213534657,0
3578,1.9454247213534657,0
3579,1.9454247213534657,0
3580,1.9454247213534657,0
3581,4.2094607155488655,0
3582,4.2094607155488655,0
3583,4.2094607155488655,0
3584,4.2094607155488655,0
3585,4.2094607155488655,0
3586,4.2094607155488655,0
3587,4.2094607155488655,0
3588,4.2094607155488655,0
3589,4.2094607155488655,0
3590,4.2094607155488655,0
3591,4.2094607155488655,0
3592,4.2094607155488655,0
3593,4.2094607155488655,0
3594,22.83065286891353,0
3595,22.83065286891353,0
3596,22.83065286891353,0
3597,22.83065286891353,0
3598,22.83065286891353,0
3599,22.83065286891353,0
3600,22.83065286891353,0
3601,22.83065286891353,0
3602,22.83065286891353,0
3603,22.83065286891353,0
3604,22.83065286891353,0
3605,22.83065286891353,0
3606,22.83065286891353,1
3607,30.033725957535804,0
3608,30.033725957535804,0
3609,30.033725957535804,0
3610,112.56707158523142,0
3611,112.56707158523142,0
3612,112.56707158523142,0
3613,112.56707158523142,0
3614,112.56707158523142,0
3615,112.56707158523142,0
3616,112.56707158523142,0
3617,112.56707158523142,0
3618,112.56707158523142,0
3619,112.56707158523142,0
3620,112.56707158523142,0
3621,27.903452712263867,0
3622,27.903452712263867,0
3623,27.903452712263867,0
3624,27.903452712263867,0
3625,27.903452712263867,0
3626,27.903452712263867,0
3627,27.903452712263867,0
3628,27.903452712263867,0
3629,27.903452712263867,0
3630,2.27889147194001,0
3631,2.27889147194001,0
3632,2.27889147194001,0
3633,2.27889147194001,0
3634,2.27889147194001,0
3635,2.27889147194001,0
3636,2.27889147194001,0
3637,2.27889147194001,0
3638,2.27889147194001,0
3639,2.27889147194001,0
3640,2.27889147194001,0
3641,2.27889147194001,0
3642,57.608623205867666,0
3643,57.608623205867666,0
3644,57.608623205867666,0
3645,57.608623205867666,0
3646,57.608623205867666,0
3647,57.608623205867666,0
3648,57.608623205867666,0
3649,57.608623205867666,0
3650,57.608623205867666,0
3651,57.608623205867666,0
3652,11.534591075752418,0
3653,11.534591075752418,0
3654,11.534591075752418,0
3655,11.534591075752418,0
3656,11.534591075752418,0
3657,11.534591075752418,0
3658,11.534591075752418,0
3659,11.534591075752418,0
3660,11.534591075752418,0
3661,11.534591075752418,0
3662,11.534591075752418,0
3663,11.534591075752418,0
3664,40.443368100624106,0
3665,40.443368100624106,0
3666,40.443368100624106,0
3667,40.443368100624106,0
3668,40.443368100624106,0
3669,40.443368100624106,0
3670,40.443368100624106,0
3671,40.443368100624106,0
3672,40.443368100624106,0
3673,40.443368100624106,0
3674,40.443368100624106,0
3675,40.443368100624106,0
3676,8.066281900015591,0
3677,8.066281900015591,0
3678,8.066281900015591,0
3679,8.066281900015591,0
3680,8.066281900015591,0
3681,8.066281900015591,0
3682,8.066281900015591,0
3683,8.066281900015591,0
3684,45.185612857826754,0
3685,45.185612857826754,0
3686,45.185612857826754,0
3687,45.185612857826754,0
3688,45.185612857826754,0
3689,45.185612857826754,0
3690,26.00704090674426,0
3691,26.00704090674426,0
3692,26.00704090674426,0
3693,26.00704090674426,0
3694,26.00704090674426,0
3695,26.00704090674426,0
3696,26.00704090674426,0
3697,26.00704090674426,0
3698,26.00704090674426,0
3699,26.00704090674426,0
3700,26.00704090674426,0
3701,26.00704090674426,0
3702,26.00704090674426,0
3703,26.00704090674426,0
3704,1.1801314898814719,0
3705,1.1801314898814719,0
3706,1.1801314898814719,0
3707,1.1801314898814719,0
3708,1.1801314898814719,0
3709,1.1801314898814719,0
3710,1.1801314898814719,0
3711,1.1801314898814719,0
3712,1.1801314898814719,0
3713,1.1801314898814719,0
3714,1.1801314898814719,0
3715,1.1801314898814719,0
3716,1.1801314898814719,0
3717,29.07160391833291,0
3718,29.07160391833291,0
3719,29.07160391833291,0
3720,29.07160391833291,0
3721,29.07160391833291,0
3722,29.07160391833291,0
3723,29.07160391833291,0
3724,29.07160391833291,0
3725,29.07160391833291,0
3726,29.07160391833291,0
3727,29.07160391833291,0
3728,29.07160391833291,0
3729,29.07160391833291,0
3730,0.9312769524770923,0
3731,0.9312769524770923,0
3732,0.9312769524770923,0
3733,0.9312769524770923,0
3734,0.9312769524770923,0
3735,0.9312769524770923,0
3736,0.9312769524770923,0
3737,0.9312769524770923,0
3738,0.9312769524770923,0
3739,0.9312769524770923,0
3740,0.9312769524770923,0
3741,2.9115731860215344,0
3742,2.9115731860215344,0
3743,2.9115731860215344,0
3744,2.9115731860215344,0
3745,2.9115731860215344,0
3746,2.9115731860215344,0
3747,2.9115731860215344,0
3748,2.9115731860215344,0
3749,2.9115731860215344,0
3750,2.44723061654712,0
3751,2.44723061654712,0
3752,2.44723061654712,0
3753,2.44723061654712,0
3754,2.44723061654712,0
3755,2.44723061654712,0
3756,2.44723061654712,0
3757,2.44723061654712,0
3758,2.44723061654712,0
3759,2.44723061654712,0
3760,2.44723061654712,0
3761,31.370313233360662,0
3762,31.370313233360662,0
3763,31.370313233360662,0
3764,31.370313233360662,0
3765,31.370313233360662,0
3766,31.370313233360662,0
3767,31.370313233360662,0
3768,31.370313233360662,0
3769,31.370313233360662,0
3770,31.370313233360662,0
3771,31.370313233360662,0
3772,31.370313233360662,0
3773,31.370313233360662,0
3774,23.357821734287143,0
3775,23.357821734287143,0
3776,23.357821734287143,0
3777,23.357821734287143,0
3778,23.357821734287143,0
3779,23.357821734287143,0
3780,23.357821734287143,0
3781,23.357821734287143,0
3782,23.357821734287143,0
3783,23.357821734287143,0
3784,23.357821734287143,1
3785,41.30007906257235,0
3786,41.30007906257235,0
3787,41.30007906257235,0
3788,41.30007906257235,0
3789,41.30007906257235,0
3790,41.30007906257235,0
3791,41.30007906257235,0
3792,41.30007906257235,0
3793,41.30007906257235,0
3794,41.30007906257235,0
3795,41.30007906257235,0
3796,3.9839406979190417,0
3797,3.9839406979190417,0
3798,3.9839406979190417,0
3799,3.9839406979190417,0
3800,3.9839406979190417,0
3801,3.9839406979190417,0
3802,3.9839406979190417,0
3803,3.9839406979190417,0
3804,3.9839406979190417,0
3805,3.9839406979190417,0
3806,17.197294330290656,0
3807,17.197294330290656,0
3808,17.197294330290656,0
3809,17.197294330290656,0
3810,17.197294330290656,0
3811,17.197294330290656,0
3812,17.197294330290656,0
3813,17.197294330290656,0
3814,17.197294330290656,0
3815,17.197294330290656,0
3816,17.197294330290656,0
3817,17.197294330290656,0
3818,17.197294330290656,0
3819,17.197294330290656,0
3820,30.74726870457752,0
3821,30.74726870457752,0
3822,30.74726870457752,0
3823,30.74726870457752,0
3824,30.74726870457752,0
3825,30.74726870457752,0
3826,30.74726870457752,0
3827,30.74726870457752,0
3828,30.74726870457752,0
3829,30.74726870457752,0
3830,30.74726870457752,0
3831,53.212541382383684,0
3832,53.212541382383684,0
3833,53.212541382383684,0
3834,53.212541382383684,0
3835,53.212541382383684,0
3836,53.212541382383684,0
3837,53.212541382383684,0
3838,53.212541382383684,0
3839,53.212541382383684,0
3840,13.221459405962952,0
3841,13.221459405962952,0
3842,13.221459405962952,0
3843,13.221459405962952,0
3844,13.221459405962952,0
3845,13.221459405962952,0
3846,13.221459405962952,0
3847,13.221459405962952,0
3848,13.221459405962952,0
3849,13.221459405962952,0
3850,13.221459405962952,0
3851,13.221459405962952,1
3852,1.3699879491409137,0
3853,1.3699879491409137,0
3854,1.3699879491409137,0
3855,1.3699879491409137,0
3856,1.3699879491409137,0
3857,1.3699879491409137,0
3858,1.3699879491409137,0
3859,1.3699879491409137,0
3860,1.3699879491409137,0
3861,1.3699879491409137,0
3862,1.3699879491409137,0
3863,1.3699879491409137,0
3864,3.8000949385959,0
3865,3.8000949385959,0
3866,3.8000949385959,0
3867,3.8000949385959,0
3868,3.8000949385959,0
3869,3.8000949385959,0
3870,3.8000949385959,0
3871,3.8000949385959,0
3872,3.8000949385959,0
3873,43.23552753347178,0
3874,43.23552753347178,0
3875,43.23552753347178,0
3876,43.23552753347178,0
3877,43.23552753347178,0
3878,43.23552753347178,0
3879,43.23552753347178,0
3880,43.23552753347178,0
3881,43.23552753347178,0
3882,2.0879831369686217,0
3883,2.0879831369686217,0
3884,2.0879831369686217,0
3885,2.0879831369686217,0
3886,2.0879831369686217,0
3887,2.0879831369686217,0
3888,2.0879831369686217,0
3889,2.0879831369686217,0
3890,2.0879831369686217,0
3891,2.0879831369686217,0
3892,2.0879831369686217,0
3893,196.74613894667328,0
3894,196.74613894667328,0
3895,196.74613894667328,0
3896,196.74613894667328,0
3897,196.74613894667328,0
3898,196.74613894667328,0
3899,196.74613894667328,0
3900,196.74613894667328,0
3901,196.74613894667328,0
3902,2.0233230518914396,0
3903,2.0233230518914396,0
3904,2.0233230518914396,0
3905,2.0233230518914396,0
3906,2.0233230518914396,0
3907,2.0233230518914396,0
3908,2.0233230518914396,0
3909,25.49434459499525,0
3910,25.49434459499525,0
3911,25.49434459499525,0
3912,25.49434459499525,0
3913,25.49434459499525,0
3914,25.49434459499525,0
3915,25.49434459499525,0
3916,25.49434459499525,0
3917,3.485705945738842,0
3918,3.485705945738842,0
3919,3.485705945738842,0
3920,3.485705945738842,0
3921,3.485705945738842,0
3922,3.485705945738842,0
3923,3.485705945738842,0
3924,3.485705945738842,0
3925,3.485705945738842,0
3926,3.485705945738842,0
3927,3.485705945738842,0
3928,3.7927260764291684,0
3929,3.7927260764291684,0
3930,3.7927260764291684,0
3931,3.7927260764291684,0
3932,3.7927260764291684,0
3933,3.7927260764291684,0
3934,3.7927260764291684,0
3935,3.7927260764291684,0
3936,3.7927260764291684,0
3937,3.7927260764291684,0
3938,3.7927260764291684,0
3939,3.7927260764291684,0
3940,3.7927260764291684,0
3941,141.40292117269897,0
3942,141.40292117269897,0
3943,141.40292117269897,0
3944,141.40292117269897,0
3945,141.40292117269897,0
3946,141.40292117269897,0
3947,141.40292117269897,0
3948,141.40292117269897,0
3949,1.5690677707357326,0
3950,1.5690677707357326,0
3951,1.5690677707357326,0
3952,1.5690677707357326,0
3953,1.5690677707357326,0
3954,1.5690677707357326,0
3955,1.5690677707357326,0
3956,1.5690677707357326,0
3957,1.5690677707357326,0
3958,1.5690677707357326,0
3959,12.67061074003976,0
3960,12.67061074003976,0
3961,12.67061074003976,0
3962,12.67061074003976,0
3963,12.67061074003976,0
3964,12.67061074003976,0
3965,12.67061074003976,0
3966,12.67061074003976,0
3967,12.67061074003976,0
3968,12.67061074003976,0
3969,30.104826290602535,0
3970,30.104826290602535,0
3971,30.104826290602535,0
3972,30.104826290602535,0
3973,30.104826290602535,0
3974,30.104826290602535,0
3975,30.104826290602535,0
3976,30.104826290602535,0
3977,30.104826290602535,0
3978,30.104826290602535,0
3979,30.104826290602535,0
3980,30.104826290602535,0
3981,30.104826290602535,0
3982,9.858696792179462,0
3983,9.858696792179462,0
3984,9.858696792179462,0
3985,9.858696792179462,0
3986,9.858696792179462,0
3987,9.858696792179462,0
3988,9.858696792179462,0
3989,9.858696792179462,0
3990,53.68597500032638,0
3991,53.68597500032638,0
3992,53.68597500032638,0
3993,53.68597500032638,0
3994,53.68597500032638,0
3995,53.68597500032638,0
3996,53.68597500032638,0
3997,53.68597500032638,0
3998,53.68597500032638,0
3999,53.68597500032638,0
4000,53.68597500032638,0
4001,0.8084959909394577,0
4002,0.8084959909394577,0
4003,0.8084959909394577,0
4004,0.8084959909394577,0
4005,0.8084959909394577,0
4006,0.8084959909394577,0
4007,0.8084959909394577,0
4008,0.8084959909394577,0
4009,0.8084959909394577,0
4010,0.8084959909394577,0
4011,0.8084959909394577,0
4012,0.8084959909394577,0
4013,0.8084959909394577,0
4014,35.94112456803679,0
4015,35.94112456803679,0
4016,35.94112456803679,0
4017,35.94112456803679,0
4018,35.94112456803679,0
4019,35.94112456803679,0
4020,35.94112456803679,0
4021,35.94112456803679,0
4022,35.94112456803679,0
4023,35.94112456803679,0
4024,35.94112456803679,0
4025,35.94112456803679,0
4026,11.221657174445216,0
4027,11.221657174445216,0
4028,11.221657174445216,0
4029,11.221657174445216,0
4030,11.221657174445216,0
4031,11.221657174445216,0
4032,11.221657174445216,0
4033,11.221657174445216,0
4034,11.221657174445216,0
4035,11.221657174445216,0
4036,11.221657174445216,0
4037,11.221657174445216,0
4038,18.44113417632734,0
4039,18.44113417632734,0
4040,18.44113417632734,0
4041,18.44113417632734,0
4042,18.44113417632734,0
4043,18.44113417632734,0
4044,18.44113417632734,0
4045,18.44113417632734,0
4046,18.44113417632734,0
4047,18.44113417632734,0
4048,18.44113417632734,0
4049,18.44113417632734,0
4050,18.44113417632734,0
4051,18.44113417632734,0
4052,18.44113417632734,0
4053,18.44113417632734,0
4054,18.44113417632734,0
4055,1.1635326409335878,0
4056,1.1635326409335878,0
4057,1.1635326409335878,0
4058,1.1635326409335878,0
4059,1.1635326409335878,0
4060,1.1635326409335878,0
4061,1.1635326409335878,0
4062,1.1635326409335878,0
4063,1.1635326409335878,0
4064,1.1635326409335878,0
4065,156.8033794240996,0
4066,156.8033794240996,0
4067,156.8033794240996,0
4068,156.8033794240996,0
4069,156.8033794240996,0
4070,156.8033794240996,0
4071,156.8033794240996,0
4072,156.8033794240996,0
4073,156.8033794240996,0
4074,156.8033794240996,0
4075,44.46281567206114,0
4076,44.46281567206114,0
4077,44.46281567206114,0
4078,44.46281567206114,0
4079,44.46281567206114,0
4080,44.46281567206114,0
4081,44.46281567206114,0
4082,44.46281567206114,0
4083,44.46281567206114,0
4084,44.46281567206114,0
4085,44.46281567206114,0
4086,44.46281567206114,0
4087,44.46281567206114,0
4088,1.9781044266401209,0
4089,1.9781044266401209,0
4090,1.9781044266401209,0
4091,1.9781044266401209,0
4092,1.9781044266401209,0
4093,1.9781044266401209,0
4094,1.9781044266401209,0
4095,1.9781044266401209,0
4096,1.9781044266401209,0
4097,1.9781044266401209,0
4098,1.9781044266401209,0
4099,27.89833126860518,0
4100,27.89833126860518,0
4101,27.89833126860518,0
4102,27.89833126860518,0
4103,27.89833126860518,0
4104,27.89833126860518,0
4105,27.89833126860518,0
4106,27.89833126860518,0
4107,27.89833126860518,0
4108,27.89833126860518,0
4109,55.764825429163984,0
4110,55.764825429163984,0
4111,55.764825429163984,0
4112,55.764825429163984,0
4113,55.764825429163984,0
4114,55.764825429163984,0
4115,55.764825429163984,0
4116,55.764825429163984,0
4117,55.764825429163984,0
4118,55.764825429163984,0
4119,55.764825429163984,0
4120,55.764825429163984,0
4121,55.764825429163984,0
4122,75.41635343225174,0
4123,75.41635343225174,0
4124,75.41635343225174,0
4125,75.41635343225174,0
4126,75.41635343225174,0
4127,75.41635343225174,0
4128,75.41635343225174,0
4129,75.41635343225174,0
4130,75.41635343225174,0
4131,75.41635343225174,0
4132,75.41635343225174,0
4133,75.41635343225174,0
4134,52.646686318699544,0
4135,52.646686318699544,0
4136,52.646686318699544,0
4137,52.646686318699544,0
4138,52.646686318699544,0
4139,52.646686318699544,0
4140,52.646686318699544,0
4141,1.685051714217224,0
4142,1.685051714217224,0
4143,1.685051714217224,0
4144,1.685051714217224,0
4145,1.685051714217224,0
4146,1.685051714217224,0
4147,1.685051714217224,0
4148,1.685051714217224,0
4149,1.685051714217224,0
4150,1.685051714217224,0
4151,1.685051714217224,0
4152,1.685051714217224,0
4153,24.62545783785119,0
4154,24.62545783785119,0
4155,24.62545783785119,0
4156,24.62545783785119,0
4157,24.62545783785119,0
4158,24.62545783785119,0
4159,24.62545783785119,0
4160,24.62545783785119,0
4161,24.62545783785119,0
4162,24.62545783785119,0
4163,24.62545783785119,0
4164,24.62545783785119,0
4165,37.82755274041855,0
4166,37.82755274041855,0
4167,37.82755274041855,0
4168,37.82755274041855,0
4169,37.82755274041855,0
4170,37.82755274041855,0
4171,37.82755274041855,0
4172,37.82755274041855,0
4173,37.82755274041855,0
4174,37.82755274041855,0
4175,12.803719728239017,0
4176,12.803719728239017,0
4177,12.803719728239017,0
4178,12.803719728239017,0
4179,12.803719728239017,0
4180,12.803719728239017,0
4181,12.803719728239017,0
4182,12.803719728239017,0
4183,12.803719728239017,1
4184,12.803719728239017,0
4185,12.803719728239017,0
4186,5.776292412972031,0
4187,5.776292412972031,0
4188,5.776292412972031,0
4189,5.776292412972031,0
4190,5.776292412972031,0
4191,5.776292412972031,0
4192,5.776292412972031,0
4193,5.776292412972031,0
4194,1.9203658268280075,0
4195,1.9203658268280075,0
4196,1.9203658268280075,0
4197,1.9203658268280075,0
4198,1.9203658268280075,0
4199,1.9203658268280075,0
4200,1.9203658268280075,0
4201,1.9203658268280075,0
4202,1.9203658268280075,0
4203,1.9203658268280075,0
4204,1.9203658268280075,0
4205,1.9203658268280075,0
4206,1.9203658268280075,0
4207,24.596066539494274,0
4208,24.596066539494274,0
4209,24.596066539494274,0
4210,24.596066539494274,0
4211,24.596066539494274,0
4212,24.596066539494274,0
4213,24.596066539494274,0
4214,24.596066539494274,0
4215,24.596066539494274,0
4216,24.596066539494274,0
4217,0.8219651447055523,0
4218,0.8219651447055523,0
4219,0.8219651447055523,0
4220,0.8219651447055523,0
4221,0.8219651447055523,0
4222,0.8219651447055523,0
4223,0.8219651447055523,0
4224,0.8219651447055523,0
4225,0.8219651447055523,0
4226,105.34892220203405,0
4227,105.34892220203405,0
4228,105.34892220203405,0
4229,105.34892220203405,0
4230,105.34892220203405,0
4231,105.34892220203405,0
4232,105.34892220203405,0
4233,105.34892220203405,0
4234,105.34892220203405,0
4235,133.3267896966632,0
4236,133.3267896966632,0
4237,133.3267896966632,0
4238,133.3267896966632,0
4239,133.3267896966632,0
4240,133.3267896966632,0
4241,133.3267896966632,0
4242,133.3267896966632,0
4243,133.3267896966632,0
4244,133.3267896966632,0
4245,133.3267896966632,0
4246,133.3267896966632,0
4247,1.0735439723956444,0
4248,1.0735439723956444,0
4249,1.0735439723956444,0
4250,1.0735439723956444,0
4251,1.0735439723956444,0
4252,1.0735439723956444,0
4253,1.0735439723956444,0
4254,1.0735439723956444,0
4255,1.0735439723956444,0
4256,1.0735439723956444,0
4257,1.0735439723956444,0
4258,16.57686338660647,0
4259,16.57686338660647,0
4260,16.57686338660647,0
4261,16.57686338660647,0
4262,16.57686338660647,0
4263,16.57686338660647,0
4264,16.57686338660647,0
4265,16.57686338660647,0
4266,16.57686338660647,0
4267,16.57686338660647,0
4268,16.57686338660647,0
4269,16.57686338660647,0
4270,52.37998703226782,0
4271,52.37998703226782,0
4272,52.37998703226782,0
4273,52.37998703226782,0
4274,52.37998703226782,0
4275,52.37998703226782,0
4276,52.37998703226782,0
4277,52.37998703226782,0
4278,52.37998703226782,0
4279,52.37998703226782,0
4280,52.37998703226782,0
4281,52.37998703226782,0
4282,52.37998703226782,0
4283,131.3642133275915,0
4284,131.3642133275915,0
4285,131.3642133275915,0
4286,131.3642133275915,0
4287,131.3642133275915,0
4288,131.3642133275915,0
4289,131.3642133275915,0
4290,131.3642133275915,0
4291,131.3642133275915,0
4292,131.3642133275915,0
4293,26.591284706105917,0
4294,26.591284706105917,0
4295,26.591284706105917,0
4296,26.591284706105917,0
4297,26.591284706105917,0
4298,26.591284706105917,0
4299,26.591284706105917,0
4300,26.591284706105917,0
4301,26.591284706105917,0
4302,26.591284706105917,0
4303,26.591284706105917,0
4304,26.591284706105917,0
4305,26.591284706105917,0
4306,83.17687477503584,0
4307,83.17687477503584,0
4308,83.17687477503584,0
4309,83.17687477503584,0
4310,83.17687477503584,0
4311,83.17687477503584,0
4312,83.17687477503584,0
4313,83.17687477503584,0
4314,83.17687477503584,0
4315,83.17687477503584,0
4316,83.17687477503584,0
4317,83.17687477503584,0
4318,35.84188716837392,0
4319,35.84188716837392,0
4320,35.84188716837392,0
4321,35.84188716837392,0
4322,35.84188716837392,0
4323,35.84188716837392,0
4324,35.84188716837392,0
4325,35.84188716837392,0
4326,35.84188716837392,0
4327,35.84188716837392,0
4328,1.3826413038292154,0
4329,1.3826413038292154,0
4330,1.3826413038292154,0
4331,1.3826413038292154,0
4332,1.3826413038292154,0
4333,1.3826413038292154,1
4334,1.3826413038292154,0
4335,1.3826413038292154,0
4336,1.3826413038292154,0
4337,1.3826413038292154,0
4338,1.3826413038292154,0
4339,1.8247614988784324,0
4340,1.8247614988784324,0
4341,1.8247614988784324,0
4342,1.8247614988784324,0
4343,1.8247614988784324,0
4344,1.8247614988784324,0
4345,1.8247614988784324,0
4346,1.8247614988784324,0
4347,1.8930638838382041,0
4348,1.8930638838382041,0
4349,1.8930638838382041,0
4350,1.8930638838382041,0
4351,1.8930638838382041,0
4352,1.8930638838382041,0
4353,1.8930638838382041,0
4354,1.8930638838382041,0
4355,1.8930638838382041,0
4356,1.8930638838382041,0
4357,21.365486804827736,0
4358,21.365486804827736,0
4359,21.365486804827736,0
4360,21.365486804827736,0
4361,21.365486804827736,0
4362,21.365486804827736,0
4363,21.365486804827736,0
4364,21.365486804827736,0
4365,21.365486804827736,0
4366,21.365486804827736,0
4367,21.365486804827736,0
4368,21.365486804827736,0
4369,21.365486804827736,0
4370,21.365486804827736,0
4371,3.114808495543982,0
4372,3.114808495543982,0
4373,3.114808495543982,0
4374,3.114808495543982,0
4375,3.114808495543982,0
4376,3.114808495543982,0
4377,3.114808495543982,0
4378,3.114808495543982,0
4379,3.114808495543982,0
4380,3.2622765700494765,0
4381,3.2622765700494765,0
4382,3.2622765700494765,0
4383,3.2622765700494765,0
4384,3.2622765700494765,0
4385,3.2622765700494765,0
4386,3.2622765700494765,0
4387,3.2622765700494765,0
4388,3.2622765700494765,0
4389,3.2622765700494765,0
4390,3.2622765700494765,0
4391,3.2622765700494765,0
4392,3.2622765700494765,0
4393,85.90274671196987,0
4394,85.90274671196987,0
4395,85.90274671196987,0
4396,85.90274671196987,0
4397,85.90274671196987,0
4398,85.90274671196987,0
4399,85.90274671196987,0
4400,85.90274671196987,0
4401,85.90274671196987,0
4402,85.90274671196987,0
4403,85.90274671196987,0
4404,85.90274671196987,0
4405,85.90274671196987,0
4406,85.90274671196987,0
4407,40.295731402174816,0
4408,40.295731402174816,0
4409,40.295731402174816,0
4410,40.295731402174816,0
4411,40.295731402174816,0
4412,40.295731402174816,0
4413,40.295731402174816,0
4414,2.5798585950294353,0
4415,2.5798585950294353,0
4416,2.5798585950294353,0
4417,2.5798585950294353,0
4418,2.5798585950294353,0
4419,2.5798585950294353,0
4420,2.5798585950294353,0
4421,12.47714584380099,0
4422,12.47714584380099,0
4423,12.47714584380099,0
4424,12.47714584380099,0
4425,12.47714584380099,0
4426,12.47714584380099,0
4427,12.47714584380099,0
4428,12.47714584380099,0
4429,85.4316175111395,0
4430,85.4316175111395,0
4431,85.4316175111395,0
4432,85.4316175111395,0
4433,85.4316175111395,0
4434,85.4316175111395,0
4435,85.4316175111395,0
4436,85.4316175111395,0
4437,85.4316175111395,0
4438,85.4316175111395,0
4439,85.4316175111395,0
4440,85.4316175111395,0
4441,85.4316175111395,0
4442,85.4316175111395,0
4443,85.4316175111395,0
4444,30.607028948734115,0
4445,30.607028948734115,0
4446,30.607028948734115,0
4447,30.607028948734115,0
4448,30.607028948734115,0
4449,30.607028948734115,0
4450,30.607028948734115,0
4451,30.607028948734115,0
4452,116.17211390527747,0
4453,116.17211390527747,0
4454,116.17211390527747,0
4455,116.17211390527747,0
4456,116.17211390527747,0
4457,116.17211390527747,0
4458,116.17211390527747,0
4459,116.17211390527747,0
4460,116.17211390527747,0
4461,116.17211390527747,0
4462,10.45504122720418,0
4463,10.45504122720418,0
4464,10.45504122720418,0
4465,10.45504122720418,0
4466,10.45504122720418,0
4467,10.45504122720418,0
4468,10.45504122720418,0
4469,10.45504122720418,0
4470,10.45504122720418,0
4471,10.45504122720418,0
4472,10.45504122720418,0
4473,10.45504122720418,0
4474,3.940974724592218,0
4475,3.940974724592218,0
4476,3.940974724592218,0
4477,3.940974724592218,0
4478,3.940974724592218,0
4479,3.940974724592218,0
4480,3.940974724592218,0
4481,3.940974724592218,0
4482,3.940974724592218,0
4483,3.940974724592218,0
4484,3.940974724592218,0
4485,3.940974724592218,0
4486,17.598273139645833,0
4487,17.598273139645833,0
4488,17.598273139645833,0
4489,17.598273139645833,0
4490,17.598273139645833,0
4491,17.598273139645833,0
4492,17.598273139645833,0
4493,17.598273139645833,0
4494,17.598273139645833,0
4495,17.598273139645833,0
4496,17.598273139645833,0
4497,17.598273139645833,0
4498,17.598273139645833,0
4499,33.336004008157914,0
4500,33.336004008157914,0
4501,33.336004008157914,0
4502,33.336004008157914,0
4503,33.336004008157914,0
4504,33.336004008157914,0
4505,33.336004008157914,0
4506,33.336004008157914,0
4507,33.336004008157914,0
4508,33.336004008157914,0
4509,33.336004008157914,0
4510,33.336004008157914,0
4511,33.336004008157914,0
4512,101.26217856713173,0
4513,101.26217856713173,0
4514,101.26217856713173,0
4515,101.26217856713173,0
4516,101.26217856713173,0
4517,101.26217856713173,0
4518,101.26217856713173,0
4519,101.26217856713173,0
4520,101.26217856713173,0
4521,101.26217856713173,0
4522,101.26217856713173,0
4523,101.26217856713173,0
4524,101.26217856713173,0
4525,46.28804452658212,0
4526,46.28804452658212,0
4527,46.28804452658212,0
4528,46.28804452658212,0
4529,46.28804452658212,0
4530,46.28804452658212,0
4531,46.28804452658212,0
4532,46.28804452658212,0
4533,46.28804452658212,0
4534,46.28804452658212,0
4535,46.28804452658212,0
4536,3.3158866673605925,0
4537,3.3158866673605925,0
4538,3.3158866673605925,0
4539,3.3158866673605925,0
4540,3.3158866673605925,0
4541,3.3158866673605925,0
4542,3.3158866673605925,0
4543,3.3158866673605925,0
4544,3.3158866673605925,0
4545,3.3158866673605925,0
4546,3.3158866673605925,0
4547,3.3158866673605925,0
4548,8.636136340691607,0
4549,8.636136340691607,0
4550,8.636136340691607,0
4551,8.636136340691607,0
4552,8.636136340691607,0
4553,8.636136340691607,0
4554,8.636136340691607,0
4555,8.636136340691607,0
4556,8.636136340691607,0
4557,8.636136340691607,0
4558,8.636136340691607,0
4559,8.636136340691607,0
4560,1.6909916530053124,0
4561,1.6909916530053124,1
4562,1.6909916530053124,0
4563,1.6909916530053124,0
4564,1.6909916530053124,0
4565,1.6909916530053124,0
4566,1.6909916530053124,0
4567,1.6909916530053124,0
4568,1.6909916530053124,0
4569,1.6909916530053124,0
4570,1.6909916530053124,0
4571,1.6909916530053124,0
4572,1.6909916530053124,0
4573,1.6909916530053124,0
4574,1.8227422916490188,0
4575,1.8227422916490188,0
4576,1.8227422916490188,0
4577,1.8227422916490188,0
4578,1.8227422916490188,0
4579,1.8227422916490188,0
4580,1.8227422916490188,0
4581,1.8227422916490188,0
4582,1.8227422916490188,0
4583,1.8227422916490188,0
4584,1.8227422916490188,0
4585,1.8227422916490188,0
4586,1.8227422916490188,0
4587,1.8227422916490188,0
4588,47.7484620838552,0
4589,47.7484620838552,0
4590,47.7484620838552,0
4591,47.7484620838552,0
4592,47.7484620838552,0
4593,47.7484620838552,0
4594,47.7484620838552,0
4595,47.7484620838552,0
4596,47.7484620838552,0
4597,47.7484620838552,0
4598,29.030196507859362,0
4599,29.030196507859362,0
4600,29.030196507859362,0
4601,29.030196507859362,0
4602,29.030196507859362,0
4603,29.030196507859362,0
4604,29.030196507859362,0
4605,29.030196507859362,0
4606,29.030196507859362,0
4607,29.030196507859362,0
4608,29.030196507859362,0
4609,29.030196507859362,0
4610,7.354955905773059,0
4611,7.354955905773059,0
4612,7.354955905773059,0
4613,7.354955905773059,0
4614,7.354955905773059,0
4615,7.354955905773059,0
4616,7.354955905773059,0
4617,7.354955905773059,0
4618,7.354955905773059,0
4619,7.354955905773059,0
4620,54.56546453651709,0
4621,54.56546453651709,0
4622,54.56546453651709,0
4623,54.56546453651709,0
4624,54.56546453651709,0
4625,54.56546453651709,0
4626,54.56546453651709,0
4627,54.56546453651709,0
4628,1.5361511858826316,0
4629,1.5361511858826316,0
4630,1.5361511858826316,0
4631,1.5361511858826316,0
4632,1.5361511858826316,0
4633,1.5361511858826316,0
4634,1.5361511858826316,0
4635,1.5361511858826316,0
4636,1.5361511858826316,0
4637,1.5361511858826316,0
4638,1.5361511858826316,0
4639,1.5361511858826316,0
4640,3.0776517280884197,0
4641,3.0776517280884197,0
4642,3.0776517280884197,0
4643,3.0776517280884197,0
4644,3.0776517280884197,0
4645,3.0776517280884197,0
4646,3.0776517280884197,0
4647,3.0776517280884197,0
4648,3.0776517280884197,0
4649,3.0776517280884197,0
4650,3.0776517280884197,0
4651,3.0776517280884197,0
4652,3.0776517280884197,0
4653,3.0776517280884197,0
4654,3.0776517280884197,0
4655,3.076030076079799,0
4656,3.076030076079799,0
4657,3.076030076079799,0
4658,3.076030076079799,0
4659,3.076030076079799,0
4660,3.076030076079799,0
4661,3.076030076079799,0
4662,3.076030076079799,0
4663,3.076030076079799,0
4664,20.868470284349034,0
4665,20.868470284349034,0
4666,20.868470284349034,0
4667,20.868470284349034,0
4668,20.868470284349034,0
4669,20.868470284349034,0
4670,20.868470284349034,0
4671,20.868470284349034,0
4672,20.868470284349034,0
4673,20.868470284349034,0
4674,20.868470284349034,0
4675,20.868470284349034,0
4676,20.868470284349034,0
4677,20.868470284349034,0
4678,23.932203659327286,0
4679,23.932203659327286,0
4680,23.932203659327286,0
4681,23.932203659327286,0
4682,23.932203659327286,0
4683,23.932203659327286,0
4684,23.932203659327286,0
4685,23.932203659327286,0
4686,23.932203659327286,0
4687,23.932203659327286,0
4688,12.532055238728091,0
4689,12.532055238728091,0
4690,12.532055238728091,0
4691,12.532055238728091,0
4692,12.532055238728091,0
4693,12.532055238728091,0
4694,12.532055238728091,0
4695,12.532055238728091,0
4696,12.532055238728091,0
4697,12.532055238728091,0
4698,12.532055238728091,0
4699,12.532055238728091,0
4700,5.208829352695758,0
4701,5.208829352695758,0
4702,5.208829352695758,0
4703,5.208829352695758,0
4704,5.208829352695758,0
4705,5.208829352695758,0
4706,5.208829352695758,0
4707,5.208829352695758,0
4708,5.208829352695758,0
4709,5.208829352695758,0
4710,5.208829352695758,0
4711,5.208829352695758,0
4712,36.26235125476849,0
4713,36.26235125476849,0
4714,36.26235125476849,0
4715,36.26235125476849,0
4716,36.26235125476849,0
4717,36.26235125476849,0
4718,36.26235125476849,0
4719,36.26235125476849,0
4720,36.26235125476849,0
4721,2.7352784875485114,0
4722,2.7352784875485114,0
4723,2.7352784875485114,0
4724,2.7352784875485114,0
4725,2.7352784875485114,0
4726,2.7352784875485114,0
4727,2.7352784875485114,0
4728,2.7352784875485114,0
4729,2.7352784875485114,0
4730,2.7352784875485114,0
4731,45.53235070094645,0
4732,45.53235070094645,0
4733,45.53235070094645,0
4734,45.53235070094645,0
4735,45.53235070094645,0
4736,45.53235070094645,0
4737,45.53235070094645,0
4738,45.53235070094645,0
4739,45.53235070094645,0
4740,45.53235070094645,0
4741,29.49971903341274,0
4742,29.49971903341274,0
4743,29.49971903341274,0
4744,29.49971903341274,0
4745,29.49971903341274,0
4746,29.49971903341274,0
4747,29.49971903341274,0
4748,29.49971903341274,0
4749,29.49971903341274,0
4750,29.49971903341274,0
4751,29.49971903341274,0
4752,29.49971903341274,0
4753,29.49971903341274,0
4754,29.49971903341274,0
4755,0.9733322592730824,0
4756,0.9733322592730824,0
4757,0.9733322592730824,0
4758,0.9733322592730824,0
4759,0.9733322592730824,0
4760,0.9733322592730824,0
4761,0.9733322592730824,0
4762,0.9733322592730824,0
4763,0.9733322592730824,0
4764,0.365345849974315,0
4765,0.365345849974315,0
4766,0.365345849974315,0
4767,0.365345849974315,0
4768,0.365345849974315,0
4769,0.365345849974315,0
4770,0.365345849974315,0
4771,0.365345849974315,0
4772,0.365345849974315,0
4773,0.365345849974315,0
4774,33.34657312261835,0
4775,33.34657312261835,0
4776,33.34657312261835,0
4777,33.34657312261835,0
4778,33.34657312261835,0
4779,33.34657312261835,0
4780,33.34657312261835,0
4781,33.34657312261835,0
4782,33.34657312261835,0
4783,33.34657312261835,0
4784,33.34657312261835,0
4785,33.34657312261835,0
4786,33.34657312261835,0
4787,33.34657312261835,0
4788,33.34657312261835,0
4789,94.87672704408406,0
4790,94.87672704408406,0
4791,94.87672704408406,0
4792,94.87672704408406,0
4793,94.87672704408406,0
4794,94.87672704408406,0
4795,94.87672704408406,0
4796,94.87672704408406,0
4797,0.1485128434584376,0
4798,0.1485128434584376,0
4799,0.1485128434584376,0
4800,0.1485128434584376,0
4801,0.1485128434584376,0
4802,0.1485128434584376,0
4803,0.1485128434584376,0
4804,0.1485128434584376,0
4805,0.1485128434584376,0
4806,8.044185383585198,0
4807,8.044185383585198,0
4808,8.044185383585198,0
4809,8.044185383585198,0
4810,8.044185383585198,0
4811,8.044185383585198,0
4812,8.044185383585198,0
4813,8.044185383585198,0
4814,8.044185383585198,0
4815,8.044185383585198,0
4816,8.044185383585198,0
4817,8.044185383585198,0
4818,8.044185383585198,0
4819,19.163847009917156,0
4820,19.163847009917156,0
4821,19.163847009917156,0
4822,19.163847009917156,0
4823,19.163847009917156,0
4824,19.163847009917156,0
4825,19.163847009917156,0
4826,19.163847009917156,0
4827,19.163847009917156,0
4828,19.163847009917156,0
4829,19.163847009917156,0
4830,19.163847009917156,0
4831,0.5221944005702244,0
4832,0.5221944005702244,0
4833,0.5221944005702244,0
4834,0.5221944005702244,0
4835,0.5221944005702244,0
4836,0.5221944005702244,0
4837,0.5221944005702244,0
4838,0.5221944005702244,0
4839,0.5221944005702244,0
4840,0.5221944005702244,0
4841,0.5221944005702244,0
4842,0.5221944005702244,0
4843,0.5221944005702244,0
4844,88.08135208551097,0
4845,88.08135208551097,0
4846,88.08135208551097,0
4847,88.08135208551097,0
4848,88.08135208551097,0
4849,88.08135208551097,0
4850,88.08135208551097,0
4851,88.08135208551097,0
4852,88.08135208551097,0
4853,88.08135208551097,0
4854,88.08135208551097,0
4855,88.08135208551097,0
4856,88.08135208551097,0
4857,81.01545248093404,0
4858,81.01545248093404,0
4859,81.01545248093404,0
4860,81.01545248093404,0
4861,81.01545248093404,0
4862,81.01545248093404,0
4863,81.01545248093404,0
4864,81.01545248093404,0
4865,81.01545248093404,0
4866,81.01545248093404,0
4867,81.01545248093404,0
4868,81.01545248093404,0
4869,81.01545248093404,0
4870,81.01545248093404,0
4871,9.487374599371698,0
4872,9.487374599371698,0
4873,9.487374599371698,0
4874,9.487374599371698,0
4875,9.487374599371698,0
4876,9.487374599371698,0
4877,9.487374599371698,0
4878,9.487374599371698,0
4879,9.487374599371698,0
4880,9.487374599371698,0
4881,9.487374599371698,0
4882,2.777553331324304,0
4883,2.777553331324304,0
4884,2.777553331324304,0
4885,2.777553331324304,0
4886,2.777553331324304,0
4887,2.777553331324304,0
4888,2.777553331324304,0
4889,52.941278675451244,0
4890,52.941278675451244,0
4891,52.941278675451244,0
4892,52.941278675451244,0
4893,52.941278675451244,0
4894,52.941278675451244,0
4895,52.941278675451244,0
4896,52.941278675451244,0
4897,52.941278675451244,0
4898,52.941278675451244,0
4899,52.941278675451244,0
4900,52.941278675451244,0
4901,36.914811030868925,0
4902,36.914811030868925,0
4903,36.914811030868925,0
4904,36.914811030868925,0
4905,36.914811030868925,0
4906,36.914811030868925,0
4907,36.914811030868925,0
4908,36.914811030868925,0
4909,36.914811030868925,0
4910,36.914811030868925,0
4911,36.914811030868925,0
4912,36.914811030868925,0
4913,36.914811030868925,0
4914,36.914811030868925,0
4915,36.914811030868925,0
4916,36.914811030868925,0
4917,19.678268983922994,0
4918,19.678268983922994,0
4919,19.678268983922994,0
4920,19.678268983922994,0
4921,19.678268983922994,0
4922,19.678268983922994,0
4923,19.678268983922994,0
4924,19.678268983922994,0
4925,39.85443402207369,0
4926,39.85443402207369,0
4927,39.85443402207369,0
4928,39.85443402207369,0
4929,39.85443402207369,0
4930,39.85443402207369,0
4931,39.85443402207369,0
4932,39.85443402207369,0
4933,39.85443402207369,0
4934,39.85443402207369,0
4935,39.85443402207369,0
4936,39.85443402207369,0
4937,39.85443402207369,0
4938,39.85443402207369,0
4939,17.723929336926865,0
4940,17.723929336926865,0
4941,17.723929336926865,0
4942,17.723929336926865,0
4943,17.723929336926865,0
4944,17.723929336926865,0
4945,17.723929336926865,0
4946,17.723929336926865,0
4947,17.723929336926865,0
4948,17.723929336926865,0
4949,17.723929336926865,0
4950,17.723929336926865,0
4951,1.5730253013003528,0
4952,1.5730253013003528,0
4953,1.5730253013003528,0
4954,1.5730253013003528,0
4955,1.5730253013003528,0
4956,1.5730253013003528,1
4957,1.5730253013003528,0
4958,1.5730253013003528,0
4959,1.5730253013003528,0
4960,1.5730253013003528,0
4961,1.5730253013003528,0
4962,1.5730253013003528,0
4963,9.763341598749419,0
4964,9.763341598749419,0
4965,9.763341598749419,0
4966,9.763341598749419,0
4967,9.763341598749419,0
4968,9.763341598749419,0
4969,9.763341598749419,0
4970,9.763341598749419,0
4971,9.763341598749419,0
4972,9.763341598749419,0
4973,9.763341598749419,0
4974,9.763341598749419,0
4975,9.763341598749419,0
4976,9.763341598749419,0
4977,2.6365155436588434,0
4978,2.6365155436588434,0
4979,2.6365155436588434,0
4980,2.6365155436588434,0
4981,2.6365155436588434,0
4982,2.6365155436588434,0
4983,2.6365155436588434,0
4984,2.6365155436588434,0
4985,17.619985933609414,0
4986,17.619985933609414,0
4987,17.619985933609414,0
4988,17.619985933609414,0
4989,17.619985933609414,0
4990,17.619985933609414,0
4991,17.619985933609414,0
4992,17.619985933609414,0
4993,17.619985933609414,0
4994,17.619985933609414,0
4995,17.619985933609414,0
4996,13.850728552681154,0
4997,13.850728552681154,0
4998,13.850728552681154,0
4999,13.850728552681154,0
5000,13.850728552681154,0
5001,13.850728552681154,0
5002,13.850728552681154,0
5003,13.850728552681154,0
5004,13.850728552681154,0
5005,13.850728552681154,0
5006,13.850728552681154,0
5007,13.850728552681154,0
5008,13.850728552681154,0
5009,16.35258541090935,0
5010,16.35258541090935,0
5011,16.35258541090935,0
5012,16.35258541090935,0
5013,16.35258541090935,0
5014,16.35258541090935,0
5015,16.35258541090935,0
5016,16.35258541090935,0
5017,16.35258541090935,0
5018,16.35258541090935,0
5019,16.35258541090935,0
5020,16.35258541090935,0
5021,16.35258541090935,0
5022,12.873893345407616,0
5023,12.873893345407616,0
5024,12.873893345407616,0
5025,12.873893345407616,0
5026,12.873893345407616,0
5027,12.873893345407616,0
5028,12.873893345407616,0
5029,12.873893345407616,0
5030,2.9752115451733316,0
5031,2.9752115451733316,0
5032,2.9752115451733316,0
5033,2.9752115451733316,0
5034,2.9752115451733316,0
5035,2.9752115451733316,0
5036,2.9752115451733316,0
5037,100.4070174227661,0
5038,100.4070174227661,0
5039,100.4070174227661,0
5040,100.4070174227661,0
5041,100.4070174227661,0
5042,100.4070174227661,0
5043,100.4070174227661,0
5044,100.4070174227661,0
5045,100.4070174227661,0
5046,6.302529464163458,0
5047,6.302529464163458,0
5048,6.302529464163458,0
5049,6.302529464163458,0
5050,6.302529464163458,0
5051,6.302529464163458,0
5052,6.302529464163458,0
5053,6.302529464163458,0
5054,6.302529464163458,0
5055,16.013845289265966,0
5056,16.013845289265966,0
5057,16.013845289265966,0
5058,16.013845289265966,0
5059,16.013845289265966,0
5060,16.013845289265966,0
5061,16.013845289265966,0
5062,16.013845289265966,0
5063,16.013845289265966,0
5064,16.013845289265966,0
5065,16.013845289265966,0
5066,16.013845289265966,0
5067,16.013845289265966,0
5068,39.43514771868893,0
5069,39.43514771868893,0
5070,39.43514771868893,0
5071,39.43514771868893,0
5072,39.43514771868893,0
5073,39.43514771868893,0
5074,39.43514771868893,0
5075,39.43514771868893,0
5076,39.43514771868893,0
5077,39.43514771868893,0
5078,39.43514771868893,0
5079,39.43514771868893,0
5080,51.21105658671711,0
5081,51.21105658671711,0
5082,51.21105658671711,0
5083,51.21105658671711,0
5084,51.21105658671711,0
5085,51.21105658671711,0
5086,51.21105658671711,0
5087,51.21105658671711,0
5088,51.21105658671711,0
5089,51.21105658671711,0
5090,51.21105658671711,0
5091,51.21105658671711,0
5092,51.21105658671711,0
5093,39.58155530815964,0
5094,39.58155530815964,0
5095,39.58155530815964,0
5096,39.58155530815964,0
5097,39.58155530815964,0
5098,39.58155530815964,0
5099,39.58155530815964,0
5100,39.58155530815964,0
5101,39.58155530815964,0
5102,39.58155530815964,0
5103,39.58155530815964,0
5104,39.58155530815964,0
5105,39.58155530815964,0
5106,2.9293660817037614,0
5107,2.9293660817037614,0
5108,2.9293660817037614,0
5109,2.9293660817037614,0
5110,2.9293660817037614,0
5111,2.9293660817037614,0
5112,2.9293660817037614,0
5113,2.9293660817037614,0
5114,2.9293660817037614,0
5115,2.9293660817037614,0
5116,2.9293660817037614,0
5117,2.9293660817037614,0
5118,1.1615580823478342,0
5119,1.1615580823478342,0
5120,1.1615580823478342,0
5121,1.1615580823478342,0
5122,1.1615580823478342,0
5123,1.1615580823478342,0
5124,1.1615580823478342,0
5125,1.1615580823478342,0
5126,1.1615580823478342,0
5127,1.1615580823478342,0
5128,1.1615580823478342,0
5129,22.899401781753067,0
5130,22.899401781753067,0
5131,22.899401781753067,0
5132,22.899401781753067,0
5133,22.899401781753067,0
5134,22.899401781753067,0
5135,22.899401781753067,0
5136,22.899401781753067,0
5137,22.899401781753067,0
5138,22.899401781753067,0
5139,22.899401781753067,0
5140,22.899401781753067,1
5141,22.899401781753067,0
5142,22.899401781753067,0
5143,22.899401781753067,0
5144,65.35469155797927,0
5145,65.35469155797927,0
5146,65.35469155797927,0
5147,65.35469155797927,0
5148,65.35469155797927,0
5149,65.35469155797927,0
5150,65.35469155797927,0
5151,65.35469155797927,0
5152,65.35469155797927,0
5153,65.35469155797927,0
5154,65.35469155797927,0
5155,1.2160820231231044,0
5156,1.2160820231231044,0
5157,1.2160820231231044,0
5158,1.2160820231231044,0
5159,1.2160820231231044,0
5160,1.2160820231231044,0
5161,1.2160820231231044,0
5162,1.2160820231231044,0
5163,1.2160820231231044,0
5164,1.2160820231231044,0
5165,1.2160820231231044,0
5166,1.2160820231231044,0
5167,1.2160820231231044,0
5168,1.2160820231231044,0
5169,36.84399518280922,0
5170,36.84399518280922,0
5171,36.84399518280922,0
5172,36.84399518280922,0
5173,36.84399518280922,0
5174,36.84399518280922,0
5175,36.84399518280922,0
5176,36.84399518280922,0
5177,36.84399518280922,0
5178,36.84399518280922,0
5179,36.84399518280922,0
5180,36.84399518280922,0
5181,11.140718690982343,0
5182,11.140718690982343,0
5183,11.140718690982343,0
5184,11.140718690982343,0
5185,11.140718690982343,0
5186,11.140718690982343,0
5187,11.140718690982343,0
5188,11.140718690982343,0
5189,11.140718690982343,0
5190,11.140718690982343,0
5191,11.140718690982343,0
5192,11.140718690982343,0
5193,1.6405027570957036,0
5194,1.6405027570957036,0
5195,1.6405027570957036,0
5196,1.6405027570957036,0
5197,1.6405027570957036,0
5198,1.6405027570957036,0
5199,1.6405027570957036,0
5200,1.6405027570957036,0
5201,1.6405027570957036,0
5202,1.6405027570957036,0
5203,1.6405027570957036,0
5204,0.8893694742424418,0
5205,0.8893694742424418,0
5206,0.8893694742424418,0
5207,0.8893694742424418,0
5208,0.8893694742424418,0
5209,0.8893694742424418,0
5210,0.8893694742424418,0
5211,0.8893694742424418,0
5212,0.8893694742424418,0
5213,0.8893694742424418,0
5214,0.8893694742424418,0
5215,0.8893694742424418,0
5216,0.8893694742424418,0
5217,11.11270864919147,0
5218,11.11270864919147,0
5219,11.11270864919147,0
5220,11.11270864919147,0
5221,11.11270864919147,0
5222,11.11270864919147,0
5223,11.11270864919147,0
5224,11.11270864919147,0
5225,11.11270864919147,0
5226,7.8370963616594365,0
5227,7.8370963616594365,0
5228,7.8370963616594365,0
5229,7.8370963616594365,0
5230,7.8370963616594365,0
5231,7.8370963616594365,0
5232,7.8370963616594365,0
5233,7.8370963616594365,0
5234,7.8370963616594365,0
5235,7.8370963616594365,0
5236,46.8255777984132,0
5237,46.8255777984132,0
5238,46.8255777984132,0
5239,46.8255777984132,0
5240,46.8255777984132,1
5241,46.8255777984132,0
5242,46.8255777984132,1
5243,46.8255777984132,0
5244,46.8255777984132,0
5245,131.09594510222325,0
5246,131.09594510222325,0
5247,131.09594510222325,0
5248,131.09594510222325,0
5249,131.09594510222325,0
5250,131.09594510222325,0
5251,131.09594510222325,0
5252,131.09594510222325,0
5253,131.09594510222325,0
5254,131.09594510222325,0
5255,131.09594510222325,0
5256,131.09594510222325,0
5257,59.996497408911836,0
5258,59.996497408911836,0
5259,59.996497408911836,0
5260,59.996497408911836,0
5261,59.996497408911836,0
5262,59.996497408911836,0
5263,59.996497408911836,0
5264,59.996497408911836,0
5265,59.996497408911836,0
5266,31.760941700864024,0
5267,31.760941700864024,0
5268,31.760941700864024,0
5269,31.760941700864024,0
5270,31.760941700864024,0
5271,31.760941700864024,0
5272,31.760941700864024,0
5273,31.760941700864024,0
5274,31.760941700864024,0
5275,31.760941700864024,0
5276,31.760941700864024,0
5277,31.760941700864024,0
5278,47.48665387832337,0
5279,47.48665387832337,0
5280,47.48665387832337,0
5281,47.48665387832337,0
5282,47.48665387832337,0
5283,47.48665387832337,0
5284,47.48665387832337,0
5285,47.48665387832337,0
5286,47.48665387832337,0
5287,47.48665387832337,0
5288,47.48665387832337,0
5289,47.48665387832337,0
5290,47.48665387832337,0
5291,47.48665387832337,0
5292,47.48665387832337,0
5293,2.2701392611119755,0
5294,2.2701392611119755,0
5295,2.2701392611119755,0
5296,2.2701392611119755,0
5297,2.2701392611119755,0
5298,2.2701392611119755,0
5299,2.2701392611119755,0
5300,2.2701392611119755,0
5301,2.2701392611119755,0
5302,2.2701392611119755,0
5303,23.806918956816766,0
5304,23.806918956816766,0
5305,23.806918956816766,0
5306,23.806918956816766,0
5307,23.806918956816766,0
5308,23.806918956816766,0
5309,23.806918956816766,0
5310,23.806918956816766,0
5311,23.806918956816766,0
5312,23.806918956816766,0
5313,23.806918956816766,0
5314,23.806918956816766,0
5315,23.806918956816766,0
5316,25.445568984544476,0
5317,25.445568984544476,0
5318,25.445568984544476,0
5319,25.445568984544476,0
5320,25.445568984544476,0
5321,25.445568984544476,0
5322,25.445568984544476,0
5323,25.445568984544476,0
5324,25.445568984544476,0
5325,25.445568984544476,0
5326,50.25665949689716,0
5327,50.25665949689716,0
5328,50.25665949689716,0
5329,50.25665949689716,0
5330,50.25665949689716,0
5331,50.25665949689716,0
5332,50.25665949689716,0
5333,50.25665949689716,0
5334,50.25665949689716,0
5335,0.1756447352600127,0
5336,0.1756447352600127,0
5337,0.1756447352600127,0
5338,0.1756447352600127,0
5339,0.1756447352600127,0
5340,0.1756447352600127,0
5341,0.1756447352600127,0
5342,0.1756447352600127,0
5343,0.1756447352600127,0
5344,0.1756447352600127,0
5345,0.1756447352600127,0
5346,80.53555567843267,0
5347,80.53555567843267,0
5348,80.53555567843267,0
5349,80.53555567843267,0
5350,80.53555567843267,0
5351,80.53555567843267,0
5352,80.53555567843267,0
5353,80.53555567843267,0
5354,80.53555567843267,0
5355,80.53555567843267,0
5356,80.53555567843267,0
5357,80.53555567843267,0
5358,80.53555567843267,0
5359,34.96758178962928,0
5360,34.96758178962928,0
5361,34.96758178962928,0
5362,34.96758178962928,0
5363,34.96758178962928,0
5364,34.96758178962928,0
5365,34.96758178962928,0
5366,34.96758178962928,0
5367,34.96758178962928,0
5368,34.96758178962928,0
5369,34.96758178962928,0
5370,34.96758178962928,0
5371,1.416671290576984,0
5372,1.416671290576984,0
5373,1.416671290576984,0
5374,1.416671290576984,0
5375,1.416671290576984,0
5376,1.416671290576984,0
5377,1.416671290576984,0
5378,2.085856052933102,0
5379,2.085856052933102,0
5380,2.085856052933102,0
5381,2.085856052933102,0
5382,2.085856052933102,0
5383,2.085856052933102,0
5384,2.085856052933102,0
5385,2.085856052933102,0
5386,2.085856052933102,0
5387,2.085856052933102,0
5388,1.8327040622209962,0
5389,1.8327040622209962,0
5390,1.8327040622209962,0
5391,1.8327040622209962,0
5392,1.8327040622209962,0
5393,1.8327040622209962,0
5394,1.8327040622209962,0
5395,1.8327040622209962,0
5396,1.8327040622209962,0
5397,1.8327040622209962,0
5398,1.8327040622209962,0
5399,1.8327040622209962,0
5400,1.8327040622209962,0
5401,1.8327040622209962,0
5402,1.8327040622209962,0
5403,1.8327040622209962,0
5404,1.8327040622209962,0
5405,41.884121615114736,0
5406,41.884121615114736,0
5407,41.884121615114736,0
5408,41.884121615114736,0
5409,41.884121615114736,0
5410,41.884121615114736,0
5411,41.884121615114736,0
5412,41.884121615114736,0
5413,41.884121615114736,0
5414,41.884121615114736,0
5415,41.884121615114736,0
5416,41.884121615114736,0
5417,41.884121615114736,0
5418,41.884121615114736,0
5419,41.884121615114736,0
5420,4.249396450688154,0
5421,4.249396450688154,0
5422,4.249396450688154,0
5423,4.249396450688154,0
5424,4.249396450688154,0
5425,4.249396450688154,0
5426,4.249396450688154,0
5427,4.249396450688154,0
5428,4.249396450688154,0
5429,4.249396450688154,0
5430,4.249396450688154,0
5431,4.249396450688154,0
5432,4.249396450688154,0
5433,16.766571990963822,0
5434,16.766571990963822,0
5435,16.766571990963822,0
5436,16.766571990963822,0
5437,16.766571990963822,0
5438,16.766571990963822,0
5439,16.766571990963822,0
5440,16.766571990963822,0
5441,16.766571990963822,0
5442,28.793320918971013,0
5443,28.793320918971013,0
5444,28.793320918971013,0
5445,28.793320918971013,0
5446,28.793320918971013,0
5447,28.793320918971013,0
5448,28.793320918971013,0
5449,28.793320918971013,0
5450,28.793320918971013,0
5451,28.793320918971013,0
5452,28.793320918971013,0
5453,28.793320918971013,0
5454,10.784373760313915,0
5455,10.784373760313915,0
5456,10.784373760313915,0
5457,10.784373760313915,0
5458,10.784373760313915,0
5459,10.784373760313915,0
5460,10.784373760313915,0
5461,10.784373760313915,0
5462,10.784373760313915,0
5463,0.7939367146635042,0
5464,0.7939367146635042,0
5465,0.7939367146635042,0
5466,0.7939367146635042,0
5467,0.7939367146635042,0
5468,0.7939367146635042,0
5469,0.7939367146635042,0
5470,0.7939367146635042,0
5471,0.7939367146635042,0
5472,0.7939367146635042,0
5473,0.7939367146635042,0
5474,0.7939367146635042,0
5475,3.562099087619769,0
5476,3.562099087619769,0
5477,3.562099087619769,0
5478,3.562099087619769,0
5479,3.562099087619769,0
5480,3.562099087619769,0
5481,3.562099087619769,0
5482,3.562099087619769,0
5483,3.562099087619769,0
5484,3.562099087619769,0
5485,3.562099087619769,0
5486,3.562099087619769,0
5487,3.562099087619769,0
5488,5.810295697218286,0
5489,5.810295697218286,0
5490,5.810295697218286,0
5491,5.810295697218286,0
5492,5.810295697218286,0
5493,5.810295697218286,0
5494,5.810295697218286,0
5495,5.810295697218286,0
5496,2.0647618937231953,0
5497,2.0647618937231953,0
5498,2.0647618937231953,0
5499,2.0647618937231953,0
5500,2.0647618937231953,0
5501,2.0647618937231953,0
5502,2.0647618937231953,0
5503,2.0647618937231953,0
5504,12.59162978552774,0
5505,12.59162978552774,0
5506,12.59162978552774,0
5507,12.59162978552774,0
5508,12.59162978552774,0
5509,12.59162978552774,0
5510,12.59162978552774,0
5511,12.59162978552774,0
5512,12.59162978552774,0
5513,12.59162978552774,0
5514,12.59162978552774,0
5515,12.59162978552774,0
5516,12.59162978552774,0
5517,12.59162978552774,0
5518,62.837737439396705,0
5519,62.837737439396705,0
5520,62.837737439396705,0
5521,62.837737439396705,0
5522,62.837737439396705,0
5523,62.837737439396705,0
5524,62.837737439396705,0
5525,62.837737439396705,0
5526,62.837737439396705,0
5527,73.06399565362157,0
5528,73.06399565362157,0
5529,73.06399565362157,0
5530,73.06399565362157,0
5531,73.06399565362157,0
5532,73.06399565362157,0
5533,73.06399565362157,0
5534,73.06399565362157,0
5535,73.06399565362157,0
5536,73.06399565362157,0
5537,73.06399565362157,0
5538,0.7940262338782168,0
5539,0.7940262338782168,0
5540,0.7940262338782168,0
5541,0.7940262338782168,0
5542,0.7940262338782168,0
5543,0.7940262338782168,0
5544,0.7940262338782168,0
5545,0.7940262338782168,0
5546,0.7940262338782168,0
5547,0.7940262338782168,0
5548,0.7940262338782168,0
5549,0.7940262338782168,0
5550,0.7940262338782168,0
5551,0.7940262338782168,0
5552,1.5221558704324716,0
5553,1.5221558704324716,0
5554,1.5221558704324716,0
5555,1.5221558704324716,0
5556,1.5221558704324716,0
5557,1.5221558704324716,0
5558,1.5221558704324716,0
5559,1.5221558704324716,0
5560,1.5221558704324716,0
5561,1.5221558704324716,0
5562,1.5221558704324716,0
5563,1.5221558704324716,0
5564,74.55506253562278,0
5565,74.55506253562278,0
5566,74.55506253562278,0
5567,74.55506253562278,0
5568,74.55506253562278,0
5569,74.55506253562278,0
5570,74.55506253562278,0
5571,74.55506253562278,0
5572,74.55506253562278,0
5573,74.55506253562278,0
5574,18.455918866886694,0
5575,18.455918866886694,0
5576,18.455918866886694,0
5577,18.455918866886694,0
5578,18.455918866886694,0
5579,18.455918866886694,0
5580,18.455918866886694,0
5581,18.455918866886694,0
5582,18.455918866886694,0
5583,18.455918866886694,0
5584,18.455918866886694,0
5585,18.455918866886694,0
5586,18.455918866886694,0
5587,18.455918866886694,0
5588,18.455918866886694,0
5589,3.4129641224549836,0
5590,3.4129641224549836,0
5591,3.4129641224549836,0
5592,3.4129641224549836,0
5593,3.4129641224549836,0
5594,3.4129641224549836,0
5595,3.4129641224549836,0
5596,3.4129641224549836,0
5597,3.4129641224549836,0
5598,3.4129641224549836,0
5599,3.4129641224549836,0
5600,3.4129641224549836,0
5601,3.4129641224549836,0
5602,3.4129641224549836,0
5603,13.063240050088863,0
5604,13.063240050088863,0
5605,13.063240050088863,0
5606,13.063240050088863,0
5607,13.063240050088863,0
5608,13.063240050088863,0
5609,13.063240050088863,0
5610,13.063240050088863,0
5611,13.063240050088863,0
5612,13.063240050088863,0
5613,13.063240050088863,0
5614,13.063240050088863,0
5615,35.375515557059934,0
5616,35.375515557059934,0
5617,35.375515557059934,0
5618,35.375515557059934,0
5619,35.375515557059934,0
5620,35.375515557059934,0
5621,35.375515557059934,0
5622,35.375515557059934,0
5623,35.375515557059934,0
5624,35.375515557059934,0
5625,35.375515557059934,0
5626,35.375515557059934,0
5627,35.375515557059934,0
5628,35.375515557059934,0
5629,3.2441778545863293,0
5630,3.2441778545863293,0
5631,3.2441778545863293,0
5632,3.2441778545863293,0
5633,3.2441778545863293,0
5634,3.2441778545863293,0
5635,3.2441778545863293,0
5636,3.2441778545863293,0
5637,3.2441778545863293,0
5638,3.2441778545863293,0
5639,3.2441778545863293,0
5640,3.2441778545863293,0
5641,3.2441778545863293,0
5642,11.518382234211202,0
5643,18.8779008358386,0
5644,18.8779008358386,0
5645,18.8779008358386,0
5646,18.8779008358386,0
5647,18.8779008358386,0
5648,18.8779008358386,0
5649,18.8779008358386,0
5650,18.8779008358386,0
5651,18.8779008358386,0
5652,18.8779008358386,0
5653,18.8779008358386,0
5654,0.3780213531952649,0
5655,0.3780213531952649,0
5656,0.3780213531952649,0
5657,0.3780213531952649,0
5658,0.3780213531952649,0
5659,0.3780213531952649,0
5660,0.3780213531952649,0
5661,0.3780213531952649,0
5662,0.3780213531952649,0
5663,0.3780213531952649,0
5664,0.3780213531952649,0
5665,0.3780213531952649,0
5666,0.3780213531952649,0
5667,0.3780213531952649,0
5668,4.08418772379476,0
5669,4.08418772379476,0
5670,4.08418772379476,0
5671,4.08418772379476,0
5672,4.08418772379476,0
5673,4.08418772379476,0
5674,4.08418772379476,0
5675,4.08418772379476,0
5676,4.08418772379476,0
5677,4.08418772379476,0
5678,45.795093587397275,0
5679,45.795093587397275,0
5680,45.795093587397275,0
5681,45.795093587397275,0
5682,45.795093587397275,0
5683,45.795093587397275,0
5684,45.795093587397275,0
5685,45.795093587397275,0
5686,45.795093587397275,0
5687,45.795093587397275,0
5688,45.795093587397275,0
5689,45.795093587397275,0
5690,45.795093587397275,0
5691,45.795093587397275,0
5692,45.795093587397275,0
5693,58.14449738928008,0
5694,58.14449738928008,0
5695,58.14449738928008,0
5696,58.14449738928008,0
5697,58.14449738928008,0
5698,58.14449738928008,0
5699,58.14449738928008,0
5700,58.14449738928008,0
5701,58.14449738928008,0
5702,58.14449738928008,0
5703,58.14449738928008,0
5704,58.14449738928008,0
5705,4.015946278304369,0
5706,4.015946278304369,0
5707,4.015946278304369,0
5708,4.015946278304369,0
5709,4.015946278304369,0
5710,4.015946278304369,0
5711,4.015946278304369,0
5712,4.015946278304369,0
5713,4.015946278304369,0
5714,4.015946278304369,0
5715,18.701441462509834,0
5716,18.701441462509834,0
5717,18.701441462509834,0
5718,18.701441462509834,0
5719,18.701441462509834,0
5720,18.701441462509834,0
5721,18.701441462509834,0
5722,18.701441462509834,0
5723,18.701441462509834,0
5724,18.701441462509834,0
5725,0.6948914373868669,0
5726,0.6948914373868669,0
5727,0.6948914373868669,0
5728,0.6948914373868669,0
5729,0.6948914373868669,0
5730,0.6948914373868669,0
5731,0.6948914373868669,0
5732,0.6948914373868669,0
5733,0.6948914373868669,0
5734,0.6948914373868669,0
5735,0.6948914373868669,0
5736,17.158480916227262,0
5737,17.158480916227262,0
5738,17.158480916227262,0
5739,17.158480916227262,0
5740,17.158480916227262,0
5741,17.158480916227262,0
5742,17.158480916227262,1
5743,17.158480916227262,0
5744,17.158480916227262,0
5745,17.158480916227262,0
5746,17.158480916227262,0
5747,45.397989620274394,0
5748,45.397989620274394,0
5749,45.397989620274394,0
5750,45.397989620274394,0
5751,45.397989620274394,0
5752,45.397989620274394,0
5753,45.397989620274394,0
5754,45.397989620274394,0
5755,45.397989620274394,0
5756,45.397989620274394,0
5757,45.397989620274394,0
5758,45.397989620274394,0
5759,53.39800547961581,0
5760,53.39800547961581,0
5761,53.39800547961581,0
5762,53.39800547961581,0
5763,53.39800547961581,0
5764,53.39800547961581,0
5765,53.39800547961581,0
5766,53.39800547961581,0
5767,53.39800547961581,0
5768,53.39800547961581,0
5769,53.39800547961581,0
5770,53.39800547961581,0
5771,50.30926750380642,0
5772,50.30926750380642,0
5773,50.30926750380642,0
5774,50.30926750380642,0
5775,50.30926750380642,0
5776,50.30926750380642,0
5777,50.30926750380642,0
5778,50.30926750380642,0
5779,50.30926750380642,0
5780,50.30926750380642,0
5781,50.30926750380642,0
5782,4.946173658933328,0
5783,4.946173658933328,0
5784,4.946173658933328,0
5785,4.946173658933328,0
5786,4.946173658933328,0
5787,4.946173658933328,0
5788,4.946173658933328,0
5789,4.946173658933328,0
5790,4.946173658933328,0
5791,4.946173658933328,0
5792,4.946173658933328,0
5793,88.36751791561468,0
5794,88.36751791561468,0
5795,88.36751791561468,0
5796,88.36751791561468,0
5797,88.36751791561468,0
5798,88.36751791561468,0
5799,88.36751791561468,0
5800,88.36751791561468,0
5801,88.36751791561468,0
5802,88.36751791561468,0
5803,88.36751791561468,0
5804,88.36751791561468,0
5805,88.36751791561468,0
5806,0.23777744407196472,0
5807,0.23777744407196472,0
5808,0.23777744407196472,0
5809,0.23777744407196472,0
5810,0.23777744407196472,0
5811,0.23777744407196472,0
5812,0.23777744407196472,0
5813,0.23777744407196472,0
5814,0.23777744407196472,0
5815,0.23777744407196472,0
5816,0.23777744407196472,0
5817,1.047395116279737,0
5818,1.047395116279737,0
5819,1.047395116279737,0
5820,1.047395116279737,0
5821,1.047395116279737,0
5822,1.047395116279737,0
5823,4.028550338353261,0
5824,4.028550338353261,0
5825,4.028550338353261,0
5826,4.028550338353261,0
5827,4.028550338353261,0
5828,4.028550338353261,0
5829,4.028550338353261,0
5830,4.028550338353261,0
5831,4.028550338353261,0
5832,4.028550338353261,0
5833,4.028550338353261,0
5834,28.000237627342624,0
5835,28.000237627342624,0
5836,28.000237627342624,0
5837,28.000237627342624,0
5838,28.000237627342624,0
5839,28.000237627342624,0
5840,28.000237627342624,0
5841,28.000237627342624,0
5842,28.000237627342624,0
5843,28.000237627342624,0
5844,28.000237627342624,0
5845,28.000237627342624,0
5846,28.000237627342624,0
5847,28.000237627342624,0
5848,28.000237627342624,0
5849,23.963419961293887,0
5850,23.963419961293887,0
5851,23.963419961293887,0
5852,23.963419961293887,0
5853,23.963419961293887,0
5854,23.963419961293887,0
5855,23.963419961293887,0
5856,23.963419961293887,0
5857,23.963419961293887,0
5858,23.963419961293887,0
5859,23.963419961293887,0
5860,23.963419961293887,0
5861,18.20390109984807,0
5862,18.20390109984807,0
5863,18.20390109984807,0
5864,18.20390109984807,0
5865,18.20390109984807,0
5866,18.20390109984807,0
5867,18.20390109984807,0
5868,18.20390109984807,0
5869,18.20390109984807,0
5870,3.0503080534686906,0
5871,3.0503080534686906,0
5872,3.0503080534686906,0
5873,3.0503080534686906,0
5874,3.0503080534686906,0
5875,3.0503080534686906,0
5876,3.0503080534686906,0
5877,3.0503080534686906,0
5878,3.0503080534686906,0
5879,3.0503080534686906,0
5880,3.0503080534686906,0
5881,3.0503080534686906,0
5882,3.0503080534686906,0
5883,14.468068858026784,0
5884,14.468068858026784,0
5885,14.468068858026784,0
5886,14.468068858026784,0
5887,14.468068858026784,0
5888,14.468068858026784,0
5889,14.468068858026784,0
5890,14.468068858026784,0
5891,14.468068858026784,0
5892,14.468068858026784,0
5893,14.468068858026784,0
5894,14.468068858026784,0
5895,4.320115907425272,0
5896,4.320115907425272,0
5897,4.320115907425272,0
5898,4.320115907425272,0
5899,4.320115907425272,0
5900,4.320115907425272,0
5901,4.320115907425272,0
5902,4.320115907425272,0
5903,4.320115907425272,0
5904,144.5494547098821,0
5905,144.5494547098821,0
5906,144.5494547098821,0
5907,144.5494547098821,0
5908,144.5494547098821,0
5909,144.5494547098821,0
5910,144.5494547098821,0
5911,144.5494547098821,0
5912,144.5494547098821,0
5913,144.5494547098821,0
5914,85.9085358881499,0
5915,85.9085358881499,0
5916,85.9085358881499,0
5917,85.9085358881499,0
5918,85.9085358881499,0
5919,85.9085358881499,0
5920,85.9085358881499,0
5921,85.9085358881499,0
5922,85.9085358881499,0
5923,85.9085358881499,0
5924,85.9085358881499,0
5925,1.7560987632841436,0
5926,1.7560987632841436,0
5927,1.7560987632841436,0
5928,1.7560987632841436,0
5929,1.7560987632841436,0
5930,1.7560987632841436,0
5931,1.7560987632841436,0
5932,1.7560987632841436,0
5933,1.7560987632841436,0
5934,18.529726879916453,0
5935,18.529726879916453,0
5936,18.529726879916453,0
5937,18.529726879916453,0
5938,18.529726879916453,0
5939,18.529726879916453,0
5940,18.529726879916453,0
5941,18.529726879916453,0
5942,18.529726879916453,0
5943,18.529726879916453,0
5944,18.529726879916453,0
5945,18.529726879916453,0
5946,54.14285172525061,0
5947,54.14285172525061,0
5948,54.14285172525061,0
5949,54.14285172525061,0
5950,54.14285172525061,0
5951,54.14285172525061,0
5952,54.14285172525061,0
5953,54.14285172525061,0
5954,54.14285172525061,0
5955,54.14285172525061,0
5956,54.14285172525061,0
5957,0.9200430652128716,0
5958,0.9200430652128716,0
5959,0.9200430652128716,0
5960,0.9200430652128716,0
5961,0.9200430652128716,0
5962,0.9200430652128716,0
5963,0.9200430652128716,0
5964,0.9200430652128716,0
5965,0.9200430652128716,0
5966,0.9200430652128716,0
5967,99.45006466282582,0
5968,99.45006466282582,0
5969,99.45006466282582,0
5970,99.45006466282582,0
5971,99.45006466282582,0
5972,99.45006466282582,0
5973,99.45006466282582,0
5974,99.45006466282582,0
5975,99.45006466282582,0
5976,99.45006466282582,0
5977,99.45006466282582,0
5978,99.45006466282582,0
5979,99.45006466282582,1
5980,14.548068177198815,0
5981,14.548068177198815,0
5982,14.548068177198815,0
5983,14.548068177198815,0
5984,14.548068177198815,0
5985,14.548068177198815,0
5986,14.548068177198815,0
5987,14.548068177198815,0
5988,2.674231095276297,0
5989,2.674231095276297,0
5990,2.674231095276297,0
5991,2.674231095276297,0
5992,2.674231095276297,0
5993,2.674231095276297,0
5994,2.674231095276297,0
5995,2.674231095276297,0
5996,2.674231095276297,0
5997,2.674231095276297,0
5998,2.674231095276297,0
5999,2.674231095276297,0
6000,2.674231095276297,0
6001,3.601401104623315,0
6002,3.601401104623315,0
6003,3.601401104623315,0
6004,3.601401104623315,0
6005,3.601401104623315,0
6006,3.601401104623315,0
6007,3.601401104623315,0
6008,3.601401104623315,0
6009,3.601401104623315,0
6010,3.601401104623315,0
6011,3.601401104623315,0
6012,3.601401104623315,0
6013,3.601401104623315,0
6014,22.124888426449893,0
6015,22.124888426449893,0
6016,22.124888426449893,0
6017,22.124888426449893,0
6018,22.124888426449893,0
6019,22.124888426449893,0
6020,22.124888426449893,0
6021,22.124888426449893,1
6022,22.124888426449893,0
6023,22.124888426449893,0
6024,22.124888426449893,0
6025,22.124888426449893,0
6026,3.5288911202032454,0
6027,3.5288911202032454,0
6028,3.5288911202032454,0
6029,3.5288911202032454,0
6030,3.5288911202032454,0
6031,3.5288911202032454,0
6032,3.5288911202032454,0
6033,3.5288911202032454,0
6034,3.5288911202032454,0
6035,3.5288911202032454,0
6036,3.5288911202032454,0
6037,3.5288911202032454,0
6038,3.5288911202032454,0
6039,3.5288911202032454,0
6040,2.8633267827857836,0
6041,2.8633267827857836,0
6042,2.8633267827857836,0
6043,2.8633267827857836,0
6044,2.8633267827857836,0
6045,2.8633267827857836,0
6046,2.8633267827857836,0
6047,2.8633267827857836,0
6048,2.8633267827857836,0
6049,2.8633267827857836,0
6050,2.8633267827857836,0
6051,2.8633267827857836,0
6052,2.8633267827857836,0
6053,3.4461682717668523,0
6054,3.4461682717668523,0
6055,3.4461682717668523,0
6056,3.4461682717668523,0
6057,3.4461682717668523,0
6058,3.4461682717668523,0
6059,3.4461682717668523,0
6060,3.4461682717668523,0
6061,3.4461682717668523,0
6062,11.05942744630544,0
6063,11.05942744630544,0
6064,11.05942744630544,0
6065,11.05942744630544,0
6066,11.05942744630544,0
6067,11.05942744630544,0
6068,11.05942744630544,0
6069,11.05942744630544,0
6070,11.05942744630544,0
6071,11.05942744630544,0
6072,11.05942744630544,0
6073,53.23091945650315,0
6074,53.23091945650315,0
6075,53.23091945650315,0
6076,53.23091945650315,0
6077,53.23091945650315,0
6078,53.23091945650315,0
6079,53.23091945650315,0
6080,53.23091945650315,0
6081,53.23091945650315,0
6082,53.23091945650315,0
6083,53.23091945650315,0
6084,53.23091945650315,0
6085,78.20485146688519,0
6086,78.20485146688519,0
6087,78.20485146688519,0
6088,78.20485146688519,0
6089,78.20485146688519,0
6090,78.20485146688519,0
6091,78.20485146688519,0
6092,78.20485146688519,0
6093,78.20485146688519,0
6094,78.20485146688519,0
6095,78.20485146688519,0
6096,0.44200868063821924,0
6097,0.44200868063821924,0
6098,0.44200868063821924,0
6099,0.44200868063821924,0
6100,0.44200868063821924,0
6101,0.44200868063821924,1
6102,0.44200868063821924,0
6103,0.44200868063821924,0
6104,0.44200868063821924,0
6105,0.44200868063821924,0
6106,2.9713333894542293,0
6107,2.9713333894542293,0
6108,2.9713333894542293,0
6109,2.9713333894542293,0
6110,2.9713333894542293,0
6111,2.9713333894542293,0
6112,2.9713333894542293,0
6113,2.9713333894542293,0
6114,2.9713333894542293,0
6115,2.9713333894542293,0
6116,2.9713333894542293,0
6117,2.9713333894542293,0
6118,2.9713333894542293,0
6119,2.9713333894542293,0
6120,2.9713333894542293,0
6121,22.267569771158904,0
6122,22.267569771158904,0
6123,22.267569771158904,0
6124,22.267569771158904,0
6125,22.267569771158904,0
6126,22.267569771158904,0
6127,22.267569771158904,0
6128,22.267569771158904,0
6129,22.267569771158904,0
6130,22.267569771158904,0
6131,22.267569771158904,0
6132,22.267569771158904,0
6133,22.267569771158904,0
6134,22.267569771158904,0
6135,31.264615095961542,0
6136,31.264615095961542,0
6137,31.264615095961542,0
6138,31.264615095961542,0
6139,31.264615095961542,0
6140,31.264615095961542,0
6141,31.264615095961542,0
6142,31.264615095961542,0
6143,31.264615095961542,0
6144,31.264615095961542,0
6145,70.7686852543247,0
6146,70.7686852543247,0
6147,70.7686852543247,0
6148,70.7686852543247,0
6149,70.7686852543247,0
6150,70.7686852543247,0
6151,70.7686852543247,0
6152,70.7686852543247,0
6153,4.152099433581124,0
6154,4.152099433581124,0
6155,4.152099433581124,0
6156,4.152099433581124,0
6157,4.152099433581124,0
6158,4.152099433581124,0
6159,4.152099433581124,0
6160,4.152099433581124,0
6161,47.79127948222632,0
6162,47.79127948222632,0
6163,47.79127948222632,0
6164,47.79127948222632,0
6165,47.79127948222632,0
6166,47.79127948222632,0
6167,47.79127948222632,0
6168,47.79127948222632,0
6169,47.79127948222632,0
6170,47.79127948222632,0
6171,47.79127948222632,0
6172,47.79127948222632,0
6173,47.79127948222632,0
6174,47.79127948222632,0
6175,21.35084775310544,0
6176,21.35084775310544,0
6177,21.35084775310544,0
6178,21.35084775310544,0
6179,21.35084775310544,0
6180,21.35084775310544,0
6181,21.35084775310544,0
6182,21.35084775310544,0
6183,21.35084775310544,0
6184,21.35084775310544,0
6185,21.35084775310544,0
6186,21.35084775310544,0
6187,52.78588511308017,0
6188,52.78588511308017,0
6189,52.78588511308017,0
6190,52.78588511308017,0
6191,52.78588511308017,0
6192,52.78588511308017,0
6193,52.78588511308017,0
6194,52.78588511308017,0
6195,52.78588511308017,0
6196,52.78588511308017,0
6197,52.78588511308017,0
6198,52.78588511308017,0
6199,52.78588511308017,0
6200,10.143863430268658,0
6201,10.143863430268658,0
6202,10.143863430268658,0
6203,10.143863430268658,0
6204,10.143863430268658,0
6205,10.143863430268658,0
6206,10.143863430268658,0
6207,10.143863430268658,0
6208,10.143863430268658,0
6209,10.143863430268658,0
6210,10.143863430268658,0
6211,10.143863430268658,0
6212,10.143863430268658,0
6213,19.4583201555725,0
6214,19.4583201555725,0
6215,19.4583201555725,0
6216,19.4583201555725,0
6217,19.4583201555725,0
6218,19.4583201555725,0
6219,19.4583201555725,0
6220,19.4583201555725,0
6221,19.4583201555725,0
6222,4.268133859585004,0
6223,4.268133859585004,0
6224,4.268133859585004,0
6225,4.268133859585004,0
6226,4.268133859585004,0
6227,4.268133859585004,0
6228,4.268133859585004,0
6229,4.268133859585004,0
6230,4.268133859585004,0
6231,4.268133859585004,0
6232,39.18322022032811,0
6233,39.18322022032811,0
6234,39.18322022032811,0
6235,39.18322022032811,0
6236,39.18322022032811,0
6237,39.18322022032811,0
6238,39.18322022032811,0
6239,39.18322022032811,0
6240,39.18322022032811,0
6241,39.18322022032811,0
6242,39.18322022032811,0
6243,38.137932306362366,0
6244,38.137932306362366,0
6245,38.137932306362366,0
6246,38.137932306362366,0
6247,38.137932306362366,0
6248,38.137932306362366,0
6249,38.137932306362366,0
6250,38.137932306362366,0
6251,38.137932306362366,0
6252,38.137932306362366,0
6253,38.137932306362366,0
6254,38.137932306362366,0
6255,38.137932306362366,0
6256,37.80569646615168,0
6257,37.80569646615168,0
6258,37.80569646615168,0
6259,37.80569646615168,0
6260,37.80569646615168,0
6261,37.80569646615168,0
6262,37.80569646615168,0
6263,37.80569646615168,0
6264,37.80569646615168,0
6265,37.80569646615168,0
6266,37.80569646615168,0
6267,37.80569646615168,0
6268,42.89987543611047,0
6269,42.89987543611047,0
6270,42.89987543611047,0
6271,42.89987543611047,0
6272,42.89987543611047,0
6273,42.89987543611047,0
6274,42.89987543611047,0
6275,42.89987543611047,0
6276,0.7438003534697282,0
6277,0.7438003534697282,0
6278,0.7438003534697282,0
6279,0.7438003534697282,0
6280,0.7438003534697282,0
6281,0.7438003534697282,0
6282,0.7438003534697282,0
6283,0.7438003534697282,0
6284,0.7438003534697282,0
6285,0.7438003534697282,0
6286,0.7438003534697282,0
6287,0.7438003534697282,0
6288,0.7438003534697282,0
6289,0.7438003534697282,0
6290,28.610122126975856,0
6291,28.610122126975856,0
6292,28.610122126975856,0
6293,28.610122126975856,0
6294,28.610122126975856,0
6295,28.610122126975856,0
6296,5.521016456852208,0
6297,5.521016456852208,0
6298,5.521016456852208,0
6299,5.521016456852208,0
6300,5.521016456852208,0
6301,5.521016456852208,0
6302,5.521016456852208,0
6303,5.521016456852208,0
6304,5.521016456852208,0
6305,5.521016456852208,0
6306,5.521016456852208,0
6307,2.113247597196525,0
6308,2.113247597196525,0
6309,2.113247597196525,0
6310,2.113247597196525,0
6311,2.113247597196525,0
6312,2.113247597196525,0
6313,2.113247597196525,0
6314,2.113247597196525,1
6315,2.113247597196525,1
6316,2.113247597196525,0
6317,2.113247597196525,0
6318,27.97581452661822,0
6319,27.97581452661822,0
6320,27.97581452661822,0
6321,27.97581452661822,0
6322,27.97581452661822,0
6323,27.97581452661822,0
6324,27.97581452661822,0
6325,27.97581452661822,0
6326,27.97581452661822,0
6327,27.97581452661822,0
6328,27.97581452661822,0
6329,27.97581452661822,0
6330,27.97581452661822,0
6331,0.9171489060612799,0
6332,0.9171489060612799,0
6333,0.9171489060612799,0
6334,0.9171489060612799,0
6335,0.9171489060612799,0
6336,0.9171489060612799,1
6337,0.9171489060612799,0
6338,0.9171489060612799,0
6339,0.9171489060612799,0
6340,0.9171489060612799,0
6341,0.9171489060612799,0
6342,0.9171489060612799,0
6343,0.9171489060612799,0
6344,1.0310840177919012,0
6345,1.0310840177919012,0
6346,1.0310840177919012,0
6347,1.0310840177919012,0
6348,1.0310840177919012,0
6349,1.0310840177919012,0
6350,1.0310840177919012,0
6351,1.0310840177919012,0
6352,1.0310840177919012,0
6353,1.0310840177919012,0
6354,1.0310840177919012,0
6355,43.13542250303049,0
6356,43.13542250303049,0
6357,43.13542250303049,0
6358,43.13542250303049,0
6359,43.13542250303049,0
6360,43.13542250303049,0
6361,43.13542250303049,0
6362,43.13542250303049,0
6363,43.13542250303049,0
6364,43.13542250303049,0
6365,43.13542250303049,0
6366,43.13542250303049,0
6367,43.13542250303049,0
6368,63.244601276540365,0
6369,63.244601276540365,0
6370,63.244601276540365,0
6371,63.244601276540365,0
6372,63.244601276540365,0
6373,63.244601276540365,0
6374,63.244601276540365,0
6375,63.244601276540365,0
6376,63.244601276540365,0
6377,63.244601276540365,0
6378,63.244601276540365,0
6379,63.244601276540365,0
6380,63.244601276540365,0
6381,9.781103622505984,0
6382,9.781103622505984,0
6383,9.781103622505984,0
6384,9.781103622505984,0
6385,9.781103622505984,0
6386,9.781103622505984,0
6387,9.781103622505984,0
6388,9.781103622505984,0
6389,9.781103622505984,0
6390,9.781103622505984,0
6391,38.72127736934353,0
6392,38.72127736934353,0
6393,38.72127736934353,0
6394,38.72127736934353,0
6395,38.72127736934353,0
6396,38.72127736934353,0
6397,38.72127736934353,0
6398,38.72127736934353,0
6399,38.72127736934353,0
6400,38.72127736934353,0
6401,38.72127736934353,0
6402,38.72127736934353,0
6403,38.72127736934353,0
6404,0.8216990424519097,0
6405,0.8216990424519097,0
6406,0.8216990424519097,0
6407,0.8216990424519097,0
6408,0.8216990424519097,0
6409,0.8216990424519097,0
6410,0.8216990424519097,0
6411,0.8216990424519097,0
6412,0.8216990424519097,0
6413,0.8216990424519097,0
6414,0.8216990424519097,0
6415,0.8216990424519097,0
6416,0.8216990424519097,0
6417,0.8216990424519097,0
6418,0.8216990424519097,0
6419,42.657152760643804,0
6420,42.657152760643804,0
6421,42.657152760643804,0
6422,42.657152760643804,0
6423,42.657152760643804,0
6424,42.657152760643804,0
6425,42.657152760643804,0
6426,42.657152760643804,0
6427,29.35461851652167,0
6428,29.35461851652167,0
6429,29.35461851652167,0
6430,29.35461851652167,0
6431,29.35461851652167,0
6432,29.35461851652167,0
6433,29.35461851652167,0
6434,29.35461851652167,0
6435,29.35461851652167,0
6436,29.35461851652167,0
6437,29.35461851652167,0
6438,29.35461851652167,0
6439,87.38105951639292,0
6440,87.38105951639292,0
6441,87.38105951639292,0
6442,87.38105951639292,0
6443,87.38105951639292,0
6444,87.38105951639292,0
6445,87.38105951639292,0
6446,87.38105951639292,0
6447,87.38105951639292,0
6448,87.38105951639292,0
6449,87.38105951639292,0
6450,87.38105951639292,0
6451,7.440507264041962,0
6452,7.440507264041962,0
6453,7.440507264041962,0
6454,7.440507264041962,0
6455,7.440507264041962,0
6456,7.440507264041962,0
6457,7.440507264041962,0
6458,7.440507264041962,0
6459,7.440507264041962,0
6460,7.440507264041962,0
6461,7.440507264041962,0
6462,7.440507264041962,0
6463,35.25646308554881,0
6464,35.25646308554881,0
6465,35.25646308554881,0
6466,35.25646308554881,0
6467,35.25646308554881,0
6468,35.25646308554881,0
6469,35.25646308554881,0
6470,35.25646308554881,0
6471,35.25646308554881,0
6472,35.25646308554881,0
6473,35.25646308554881,0
6474,42.67337088013276,0
6475,42.67337088013276,0
6476,42.67337088013276,0
6477,42.67337088013276,0
6478,42.67337088013276,0
6479,42.67337088013276,0
6480,42.67337088013276,0
6481,42.67337088013276,0
6482,42.67337088013276,0
6483,42.67337088013276,0
6484,42.67337088013276,0
6485,42.67337088013276,0
6486,42.67337088013276,0
6487,0.9316590979694906,0
6488,0.9316590979694906,0
6489,0.9316590979694906,0
6490,0.9316590979694906,0
6491,0.9316590979694906,0
6492,0.9316590979694906,0
6493,0.9316590979694906,0
6494,0.9316590979694906,0
6495,0.9316590979694906,0
6496,0.9316590979694906,0
6497,0.9316590979694906,0
6498,0.9316590979694906,0
6499,0.9316590979694906,0
6500,0.9316590979694906,0
6501,8.935391092563911,0
6502,8.935391092563911,0
6503,8.935391092563911,0
6504,8.935391092563911,0
6505,8.935391092563911,0
6506,8.935391092563911,0
6507,8.935391092563911,0
6508,8.935391092563911,0
6509,8.935391092563911,0
6510,8.935391092563911,0
6511,8.935391092563911,0
6512,8.935391092563911,0
6513,8.935391092563911,0
6514,8.935391092563911,0
6515,75.80846080777494,0
6516,75.80846080777494,0
6517,75.80846080777494,0
6518,75.80846080777494,0
6519,75.80846080777494,0
6520,75.80846080777494,0
6521,75.80846080777494,0
6522,75.80846080777494,0
6523,75.80846080777494,0
6524,75.80846080777494,0
6525,75.80846080777494,0
6526,75.80846080777494,0
6527,75.80846080777494,0
6528,4.4491861158529735,0
6529,4.4491861158529735,0
6530,4.4491861158529735,0
6531,4.4491861158529735,0
6532,4.4491861158529735,0
6533,4.4491861158529735,1
6534,4.4491861158529735,0
6535,4.4491861158529735,0
6536,4.4491861158529735,0
6537,4.4491861158529735,0
6538,4.4491861158529735,0
6539,6.818085053039415,0
6540,6.818085053039415,0
6541,6.818085053039415,0
6542,6.818085053039415,0
6543,6.818085053039415,0
6544,6.818085053039415,0
6545,6.818085053039415,0
6546,6.818085053039415,0
6547,6.818085053039415,0
6548,6.818085053039415,0
6549,6.818085053039415,0
6550,55.02229834810943,0
6551,55.02229834810943,0
6552,55.02229834810943,0
6553,55.02229834810943,0
6554,55.02229834810943,0
6555,55.02229834810943,0
6556,55.02229834810943,0
6557,55.02229834810943,0
6558,55.02229834810943,0
6559,55.02229834810943,0
6560,55.02229834810943,0
6561,55.02229834810943,0
6562,55.02229834810943,0
6563,55.02229834810943,0
6564,18.800725833411207,0
6565,18.800725833411207,0
6566,18.800725833411207,0
6567,18.800725833411207,0
6568,18.800725833411207,0
6569,18.800725833411207,0
6570,18.800725833411207,1
6571,18.800725833411207,0
6572,18.800725833411207,0
6573,24.101533570474356,1
6574,24.101533570474356,0
6575,24.101533570474356,0
6576,24.101533570474356,0
6577,24.101533570474356,0
6578,24.101533570474356,0
6579,24.101533570474356,0
6580,24.101533570474356,0
6581,24.101533570474356,0
6582,24.101533570474356,0
6583,24.101533570474356,0
6584,24.101533570474356,0
6585,24.101533570474356,0
6586,48.2220896715415,0
6587,48.2220896715415,0
6588,48.2220896715415,0
6589,48.2220896715415,0
6590,48.2220896715415,0
6591,48.2220896715415,0
6592,48.2220896715415,0
6593,48.2220896715415,0
6594,48.2220896715415,0
6595,48.2220896715415,0
6596,48.2220896715415,0
6597,48.2220896715415,0
6598,0.5715984337700761,0
6599,0.5715984337700761,0
6600,0.5715984337700761,0
6601,0.5715984337700761,0
6602,0.5715984337700761,0
6603,0.5715984337700761,0
6604,0.5715984337700761,0
6605,0.5715984337700761,0
6606,38.26577385912565,0
6607,38.26577385912565,0
6608,38.26577385912565,0
6609,38.26577385912565,0
6610,38.26577385912565,0
6611,38.26577385912565,0
6612,38.26577385912565,0
6613,38.26577385912565,0
6614,38.26577385912565,0
6615,38.26577385912565,0
6616,38.26577385912565,0
6617,38.26577385912565,0
6618,38.26577385912565,0
6619,70.47332420184962,0
6620,70.47332420184962,0
6621,70.47332420184962,0
6622,70.47332420184962,0
6623,70.47332420184962,0
6624,70.47332420184962,0
6625,70.47332420184962,0
6626,70.47332420184962,0
6627,2.481957659566659,0
6628,2.481957659566659,0
6629,2.481957659566659,0
6630,2.481957659566659,0
6631,2.481957659566659,0
6632,2.481957659566659,0
6633,2.481957659566659,0
6634,2.481957659566659,0
6635,2.481957659566659,0
6636,2.481957659566659,0
6637,2.481957659566659,0
6638,2.481957659566659,0
6639,2.481957659566659,0
6640,10.228003414450358,0
6641,10.228003414450358,0
6642,10.228003414450358,0
6643,10.228003414450358,0
6644,10.228003414450358,0
6645,10.228003414450358,0
6646,10.228003414450358,0
6647,0.6630858086166929,0
6648,0.6630858086166929,0
6649,0.6630858086166929,0
6650,0.6630858086166929,0
6651,0.6630858086166929,0
6652,0.6630858086166929,0
6653,0.6630858086166929,0
6654,0.6630858086166929,0
6655,0.6630858086166929,0
6656,0.6630858086166929,0
6657,0.6630858086166929,0
6658,0.6630858086166929,0
6659,0.6630858086166929,0
6660,23.691534444063198,0
6661,23.691534444063198,0
6662,23.691534444063198,0
6663,23.691534444063198,0
6664,23.691534444063198,0
6665,23.691534444063198,0
6666,23.691534444063198,0
6667,23.691534444063198,0
6668,23.691534444063198,0
6669,23.691534444063198,0
6670,23.691534444063198,0
6671,23.691534444063198,0
6672,23.691534444063198,0
6673,23.691534444063198,0
6674,58.71148997151002,0
6675,58.71148997151002,0
6676,58.71148997151002,0
6677,58.71148997151002,0
6678,58.71148997151002,0
6679,58.71148997151002,0
6680,58.71148997151002,0
6681,58.71148997151002,0
6682,58.71148997151002,0
6683,58.71148997151002,0
6684,58.71148997151002,0
6685,58.71148997151002,0
6686,58.71148997151002,0
6687,4.360064187847528,0
6688,4.360064187847528,0
6689,4.360064187847528,0
6690,4.360064187847528,0
6691,4.360064187847528,0
6692,4.360064187847528,0
6693,4.360064187847528,0
6694,4.360064187847528,0
6695,4.360064187847528,0
6696,4.360064187847528,0
6697,4.360064187847528,0
6698,15.911716491956346,0
6699,15.911716491956346,0
6700,15.911716491956346,0
6701,15.911716491956346,0
6702,15.911716491956346,0
6703,15.911716491956346,0
6704,15.911716491956346,0
6705,1.0410913649589146,0
6706,1.0410913649589146,0
6707,1.0410913649589146,0
6708,1.0410913649589146,0
6709,1.0410913649589146,0
6710,1.0410913649589146,0
6711,1.0410913649589146,0
6712,1.0410913649589146,0
6713,1.0410913649589146,0
6714,29.577548993463285,0
6715,29.577548993463285,0
6716,29.577548993463285,0
6717,29.577548993463285,0
6718,29.577548993463285,0
6719,0.4612866688373948,0
6720,0.4612866688373948,0
6721,0.4612866688373948,0
6722,0.4612866688373948,0
6723,0.4612866688373948,0
6724,0.4612866688373948,0
6725,0.4612866688373948,0
6726,0.4612866688373948,0
6727,0.4612866688373948,0
6728,0.4612866688373948,0
6729,29.535625230724882,0
6730,29.535625230724882,0
6731,29.535625230724882,0
6732,29.535625230724882,0
6733,29.535625230724882,0
6734,29.535625230724882,0
6735,29.535625230724882,0
6736,29.535625230724882,0
6737,29.535625230724882,0
6738,29.535625230724882,0
6739,29.535625230724882,0
6740,29.535625230724882,0
6741,29.535625230724882,0
6742,29.535625230724882,0
6743,68.59160987601544,0
6744,68.59160987601544,0
6745,68.59160987601544,0
6746,68.59160987601544,0
6747,68.59160987601544,0
6748,68.59160987601544,0
6749,68.59160987601544,0
6750,68.59160987601544,0
6751,68.59160987601544,0
6752,68.59160987601544,0
6753,68.59160987601544,0
6754,68.59160987601544,0
6755,34.51707147681823,0
6756,34.51707147681823,0
6757,34.51707147681823,0
6758,34.51707147681823,0
6759,34.51707147681823,0
6760,34.51707147681823,0
6761,34.51707147681823,0
6762,34.51707147681823,0
6763,34.51707147681823,0
6764,4.96013307965161,0
6765,4.96013307965161,0
6766,4.96013307965161,0
6767,4.96013307965161,0
6768,4.96013307965161,0
6769,4.96013307965161,0
6770,4.96013307965161,0
6771,4.96013307965161,0
6772,5.9254455711599885,0
6773,5.9254455711599885,0
6774,5.9254455711599885,0
6775,5.9254455711599885,0
6776,5.9254455711599885,0
6777,5.9254455711599885,0
6778,5.9254455711599885,0
6779,43.40795172728054,0
6780,43.40795172728054,0
6781,43.40795172728054,0
6782,43.40795172728054,0
6783,43.40795172728054,0
6784,43.40795172728054,0
6785,43.40795172728054,0
6786,43.40795172728054,0
6787,43.40795172728054,0
6788,43.40795172728054,0
6789,43.40795172728054,0
6790,5.34807844030713,0
6791,5.34807844030713,0
6792,5.34807844030713,0
6793,5.34807844030713,0
6794,5.34807844030713,0
6795,5.34807844030713,0
6796,5.34807844030713,0
6797,5.34807844030713,0
6798,5.34807844030713,0
6799,5.34807844030713,0
6800,5.34807844030713,0
6801,5.34807844030713,0
6802,5.34807844030713,0
6803,5.34807844030713,0
6804,24.522021271101384,0
6805,24.522021271101384,0
6806,24.522021271101384,0
6807,24.522021271101384,0
6808,24.522021271101384,0
6809,24.522021271101384,0
6810,24.522021271101384,0
6811,24.522021271101384,0
6812,24.522021271101384,0
6813,24.522021271101384,0
6814,24.522021271101384,0
6815,32.25014071011183,0
6816,32.25014071011183,0
6817,32.25014071011183,0
6818,32.25014071011183,0
6819,32.25014071011183,0
6820,32.25014071011183,0
6821,32.25014071011183,0
6822,32.25014071011183,0
6823,32.25014071011183,0
6824,32.25014071011183,0
6825,32.25014071011183,0
6826,32.25014071011183,0
6827,32.25014071011183,0
6828,32.25014071011183,0
6829,32.25014071011183,0
6830,1.3701119367572836,0
6831,1.3701119367572836,0
6832,1.3701119367572836,0
6833,1.3701119367572836,0
6834,1.3701119367572836,0
6835,1.3701119367572836,0
6836,1.3701119367572836,0
6837,1.3701119367572836,0
6838,1.6127692818064594,0
6839,1.6127692818064594,0
6840,1.6127692818064594,0
6841,1.6127692818064594,0
6842,1.6127692818064594,0
6843,1.6127692818064594,0
6844,1.6127692818064594,0
6845,1.6127692818064594,0
6846,1.6127692818064594,0
6847,1.6127692818064594,0
6848,1.6127692818064594,0
6849,1.6127692818064594,0
6850,32.10339489859783,0
6851,32.10339489859783,0
6852,32.10339489859783,0
6853,32.10339489859783,0
6854,32.10339489859783,0
6855,32.10339489859783,0
6856,32.10339489859783,0
6857,32.10339489859783,0
6858,32.10339489859783,0
6859,32.10339489859783,0
6860,32.10339489859783,0
6861,48.736589923436355,0
6862,48.736589923436355,0
6863,48.736589923436355,0
6864,48.736589923436355,0
6865,48.736589923436355,0
6866,48.736589923436355,0
6867,48.736589923436355,0
6868,48.736589923436355,0
6869,48.736589923436355,0
6870,48.736589923436355,0
6871,48.736589923436355,0
6872,48.736589923436355,0
6873,21.7747561673966,0
6874,21.7747561673966,0
6875,21.7747561673966,0
6876,21.7747561673966,0
6877,21.7747561673966,0
6878,21.7747561673966,1
6879,21.7747561673966,0
6880,60.63532361147131,0
6881,60.63532361147131,0
6882,60.63532361147131,0
6883,60.63532361147131,0
6884,60.63532361147131,0
6885,60.63532361147131,0
6886,60.63532361147131,0
6887,60.63532361147131,0
6888,60.63532361147131,0
6889,60.63532361147131,0
6890,60.63532361147131,0
6891,1.528244798396643,0
6892,1.528244798396643,0
6893,1.528244798396643,0
6894,1.528244798396643,0
6895,1.528244798396643,0
6896,1.528244798396643,0
6897,1.528244798396643,0
6898,1.528244798396643,0
6899,1.528244798396643,0
6900,24.549503330373714,0
6901,24.549503330373714,0
6902,24.549503330373714,0
6903,24.549503330373714,0
6904,24.549503330373714,0
6905,24.549503330373714,0
6906,24.549503330373714,0
6907,24.549503330373714,0
6908,24.549503330373714,0
6909,24.549503330373714,0
6910,36.846582118517226,0
6911,36.846582118517226,0
6912,36.846582118517226,0
6913,36.846582118517226,0
6914,36.846582118517226,0
6915,36.846582118517226,0
6916,36.846582118517226,0
6917,36.846582118517226,0
6918,36.846582118517226,0
6919,57.72320035194904,0
6920,57.72320035194904,0
6921,57.72320035194904,0
6922,57.72320035194904,0
6923,57.72320035194904,0
6924,57.72320035194904,0
6925,57.72320035194904,0
6926,57.72320035194904,0
6927,57.72320035194904,0
6928,57.72320035194904,0
6929,57.72320035194904,0
6930,57.72320035194904,0
6931,57.72320035194904,0
6932,86.88532970009236,0
6933,86.88532970009236,0
6934,86.88532970009236,0
6935,86.88532970009236,0
6936,86.88532970009236,0
6937,86.88532970009236,0
6938,86.88532970009236,0
6939,86.88532970009236,0
6940,86.88532970009236,0
6941,86.88532970009236,0
6942,31.26832606134107,0
6943,31.26832606134107,0
6944,31.26832606134107,0
6945,31.26832606134107,0
6946,31.26832606134107,0
6947,31.26832606134107,1
6948,31.26832606134107,0
6949,31.26832606134107,0
6950,31.26832606134107,0
6951,31.26832606134107,0
6952,31.26832606134107,0
6953,31.26832606134107,0
6954,31.26832606134107,0
6955,24.408242532099354,0
6956,24.408242532099354,0
6957,24.408242532099354,0
6958,24.408242532099354,0
6959,24.408242532099354,0
6960,24.408242532099354,0
6961,24.408242532099354,0
6962,24.408242532099354,0
6963,24.408242532099354,0
6964,24.408242532099354,0
6965,24.408242532099354,0
6966,24.408242532099354,0
6967,91.18973986478079,0
6968,91.18973986478079,0
6969,91.18973986478079,0
6970,91.18973986478079,0
6971,91.18973986478079,0
6972,91.18973986478079,0
6973,91.18973986478079,0
6974,91.18973986478079,0
6975,73.09938265191529,0
6976,73.09938265191529,0
6977,73.09938265191529,0
6978,73.09938265191529,0
6979,73.09938265191529,0
6980,73.09938265191529,0
6981,73.09938265191529,0
6982,73.09938265191529,0
6983,73.09938265191529,0
6984,0.8412328671536954,0
6985,0.8412328671536954,0
6986,0.8412328671536954,0
6987,0.8412328671536954,0
6988,0.8412328671536954,0
6989,0.8412328671536954,0
6990,0.8412328671536954,0
6991,0.8412328671536954,0
6992,0.8412328671536954,0
6993,12.690039885246367,0
6994,12.690039885246367,0
6995,12.690039885246367,0
6996,12.690039885246367,0
6997,12.690039885246367,0
6998,12.690039885246367,0
6999,12.690039885246367,0
7000,12.690039885246367,0
7001,12.690039885246367,0
7002,12.690039885246367,0
7003,12.690039885246367,0
7004,12.690039885246367,0
7005,43.39731121915011,0
7006,43.39731121915011,0
7007,43.39731121915011,0
7008,43.39731121915011,0
7009,43.39731121915011,0
7010,43.39731121915011,0
7011,0.9066761376051702,0
7012,0.9066761376051702,0
7013,0.9066761376051702,0
7014,0.9066761376051702,0
7015,0.9066761376051702,0
7016,0.9066761376051702,0
7017,0.9066761376051702,0
7018,0.9066761376051702,0
7019,0.9066761376051702,0
7020,0.9066761376051702,0
7021,0.9066761376051702,0
7022,41.94402675817857,0
7023,41.94402675817857,0
7024,41.94402675817857,0
7025,41.94402675817857,0
7026,41.94402675817857,0
7027,41.94402675817857,0
7028,41.94402675817857,0
7029,41.94402675817857,0
7030,41.94402675817857,0
7031,41.94402675817857,0
7032,41.94402675817857,0
7033,41.94402675817857,1
7034,41.94402675817857,0
7035,41.94402675817857,0
7036,76.08122506725572,0
7037,76.08122506725572,0
7038,76.08122506725572,0
7039,76.08122506725572,0
7040,76.08122506725572,0
7041,76.08122506725572,0
7042,76.08122506725572,0
7043,76.08122506725572,0
7044,76.08122506725572,0
7045,76.08122506725572,0
7046,41.03935156044912,0
7047,41.03935156044912,0
7048,41.03935156044912,0
7049,41.03935156044912,0
7050,41.03935156044912,0
7051,41.03935156044912,0
7052,41.03935156044912,0
7053,41.03935156044912,0
7054,41.03935156044912,0
7055,41.03935156044912,0
7056,41.03935156044912,0
7057,41.03935156044912,0
7058,41.03935156044912,0
7059,11.149360211882867,0
7060,11.149360211882867,0
7061,11.149360211882867,0
7062,11.149360211882867,0
7063,11.149360211882867,0
7064,11.149360211882867,0
7065,11.149360211882867,0
7066,11.149360211882867,0
7067,11.149360211882867,0
7068,11.149360211882867,0
7069,11.149360211882867,0
7070,11.149360211882867,0
7071,11.149360211882867,0
7072,9.808430317710924,0
7073,9.808430317710924,0
7074,9.808430317710924,0
7075,9.808430317710924,0
7076,9.808430317710924,0
7077,9.808430317710924,0
7078,9.808430317710924,0
7079,9.808430317710924,0
7080,9.808430317710924,0
7081,9.808430317710924,0
7082,9.808430317710924,0
7083,54.14823248407589,0
7084,54.14823248407589,0
7085,54.14823248407589,0
7086,54.14823248407589,0
7087,54.14823248407589,0
7088,54.14823248407589,0
7089,54.14823248407589,0
7090,54.14823248407589,0
7091,54.14823248407589,0
7092,54.14823248407589,0
7093,54.14823248407589,0
7094,54.14823248407589,0
7095,54.14823248407589,0
7096,125.49419509634546,0
7097,125.49419509634546,0
7098,125.49419509634546,0
7099,125.49419509634546,0
7100,125.49419509634546,0
7101,125.49419509634546,0
7102,125.49419509634546,0
7103,125.49419509634546,0
7104,125.49419509634546,0
7105,125.49419509634546,0
7106,125.49419509634546,0
7107,125.49419509634546,0
7108,0.7352419569250281,0
7109,0.7352419569250281,0
7110,0.7352419569250281,0
7111,0.7352419569250281,0
7112,0.7352419569250281,0
7113,0.7352419569250281,0
7114,0.7352419569250281,0
7115,0.7352419569250281,0
7116,0.7352419569250281,0
7117,0.7352419569250281,0
7118,0.7352419569250281,0
7119,0.7352419569250281,0
7120,0.7352419569250281,0
7121,0.7352419569250281,0
7122,3.8753327129154584,0
7123,3.8753327129154584,0
7124,3.8753327129154584,0
7125,3.8753327129154584,0
7126,3.8753327129154584,0
7127,3.8753327129154584,0
7128,3.8753327129154584,0
7129,3.8753327129154584,0
7130,3.8753327129154584,0
7131,3.8753327129154584,0
7132,3.8753327129154584,0
7133,3.8753327129154584,0
7134,3.8753327129154584,0
7135,3.8753327129154584,0
7136,32.129744567751594,0
7137,32.129744567751594,0
7138,32.129744567751594,0
7139,32.129744567751594,0
7140,32.129744567751594,0
7141,32.129744567751594,0
7142,32.129744567751594,0
7143,32.129744567751594,0
7144,32.129744567751594,0
7145,32.129744567751594,0
7146,32.129744567751594,0
7147,0.9988589831415394,0
7148,0.9988589831415394,0
7149,0.9988589831415394,0
7150,0.9988589831415394,0
7151,0.9988589831415394,0
7152,0.9988589831415394,0
7153,0.9988589831415394,0
7154,0.9988589831415394,0
7155,0.9988589831415394,0
7156,0.9988589831415394,0
7157,0.9988589831415394,0
7158,0.9988589831415394,0
7159,0.9988589831415394,0
7160,1.599998656268379,0
7161,1.599998656268379,0
7162,1.599998656268379,0
7163,1.599998656268379,0
7164,1.599998656268379,0
7165,1.599998656268379,0
7166,1.599998656268379,0
7167,1.599998656268379,0
7168,1.599998656268379,0
7169,1.599998656268379,0
7170,1.599998656268379,0
7171,10.176991620811016,0
7172,10.176991620811016,0
7173,10.176991620811016,0
7174,10.176991620811016,0
7175,10.176991620811016,0
7176,10.176991620811016,0
7177,10.176991620811016,0
7178,10.176991620811016,0
7179,10.176991620811016,0
7180,10.176991620811016,0
7181,10.176991620811016,0
7182,10.176991620811016,0
7183,10.176991620811016,0
7184,10.176991620811016,0
7185,10.176991620811016,0
7186,0.5409112593743198,0
7187,0.5409112593743198,0
7188,0.5409112593743198,0
7189,0.5409112593743198,0
7190,0.5409112593743198,0
7191,0.5409112593743198,0
7192,0.5409112593743198,0
7193,0.5409112593743198,0
7194,0.5409112593743198,0
7195,0.5409112593743198,0
7196,0.5409112593743198,0
7197,0.5409112593743198,0
7198,0.5409112593743198,0
7199,7.672127682877921,0
7200,7.672127682877921,0
7201,7.672127682877921,0
7202,7.672127682877921,0
7203,7.672127682877921,0
7204,7.672127682877921,0
7205,7.672127682877921,0
7206,7.672127682877921,0
7207,7.672127682877921,0
7208,7.672127682877921,0
7209,2.0941672130074918,0
7210,2.0941672130074918,0
7211,2.0941672130074918,0
7212,2.0941672130074918,0
7213,2.0941672130074918,0
7214,2.0941672130074918,0
7215,2.0941672130074918,0
7216,2.0941672130074918,0
7217,2.0941672130074918,0
7218,23.590070914279753,0
7219,23.590070914279753,0
7220,23.590070914279753,0
7221,23.590070914279753,0
7222,23.590070914279753,0
7223,23.590070914279753,0
7224,23.590070914279753,0
7225,23.590070914279753,0
7226,23.590070914279753,0
7227,23.590070914279753,0
7228,1.8076055193534357,0
7229,1.8076055193534357,0
7230,1.8076055193534357,0
7231,1.8076055193534357,0
7232,1.8076055193534357,0
7233,1.8076055193534357,0
7234,1.8076055193534357,0
7235,1.8076055193534357,0
7236,1.8076055193534357,0
7237,1.8076055193534357,0
7238,1.8076055193534357,0
7239,1.8076055193534357,0
7240,1.8076055193534357,0
7241,1.8076055193534357,0
7242,1.8076055193534357,0
7243,1.8076055193534357,0
7244,1.8076055193534357,0
7245,90.90841694820115,0
7246,90.90841694820115,0
7247,90.90841694820115,0
7248,90.90841694820115,0
7249,90.90841694820115,0
7250,90.90841694820115,0
7251,90.90841694820115,0
7252,90.90841694820115,0
7253,90.90841694820115,0
7254,2.8320521344287157,0
7255,2.8320521344287157,0
7256,2.8320521344287157,0
7257,2.8320521344287157,0
7258,2.8320521344287157,0
7259,2.8320521344287157,0
7260,2.8320521344287157,0
7261,2.8320521344287157,0
7262,2.8320521344287157,0
7263,2.8320521344287157,0
7264,14.1962597012811,0
7265,14.1962597012811,0
7266,14.1962597012811,0
7267,14.1962597012811,0
7268,14.1962597012811,0
7269,14.1962597012811,0
7270,14.1962597012811,0
7271,14.1962597012811,0
7272,14.1962597012811,0
7273,14.1962597012811,0
7274,14.1962597012811,0
7275,14.1962597012811,0
7276,14.1962597012811,0
7277,10.319982749305181,0
7278,10.319982749305181,0
7279,10.319982749305181,0
7280,10.319982749305181,0
7281,10.319982749305181,0
7282,10.319982749305181,0
7283,10.319982749305181,0
7284,10.319982749305181,0
7285,10.319982749305181,0
7286,10.319982749305181,0
7287,10.319982749305181,0
7288,10.319982749305181,0
7289,46.605766159519355,0
7290,46.605766159519355,0
7291,46.605766159519355,0
7292,46.605766159519355,0
7293,46.605766159519355,0
7294,46.605766159519355,0
7295,46.605766159519355,0
7296,46.605766159519355,0
7297,46.605766159519355,0
7298,46.605766159519355,0
7299,46.605766159519355,0
7300,46.605766159519355,0
7301,46.605766159519355,0
7302,46.605766159519355,0
7303,0.8921324867387994,0
7304,0.8921324867387994,0
7305,0.8921324867387994,0
7306,0.8921324867387994,0
7307,0.8921324867387994,0
7308,0.8921324867387994,0
7309,0.8921324867387994,0
7310,0.8921324867387994,0
7311,0.8921324867387994,0
7312,0.8921324867387994,0
7313,0.8921324867387994,0
7314,56.471537403081534,0
7315,56.471537403081534,0
7316,56.471537403081534,0
7317,56.471537403081534,0
7318,56.471537403081534,0
7319,56.471537403081534,0
7320,56.471537403081534,0
7321,56.471537403081534,0
7322,56.471537403081534,0
7323,56.471537403081534,0
7324,56.471537403081534,0
7325,104.26237111046792,0
7326,104.26237111046792,0
7327,104.26237111046792,0
7328,104.26237111046792,0
7329,104.26237111046792,0
7330,104.26237111046792,0
7331,104.26237111046792,0
7332,104.26237111046792,0
7333,104.26237111046792,0
7334,104.26237111046792,0
7335,6.496238261740919,0
7336,6.496238261740919,0
7337,6.496238261740919,0
7338,6.496238261740919,0
7339,6.496238261740919,0
7340,6.496238261740919,0
7341,6.496238261740919,0
7342,6.496238261740919,0
7343,6.496238261740919,0
7344,182.10711557561473,0
7345,182.10711557561473,0
7346,182.10711557561473,0
7347,182.10711557561473,0
7348,182.10711557561473,0
7349,182.10711557561473,0
7350,182.10711557561473,0
7351,84.18087622693274,0
7352,84.18087622693274,0
7353,84.18087622693274,0
7354,84.18087622693274,0
7355,84.18087622693274,0
7356,84.18087622693274,0
7357,84.18087622693274,0
7358,84.18087622693274,0
7359,84.18087622693274,0
7360,84.18087622693274,0
7361,84.18087622693274,0
7362,20.937267935009647,0
7363,20.937267935009647,0
7364,20.937267935009647,0
7365,20.937267935009647,0
7366,20.937267935009647,0
7367,20.937267935009647,0
7368,20.937267935009647,0
7369,20.937267935009647,0
7370,20.937267935009647,0
7371,20.937267935009647,0
7372,20.937267935009647,0
7373,20.937267935009647,0
7374,20.937267935009647,0
7375,20.937267935009647,0
7376,20.937267935009647,0
7377,1.0573918830143467,0
7378,1.0573918830143467,0
7379,1.0573918830143467,0
7380,1.0573918830143467,0
7381,1.0573918830143467,0
7382,1.0573918830143467,0
7383,1.0573918830143467,0
7384,1.0573918830143467,0
7385,1.0573918830143467,0
7386,1.0573918830143467,0
7387,1.0573918830143467,0
7388,1.0573918830143467,0
7389,82.91093625432752,0
7390,82.91093625432752,0
7391,82.91093625432752,0
7392,82.91093625432752,0
7393,82.91093625432752,0
7394,82.91093625432752,0
7395,82.91093625432752,0
7396,82.91093625432752,0
7397,82.91093625432752,0
7398,82.91093625432752,0
7399,82.91093625432752,0
7400,82.91093625432752,0
7401,5.172102374225271,0
7402,5.172102374225271,0
7403,5.172102374225271,0
7404,5.172102374225271,0
7405,5.172102374225271,0
7406,5.172102374225271,0
7407,5.172102374225271,0
7408,5.172102374225271,0
7409,5.172102374225271,0
7410,5.172102374225271,0
7411,5.172102374225271,1
7412,5.172102374225271,0
7413,0.39002452194980586,0
7414,0.39002452194980586,0
7415,0.39002452194980586,0
7416,0.39002452194980586,0
7417,0.39002452194980586,0
7418,0.39002452194980586,0
7419,0.39002452194980586,0
7420,0.39002452194980586,0
7421,0.39002452194980586,0
7422,0.39002452194980586,0
7423,0.39002452194980586,0
7424,0.39002452194980586,0
7425,0.39002452194980586,0
7426,0.39002452194980586,0
7427,0.39002452194980586,0
7428,1.252704203311613,0
7429,1.252704203311613,0
7430,1.252704203311613,0
7431,1.252704203311613,0
7432,1.252704203311613,0
7433,1.252704203311613,0
7434,13.527037624074952,0
7435,13.527037624074952,0
7436,13.527037624074952,0
7437,13.527037624074952,0
7438,13.527037624074952,0
7439,13.527037624074952,1
7440,2.62512604430978,0
7441,2.62512604430978,0
7442,2.62512604430978,0
7443,2.62512604430978,0
7444,2.62512604430978,0
7445,2.62512604430978,0
7446,2.62512604430978,0
7447,2.62512604430978,0
7448,2.62512604430978,0
7449,2.62512604430978,0
7450,43.52162383275303,0
7451,43.52162383275303,0
7452,43.52162383275303,0
7453,43.52162383275303,0
7454,43.52162383275303,0
7455,43.52162383275303,0
7456,43.52162383275303,0
7457,43.52162383275303,0
7458,43.52162383275303,0
7459,43.52162383275303,0
7460,43.52162383275303,0
7461,43.52162383275303,0
7462,43.52162383275303,0
7463,43.52162383275303,0
7464,21.725711714786605,0
7465,21.725711714786605,0
7466,21.725711714786605,0
7467,21.725711714786605,0
7468,21.725711714786605,0
7469,21.725711714786605,0
7470,21.725711714786605,0
7471,21.725711714786605,0
7472,21.725711714786605,0
7473,21.725711714786605,0
7474,21.725711714786605,0
7475,21.725711714786605,0
7476,21.725711714786605,0
7477,7.330801254047865,0
7478,7.330801254047865,0
7479,7.330801254047865,0
7480,7.330801254047865,0
7481,7.330801254047865,0
7482,7.330801254047865,0
7483,7.330801254047865,0
7484,7.330801254047865,0
7485,7.330801254047865,0
7486,7.330801254047865,0
7487,7.330801254047865,0
7488,7.330801254047865,0
7489,7.330801254047865,0
7490,51.44414190616833,0
7491,51.44414190616833,0
7492,51.44414190616833,0
7493,51.44414190616833,0
7494,51.44414190616833,0
7495,51.44414190616833,0
7496,51.44414190616833,0
7497,51.44414190616833,0
7498,51.44414190616833,0
7499,51.44414190616833,0
7500,14.922498432109172,0
7501,14.922498432109172,0
7502,14.922498432109172,0
7503,14.922498432109172,0
7504,14.922498432109172,0
7505,14.922498432109172,0
7506,14.922498432109172,0
7507,14.922498432109172,0
7508,14.922498432109172,0
7509,14.922498432109172,0
7510,14.922498432109172,0
7511,23.897774891215555,0
7512,23.897774891215555,0
7513,23.897774891215555,0
7514,23.897774891215555,0
7515,23.897774891215555,0
7516,23.897774891215555,0
7517,23.897774891215555,0
7518,23.897774891215555,0
7519,23.897774891215555,0
7520,23.897774891215555,0
7521,23.897774891215555,0
7522,36.76607726838001,0
7523,36.76607726838001,0
7524,36.76607726838001,0
7525,36.76607726838001,0
7526,36.76607726838001,0
7527,36.76607726838001,0
7528,36.76607726838001,0
7529,36.76607726838001,0
7530,36.76607726838001,0
7531,36.76607726838001,0
7532,36.76607726838001,0
7533,13.554434763612745,0
7534,13.554434763612745,0
7535,13.554434763612745,0
7536,13.554434763612745,0
7537,13.554434763612745,0
7538,13.554434763612745,0
7539,13.554434763612745,0
7540,13.554434763612745,0
7541,13.554434763612745,0
7542,13.554434763612745,0
7543,13.554434763612745,0
7544,69.32361768627295,0
7545,69.32361768627295,0
7546,69.32361768627295,0
7547,69.32361768627295,0
7548,69.32361768627295,0
7549,69.32361768627295,0
7550,69.32361768627295,0
7551,69.32361768627295,0
7552,69.32361768627295,0
7553,69.32361768627295,0
7554,69.32361768627295,0
7555,1.8741456933948226,0
7556,1.8741456933948226,0
7557,1.8741456933948226,0
7558,1.8741456933948226,0
7559,1.8741456933948226,0
7560,1.8741456933948226,0
7561,1.8741456933948226,0
7562,1.8741456933948226,0
7563,1.8741456933948226,0
7564,9.492315730520595,0
7565,9.492315730520595,0
7566,9.492315730520595,0
7567,9.492315730520595,0
7568,9.492315730520595,0
7569,9.492315730520595,0
7570,9.492315730520595,0
7571,9.492315730520595,0
7572,9.492315730520595,0
7573,9.492315730520595,0
7574,9.492315730520595,0
7575,9.492315730520595,0
7576,9.492315730520595,0
7577,148.24772292376858,0
7578,148.24772292376858,0
7579,148.24772292376858,0
7580,148.24772292376858,0
7581,148.24772292376858,0
7582,148.24772292376858,0
7583,148.24772292376858,0
7584,148.24772292376858,0
7585,148.24772292376858,0
7586,148.24772292376858,0
7587,148.24772292376858,0
7588,148.24772292376858,0
7589,21.48083973438197,0
7590,21.48083973438197,0
7591,21.48083973438197,0
7592,21.48083973438197,0
7593,21.48083973438197,0
7594,21.48083973438197,0
7595,21.48083973438197,0
7596,21.48083973438197,0
7597,21.48083973438197,0
7598,21.48083973438197,0
7599,21.48083973438197,0
7600,21.48083973438197,0
7601,21.48083973438197,0
7602,84.26211368994993,0
7603,84.26211368994993,0
7604,84.26211368994993,0
7605,84.26211368994993,0
7606,84.26211368994993,0
7607,84.26211368994993,0
7608,84.26211368994993,0
7609,84.26211368994993,0
7610,84.26211368994993,0
7611,84.26211368994993,0
7612,84.26211368994993,0
7613,84.26211368994993,0
7614,84.26211368994993,0
7615,84.26211368994993,0
7616,84.26211368994993,0
7617,21.899495998126707,0
7618,21.899495998126707,0
7619,21.899495998126707,0
7620,21.899495998126707,0
7621,21.899495998126707,0
7622,21.899495998126707,0
7623,21.899495998126707,0
7624,21.899495998126707,0
7625,21.899495998126707,0
7626,21.899495998126707,0
7627,2.2554826384743154,0
7628,2.2554826384743154,0
7629,2.2554826384743154,0
7630,2.2554826384743154,0
7631,2.2554826384743154,0
7632,2.2554826384743154,0
7633,2.2554826384743154,0
7634,2.2554826384743154,0
7635,2.2554826384743154,0
7636,2.2554826384743154,0
7637,2.2554826384743154,0
7638,2.2554826384743154,0
7639,2.2554826384743154,0
7640,35.22320134516929,0
7641,35.22320134516929,0
7642,35.22320134516929,0
7643,35.22320134516929,0
7644,35.22320134516929,0
7645,35.22320134516929,0
7646,35.22320134516929,1
7647,35.22320134516929,0
7648,35.22320134516929,0
7649,35.22320134516929,0
7650,28.307600686385467,0
7651,28.307600686385467,0
7652,28.307600686385467,0
7653,28.307600686385467,0
7654,28.307600686385467,0
7655,28.307600686385467,0
7656,28.307600686385467,0
7657,28.307600686385467,0
7658,28.307600686385467,0
7659,65.50400666446812,0
7660,65.50400666446812,0
7661,65.50400666446812,0
7662,65.50400666446812,0
7663,65.50400666446812,0
7664,65.50400666446812,0
7665,65.50400666446812,0
7666,65.50400666446812,0
7667,65.50400666446812,0
7668,65.50400666446812,0
7669,65.50400666446812,0
7670,65.50400666446812,0
7671,65.50400666446812,0
7672,65.50400666446812,0
7673,65.50400666446812,0
7674,81.99961056887841,0
7675,81.99961056887841,0
7676,81.99961056887841,0
7677,81.99961056887841,0
7678,81.99961056887841,0
7679,81.99961056887841,0
7680,81.99961056887841,0
7681,81.99961056887841,0
7682,81.99961056887841,0
7683,81.99961056887841,0
7684,81.99961056887841,0
7685,27.7096511651977,0
7686,27.7096511651977,0
7687,27.7096511651977,0
7688,27.7096511651977,0
7689,27.7096511651977,0
7690,27.7096511651977,1
7691,27.7096511651977,0
7692,27.7096511651977,0
7693,27.7096511651977,0
7694,27.7096511651977,0
7695,27.7096511651977,0
7696,1.3162222646848805,0
7697,1.3162222646848805,0
7698,1.3162222646848805,0
7699,1.3162222646848805,0
7700,1.3162222646848805,0
7701,1.3162222646848805,0
7702,1.3162222646848805,0
7703,1.3162222646848805,0
7704,1.3162222646848805,0
7705,1.3162222646848805,0
7706,1.3162222646848805,0
7707,1.3162222646848805,0
7708,1.3162222646848805,0
7709,3.161531580506141,0
7710,3.161531580506141,0
7711,3.161531580506141,0
7712,3.161531580506141,0
7713,3.161531580506141,0
7714,3.161531580506141,0
7715,3.161531580506141,0
7716,3.161531580506141,0
7717,3.161531580506141,0
7718,3.161531580506141,0
7719,3.161531580506141,0
7720,18.120794761896263,0
7721,18.120794761896263,0
7722,18.120794761896263,0
7723,18.120794761896263,0
7724,18.120794761896263,0
7725,18.120794761896263,0
7726,18.120794761896263,0
7727,18.120794761896263,0
7728,18.120794761896263,0
7729,18.120794761896263,0
7730,18.120794761896263,0
7731,18.120794761896263,0
7732,50.88044186636238,0
7733,50.88044186636238,0
7734,50.88044186636238,0
7735,50.88044186636238,0
7736,50.88044186636238,0
7737,50.88044186636238,0
7738,50.88044186636238,0
7739,50.88044186636238,0
7740,50.88044186636238,0
7741,50.88044186636238,0
7742,61.612956070290146,0
7743,61.612956070290146,0
7744,61.612956070290146,0
7745,61.612956070290146,0
7746,61.612956070290146,0
7747,61.612956070290146,0
7748,61.612956070290146,0
7749,61.612956070290146,0
7750,61.612956070290146,0
7751,61.612956070290146,0
7752,61.612956070290146,1
7753,61.612956070290146,0
7754,61.612956070290146,0
7755,61.612956070290146,0
7756,2.8221852667952687,0
7757,2.8221852667952687,0
7758,2.8221852667952687,0
7759,2.8221852667952687,0
7760,2.8221852667952687,0
7761,2.8221852667952687,0
7762,2.8221852667952687,0
7763,2.8221852667952687,0
7764,2.8221852667952687,0
7765,2.8221852667952687,0
7766,2.8362778324842792,0
7767,2.8362778324842792,0
7768,2.8362778324842792,0
7769,2.8362778324842792,0
7770,2.8362778324842792,0
7771,2.8362778324842792,0
7772,2.8362778324842792,0
7773,2.8362778324842792,0
7774,2.8362778324842792,0
7775,32.01776196803313,0
7776,32.01776196803313,0
7777,32.01776196803313,0
7778,32.01776196803313,0
7779,32.01776196803313,0
7780,32.01776196803313,0
7781,32.01776196803313,0
7782,32.01776196803313,1
7783,32.01776196803313,0
7784,32.01776196803313,0
7785,32.01776196803313,0
7786,32.01776196803313,0
7787,66.06458874200761,0
7788,66.06458874200761,0
7789,66.06458874200761,0
7790,66.06458874200761,0
7791,66.06458874200761,0
7792,66.06458874200761,0
7793,66.06458874200761,0
7794,66.06458874200761,0
7795,66.06458874200761,0
7796,66.06458874200761,0
7797,66.06458874200761,0
7798,66.06458874200761,0
7799,66.06458874200761,0
7800,66.06458874200761,0
7801,66.06458874200761,0
7802,54.52979936846939,0
7803,54.52979936846939,0
7804,54.52979936846939,0
7805,54.52979936846939,0
7806,54.52979936846939,0
7807,54.52979936846939,0
7808,54.52979936846939,0
7809,54.52979936846939,0
7810,54.52979936846939,0
7811,54.52979936846939,0
7812,47.11189692332126,0
7813,47.11189692332126,0
7814,47.11189692332126,0
7815,47.11189692332126,0
7816,47.11189692332126,0
7817,47.11189692332126,0
7818,47.11189692332126,0
7819,47.11189692332126,0
7820,47.11189692332126,0
7821,47.11189692332126,0
7822,1.990140327950446,0
7823,1.990140327950446,0
7824,1.990140327950446,0
7825,1.990140327950446,0
7826,1.990140327950446,0
7827,1.990140327950446,0
7828,1.990140327950446,0
7829,1.990140327950446,0
7830,1.990140327950446,0
7831,1.990140327950446,0
7832,1.990140327950446,0
7833,26.86837824145547,0
7834,26.86837824145547,0
7835,26.86837824145547,0
7836,26.86837824145547,0
7837,26.86837824145547,0
7838,26.86837824145547,0
7839,26.86837824145547,0
7840,26.86837824145547,0
7841,26.86837824145547,0
7842,26.86837824145547,0
7843,26.86837824145547,0
7844,56.75246384927848,0
7845,56.75246384927848,0
7846,56.75246384927848,0
7847,56.75246384927848,0
7848,56.75246384927848,0
7849,56.75246384927848,0
7850,56.75246384927848,0
7851,56.75246384927848,0
7852,56.75246384927848,0
7853,56.75246384927848,0
7854,56.75246384927848,0
7855,9.090997644592713,0
7856,9.090997644592713,0
7857,9.090997644592713,0
7858,9.090997644592713,0
7859,9.090997644592713,0
7860,9.090997644592713,0
7861,9.090997644592713,0
7862,9.090997644592713,0
7863,9.090997644592713,0
7864,9.090997644592713,0
7865,9.090997644592713,0
7866,9.090997644592713,0
7867,9.090997644592713,0
7868,9.090997644592713,0
7869,9.090997644592713,0
7870,0.3956093331952072,0
7871,0.3956093331952072,0
7872,0.3956093331952072,0
7873,0.3956093331952072,0
7874,0.3956093331952072,0
7875,0.3956093331952072,0
7876,0.3956093331952072,0
7877,0.3956093331952072,1
7878,0.3956093331952072,0
7879,0.3956093331952072,0
7880,0.3956093331952072,0
7881,0.3956093331952072,0
7882,0.3956093331952072,0
7883,0.3956093331952072,0
7884,80.19007689739857,0
7885,80.19007689739857,0
7886,80.19007689739857,0
7887,80.19007689739857,0
7888,80.19007689739857,0
7889,80.19007689739857,0
7890,80.19007689739857,0
7891,80.19007689739857,0
7892,80.19007689739857,0
7893,20.57664669397445,0
7894,20.57664669397445,0
7895,20.57664669397445,0
7896,20.57664669397445,0
7897,20.57664669397445,0
7898,20.57664669397445,0
7899,20.57664669397445,0
7900,20.57664669397445,0
7901,20.57664669397445,0
7902,20.57664669397445,0
7903,20.57664669397445,0
7904,20.57664669397445,0
7905,20.57664669397445,0
7906,20.57664669397445,0
7907,20.57664669397445,0
7908,6.221289463028354,0
7909,6.221289463028354,0
7910,6.221289463028354,0
7911,6.221289463028354,0
7912,78.8718960022669,0
7913,78.8718960022669,0
7914,78.8718960022669,0
7915,78.8718960022669,0
7916,78.8718960022669,0
7917,86.8243780967667,0
7918,86.8243780967667,0
7919,86.8243780967667,0
7920,86.8243780967667,0
7921,86.8243780967667,0
7922,86.8243780967667,0
7923,86.8243780967667,0
7924,86.8243780967667,0
7925,86.8243780967667,0
7926,86.8243780967667,0
7927,86.8243780967667,0
7928,86.8243780967667,0
7929,86.8243780967667,0
7930,86.8243780967667,0
7931,2.9446586343690124,0
7932,2.9446586343690124,0
7933,2.9446586343690124,0
7934,2.9446586343690124,0
7935,2.9446586343690124,0
7936,2.9446586343690124,0
7937,2.9446586343690124,0
7938,2.9446586343690124,0
7939,2.9446586343690124,0
7940,2.9446586343690124,0
7941,2.9446586343690124,0
7942,2.9446586343690124,0
7943,35.75416314815419,0
7944,35.75416314815419,0
7945,35.75416314815419,0
7946,35.75416314815419,0
7947,35.75416314815419,0
7948,35.75416314815419,0
7949,35.75416314815419,0
7950,35.75416314815419,0
7951,35.75416314815419,0
7952,0.43307772097117253,0
7953,0.43307772097117253,0
7954,0.43307772097117253,0
7955,0.43307772097117253,0
7956,0.43307772097117253,0
7957,0.43307772097117253,0
7958,16.896253680525703,0
7959,16.896253680525703,0
7960,16.896253680525703,0
7961,16.896253680525703,0
7962,16.896253680525703,0
7963,16.896253680525703,0
7964,16.896253680525703,0
7965,22.43938157221363,0
7966,22.43938157221363,0
7967,22.43938157221363,0
7968,22.43938157221363,0
7969,22.43938157221363,0
7970,22.43938157221363,0
7971,22.43938157221363,0
7972,22.43938157221363,0
7973,22.43938157221363,0
7974,22.43938157221363,0
7975,2.6300100726982434,0
7976,2.6300100726982434,0
7977,2.6300100726982434,0
7978,2.6300100726982434,0
7979,2.6300100726982434,0
7980,2.6300100726982434,0
7981,2.6300100726982434,0
7982,2.6300100726982434,0
7983,2.6300100726982434,0
7984,2.6300100726982434,0
7985,2.6300100726982434,0
7986,1.4540998064124586,0
7987,1.4540998064124586,0
7988,1.4540998064124586,0
7989,1.4540998064124586,0
7990,1.4540998064124586,0
7991,1.4540998064124586,0
7992,1.4540998064124586,0
7993,1.4540998064124586,0
7994,1.4540998064124586,0
7995,1.4540998064124586,0
7996,1.3493352580324982,0
7997,1.3493352580324982,0
7998,1.3493352580324982,0
7999,1.3493352580324982,0
8000,1.3493352580324982,0
8001,1.3493352580324982,0
8002,1.3493352580324982,0
8003,1.3493352580324982,0
8004,1.3493352580324982,0
8005,1.3493352580324982,0
8006,1.3493352580324982,0
8007,1.3493352580324982,0
8008,1.3493352580324982,0
8009,2.008858236822691,0
8010,2.008858236822691,0
8011,2.008858236822691,0
8012,2.008858236822691,0
8013,2.008858236822691,0
8014,2.008858236822691,0
8015,2.008858236822691,0
8016,2.008858236822691,0
8017,2.008858236822691,0
8018,2.008858236822691,0
8019,2.008858236822691,0
8020,69.79262441419931,0
8021,69.79262441419931,0
8022,69.79262441419931,0
8023,69.79262441419931,0
8024,69.79262441419931,0
8025,69.79262441419931,0
8026,69.79262441419931,0
8027,69.79262441419931,0
8028,69.79262441419931,0
8029,69.79262441419931,0
8030,69.79262441419931,0
8031,69.79262441419931,0
8032,47.8161851777188,0
8033,47.8161851777188,0
8034,47.8161851777188,0
8035,47.8161851777188,0
8036,47.8161851777188,0
8037,47.8161851777188,0
8038,47.8161851777188,0
8039,47.8161851777188,0
8040,47.8161851777188,0
8041,47.8161851777188,0
8042,47.8161851777188,0
8043,0.42572071765203434,0
8044,0.42572071765203434,0
8045,0.42572071765203434,0
8046,0.42572071765203434,0
8047,0.42572071765203434,0
8048,0.42572071765203434,0
8049,0.42572071765203434,0
8050,0.42572071765203434,0
8051,0.42572071765203434,0
8052,0.42572071765203434,0
8053,0.42572071765203434,0
8054,0.42572071765203434,0
8055,0.42572071765203434,0
8056,0.42572071765203434,0
8057,0.42572071765203434,0
8058,0.42572071765203434,0
8059,52.48967897813807,0
8060,52.48967897813807,0
8061,52.48967897813807,0
8062,52.48967897813807,0
8063,52.48967897813807,0
8064,52.48967897813807,0
8065,0.12249600121169095,0
8066,0.12249600121169095,0
8067,0.12249600121169095,0
8068,0.12249600121169095,0
8069,0.12249600121169095,0
8070,0.12249600121169095,0
8071,0.12249600121169095,0
8072,0.12249600121169095,0
8073,0.12249600121169095,0
8074,5.309118701284887,0
8075,5.309118701284887,0
8076,5.309118701284887,0
8077,5.309118701284887,0
8078,5.309118701284887,0
8079,5.309118701284887,0
8080,5.309118701284887,0
8081,0.3530062729191364,0
8082,0.3530062729191364,0
8083,0.3530062729191364,1
8084,0.3530062729191364,0
8085,0.3530062729191364,0
8086,0.3530062729191364,0
8087,0.3530062729191364,0
8088,0.3530062729191364,0
8089,0.3530062729191364,0
8090,0.3530062729191364,0
8091,0.3530062729191364,0
8092,0.3530062729191364,0
8093,43.946568890553905,0
8094,43.946568890553905,0
8095,43.946568890553905,0
8096,43.946568890553905,0
8097,43.946568890553905,0
8098,43.946568890553905,0
8099,43.946568890553905,0
8100,43.946568890553905,0
8101,43.946568890553905,0
8102,43.946568890553905,0
8103,43.946568890553905,0
8104,30.51841336276217,0
8105,30.51841336276217,0
8106,30.51841336276217,0
8107,30.51841336276217,0
8108,30.51841336276217,0
8109,30.51841336276217,0
8110,30.51841336276217,0
8111,30.51841336276217,0
8112,30.51841336276217,0
8113,30.51841336276217,0
8114,30.51841336276217,0
8115,10.15543716849773,0
8116,10.15543716849773,0
8117,10.15543716849773,0
8118,10.15543716849773,0
8119,10.15543716849773,0
8120,10.15543716849773,0
8121,10.15543716849773,0
8122,10.15543716849773,0
8123,10.15543716849773,0
8124,10.15543716849773,0
8125,10.15543716849773,0
8126,10.15543716849773,0
8127,4.536715465628468,0
8128,4.536715465628468,0
8129,4.536715465628468,0
8130,4.536715465628468,0
8131,4.536715465628468,0
8132,4.536715465628468,0
8133,4.536715465628468,0
8134,4.536715465628468,0
8135,4.536715465628468,0
8136,4.536715465628468,0
8137,22.38271658778042,0
8138,22.38271658778042,0
8139,22.38271658778042,0
8140,22.38271658778042,0
8141,22.38271658778042,0
8142,22.38271658778042,0
8143,22.38271658778042,0
8144,22.38271658778042,0
8145,61.996466708545654,0
8146,61.996466708545654,0
8147,61.996466708545654,0
8148,61.996466708545654,0
8149,61.996466708545654,0
8150,61.996466708545654,0
8151,61.996466708545654,0
8152,61.996466708545654,0
8153,61.996466708545654,0
8154,61.996466708545654,0
8155,61.996466708545654,0
8156,49.04805532904815,0
8157,49.04805532904815,0
8158,49.04805532904815,0
8159,49.04805532904815,0
8160,49.04805532904815,0
8161,49.04805532904815,0
8162,49.04805532904815,0
8163,49.04805532904815,0
8164,49.04805532904815,0
8165,49.04805532904815,0
8166,49.04805532904815,1
8167,49.04805532904815,0
8168,49.04805532904815,0
8169,2.3014029559082436,0
8170,2.3014029559082436,0
8171,2.3014029559082436,0
8172,2.3014029559082436,0
8173,2.3014029559082436,0
8174,2.3014029559082436,0
8175,2.3014029559082436,0
8176,2.3014029559082436,0
8177,2.3014029559082436,0
8178,23.562428249457053,0
8179,23.562428249457053,0
8180,23.562428249457053,0
8181,23.562428249457053,0
8182,23.562428249457053,0
8183,23.562428249457053,0
8184,23.562428249457053,0
8185,23.562428249457053,0
8186,23.562428249457053,0
8187,23.562428249457053,0
8188,7.774330969843689,0
8189,7.774330969843689,0
8190,7.774330969843689,0
8191,7.774330969843689,0
8192,7.774330969843689,0
8193,7.774330969843689,0
8194,7.774330969843689,0
8195,7.774330969843689,0
8196,7.774330969843689,0
8197,7.774330969843689,0
8198,0.5658189942856369,0
8199,0.5658189942856369,0
8200,0.5658189942856369,0
8201,0.5658189942856369,0
8202,0.5658189942856369,0
8203,0.5658189942856369,0
8204,0.5658189942856369,0
8205,0.5658189942856369,0
8206,0.5658189942856369,0
8207,0.5658189942856369,0
8208,0.5658189942856369,0
8209,1.7402571715638973,0
8210,1.7402571715638973,0
8211,1.7402571715638973,0
8212,1.7402571715638973,0
8213,1.7402571715638973,0
8214,1.7402571715638973,0
8215,1.7402571715638973,0
8216,1.7402571715638973,0
8217,1.7402571715638973,0
8218,1.7402571715638973,0
8219,35.497206195499544,0
8220,35.497206195499544,0
8221,35.497206195499544,0
8222,35.497206195499544,0
8223,35.497206195499544,0
8224,35.497206195499544,0
8225,35.497206195499544,0
8226,35.497206195499544,0
8227,35.497206195499544,0
8228,35.497206195499544,0
8229,35.497206195499544,0
8230,35.497206195499544,0
8231,35.497206195499544,0
8232,35.497206195499544,0
8233,28.051911685227033,0
8234,28.051911685227033,0
8235,28.051911685227033,0
8236,28.051911685227033,0
8237,28.051911685227033,0
8238,28.051911685227033,0
8239,28.051911685227033,0
8240,28.051911685227033,0
8241,28.051911685227033,0
8242,41.40688717116577,0
8243,41.40688717116577,0
8244,41.40688717116577,0
8245,41.40688717116577,0
8246,41.40688717116577,0
8247,41.40688717116577,0
8248,41.40688717116577,0
8249,41.40688717116577,0
8250,41.40688717116577,0
8251,41.40688717116577,0
8252,41.40688717116577,0
8253,41.40688717116577,0
8254,1.493987882537881,0
8255,1.493987882537881,0
8256,1.493987882537881,0
8257,1.493987882537881,0
8258,1.493987882537881,0
8259,1.493987882537881,0
8260,1.493987882537881,0
8261,1.493987882537881,0
8262,1.493987882537881,0
8263,1.493987882537881,0
8264,12.815252478849752,0
8265,12.815252478849752,1
8266,12.815252478849752,0
8267,12.815252478849752,0
8268,12.815252478849752,0
8269,12.815252478849752,0
8270,12.815252478849752,0
8271,12.815252478849752,0
8272,12.815252478849752,0
8273,12.815252478849752,0
8274,12.815252478849752,0
8275,12.815252478849752,0
8276,12.815252478849752,0
8277,106.33795414729813,0
8278,106.33795414729813,0
8279,106.33795414729813,0
8280,106.33795414729813,0
8281,106.33795414729813,0
8282,106.33795414729813,0
8283,106.33795414729813,0
8284,106.33795414729813,0
8285,106.33795414729813,0
8286,106.33795414729813,0
8287,106.33795414729813,0
8288,106.33795414729813,0
8289,2.5434581126740676,0
8290,2.5434581126740676,0
8291,2.5434581126740676,0
8292,2.5434581126740676,0
8293,2.5434581126740676,0
8294,2.5434581126740676,0
8295,2.5434581126740676,0
8296,2.5434581126740676,0
8297,2.5434581126740676,0
8298,2.5434581126740676,0
8299,2.5434581126740676,0
8300,2.5434581126740676,0
8301,2.5434581126740676,0
8302,2.5434581126740676,0
8303,2.713230026661738,0
8304,2.713230026661738,0
8305,2.713230026661738,1
8306,2.713230026661738,0
8307,2.713230026661738,0
8308,2.713230026661738,0
8309,2.713230026661738,0
8310,2.713230026661738,0
8311,2.713230026661738,0
8312,2.713230026661738,0
8313,2.713230026661738,0
8314,2.713230026661738,0
8315,31.969687764731336,0
8316,31.969687764731336,0
8317,31.969687764731336,0
8318,31.969687764731336,0
8319,31.969687764731336,0
8320,31.969687764731336,0
8321,31.969687764731336,0
8322,31.969687764731336,0
8323,31.969687764731336,0
8324,31.969687764731336,0
8325,31.969687764731336,0
8326,31.969687764731336,0
8327,31.969687764731336,0
8328,31.969687764731336,0
8329,31.969687764731336,0
8330,13.099203420255401,0
8331,13.099203420255401,0
8332,13.099203420255401,0
8333,13.099203420255401,0
8334,13.099203420255401,0
8335,13.099203420255401,0
8336,13.099203420255401,0
8337,13.099203420255401,0
8338,13.099203420255401,0
8339,13.099203420255401,0
8340,13.099203420255401,0
8341,42.745549916662426,0
8342,42.745549916662426,0
8343,42.745549916662426,0
8344,42.745549916662426,0
8345,42.745549916662426,0
8346,42.745549916662426,0
8347,42.745549916662426,0
8348,42.745549916662426,0
8349,42.745549916662426,0
8350,42.745549916662426,0
8351,42.745549916662426,0
8352,61.15502875192151,0
8353,61.15502875192151,0
8354,61.15502875192151,0
8355,61.15502875192151,0
8356,61.15502875192151,0
8357,61.15502875192151,0
8358,61.15502875192151,0
8359,61.15502875192151,0
8360,61.15502875192151,0
8361,61.15502875192151,0
8362,61.15502875192151,0
8363,44.658151773427875,0
8364,44.658151773427875,0
8365,44.658151773427875,0
8366,44.658151773427875,0
8367,44.658151773427875,0
8368,44.658151773427875,0
8369,44.658151773427875,0
8370,44.658151773427875,0
8371,44.658151773427875,0
8372,44.658151773427875,0
8373,9.575713528407043,0
8374,9.575713528407043,0
8375,9.575713528407043,0
8376,9.575713528407043,0
8377,9.575713528407043,0
8378,9.575713528407043,0
8379,9.575713528407043,0
8380,9.575713528407043,0
8381,9.575713528407043,0
8382,9.575713528407043,0
8383,9.575713528407043,0
8384,9.575713528407043,0
8385,9.575713528407043,0
8386,9.575713528407043,0
8387,9.575713528407043,0
8388,9.575713528407043,0
8389,1.2377891899687485,0
8390,1.2377891899687485,0
8391,1.2377891899687485,0
8392,1.2377891899687485,0
8393,1.2377891899687485,0
8394,1.2377891899687485,0
8395,1.2377891899687485,0
8396,1.2377891899687485,0
8397,1.2377891899687485,0
8398,1.2377891899687485,0
8399,4.816589066079462,0
8400,4.816589066079462,0
8401,4.816589066079462,0
8402,4.816589066079462,0
8403,74.70415333024634,0
8404,74.70415333024634,0
8405,74.70415333024634,0
8406,74.70415333024634,0
8407,74.70415333024634,0
8408,74.70415333024634,0
8409,74.70415333024634,0
8410,74.70415333024634,0
8411,74.70415333024634,0
8412,74.70415333024634,0
8413,74.70415333024634,0
8414,74.70415333024634,0
8415,74.70415333024634,0
8416,1.344393957685655,0
8417,1.344393957685655,0
8418,1.344393957685655,0
8419,1.344393957685655,0
8420,1.344393957685655,0
8421,1.344393957685655,0
8422,1.344393957685655,0
8423,1.344393957685655,0
8424,1.344393957685655,0
8425,0.14898002463444202,0
8426,0.14898002463444202,0
8427,0.14898002463444202,0
8428,0.14898002463444202,0
8429,0.14898002463444202,0
8430,0.14898002463444202,0
8431,0.14898002463444202,0
8432,0.14898002463444202,0
8433,0.14898002463444202,0
8434,0.14898002463444202,0
8435,0.14898002463444202,0
8436,0.14898002463444202,0
8437,0.14898002463444202,0
8438,0.14898002463444202,0
8439,23.677053666844945,0
8440,23.677053666844945,0
8441,23.677053666844945,0
8442,23.677053666844945,0
8443,45.09951098713228,0
8444,45.09951098713228,0
8445,45.09951098713228,0
8446,45.09951098713228,1
8447,45.09951098713228,0
8448,45.09951098713228,0
8449,45.09951098713228,0
8450,45.09951098713228,0
8451,45.09951098713228,0
8452,45.09951098713228,0
8453,45.09951098713228,0
8454,15.03585527016665,0
8455,15.03585527016665,0
8456,15.03585527016665,0
8457,15.03585527016665,0
8458,15.03585527016665,0
8459,15.03585527016665,0
8460,15.03585527016665,0
8461,15.03585527016665,0
8462,15.03585527016665,0
8463,15.03585527016665,0
8464,15.03585527016665,0
8465,15.03585527016665,0
8466,15.03585527016665,0
8467,3.136298338189383,0
8468,3.136298338189383,0
8469,3.136298338189383,0
8470,3.136298338189383,0
8471,3.136298338189383,0
8472,3.136298338189383,0
8473,3.136298338189383,0
8474,3.136298338189383,0
8475,3.136298338189383,0
8476,3.136298338189383,0
8477,3.136298338189383,0
8478,3.136298338189383,0
8479,1.615677908116758,0
8480,1.615677908116758,0
8481,1.615677908116758,0
8482,1.615677908116758,0
8483,1.615677908116758,0
8484,1.615677908116758,0
8485,1.615677908116758,0
8486,1.615677908116758,0
8487,19.676945148435816,0
8488,19.676945148435816,0
8489,19.676945148435816,0
8490,19.676945148435816,0
8491,19.676945148435816,0
8492,19.676945148435816,0
8493,19.676945148435816,0
8494,19.676945148435816,0
8495,19.676945148435816,0
8496,19.676945148435816,0
8497,19.676945148435816,0
8498,19.676945148435816,0
8499,1.432328919467641,0
8500,1.432328919467641,0
8501,1.432328919467641,0
8502,1.432328919467641,0
8503,1.432328919467641,0
8504,1.432328919467641,0
8505,1.432328919467641,0
8506,1.432328919467641,0
8507,1.432328919467641,0
8508,1.432328919467641,0
8509,1.432328919467641,0
8510,1.432328919467641,0
8511,1.432328919467641,0
8512,8.252727553671772,0
8513,8.252727553671772,0
8514,8.252727553671772,0
8515,8.252727553671772,0
8516,8.252727553671772,0
8517,8.252727553671772,0
8518,8.252727553671772,0
8519,8.252727553671772,0
8520,8.252727553671772,0
8521,8.252727553671772,0
8522,8.252727553671772,0
8523,8.252727553671772,0
8524,8.252727553671772,0
8525,8.252727553671772,0
8526,59.330496858769614,0
8527,59.330496858769614,0
8528,59.330496858769614,0
8529,59.330496858769614,0
8530,59.330496858769614,0
8531,59.330496858769614,0
8532,59.330496858769614,0
8533,59.330496858769614,0
8534,59.330496858769614,0
8535,59.330496858769614,0
8536,59.330496858769614,0
8537,59.330496858769614,0
8538,59.330496858769614,0
8539,0.9642188602328708,0
8540,0.9642188602328708,0
8541,0.9642188602328708,0
8542,0.9642188602328708,0
8543,0.9642188602328708,0
8544,0.9642188602328708,0
8545,0.9642188602328708,0
8546,0.9642188602328708,0
8547,0.9642188602328708,0
8548,0.9642188602328708,0
8549,0.9642188602328708,0
8550,0.9642188602328708,0
8551,1.3735351026061788,0
8552,1.3735351026061788,0
8553,1.3735351026061788,0
8554,1.3735351026061788,0
8555,1.3735351026061788,0
8556,1.3735351026061788,0
8557,1.3735351026061788,0
8558,1.3735351026061788,0
8559,1.3735351026061788,0
8560,1.3735351026061788,0
8561,1.3735351026061788,0
8562,5.887264612380456,0
8563,5.887264612380456,0
8564,5.887264612380456,0
8565,5.887264612380456,0
8566,5.887264612380456,0
8567,5.887264612380456,0
8568,5.887264612380456,0
8569,5.887264612380456,0
8570,5.887264612380456,0
8571,5.887264612380456,0
8572,5.887264612380456,0
8573,4.0819642888718555,0
8574,4.0819642888718555,0
8575,4.0819642888718555,0
8576,4.0819642888718555,0
8577,4.0819642888718555,0
8578,4.0819642888718555,0
8579,4.0819642888718555,0
8580,4.0819642888718555,0
8581,4.0819642888718555,0
8582,4.0819642888718555,0
8583,4.0819642888718555,0
8584,4.0819642888718555,0
8585,4.0819642888718555,0
8586,4.0819642888718555,0
