woman_id,distance_km,ipv_response
1,42.962762727853395,0
2,42.962762727853395,1
3,42.962762727853395,0
4,42.962762727853395,0
5,42.962762727853395,0
6,42.962762727853395,0
7,42.962762727853395,1
8,42.962762727853395,0
9,42.962762727853395,0
10,42.962762727853395,0
11,42.962762727853395,0
12,42.962762727853395,0
13,42.962762727853395,0
14,0.947995507393471,0
15,0.947995507393471,0
16,0.947995507393471,0
17,0.947995507393471,0
18,0.947995507393471,0
19,0.947995507393471,0
20,0.947995507393471,0
21,0.947995507393471,0
22,0.947995507393471,0
23,0.947995507393471,0
24,0.947995507393471,0
25,0.947995507393471,0
26,0.947995507393471,0
27,0.947995507393471,0
28,0.947995507393471,0
29,2.1495338861390376,0
30,2.1495338861390376,0
31,2.1495338861390376,0
32,2.1495338861390376,0
33,2.1495338861390376,0
34,2.1495338861390376,0
35,2.1495338861390376,0
36,2.1495338861390376,0
37,2.1495338861390376,0
38,2.1495338861390376,0
39,2.1495338861390376,0
40,2.1495338861390376,0
41,2.1495338861390376,0
42,2.1495338861390376,0
43,19.340296003841885,0
44,19.340296003841885,0
45,19.340296003841885,0
46,19.340296003841885,0
47,19.340296003841885,0
48,19.340296003841885,0
49,19.340296003841885,0
50,19.340296003841885,0
51,1.162632545122324,0
52,1.162632545122324,0
53,1.162632545122324,0
54,1.162632545122324,0
55,1.162632545122324,0
56,1.162632545122324,0
57,1.162632545122324,0
58,1.162632545122324,0
59,1.162632545122324,0
60,1.162632545122324,0
61,1.162632545122324,0
62,1.162632545122324,0
63,93.95777345487899,0
64,93.95777345487899,0
65,93.95777345487899,0
66,93.95777345487899,0
67,93.95777345487899,0
68,93.95777345487899,0
69,93.95777345487899,0
70,93.95777345487899,0
71,93.95777345487899,0
72,93.95777345487899,0
73,93.95777345487899,0
74,93.95777345487899,0
75,93.95777345487899,0
76,93.95777345487899,0
77,1.9107560935549572,0
78,1.9107560935549572,0
79,1.9107560935549572,0
80,1.9107560935549572,0
81,1.9107560935549572,0
82,1.9107560935549572,0
83,1.9107560935549572,0
84,1.9107560935549572,0
85,1.9107560935549572,0
86,1.9107560935549572,0
87,1.9107560935549572,0
88,1.9107560935549572,0
89,1.9107560935549572,0
90,52.537811596360946,0
91,52.537811596360946,0
92,52.537811596360946,0
93,52.537811596360946,0
94,52.537811596360946,0
95,52.537811596360946,0
96,52.537811596360946,0
97,52.537811596360946,0
98,52.537811596360946,0
99,52.537811596360946,0
100,52.537811596360946,0
101,52.537811596360946,0
102,54.4989639184153,0
103,54.4989639184153,0
104,54.4989639184153,0
105,54.4989639184153,0
106,54.4989639184153,0
107,54.4989639184153,0
108,54.4989639184153,0
109,54.4989639184153,0
110,54.4989639184153,0
111,5.663096891653038,0
112,5.663096891653038,0
113,5.663096891653038,0
114,5.663096891653038,0
115,5.663096891653038,0
116,5.663096891653038,0
117,5.663096891653038,0
118,5.663096891653038,0
119,5.663096891653038,0
120,5.663096891653038,0
121,0.5378313742003593,0
122,0.5378313742003593,0
123,0.5378313742003593,0
124,0.5378313742003593,0
125,0.5378313742003593,0
126,0.5378313742003593,0
127,0.5378313742003593,0
128,0.5378313742003593,0
129,0.5378313742003593,0
130,0.5378313742003593,0
131,0.5378313742003593,0
132,35.6262327085162,0
133,35.6262327085162,0
134,35.6262327085162,0
135,35.6262327085162,0
136,35.6262327085162,0
137,35.6262327085162,0
138,35.6262327085162,0
139,35.6262327085162,0
140,35.6262327085162,0
141,35.6262327085162,0
142,35.6262327085162,0
143,59.50711928527656,0
144,59.50711928527656,0
145,59.50711928527656,0
146,59.50711928527656,0
147,59.50711928527656,0
148,59.50711928527656,0
149,59.50711928527656,0
150,59.50711928527656,0
151,59.50711928527656,0
152,59.50711928527656,0
153,59.50711928527656,0
154,59.50711928527656,0
155,20.51973509318807,0
156,20.51973509318807,0
157,20.51973509318807,0
158,20.51973509318807,0
159,20.51973509318807,0
160,20.51973509318807,0
161,20.51973509318807,0
162,20.51973509318807,0
163,20.51973509318807,0
164,2.561814076333186,0
165,2.561814076333186,0
166,2.561814076333186,0
167,2.561814076333186,0
168,2.561814076333186,0
169,2.561814076333186,0
170,2.561814076333186,0
171,2.561814076333186,0
172,2.561814076333186,0
173,2.561814076333186,0
174,2.561814076333186,0
175,2.561814076333186,0
176,2.561814076333186,0
177,23.296747772643112,0
178,23.296747772643112,0
179,23.296747772643112,0
180,23.296747772643112,0
181,23.296747772643112,0
182,23.296747772643112,0
183,23.296747772643112,0
184,23.296747772643112,0
185,23.296747772643112,0
186,23.296747772643112,0
187,23.296747772643112,0
188,23.296747772643112,0
189,23.296747772643112,0
190,48.14361415644939,0
191,48.14361415644939,0
192,48.14361415644939,0
193,48.14361415644939,0
194,48.14361415644939,0
195,48.14361415644939,0
196,48.14361415644939,0
197,48.14361415644939,0
198,48.14361415644939,0
199,48.14361415644939,0
200,48.14361415644939,0
201,48.14361415644939,0
202,48.14361415644939,0
203,27.67264904040023,0
204,27.67264904040023,0
205,27.67264904040023,0
206,27.67264904040023,0
207,27.67264904040023,0
208,27.67264904040023,0
209,27.67264904040023,0
210,27.67264904040023,0
211,27.67264904040023,0
212,27.67264904040023,0
213,27.67264904040023,0
214,27.67264904040023,0
215,27.67264904040023,0
216,51.50083952278129,0
217,51.50083952278129,0
218,51.50083952278129,0
219,51.50083952278129,0
220,51.50083952278129,0
221,51.50083952278129,0
222,51.50083952278129,0
223,51.50083952278129,0
224,51.50083952278129,0
225,9.164810099502608,0
226,9.164810099502608,0
227,9.164810099502608,0
228,9.164810099502608,0
229,9.164810099502608,0
230,9.164810099502608,0
231,9.164810099502608,0
232,9.164810099502608,0
233,9.164810099502608,0
234,9.164810099502608,0
235,9.164810099502608,0
236,34.32928956700285,0
237,34.32928956700285,0
238,34.32928956700285,0
239,34.32928956700285,0
240,34.32928956700285,0
241,34.32928956700285,0
242,34.32928956700285,0
243,34.32928956700285,0
244,34.32928956700285,0
245,34.32928956700285,0
246,0.8503700033034108,0
247,0.8503700033034108,0
248,0.8503700033034108,0
249,0.8503700033034108,0
250,0.8503700033034108,0
251,0.8503700033034108,0
252,0.8503700033034108,0
253,0.8503700033034108,0
254,0.8503700033034108,0
255,0.8503700033034108,0
256,0.8503700033034108,0
257,0.8503700033034108,0
258,31.454919636090928,0
259,31.454919636090928,0
260,31.454919636090928,0
261,31.454919636090928,0
262,31.454919636090928,0
263,31.454919636090928,0
264,31.454919636090928,0
265,31.454919636090928,0
266,31.454919636090928,0
267,31.454919636090928,0
268,5.253671660587237,0
269,5.253671660587237,0
270,5.253671660587237,0
271,5.253671660587237,0
272,5.253671660587237,1
273,5.253671660587237,0
274,5.253671660587237,0
275,5.253671660587237,0
276,5.253671660587237,0
277,5.253671660587237,0
278,5.253671660587237,0
279,5.253671660587237,0
280,5.253671660587237,0
281,5.253671660587237,0
282,25.559286497331758,0
283,25.559286497331758,0
284,25.559286497331758,0
285,25.559286497331758,0
286,25.559286497331758,0
287,25.559286497331758,0
288,25.559286497331758,0
289,25.559286497331758,0
290,25.559286497331758,0
291,25.559286497331758,0
292,117.95569704514641,0
293,117.95569704514641,0
294,117.95569704514641,0
295,117.95569704514641,0
296,117.95569704514641,0
297,117.95569704514641,0
298,117.95569704514641,0
299,117.95569704514641,0
300,117.95569704514641,0
301,98.19229178523032,0
302,98.19229178523032,0
303,98.19229178523032,0
304,98.19229178523032,0
305,98.19229178523032,0
306,98.19229178523032,0
307,98.19229178523032,0
308,98.19229178523032,0
309,98.19229178523032,0
310,98.19229178523032,0
311,34.420008856767616,0
312,34.420008856767616,0
313,34.420008856767616,0
314,34.420008856767616,0
315,34.420008856767616,0
316,34.420008856767616,0
317,34.420008856767616,0
318,34.420008856767616,0
319,34.420008856767616,0
320,34.420008856767616,0
321,2.045780697961672,0
322,2.045780697961672,0
323,2.045780697961672,0
324,2.045780697961672,0
325,2.045780697961672,1
326,2.045780697961672,0
327,2.045780697961672,0
328,2.045780697961672,0
329,2.045780697961672,0
330,2.045780697961672,0
331,2.045780697961672,0
332,2.045780697961672,0
333,1.309031502707331,0
334,1.309031502707331,0
335,1.309031502707331,0
336,1.309031502707331,0
337,1.309031502707331,0
338,1.309031502707331,0
339,1.309031502707331,0
340,1.309031502707331,0
341,1.309031502707331,0
342,1.309031502707331,0
343,1.309031502707331,0
344,1.309031502707331,0
345,1.309031502707331,0
346,1.309031502707331,0
347,1.309031502707331,0
348,1.309031502707331,0
349,20.14949974360467,0
350,20.14949974360467,0
351,20.14949974360467,0
352,20.14949974360467,0
353,20.14949974360467,0
354,20.14949974360467,0
355,20.14949974360467,0
356,20.14949974360467,0
357,20.14949974360467,0
358,20.14949974360467,0
359,20.14949974360467,0
360,82.98958977179815,0
361,82.98958977179815,0
362,82.98958977179815,0
363,82.98958977179815,0
364,82.98958977179815,0
365,82.98958977179815,0
366,82.98958977179815,0
367,82.98958977179815,0
368,82.98958977179815,0
369,82.98958977179815,0
370,82.98958977179815,0
371,82.98958977179815,0
372,82.98958977179815,0
373,59.97578157701314,0
374,59.97578157701314,0
375,59.97578157701314,0
376,59.97578157701314,0
377,59.97578157701314,0
378,59.97578157701314,0
379,59.97578157701314,0
380,59.97578157701314,0
381,59.97578157701314,0
382,59.97578157701314,0
383,59.97578157701314,0
384,104.88297083064651,0
385,104.88297083064651,0
386,104.88297083064651,0
387,104.88297083064651,0
388,104.88297083064651,0
389,104.88297083064651,0
390,104.88297083064651,0
391,104.88297083064651,0
392,104.88297083064651,0
393,104.88297083064651,0
394,2.5422270618677847,0
395,2.5422270618677847,0
396,2.5422270618677847,0
397,2.5422270618677847,0
398,2.5422270618677847,0
399,2.5422270618677847,0
400,2.5422270618677847,0
401,2.5422270618677847,0
402,2.5422270618677847,0
403,2.5422270618677847,0
404,2.5422270618677847,0
405,2.5422270618677847,0
406,2.5422270618677847,0
407,2.5422270618677847,0
408,0.260089178757357,0
409,0.260089178757357,0
410,0.260089178757357,0
411,0.260089178757357,0
412,0.260089178757357,0
413,0.260089178757357,0
414,0.260089178757357,0
415,0.260089178757357,0
416,0.260089178757357,0
417,0.260089178757357,0
418,0.260089178757357,0
419,61.27531545423346,0
420,61.27531545423346,0
421,61.27531545423346,0
422,61.27531545423346,0
423,61.27531545423346,0
424,61.27531545423346,0
425,61.27531545423346,0
426,61.27531545423346,0
427,61.27531545423346,0
428,67.25281860207457,0
429,67.25281860207457,0
430,67.25281860207457,0
431,67.25281860207457,0
432,67.25281860207457,0
433,67.25281860207457,1
434,67.25281860207457,0
435,67.25281860207457,0
436,67.25281860207457,0
437,67.25281860207457,0
438,67.25281860207457,0
439,20.901725612850058,0
440,20.901725612850058,0
441,20.901725612850058,0
442,20.901725612850058,0
443,20.901725612850058,0
444,20.901725612850058,0
445,20.901725612850058,0
446,20.901725612850058,0
447,20.901725612850058,0
448,19.392427993443803,0
449,19.392427993443803,0
450,19.392427993443803,0
451,19.392427993443803,0
452,19.392427993443803,0
453,19.392427993443803,0
454,19.392427993443803,0
455,19.392427993443803,0
456,19.392427993443803,0
457,19.392427993443803,0
458,19.392427993443803,0
459,19.392427993443803,0
460,28.352050755690446,0
461,28.352050755690446,0
462,28.352050755690446,0
463,28.352050755690446,0
464,28.352050755690446,0
465,28.352050755690446,0
466,28.352050755690446,0
467,28.352050755690446,0
468,28.352050755690446,0
469,28.352050755690446,0
470,28.352050755690446,0
471,17.06326050652264,0
472,17.06326050652264,0
473,17.06326050652264,0
474,17.06326050652264,0
475,17.06326050652264,0
476,17.06326050652264,0
477,17.06326050652264,0
478,17.06326050652264,0
479,17.06326050652264,0
480,17.06326050652264,0
481,17.06326050652264,0
482,38.73183806715245,0
483,38.73183806715245,0
484,38.73183806715245,0
485,38.73183806715245,0
486,38.73183806715245,0
487,38.73183806715245,0
488,38.73183806715245,0
489,38.73183806715245,0
490,38.73183806715245,0
491,38.73183806715245,0
492,137.3934026899716,0
493,137.3934026899716,0
494,137.3934026899716,0
495,137.3934026899716,0
496,137.3934026899716,0
497,137.3934026899716,0
498,137.3934026899716,0
499,137.3934026899716,0
500,137.3934026899716,0
501,137.3934026899716,0
502,137.3934026899716,0
503,137.3934026899716,0
504,137.3934026899716,0
505,41.06857101847662,0
506,41.06857101847662,0
507,41.06857101847662,0
508,41.06857101847662,0
509,41.06857101847662,0
510,41.06857101847662,0
511,41.06857101847662,0
512,41.06857101847662,0
513,41.06857101847662,0
514,41.06857101847662,0
515,41.06857101847662,0
516,41.06857101847662,0
517,41.06857101847662,0
518,41.06857101847662,0
519,3.6515106414840424,0
520,3.6515106414840424,0
521,3.6515106414840424,0
522,3.6515106414840424,0
523,3.6515106414840424,0
524,3.6515106414840424,0
525,3.6515106414840424,0
526,3.6515106414840424,0
527,3.6515106414840424,0
528,3.6515106414840424,0
529,3.6515106414840424,0
530,42.28188885039578,0
531,42.28188885039578,0
532,42.28188885039578,0
533,42.28188885039578,0
534,42.28188885039578,0
535,1.7127444539835708,0
536,1.7127444539835708,0
537,1.7127444539835708,0
538,1.7127444539835708,0
539,1.7127444539835708,0
540,1.7127444539835708,0
541,1.7127444539835708,0
542,1.7127444539835708,0
543,3.7370908852705997,0
544,3.7370908852705997,0
545,3.7370908852705997,0
546,3.7370908852705997,0
547,3.7370908852705997,0
548,3.7370908852705997,0
549,3.7370908852705997,0
550,3.7370908852705997,0
551,3.7370908852705997,0
552,3.7370908852705997,0
553,19.075987394691545,0
554,19.075987394691545,0
555,19.075987394691545,0
556,19.075987394691545,0
557,19.075987394691545,0
558,19.075987394691545,0
559,19.075987394691545,0
560,19.075987394691545,0
561,19.075987394691545,0
562,19.075987394691545,0
563,19.075987394691545,0
564,19.075987394691545,0
565,19.075987394691545,0
566,19.075987394691545,0
567,40.52307371389421,0
568,40.52307371389421,0
569,40.52307371389421,0
570,40.52307371389421,0
571,40.52307371389421,0
572,40.52307371389421,0
573,40.52307371389421,0
574,40.52307371389421,0
575,40.52307371389421,0
576,4.033765366835584,0
577,4.033765366835584,0
578,4.033765366835584,0
579,4.033765366835584,0
580,4.033765366835584,0
581,4.033765366835584,0
582,4.033765366835584,0
583,4.033765366835584,0
584,4.033765366835584,0
585,4.033765366835584,0
586,4.033765366835584,0
587,30.208112665726745,0
588,30.208112665726745,0
589,30.208112665726745,0
590,30.208112665726745,0
591,30.208112665726745,0
592,30.208112665726745,0
593,30.208112665726745,0
594,30.208112665726745,0
595,30.208112665726745,0
596,30.208112665726745,0
597,1.7030725936762554,0
598,1.7030725936762554,0
599,1.7030725936762554,0
600,1.7030725936762554,0
601,1.7030725936762554,0
602,1.7030725936762554,0
603,1.7030725936762554,0
604,83.47712796094417,0
605,83.47712796094417,0
606,83.47712796094417,0
607,83.47712796094417,0
608,83.47712796094417,0
609,83.47712796094417,0
610,83.47712796094417,0
611,83.47712796094417,0
612,83.47712796094417,0
613,83.47712796094417,0
614,83.47712796094417,0
615,83.47712796094417,0
616,83.47712796094417,0
617,83.47712796094417,0
618,54.3644916043884,0
619,54.3644916043884,0
620,54.3644916043884,0
621,54.3644916043884,0
622,54.3644916043884,0
623,54.3644916043884,0
624,54.3644916043884,0
625,54.3644916043884,0
626,54.3644916043884,0
627,54.3644916043884,0
628,54.3644916043884,0
629,54.3644916043884,0
630,17.90492016779832,0
631,17.90492016779832,0
632,17.90492016779832,0
633,17.90492016779832,0
634,17.90492016779832,0
635,17.90492016779832,0
636,17.90492016779832,0
637,17.90492016779832,0
638,17.90492016779832,0
639,17.90492016779832,0
640,8.778292007180227,0
641,8.778292007180227,0
642,8.778292007180227,0
643,8.778292007180227,0
644,8.778292007180227,0
645,8.778292007180227,0
646,8.778292007180227,0
647,8.778292007180227,0
648,8.778292007180227,0
649,8.778292007180227,0
650,8.778292007180227,0
651,8.778292007180227,0
652,8.778292007180227,0
653,31.691183751419917,0
654,31.691183751419917,0
655,31.691183751419917,0
656,31.691183751419917,0
657,31.691183751419917,0
658,31.691183751419917,0
659,31.691183751419917,0
660,31.691183751419917,0
661,31.691183751419917,0
662,31.691183751419917,0
663,31.691183751419917,0
664,31.691183751419917,0
665,31.691183751419917,0
666,31.691183751419917,0
667,31.691183751419917,0
668,19.60944340880366,0
669,19.60944340880366,0
670,19.60944340880366,0
671,19.60944340880366,0
672,19.60944340880366,0
673,19.60944340880366,0
674,31.644612963982375,0
675,31.644612963982375,0
676,31.644612963982375,0
677,31.644612963982375,0
678,31.644612963982375,0
679,31.644612963982375,0
680,31.644612963982375,0
681,31.644612963982375,0
682,14.726727542465873,0
683,14.726727542465873,0
684,14.726727542465873,0
685,14.726727542465873,0
686,14.726727542465873,0
687,14.726727542465873,0
688,14.726727542465873,0
689,14.726727542465873,0
690,14.726727542465873,0
691,14.726727542465873,0
692,14.726727542465873,0
693,14.726727542465873,0
694,14.726727542465873,0
695,110.9642578671639,0
696,110.9642578671639,0
697,110.9642578671639,0
698,110.9642578671639,0
699,110.9642578671639,0
700,110.9642578671639,0
701,110.9642578671639,0
702,110.9642578671639,0
703,110.9642578671639,0
704,110.9642578671639,0
705,110.9642578671639,0
706,32.45438642913027,0
707,32.45438642913027,0
708,32.45438642913027,0
709,32.45438642913027,0
710,32.45438642913027,0
711,12.601888453743355,0
712,12.601888453743355,0
713,12.601888453743355,0
714,12.601888453743355,0
715,12.601888453743355,0
716,12.601888453743355,0
717,12.601888453743355,0
718,12.601888453743355,0
719,12.601888453743355,0
720,12.601888453743355,0
721,12.601888453743355,0
722,12.601888453743355,0
723,14.228114046414829,0
724,14.228114046414829,0
725,14.228114046414829,0
726,14.228114046414829,0
727,14.228114046414829,0
728,14.228114046414829,0
729,14.228114046414829,0
730,14.228114046414829,0
731,4.7919298679432085,0
732,4.7919298679432085,0
733,4.7919298679432085,0
734,4.7919298679432085,0
735,4.7919298679432085,1
736,4.7919298679432085,0
737,4.7919298679432085,0
738,4.7919298679432085,0
739,4.7919298679432085,0
740,4.7919298679432085,0
741,4.7919298679432085,0
742,46.8066956347803,0
743,46.8066956347803,0
744,46.8066956347803,0
745,46.8066956347803,0
746,46.8066956347803,0
747,46.8066956347803,0
748,46.8066956347803,0
749,46.8066956347803,0
750,46.8066956347803,0
751,46.8066956347803,0
752,46.8066956347803,0
753,46.8066956347803,0
754,34.79379551250186,0
755,34.79379551250186,0
756,34.79379551250186,0
757,34.79379551250186,0
758,34.79379551250186,0
759,34.79379551250186,0
760,34.79379551250186,0
761,34.79379551250186,0
762,34.79379551250186,1
763,34.79379551250186,0
764,34.79379551250186,0
765,5.714470338580612,0
766,5.714470338580612,0
767,5.714470338580612,0
768,5.714470338580612,0
769,5.714470338580612,0
770,5.714470338580612,0
771,5.714470338580612,0
772,5.714470338580612,0
773,5.714470338580612,0
774,5.714470338580612,0
775,5.714470338580612,0
776,47.812958158462195,0
777,47.812958158462195,0
778,47.812958158462195,0
779,47.812958158462195,0
780,47.812958158462195,0
781,47.812958158462195,0
782,47.812958158462195,0
783,2.1112808665511626,0
784,2.1112808665511626,0
785,2.1112808665511626,0
786,2.1112808665511626,0
787,2.1112808665511626,0
788,2.1112808665511626,1
789,2.1112808665511626,0
790,2.1112808665511626,0
791,2.1112808665511626,0
792,2.1112808665511626,0
793,2.1112808665511626,0
794,80.65526183156284,0
795,80.65526183156284,0
796,80.65526183156284,1
797,80.65526183156284,0
798,80.65526183156284,0
799,80.65526183156284,0
800,80.65526183156284,0
801,80.65526183156284,0
802,80.65526183156284,0
803,80.65526183156284,0
804,78.06990566844324,0
805,78.06990566844324,0
806,78.06990566844324,0
807,78.06990566844324,0
808,78.06990566844324,0
809,78.06990566844324,0
810,78.06990566844324,0
811,101.60684786107358,0
812,101.60684786107358,0
813,101.60684786107358,0
814,101.60684786107358,1
815,101.60684786107358,0
816,101.60684786107358,0
817,101.60684786107358,0
818,101.60684786107358,0
819,101.60684786107358,0
820,101.60684786107358,0
821,101.60684786107358,1
822,101.60684786107358,0
823,101.60684786107358,0
824,2.5207899425355658,0
825,2.5207899425355658,0
826,2.5207899425355658,0
827,2.5207899425355658,0
828,2.5207899425355658,0
829,2.5207899425355658,0
830,2.5207899425355658,0
831,2.5207899425355658,0
832,2.5207899425355658,0
833,2.5207899425355658,0
834,96.44950151573357,0
835,96.44950151573357,0
836,96.44950151573357,0
837,96.44950151573357,0
838,96.44950151573357,0
839,96.44950151573357,0
840,96.44950151573357,0
841,96.44950151573357,0
842,96.44950151573357,0
843,96.44950151573357,0
844,0.6590085280083539,0
845,0.6590085280083539,0
846,0.6590085280083539,0
847,0.6590085280083539,0
848,0.6590085280083539,0
849,0.6590085280083539,0
850,0.6590085280083539,0
851,0.6590085280083539,0
852,0.6590085280083539,0
853,0.6590085280083539,0
854,1.218694272542931,0
855,1.218694272542931,0
856,1.218694272542931,0
857,1.218694272542931,0
858,1.218694272542931,0
859,1.218694272542931,0
860,1.218694272542931,0
861,1.218694272542931,0
862,1.218694272542931,0
863,1.218694272542931,0
864,1.218694272542931,0
865,1.218694272542931,0
866,1.218694272542931,0
867,57.64021830801692,0
868,57.64021830801692,0
869,57.64021830801692,0
870,57.64021830801692,0
871,57.64021830801692,0
872,57.64021830801692,0
873,57.64021830801692,0
874,57.64021830801692,0
875,57.64021830801692,0
876,57.64021830801692,0
877,57.64021830801692,0
878,57.64021830801692,0
879,57.64021830801692,0
880,5.644916275358885,0
881,5.644916275358885,0
882,5.644916275358885,0
883,5.644916275358885,0
884,5.644916275358885,0
885,5.644916275358885,0
886,5.644916275358885,0
887,5.644916275358885,0
888,5.644916275358885,0
889,5.644916275358885,0
890,5.644916275358885,0
891,5.644916275358885,0
892,34.260078701792075,0
893,34.260078701792075,0
894,34.260078701792075,0
895,34.260078701792075,0
896,34.260078701792075,0
897,34.260078701792075,0
898,34.260078701792075,0
899,34.260078701792075,0
900,34.260078701792075,0
901,45.2053810446314,0
902,45.2053810446314,0
903,45.2053810446314,0
904,45.2053810446314,0
905,45.2053810446314,0
906,45.2053810446314,0
907,45.2053810446314,0
908,45.2053810446314,0
909,45.2053810446314,0
910,45.2053810446314,0
911,45.2053810446314,0
912,45.2053810446314,0
913,45.2053810446314,0
914,7.454393695445649,0
915,7.454393695445649,0
916,7.454393695445649,0
917,7.454393695445649,0
918,7.454393695445649,0
919,34.28640041287236,0
920,34.28640041287236,0
921,34.28640041287236,0
922,34.28640041287236,0
923,34.28640041287236,0
924,34.28640041287236,0
925,34.28640041287236,0
926,34.28640041287236,0
927,34.28640041287236,0
928,34.28640041287236,0
929,34.28640041287236,0
930,34.28640041287236,0
931,34.28640041287236,0
932,41.32838559659339,0
933,41.32838559659339,0
934,41.32838559659339,0
935,41.32838559659339,0
936,41.32838559659339,0
937,41.32838559659339,0
938,41.32838559659339,0
939,41.32838559659339,0
940,41.32838559659339,0
941,41.32838559659339,0
942,41.32838559659339,0
943,41.32838559659339,0
944,41.32838559659339,0
945,41.32838559659339,0
946,41.32838559659339,0
947,1.6120159492327377,0
948,1.6120159492327377,0
949,1.6120159492327377,0
950,1.6120159492327377,0
951,1.6120159492327377,0
952,1.6120159492327377,0
953,1.6120159492327377,0
954,1.6120159492327377,0
955,1.6120159492327377,0
956,31.651471407304506,0
957,31.651471407304506,0
958,31.651471407304506,0
959,31.651471407304506,0
960,31.651471407304506,0
961,31.651471407304506,0
962,31.651471407304506,0
963,31.651471407304506,0
964,31.651471407304506,0
965,31.651471407304506,0
966,31.651471407304506,0
967,3.7619998873621254,0
968,3.7619998873621254,0
969,3.7619998873621254,0
970,3.7619998873621254,0
971,3.7619998873621254,0
972,3.7619998873621254,0
973,3.7619998873621254,0
974,3.7619998873621254,0
975,3.7619998873621254,0
976,3.7619998873621254,0
977,3.7619998873621254,0
978,3.7619998873621254,0
979,3.7619998873621254,0
980,22.682607296055906,0
981,22.682607296055906,0
982,22.682607296055906,0
983,22.682607296055906,0
984,22.682607296055906,0
985,22.682607296055906,0
986,22.682607296055906,0
987,22.682607296055906,0
988,22.682607296055906,0
989,22.682607296055906,0
990,22.682607296055906,0
991,22.682607296055906,0
992,22.682607296055906,0
993,22.682607296055906,0
994,22.682607296055906,0
995,22.682607296055906,0
996,23.166643300242427,0
997,23.166643300242427,0
998,23.166643300242427,0
999,23.166643300242427,0
1000,23.166643300242427,0
1001,23.166643300242427,0
1002,23.166643300242427,0
1003,23.166643300242427,0
1004,23.166643300242427,0
1005,23.166643300242427,0
1006,23.166643300242427,0
1007,23.166643300242427,0
1008,23.166643300242427,0
1009,23.166643300242427,0
1010,23.166643300242427,0
1011,0.22296444995945322,0
1012,0.22296444995945322,0
1013,0.22296444995945322,0
1014,0.22296444995945322,0
1015,0.22296444995945322,0
1016,0.22296444995945322,0
1017,0.22296444995945322,0
1018,0.22296444995945322,0
1019,0.22296444995945322,0
1020,0.22296444995945322,0
1021,0.22296444995945322,0
1022,0.22296444995945322,0
1023,0.22296444995945322,0
1024,30.076750452244134,0
1025,30.076750452244134,0
1026,30.076750452244134,0
1027,30.076750452244134,0
1028,30.076750452244134,0
1029,30.076750452244134,0
1030,30.076750452244134,0
1031,30.076750452244134,0
1032,30.076750452244134,0
1033,0.841555671612081,0
1034,0.841555671612081,0
1035,0.841555671612081,0
1036,0.841555671612081,0
1037,0.841555671612081,0
1038,0.841555671612081,0
1039,0.841555671612081,0
1040,0.841555671612081,0
1041,0.841555671612081,0
1042,0.841555671612081,0
1043,17.90905875276293,0
1044,17.90905875276293,0
1045,17.90905875276293,0
1046,17.90905875276293,0
1047,17.90905875276293,0
1048,17.90905875276293,0
1049,17.90905875276293,0
1050,17.90905875276293,0
1051,17.90905875276293,0
1052,56.08837547075039,0
1053,56.08837547075039,0
1054,56.08837547075039,0
1055,56.08837547075039,0
1056,56.08837547075039,0
1057,56.08837547075039,0
1058,56.08837547075039,0
1059,56.08837547075039,0
1060,56.08837547075039,0
1061,56.08837547075039,0
1062,79.04872143244826,0
1063,79.04872143244826,0
1064,79.04872143244826,0
1065,79.04872143244826,0
1066,79.04872143244826,0
1067,79.04872143244826,0
1068,79.04872143244826,0
1069,79.04872143244826,0
1070,79.04872143244826,0
1071,9.915852897361614,0
1072,9.915852897361614,0
1073,9.915852897361614,0
1074,9.915852897361614,0
1075,9.915852897361614,0
1076,9.915852897361614,0
1077,9.915852897361614,0
1078,9.915852897361614,0
1079,9.915852897361614,0
1080,35.7518279096394,0
1081,35.7518279096394,0
1082,35.7518279096394,0
1083,35.7518279096394,0
1084,35.7518279096394,0
1085,35.7518279096394,0
1086,35.7518279096394,0
1087,35.7518279096394,0
1088,37.021895164383366,0
1089,37.021895164383366,0
1090,37.021895164383366,0
1091,37.021895164383366,0
1092,37.021895164383366,0
1093,37.021895164383366,0
1094,37.021895164383366,0
1095,37.021895164383366,0
1096,39.043176674059936,0
1097,39.043176674059936,0
1098,39.043176674059936,0
1099,39.043176674059936,0
1100,39.043176674059936,0
1101,39.043176674059936,0
1102,39.043176674059936,0
1103,39.043176674059936,0
1104,39.043176674059936,0
1105,39.043176674059936,0
1106,39.043176674059936,0
1107,39.043176674059936,0
1108,39.043176674059936,0
1109,39.043176674059936,0
1110,39.043176674059936,0
1111,60.54374217671084,0
1112,60.54374217671084,0
1113,60.54374217671084,0
1114,60.54374217671084,0
1115,60.54374217671084,0
1116,60.54374217671084,0
1117,60.54374217671084,0
1118,32.69921885649955,0
1119,32.69921885649955,0
1120,32.69921885649955,0
1121,32.69921885649955,0
1122,32.69921885649955,0
1123,32.69921885649955,0
1124,32.69921885649955,0
1125,32.69921885649955,0
1126,16.749395677016057,0
1127,16.749395677016057,0
1128,16.749395677016057,0
1129,16.749395677016057,0
1130,16.749395677016057,0
1131,16.749395677016057,0
1132,16.749395677016057,0
1133,16.749395677016057,0
1134,16.749395677016057,0
1135,16.749395677016057,0
1136,16.749395677016057,0
1137,16.749395677016057,0
1138,16.749395677016057,0
1139,16.749395677016057,0
1140,16.749395677016057,0
1141,16.749395677016057,0
1142,16.749395677016057,0
1143,1.6987302338929589,0
1144,1.6987302338929589,0
1145,1.6987302338929589,0
1146,1.6987302338929589,0
1147,1.6987302338929589,0
1148,1.6987302338929589,0
1149,1.6987302338929589,0
1150,1.6987302338929589,0
1151,1.6987302338929589,0
1152,1.6987302338929589,0
1153,54.65397165828025,0
1154,54.65397165828025,0
1155,54.65397165828025,0
1156,54.65397165828025,0
1157,54.65397165828025,0
1158,54.65397165828025,0
1159,54.65397165828025,1
1160,54.65397165828025,0
1161,54.65397165828025,0
1162,54.65397165828025,0
1163,1.6053136516226272,0
1164,1.6053136516226272,0
1165,1.6053136516226272,0
1166,1.6053136516226272,0
1167,1.6053136516226272,0
1168,1.6053136516226272,0
1169,1.6053136516226272,0
1170,1.6053136516226272,0
1171,1.6053136516226272,0
1172,1.6053136516226272,0
1173,1.6053136516226272,0
1174,5.763793744811103,0
1175,5.763793744811103,0
1176,5.763793744811103,0
1177,5.763793744811103,0
1178,5.763793744811103,0
1179,5.763793744811103,0
1180,5.763793744811103,0
1181,5.763793744811103,0
1182,5.763793744811103,0
1183,5.763793744811103,0
1184,5.763793744811103,0
1185,5.763793744811103,0
1186,5.763793744811103,0
1187,5.763793744811103,0
1188,5.763793744811103,0
1189,19.00537504816953,0
1190,19.00537504816953,0
1191,19.00537504816953,0
1192,19.00537504816953,0
1193,19.00537504816953,0
1194,19.00537504816953,0
1195,19.00537504816953,0
1196,19.00537504816953,0
1197,19.00537504816953,0
1198,19.00537504816953,0
1199,0.9996482899712615,1
1200,0.9996482899712615,0
1201,0.9996482899712615,0
1202,0.9996482899712615,0
1203,0.9996482899712615,0
1204,0.9996482899712615,0
1205,0.9996482899712615,0
1206,0.9996482899712615,0
1207,0.9996482899712615,0
1208,0.9996482899712615,0
1209,0.9996482899712615,0
1210,0.9996482899712615,0
1211,0.9996482899712615,0
1212,0.9996482899712615,0
1213,42.3591897292036,0
1214,42.3591897292036,0
1215,42.3591897292036,0
1216,42.3591897292036,0
1217,42.3591897292036,0
1218,42.3591897292036,0
1219,42.3591897292036,0
1220,42.3591897292036,0
1221,42.3591897292036,0
1222,42.3591897292036,0
1223,42.3591897292036,0
1224,42.3591897292036,0
1225,42.3591897292036,0
1226,3.2298598956350157,0
1227,3.2298598956350157,0
1228,3.2298598956350157,0
1229,3.2298598956350157,0
1230,3.2298598956350157,0
1231,3.2298598956350157,0
1232,3.2298598956350157,0
1233,3.2298598956350157,0
1234,3.2298598956350157,0
1235,3.2298598956350157,0
1236,3.2298598956350157,0
1237,30.83571251539677,0
1238,30.83571251539677,0
1239,30.83571251539677,0
1240,30.83571251539677,0
1241,30.83571251539677,0
1242,30.83571251539677,0
1243,30.83571251539677,0
1244,30.83571251539677,0
1245,30.83571251539677,0
1246,10.819287163167212,0
1247,10.819287163167212,0
1248,10.819287163167212,0
1249,10.819287163167212,0
1250,10.819287163167212,0
1251,10.819287163167212,0
1252,10.819287163167212,0
1253,10.819287163167212,0
1254,10.819287163167212,0
1255,10.819287163167212,0
1256,10.819287163167212,0
1257,10.819287163167212,0
1258,10.819287163167212,0
1259,4.346514010060433,0
1260,4.346514010060433,1
1261,4.346514010060433,0
1262,4.346514010060433,0
1263,4.346514010060433,0
1264,4.346514010060433,0
1265,4.346514010060433,0
1266,4.346514010060433,0
1267,0.8345786410710768,0
1268,0.8345786410710768,0
1269,0.8345786410710768,0
1270,0.8345786410710768,0
1271,0.8345786410710768,0
1272,0.8345786410710768,0
1273,0.8345786410710768,0
1274,0.8345786410710768,0
1275,0.8345786410710768,0
1276,0.8345786410710768,0
1277,0.8345786410710768,0
1278,0.8345786410710768,0
1279,15.394459314921958,0
1280,15.394459314921958,0
1281,15.394459314921958,0
1282,15.394459314921958,0
1283,15.394459314921958,0
1284,15.394459314921958,0
1285,15.394459314921958,0
1286,15.394459314921958,0
1287,15.394459314921958,0
1288,15.394459314921958,0
1289,39.338971985263846,0
1290,39.338971985263846,0
1291,39.338971985263846,0
1292,39.338971985263846,0
1293,39.338971985263846,0
1294,39.338971985263846,0
1295,39.338971985263846,0
1296,39.338971985263846,0
1297,39.338971985263846,0
1298,39.338971985263846,0
1299,50.82619606007555,0
1300,50.82619606007555,0
1301,50.82619606007555,0
1302,50.82619606007555,0
1303,50.82619606007555,0
1304,50.82619606007555,0
1305,50.82619606007555,0
1306,50.82619606007555,0
1307,50.82619606007555,0
1308,50.82619606007555,0
1309,50.82619606007555,0
1310,50.82619606007555,0
1311,50.82619606007555,0
1312,50.82619606007555,0
1313,30.15619506014614,0
1314,30.15619506014614,0
1315,30.15619506014614,0
1316,30.15619506014614,0
1317,30.15619506014614,0
1318,30.15619506014614,0
1319,30.15619506014614,0
1320,30.15619506014614,0
1321,30.15619506014614,0
1322,30.15619506014614,0
1323,30.15619506014614,0
1324,30.15619506014614,0
1325,30.15619506014614,0
1326,13.940999640679129,0
1327,13.940999640679129,0
1328,13.940999640679129,0
1329,13.940999640679129,0
1330,13.940999640679129,0
1331,13.940999640679129,0
1332,13.940999640679129,0
1333,13.940999640679129,0
1334,13.940999640679129,0
1335,13.940999640679129,0
1336,13.940999640679129,0
1337,13.940999640679129,0
1338,13.940999640679129,0
1339,13.940999640679129,0
1340,13.940999640679129,0
1341,12.126002165446328,0
1342,12.126002165446328,0
1343,12.126002165446328,0
1344,12.126002165446328,0
1345,12.126002165446328,0
1346,12.126002165446328,0
1347,12.126002165446328,0
1348,12.126002165446328,0
1349,12.126002165446328,0
1350,12.126002165446328,0
1351,48.19844065382281,0
1352,48.19844065382281,0
1353,48.19844065382281,0
1354,48.19844065382281,0
1355,48.19844065382281,0
1356,48.19844065382281,0
1357,48.19844065382281,0
1358,48.19844065382281,0
1359,48.19844065382281,0
1360,48.19844065382281,0
1361,48.19844065382281,0
1362,48.19844065382281,0
1363,48.19844065382281,0
1364,3.8278856510846233,0
1365,3.8278856510846233,0
1366,3.8278856510846233,0
1367,3.8278856510846233,0
1368,3.8278856510846233,0
1369,3.8278856510846233,0
1370,3.8278856510846233,0
1371,3.8278856510846233,0
1372,3.8278856510846233,0
1373,3.8278856510846233,0
1374,3.8278856510846233,0
1375,78.6491394228276,0
1376,78.6491394228276,0
1377,78.6491394228276,0
1378,78.6491394228276,0
1379,78.6491394228276,0
1380,78.6491394228276,0
1381,78.6491394228276,0
1382,2.078667353824944,0
1383,2.078667353824944,0
1384,2.078667353824944,0
1385,2.078667353824944,0
1386,2.078667353824944,0
1387,2.078667353824944,0
1388,2.078667353824944,0
1389,2.078667353824944,0
1390,2.078667353824944,0
1391,2.078667353824944,0
1392,32.58515270646539,0
1393,32.58515270646539,0
1394,32.58515270646539,0
1395,32.58515270646539,0
1396,32.58515270646539,0
1397,32.58515270646539,0
1398,32.58515270646539,0
1399,32.58515270646539,0
1400,32.58515270646539,0
1401,32.58515270646539,0
1402,32.58515270646539,0
1403,32.58515270646539,0
1404,32.58515270646539,0
1405,32.58515270646539,0
1406,3.4663588744472404,0
1407,3.4663588744472404,0
1408,3.4663588744472404,0
1409,3.4663588744472404,0
1410,3.4663588744472404,0
1411,3.4663588744472404,0
1412,3.4663588744472404,0
1413,3.4663588744472404,0
1414,3.4663588744472404,0
1415,19.48512780472194,0
1416,19.48512780472194,0
1417,19.48512780472194,0
1418,19.48512780472194,0
1419,19.48512780472194,0
1420,19.48512780472194,0
1421,19.48512780472194,0
1422,19.48512780472194,0
1423,158.59235910893477,0
1424,158.59235910893477,0
1425,158.59235910893477,0
1426,158.59235910893477,0
1427,158.59235910893477,0
1428,158.59235910893477,0
1429,158.59235910893477,0
1430,158.59235910893477,0
1431,158.59235910893477,0
1432,43.89624526597628,0
1433,43.89624526597628,0
1434,43.89624526597628,0
1435,43.89624526597628,0
1436,43.89624526597628,0
1437,43.89624526597628,0
1438,43.89624526597628,0
1439,43.89624526597628,0
1440,36.895468036459185,0
1441,36.895468036459185,0
1442,36.895468036459185,0
1443,36.895468036459185,0
1444,36.895468036459185,0
1445,36.895468036459185,0
1446,36.895468036459185,0
1447,36.895468036459185,0
1448,36.895468036459185,0
1449,36.895468036459185,0
1450,36.895468036459185,0
1451,36.895468036459185,0
1452,36.895468036459185,0
1453,11.179255780466358,0
1454,11.179255780466358,0
1455,11.179255780466358,0
1456,11.179255780466358,0
1457,11.179255780466358,0
1458,11.179255780466358,0
1459,11.179255780466358,0
1460,11.179255780466358,0
1461,77.74408666733738,0
1462,77.74408666733738,0
1463,77.74408666733738,0
1464,77.74408666733738,0
1465,77.74408666733738,0
1466,77.74408666733738,0
1467,77.74408666733738,0
1468,77.74408666733738,0
1469,77.74408666733738,0
1470,0.8045054734848553,0
1471,0.8045054734848553,0
1472,0.8045054734848553,0
1473,0.8045054734848553,0
1474,0.8045054734848553,0
1475,0.8045054734848553,0
1476,0.8045054734848553,0
1477,0.8045054734848553,0
1478,0.8045054734848553,0
1479,26.771724941185116,0
1480,26.771724941185116,0
1481,26.771724941185116,0
1482,26.771724941185116,0
1483,26.771724941185116,0
1484,26.771724941185116,0
1485,26.771724941185116,0
1486,26.771724941185116,0
1487,26.771724941185116,0
1488,26.771724941185116,0
1489,26.771724941185116,0
1490,26.771724941185116,0
1491,26.771724941185116,0
1492,28.16898805956135,0
1493,28.16898805956135,0
1494,28.16898805956135,0
1495,28.16898805956135,0
1496,28.16898805956135,0
1497,28.16898805956135,0
1498,28.16898805956135,0
1499,28.16898805956135,0
1500,28.16898805956135,0
1501,28.16898805956135,0
1502,28.16898805956135,0
1503,28.16898805956135,0
1504,28.16898805956135,0
1505,28.16898805956135,0
1506,28.16898805956135,0
1507,37.37576716271252,0
1508,37.37576716271252,0
1509,37.37576716271252,0
1510,37.37576716271252,0
1511,37.37576716271252,0
1512,37.37576716271252,0
1513,37.37576716271252,0
1514,37.37576716271252,0
1515,37.37576716271252,0
1516,37.37576716271252,0
1517,37.37576716271252,0
1518,37.37576716271252,0
1519,37.37576716271252,0
1520,37.37576716271252,0
1521,37.37576716271252,0
1522,21.72295076590218,0
1523,21.72295076590218,0
1524,21.72295076590218,0
1525,21.72295076590218,0
1526,21.72295076590218,0
1527,21.72295076590218,0
1528,21.72295076590218,0
1529,21.72295076590218,0
1530,21.72295076590218,0
1531,21.72295076590218,0
1532,18.827765766598652,0
1533,18.827765766598652,0
1534,18.827765766598652,0
1535,18.827765766598652,0
1536,18.827765766598652,0
1537,18.827765766598652,0
1538,18.827765766598652,0
1539,18.827765766598652,0
1540,18.827765766598652,0
1541,18.827765766598652,0
1542,18.827765766598652,0
1543,1.8292853623167953,0
1544,1.8292853623167953,0
1545,1.8292853623167953,0
1546,1.8292853623167953,0
1547,1.8292853623167953,0
1548,1.8292853623167953,0
1549,1.8292853623167953,0
1550,43.18125562906112,0
1551,43.18125562906112,0
1552,43.18125562906112,0
1553,43.18125562906112,0
1554,43.18125562906112,0
1555,43.18125562906112,0
1556,43.18125562906112,0
1557,43.18125562906112,0
1558,43.18125562906112,0
1559,43.18125562906112,0
1560,43.18125562906112,0
1561,43.18125562906112,0
1562,43.18125562906112,0
1563,91.82894299835738,0
1564,91.82894299835738,0
1565,91.82894299835738,0
1566,91.82894299835738,0
1567,91.82894299835738,0
1568,91.82894299835738,0
1569,91.82894299835738,0
1570,91.82894299835738,0
1571,91.82894299835738,0
1572,91.82894299835738,0
1573,91.82894299835738,0
1574,91.82894299835738,0
1575,4.064373444834622,0
1576,4.064373444834622,0
1577,4.064373444834622,0
1578,4.064373444834622,0
1579,4.064373444834622,0
1580,4.064373444834622,0
1581,4.064373444834622,0
1582,4.064373444834622,0
1583,4.064373444834622,0
1584,4.064373444834622,0
1585,4.064373444834622,0
1586,157.70291680334893,0
1587,157.70291680334893,0
1588,157.70291680334893,0
1589,157.70291680334893,0
1590,157.70291680334893,0
1591,157.70291680334893,0
1592,157.70291680334893,0
1593,157.70291680334893,0
1594,157.70291680334893,0
1595,157.70291680334893,0
1596,157.70291680334893,0
1597,157.70291680334893,0
1598,37.38825047241588,0
1599,37.38825047241588,0
1600,37.38825047241588,0
1601,37.38825047241588,0
1602,37.38825047241588,0
1603,37.38825047241588,0
1604,37.38825047241588,0
1605,37.38825047241588,0
1606,37.38825047241588,0
1607,37.38825047241588,0
1608,37.38825047241588,0
1609,37.38825047241588,0
1610,1.2399043955224094,0
1611,1.2399043955224094,0
1612,1.2399043955224094,0
1613,1.2399043955224094,0
1614,1.2399043955224094,0
1615,13.424906376205959,0
1616,13.424906376205959,0
1617,13.424906376205959,0
1618,13.424906376205959,0
1619,13.424906376205959,0
1620,13.424906376205959,0
1621,13.424906376205959,0
1622,13.424906376205959,0
1623,13.424906376205959,0
1624,13.424906376205959,0
1625,13.424906376205959,0
1626,13.424906376205959,0
1627,13.424906376205959,0
1628,68.24271995401263,0
1629,68.24271995401263,1
1630,68.24271995401263,0
1631,68.24271995401263,0
1632,68.24271995401263,0
1633,68.24271995401263,0
1634,68.24271995401263,0
1635,68.24271995401263,0
1636,59.06365812812898,0
1637,59.06365812812898,0
1638,59.06365812812898,0
1639,59.06365812812898,0
1640,59.06365812812898,0
1641,59.06365812812898,0
1642,59.06365812812898,0
1643,59.06365812812898,0
1644,59.06365812812898,0
1645,59.06365812812898,0
1646,59.06365812812898,0
1647,59.06365812812898,0
1648,59.06365812812898,0
1649,59.06365812812898,0
1650,100.50821498659948,0
1651,100.50821498659948,0
1652,100.50821498659948,0
1653,100.50821498659948,0
1654,100.50821498659948,0
1655,100.50821498659948,0
1656,100.50821498659948,0
1657,100.50821498659948,0
1658,100.50821498659948,0
1659,100.50821498659948,0
1660,100.50821498659948,0
1661,57.00041571307573,0
1662,57.00041571307573,0
1663,57.00041571307573,0
1664,57.00041571307573,0
1665,57.00041571307573,0
1666,57.00041571307573,0
1667,57.00041571307573,0
1668,50.555325151458064,0
1669,50.555325151458064,0
1670,50.555325151458064,0
1671,50.555325151458064,0
1672,50.555325151458064,0
1673,50.555325151458064,0
1674,50.555325151458064,0
1675,50.555325151458064,0
1676,50.555325151458064,0
1677,50.555325151458064,0
1678,8.625824283685668,0
1679,8.625824283685668,0
1680,8.625824283685668,0
1681,8.625824283685668,0
1682,8.625824283685668,0
1683,8.625824283685668,0
1684,8.625824283685668,0
1685,8.625824283685668,0
1686,8.625824283685668,0
1687,2.1617784632081567,0
1688,2.1617784632081567,0
1689,2.1617784632081567,0
1690,2.1617784632081567,0
1691,2.1617784632081567,0
1692,2.1617784632081567,0
1693,2.1617784632081567,0
1694,2.1617784632081567,0
1695,2.1617784632081567,0
1696,2.1617784632081567,0
1697,2.1617784632081567,0
1698,2.1617784632081567,0
1699,2.1617784632081567,0
1700,4.067778834972583,0
1701,4.067778834972583,0
1702,4.067778834972583,0
1703,4.067778834972583,0
1704,4.067778834972583,0
1705,4.067778834972583,0
1706,4.067778834972583,0
1707,21.77638715751485,0
1708,21.77638715751485,0
1709,21.77638715751485,0
1710,21.77638715751485,0
1711,21.77638715751485,0
1712,21.77638715751485,0
1713,21.77638715751485,0
1714,21.77638715751485,0
1715,21.77638715751485,0
1716,21.77638715751485,0
1717,21.77638715751485,0
1718,21.77638715751485,0
1719,21.77638715751485,0
1720,108.69129009580993,0
1721,108.69129009580993,0
1722,108.69129009580993,0
1723,108.69129009580993,0
1724,108.69129009580993,0
1725,108.69129009580993,0
1726,108.69129009580993,0
1727,108.69129009580993,0
1728,28.98710924201596,0
1729,28.98710924201596,0
1730,28.98710924201596,0
1731,28.98710924201596,0
1732,28.98710924201596,0
1733,28.98710924201596,0
1734,28.98710924201596,0
1735,28.98710924201596,0
1736,28.98710924201596,0
1737,28.98710924201596,0
1738,28.98710924201596,0
1739,28.98710924201596,0
1740,1.1369172197806994,0
1741,1.1369172197806994,0
1742,1.1369172197806994,0
1743,1.1369172197806994,0
1744,1.1369172197806994,0
1745,1.1369172197806994,0
1746,1.1369172197806994,0
1747,1.1369172197806994,0
1748,1.1369172197806994,0
1749,1.1369172197806994,0
1750,1.1369172197806994,0
1751,1.1369172197806994,0
1752,0.1837082927677286,0
1753,0.1837082927677286,0
1754,0.1837082927677286,0
1755,0.1837082927677286,0
1756,0.1837082927677286,0
1757,0.1837082927677286,0
1758,0.1837082927677286,0
1759,0.3504779483948694,0
1760,0.3504779483948694,0
1761,0.3504779483948694,0
1762,0.3504779483948694,0
1763,0.3504779483948694,0
1764,0.3504779483948694,0
1765,0.3504779483948694,0
1766,0.3504779483948694,0
1767,0.3504779483948694,0
1768,0.3504779483948694,0
1769,4.177917367799273,0
1770,4.177917367799273,0
1771,4.177917367799273,0
1772,4.177917367799273,0
1773,4.177917367799273,0
1774,4.177917367799273,0
1775,4.177917367799273,0
1776,4.177917367799273,0
1777,4.177917367799273,0
1778,4.177917367799273,0
1779,4.177917367799273,0
1780,4.177917367799273,0
1781,4.177917367799273,0
1782,4.177917367799273,0
1783,4.177917367799273,0
1784,4.177917367799273,0
1785,2.6787597180788656,0
1786,2.6787597180788656,0
1787,2.6787597180788656,0
1788,2.6787597180788656,0
1789,2.6787597180788656,0
1790,2.6787597180788656,0
1791,2.6787597180788656,0
1792,2.6787597180788656,0
1793,2.6787597180788656,0
1794,139.1477420314804,0
1795,139.1477420314804,0
1796,139.1477420314804,0
1797,139.1477420314804,0
1798,139.1477420314804,0
1799,139.1477420314804,0
1800,139.1477420314804,0
1801,139.1477420314804,0
1802,139.1477420314804,0
1803,139.1477420314804,0
1804,139.1477420314804,0
1805,139.1477420314804,0
1806,139.1477420314804,0
1807,0.9289042991611347,0
1808,0.9289042991611347,0
1809,0.9289042991611347,0
1810,0.9289042991611347,0
1811,0.9289042991611347,0
1812,0.9289042991611347,0
1813,0.9289042991611347,0
1814,0.9289042991611347,0
1815,0.9801124858676489,0
1816,0.9801124858676489,0
1817,0.9801124858676489,0
1818,0.9801124858676489,0
1819,0.9801124858676489,0
1820,0.9801124858676489,0
1821,0.9801124858676489,0
1822,0.9801124858676489,0
1823,0.9801124858676489,0
1824,0.9801124858676489,0
1825,0.9801124858676489,0
1826,0.9801124858676489,0
1827,0.9801124858676489,0
1828,2.3652717953909304,0
1829,2.3652717953909304,0
1830,2.3652717953909304,0
1831,2.3652717953909304,0
1832,2.3652717953909304,0
1833,2.3652717953909304,0
1834,2.3652717953909304,0
1835,2.3652717953909304,0
1836,2.3652717953909304,0
1837,6.763523111848787,0
1838,6.763523111848787,1
1839,6.763523111848787,0
1840,6.763523111848787,0
1841,6.763523111848787,0
1842,6.763523111848787,0
1843,6.763523111848787,0
1844,6.763523111848787,0
1845,6.763523111848787,0
1846,6.763523111848787,0
1847,6.763523111848787,0
1848,6.763523111848787,0
1849,6.763523111848787,0
1850,6.763523111848787,0
1851,3.3688703807009235,0
1852,3.3688703807009235,0
1853,3.3688703807009235,0
1854,3.3688703807009235,0
1855,3.3688703807009235,0
1856,3.3688703807009235,0
1857,3.3688703807009235,0
1858,3.3688703807009235,0
1859,3.3688703807009235,0
1860,3.3688703807009235,0
1861,3.3688703807009235,0
1862,3.3688703807009235,0
1863,28.69195306034745,0
1864,28.69195306034745,0
1865,28.69195306034745,0
1866,28.69195306034745,0
1867,28.69195306034745,0
1868,28.69195306034745,0
1869,28.69195306034745,0
1870,28.69195306034745,0
1871,28.69195306034745,0
1872,28.69195306034745,0
1873,28.69195306034745,0
1874,28.69195306034745,0
1875,43.96961885344897,0
1876,43.96961885344897,0
1877,43.96961885344897,0
1878,43.96961885344897,0
1879,43.96961885344897,0
1880,43.96961885344897,0
1881,43.96961885344897,0
1882,1.8500114204235547,0
1883,1.8500114204235547,0
1884,1.8500114204235547,0
1885,1.8500114204235547,0
1886,1.8500114204235547,0
1887,1.8500114204235547,0
1888,1.8500114204235547,0
1889,1.8500114204235547,0
1890,1.8500114204235547,0
1891,1.8500114204235547,0
1892,1.8500114204235547,0
1893,44.13167807381051,0
1894,44.13167807381051,0
1895,44.13167807381051,0
1896,44.13167807381051,0
1897,44.13167807381051,0
1898,44.13167807381051,0
1899,44.13167807381051,0
1900,44.13167807381051,0
1901,44.13167807381051,0
1902,44.13167807381051,0
1903,44.13167807381051,0
1904,44.13167807381051,0
1905,74.13587780824825,0
1906,74.13587780824825,0
1907,74.13587780824825,0
1908,74.13587780824825,0
1909,74.13587780824825,0
1910,74.13587780824825,0
1911,74.13587780824825,0
1912,74.13587780824825,0
1913,1.0972461700210892,0
1914,1.0972461700210892,0
1915,1.0972461700210892,0
1916,1.0972461700210892,0
1917,1.0972461700210892,0
1918,1.0972461700210892,0
1919,1.0972461700210892,0
1920,1.0972461700210892,0
1921,1.0972461700210892,0
1922,1.0972461700210892,0
1923,1.0972461700210892,0
1924,1.0972461700210892,0
1925,48.7458917999872,0
1926,48.7458917999872,0
1927,48.7458917999872,0
1928,48.7458917999872,0
1929,48.7458917999872,0
1930,48.7458917999872,0
1931,48.7458917999872,0
1932,48.7458917999872,0
1933,48.7458917999872,0
1934,48.7458917999872,0
1935,48.7458917999872,0
1936,48.7458917999872,0
1937,48.7458917999872,1
1938,48.7458917999872,0
1939,44.44350437945551,0
1940,44.44350437945551,0
1941,44.44350437945551,0
1942,44.44350437945551,0
1943,44.44350437945551,0
1944,44.44350437945551,0
1945,44.44350437945551,0
1946,44.44350437945551,0
1947,44.44350437945551,0
1948,44.44350437945551,0
1949,44.44350437945551,0
1950,44.44350437945551,0
1951,44.44350437945551,0
1952,44.44350437945551,0
1953,44.44350437945551,0
1954,30.387117673942363,0
1955,30.387117673942363,0
1956,30.387117673942363,0
1957,30.387117673942363,0
1958,30.387117673942363,0
1959,2.494269337977438,0
1960,2.494269337977438,0
1961,2.494269337977438,0
1962,2.494269337977438,0
1963,2.494269337977438,0
1964,2.494269337977438,0
1965,2.494269337977438,0
1966,2.494269337977438,0
1967,2.494269337977438,0
1968,2.494269337977438,0
1969,14.586719390826321,0
1970,14.586719390826321,0
1971,14.586719390826321,0
1972,14.586719390826321,0
1973,14.586719390826321,0
1974,14.586719390826321,0
1975,14.586719390826321,0
1976,16.812759922336486,0
1977,16.812759922336486,0
1978,16.812759922336486,0
1979,16.812759922336486,0
1980,16.812759922336486,0
1981,16.812759922336486,0
1982,16.812759922336486,0
1983,16.812759922336486,0
1984,16.812759922336486,0
1985,16.812759922336486,0
1986,16.812759922336486,0
1987,16.812759922336486,0
1988,16.812759922336486,0
1989,16.812759922336486,0
1990,16.812759922336486,0
1991,16.812759922336486,0
1992,16.013259696890902,0
1993,16.013259696890902,0
1994,16.013259696890902,0
1995,16.013259696890902,0
1996,16.013259696890902,0
1997,16.013259696890902,0
1998,16.013259696890902,0
1999,16.013259696890902,0
2000,16.013259696890902,0
2001,16.013259696890902,0
2002,16.013259696890902,0
2003,33.893366293852566,0
2004,33.893366293852566,0
2005,33.893366293852566,0
2006,33.893366293852566,0
2007,33.893366293852566,0
2008,33.893366293852566,0
2009,33.893366293852566,0
2010,33.893366293852566,0
2011,33.893366293852566,0
2012,33.893366293852566,0
2013,0.7342228846300097,0
2014,0.7342228846300097,0
2015,0.7342228846300097,0
2016,0.7342228846300097,0
2017,0.7342228846300097,0
2018,0.7342228846300097,0
2019,0.7342228846300097,0
2020,0.7342228846300097,0
2021,0.7342228846300097,0
2022,0.7342228846300097,0
2023,1.567659422187478,0
2024,1.567659422187478,0
2025,1.567659422187478,0
2026,1.567659422187478,0
2027,1.567659422187478,0
2028,1.567659422187478,0
2029,1.567659422187478,0
2030,1.567659422187478,0
2031,1.567659422187478,0
2032,1.567659422187478,0
2033,1.567659422187478,0
2034,1.567659422187478,0
2035,1.567659422187478,0
2036,70.16499333892418,0
2037,70.16499333892418,0
2038,70.16499333892418,0
2039,70.16499333892418,0
2040,70.16499333892418,0
2041,70.16499333892418,0
2042,70.16499333892418,0
2043,70.16499333892418,0
2044,70.16499333892418,0
2045,70.16499333892418,0
2046,4.0225910091831425,0
2047,4.0225910091831425,0
2048,4.0225910091831425,0
2049,4.0225910091831425,0
2050,4.0225910091831425,0
2051,4.0225910091831425,0
2052,4.0225910091831425,0
2053,4.0225910091831425,0
2054,4.0225910091831425,0
2055,4.0225910091831425,0
2056,25.464919741949494,0
2057,25.464919741949494,0
2058,25.464919741949494,0
2059,25.464919741949494,0
2060,25.464919741949494,0
2061,25.464919741949494,0
2062,25.464919741949494,0
2063,25.464919741949494,0
2064,25.464919741949494,0
2065,25.464919741949494,0
2066,25.464919741949494,0
2067,25.464919741949494,0
2068,25.464919741949494,0
2069,16.4570781309647,0
2070,16.4570781309647,0
2071,16.4570781309647,0
2072,16.4570781309647,0
2073,16.4570781309647,0
2074,16.4570781309647,0
2075,16.4570781309647,0
2076,16.4570781309647,0
2077,16.4570781309647,0
2078,16.4570781309647,0
2079,16.4570781309647,0
2080,16.4570781309647,0
2081,1.9457197292864152,0
2082,1.9457197292864152,0
2083,1.9457197292864152,0
2084,1.9457197292864152,0
2085,1.9457197292864152,0
2086,1.9457197292864152,0
2087,1.9457197292864152,0
2088,1.9457197292864152,0
2089,1.9457197292864152,0
2090,1.9457197292864152,0
2091,1.9457197292864152,0
2092,32.703071882526416,0
2093,32.703071882526416,0
2094,32.703071882526416,0
2095,32.703071882526416,0
2096,32.703071882526416,0
2097,32.703071882526416,0
2098,32.703071882526416,0
2099,32.703071882526416,0
2100,32.703071882526416,0
2101,32.703071882526416,0
2102,32.703071882526416,0
2103,32.703071882526416,0
2104,32.703071882526416,0
2105,32.703071882526416,0
2106,32.703071882526416,0
2107,45.3160147980848,0
2108,45.3160147980848,0
2109,45.3160147980848,0
2110,45.3160147980848,0
2111,45.3160147980848,0
2112,45.3160147980848,1
2113,45.3160147980848,0
2114,45.3160147980848,0
2115,45.3160147980848,0
2116,45.3160147980848,0
2117,45.3160147980848,0
2118,45.3160147980848,0
2119,45.3160147980848,0
2120,96.4648358880317,0
2121,96.4648358880317,0
2122,96.4648358880317,0
2123,96.4648358880317,0
2124,96.4648358880317,0
2125,96.4648358880317,0
2126,96.4648358880317,0
2127,96.4648358880317,0
2128,96.4648358880317,0
2129,96.4648358880317,0
2130,96.4648358880317,0
2131,96.4648358880317,0
2132,96.4648358880317,0
2133,0.16204108570619238,0
2134,0.16204108570619238,0
2135,0.16204108570619238,0
2136,0.16204108570619238,0
2137,43.092531782400144,0
2138,43.092531782400144,0
2139,43.092531782400144,0
2140,43.092531782400144,0
2141,43.092531782400144,0
2142,43.092531782400144,0
2143,43.092531782400144,0
2144,43.092531782400144,0
2145,43.092531782400144,0
2146,43.092531782400144,0
2147,43.092531782400144,0
2148,43.092531782400144,0
2149,25.502212749782927,0
2150,25.502212749782927,0
2151,25.502212749782927,0
2152,25.502212749782927,0
2153,25.502212749782927,0
2154,25.502212749782927,0
2155,25.502212749782927,0
2156,25.502212749782927,0
2157,25.502212749782927,0
2158,25.502212749782927,0
2159,25.502212749782927,0
2160,51.812935124554556,0
2161,51.812935124554556,0
2162,51.812935124554556,0
2163,51.812935124554556,0
2164,51.812935124554556,0
2165,51.812935124554556,0
2166,51.812935124554556,0
2167,51.812935124554556,0
2168,51.812935124554556,0
2169,51.812935124554556,0
2170,51.812935124554556,0
2171,0.9154130158252068,0
2172,0.9154130158252068,0
2173,0.9154130158252068,0
2174,0.9154130158252068,0
2175,0.9154130158252068,0
2176,0.9154130158252068,0
2177,0.9154130158252068,0
2178,0.9154130158252068,0
2179,0.9154130158252068,0
2180,0.9154130158252068,0
2181,57.2646272823319,0
2182,57.2646272823319,0
2183,57.2646272823319,0
2184,57.2646272823319,0
2185,57.2646272823319,0
2186,57.2646272823319,0
2187,57.2646272823319,1
2188,57.2646272823319,0
2189,14.669324540132044,0
2190,14.669324540132044,0
2191,38.83479101022119,0
2192,38.83479101022119,0
2193,38.83479101022119,0
2194,38.83479101022119,0
2195,38.83479101022119,0
2196,38.83479101022119,0
2197,38.83479101022119,0
2198,5.0158625887524115,0
2199,5.0158625887524115,0
2200,5.0158625887524115,0
2201,5.0158625887524115,0
2202,5.0158625887524115,0
2203,5.0158625887524115,0
2204,5.0158625887524115,0
2205,5.0158625887524115,0
2206,5.0158625887524115,0
2207,33.757173291899164,0
2208,33.757173291899164,0
2209,33.757173291899164,0
2210,33.757173291899164,0
2211,33.757173291899164,0
2212,33.757173291899164,0
2213,33.757173291899164,0
2214,33.757173291899164,0
2215,33.757173291899164,0
2216,33.757173291899164,0
2217,1.3196271971428173,0
2218,1.3196271971428173,0
2219,1.3196271971428173,0
2220,1.3196271971428173,0
2221,1.3196271971428173,0
2222,1.3196271971428173,0
2223,1.3196271971428173,0
2224,1.9019910462655722,0
2225,1.9019910462655722,0
2226,1.9019910462655722,0
2227,1.9019910462655722,0
2228,1.9019910462655722,0
2229,15.248191387990078,0
2230,15.248191387990078,0
2231,15.248191387990078,0
2232,15.248191387990078,0
2233,15.248191387990078,0
2234,15.248191387990078,0
2235,15.248191387990078,0
2236,15.248191387990078,0
2237,15.248191387990078,0
2238,15.248191387990078,0
2239,15.248191387990078,0
2240,15.248191387990078,0
2241,1.077994054637874,0
2242,1.077994054637874,0
2243,1.077994054637874,0
2244,1.077994054637874,0
2245,1.077994054637874,0
2246,1.077994054637874,0
2247,1.077994054637874,0
2248,1.077994054637874,0
2249,1.077994054637874,0
2250,1.077994054637874,0
2251,1.077994054637874,0
2252,1.077994054637874,0
2253,1.077994054637874,0
2254,27.547427562709117,0
2255,27.547427562709117,0
2256,27.547427562709117,0
2257,27.547427562709117,0
2258,27.547427562709117,0
2259,27.547427562709117,0
2260,27.547427562709117,0
2261,27.547427562709117,0
2262,27.547427562709117,0
2263,29.108947235905635,0
2264,29.108947235905635,1
2265,29.108947235905635,0
2266,29.108947235905635,0
2267,29.108947235905635,0
2268,29.108947235905635,0
2269,29.108947235905635,0
2270,29.108947235905635,0
2271,29.108947235905635,1
2272,29.108947235905635,0
2273,29.108947235905635,0
2274,32.475110872492735,0
2275,32.475110872492735,0
2276,32.475110872492735,0
2277,32.475110872492735,0
2278,32.475110872492735,0
2279,32.475110872492735,0
2280,32.475110872492735,0
2281,32.475110872492735,0
2282,32.475110872492735,0
2283,32.475110872492735,0
2284,32.475110872492735,0
2285,32.475110872492735,0
2286,11.79764907359383,0
2287,11.79764907359383,0
2288,11.79764907359383,0
2289,11.79764907359383,0
2290,11.79764907359383,0
2291,11.79764907359383,0
2292,11.79764907359383,0
2293,11.79764907359383,0
2294,11.79764907359383,0
2295,11.79764907359383,0
2296,1.3002266408458483,0
2297,1.3002266408458483,0
2298,1.3002266408458483,0
2299,1.3002266408458483,0
2300,1.3002266408458483,0
2301,1.3002266408458483,0
2302,1.3002266408458483,0
2303,1.3002266408458483,0
2304,1.3002266408458483,0
2305,1.3002266408458483,0
2306,1.3002266408458483,0
2307,1.3002266408458483,0
2308,27.417264645588,0
2309,27.417264645588,0
2310,27.417264645588,0
2311,27.417264645588,0
2312,27.417264645588,0
2313,27.417264645588,0
2314,27.417264645588,0
2315,27.417264645588,0
2316,27.417264645588,0
2317,1.5167518551689272,0
2318,1.5167518551689272,0
2319,1.5167518551689272,0
2320,1.5167518551689272,0
2321,1.5167518551689272,0
2322,1.5167518551689272,0
2323,1.5167518551689272,0
2324,1.5167518551689272,0
2325,1.5167518551689272,0
2326,1.5167518551689272,0
2327,1.5167518551689272,0
2328,1.5167518551689272,0
2329,1.5167518551689272,0
2330,3.689298368958139,0
2331,3.689298368958139,0
2332,3.689298368958139,0
2333,3.689298368958139,0
2334,3.689298368958139,0
2335,19.762476323897385,0
2336,19.762476323897385,0
2337,19.762476323897385,0
2338,19.762476323897385,0
2339,19.762476323897385,0
2340,19.762476323897385,0
2341,19.762476323897385,0
2342,19.762476323897385,0
2343,19.762476323897385,0
2344,19.762476323897385,0
2345,19.762476323897385,0
2346,203.00394195747273,0
2347,203.00394195747273,0
2348,203.00394195747273,0
2349,203.00394195747273,0
2350,203.00394195747273,0
2351,203.00394195747273,0
2352,203.00394195747273,0
2353,203.00394195747273,0
2354,203.00394195747273,0
2355,203.00394195747273,0
2356,1.9750588863179563,0
2357,1.9750588863179563,0
2358,1.9750588863179563,0
2359,1.9750588863179563,0
2360,1.9750588863179563,0
2361,1.9750588863179563,0
2362,1.9750588863179563,0
2363,1.9750588863179563,0
2364,1.9750588863179563,0
2365,1.9750588863179563,0
2366,1.9750588863179563,0
2367,32.41275706639857,0
2368,32.41275706639857,0
2369,32.41275706639857,0
2370,32.41275706639857,0
2371,32.41275706639857,0
2372,32.41275706639857,0
2373,32.41275706639857,0
2374,32.41275706639857,1
2375,32.41275706639857,0
2376,32.41275706639857,0
2377,32.41275706639857,0
2378,43.890290562184,0
2379,43.890290562184,0
2380,43.890290562184,0
2381,43.890290562184,0
2382,43.890290562184,0
2383,43.890290562184,0
2384,43.890290562184,0
2385,43.890290562184,0
2386,43.890290562184,0
2387,43.890290562184,0
2388,43.890290562184,0
2389,0.7245420225370898,0
2390,0.7245420225370898,0
2391,0.7245420225370898,0
2392,0.7245420225370898,0
2393,0.7245420225370898,0
2394,0.7245420225370898,0
2395,0.7245420225370898,0
2396,0.7245420225370898,0
2397,0.7245420225370898,0
2398,45.76215250278103,0
2399,45.76215250278103,0
2400,45.76215250278103,0
2401,45.76215250278103,0
2402,45.76215250278103,0
2403,45.76215250278103,0
2404,45.76215250278103,0
2405,45.76215250278103,0
2406,45.76215250278103,0
2407,45.76215250278103,0
2408,45.76215250278103,0
2409,45.76215250278103,0
2410,45.76215250278103,0
2411,45.76215250278103,0
2412,0.5774491124652239,0
2413,0.5774491124652239,0
2414,0.5774491124652239,0
2415,0.5774491124652239,0
2416,0.5774491124652239,0
2417,0.5774491124652239,0
2418,0.5774491124652239,0
2419,0.5774491124652239,0
2420,0.5774491124652239,0
2421,0.580529064463007,0
2422,0.580529064463007,0
2423,0.580529064463007,0
2424,0.580529064463007,0
2425,0.580529064463007,0
2426,0.580529064463007,0
2427,0.580529064463007,0
2428,0.580529064463007,0
2429,0.580529064463007,0
2430,0.580529064463007,0
2431,0.580529064463007,0
2432,0.580529064463007,0
2433,10.078475389020465,1
2434,10.078475389020465,0
2435,10.078475389020465,0
2436,10.078475389020465,0
2437,10.078475389020465,0
2438,10.078475389020465,0
2439,10.078475389020465,0
2440,10.078475389020465,0
2441,10.078475389020465,0
2442,10.078475389020465,0
2443,10.078475389020465,0
2444,4.1111904093459,0
2445,4.1111904093459,0
2446,4.1111904093459,0
2447,4.1111904093459,0
2448,4.1111904093459,0
2449,4.1111904093459,0
2450,1.5656266944967263,0
2451,1.5656266944967263,0
2452,1.5656266944967263,1
2453,1.5656266944967263,0
2454,1.5656266944967263,0
2455,1.5656266944967263,0
2456,1.5656266944967263,0
2457,1.5656266944967263,0
2458,1.5656266944967263,0
2459,4.130462389346606,0
2460,4.130462389346606,0
2461,4.130462389346606,0
2462,4.130462389346606,0
2463,4.130462389346606,0
2464,4.130462389346606,0
2465,4.130462389346606,0
2466,4.130462389346606,0
2467,4.130462389346606,0
2468,4.130462389346606,0
2469,4.130462389346606,0
2470,25.981953726101487,0
2471,25.981953726101487,0
2472,25.981953726101487,0
2473,25.981953726101487,0
2474,25.981953726101487,0
2475,25.981953726101487,0
2476,25.981953726101487,0
2477,25.981953726101487,0
2478,25.981953726101487,0
2479,25.981953726101487,0
2480,25.981953726101487,0
2481,25.981953726101487,0
2482,25.981953726101487,0
2483,24.003727045492344,0
2484,24.003727045492344,0
2485,24.003727045492344,0
2486,24.003727045492344,0
2487,24.003727045492344,0
2488,24.003727045492344,0
2489,0.3914490818869823,0
2490,0.3914490818869823,0
2491,0.3914490818869823,0
2492,0.3914490818869823,0
2493,0.3914490818869823,0
2494,0.3914490818869823,0
2495,0.3914490818869823,0
2496,0.3914490818869823,0
2497,0.3914490818869823,0
2498,0.3914490818869823,0
2499,0.3914490818869823,0
2500,5.9875156927404465,0
2501,5.9875156927404465,0
2502,5.9875156927404465,0
2503,5.9875156927404465,0
2504,5.9875156927404465,0
2505,5.9875156927404465,0
2506,5.9875156927404465,0
2507,5.9875156927404465,0
2508,14.155936262138345,0
2509,14.155936262138345,0
2510,14.155936262138345,0
2511,14.155936262138345,0
2512,14.155936262138345,0
2513,14.155936262138345,0
2514,1.6436602066286092,0
2515,1.6436602066286092,0
2516,1.6436602066286092,0
2517,1.6436602066286092,0
2518,1.6436602066286092,0
2519,1.6436602066286092,0
2520,1.6436602066286092,0
2521,1.6436602066286092,0
2522,1.6436602066286092,0
2523,1.6436602066286092,0
2524,19.672108626527486,0
2525,19.672108626527486,0
2526,19.672108626527486,0
2527,19.672108626527486,0
2528,19.672108626527486,0
2529,19.672108626527486,0
2530,19.672108626527486,0
2531,19.672108626527486,0
2532,19.672108626527486,0
2533,82.2861299522867,0
2534,82.2861299522867,0
2535,82.2861299522867,0
2536,82.2861299522867,0
2537,82.2861299522867,0
2538,82.2861299522867,0
2539,82.2861299522867,0
2540,82.2861299522867,0
2541,82.2861299522867,0
2542,82.2861299522867,0
2543,82.2861299522867,0
2544,82.2861299522867,0
2545,82.2861299522867,0
2546,82.2861299522867,0
2547,5.290241386630726,0
2548,5.290241386630726,0
2549,5.290241386630726,0
2550,5.290241386630726,0
2551,5.290241386630726,0
2552,5.290241386630726,0
2553,5.290241386630726,0
2554,5.290241386630726,0
2555,5.290241386630726,0
2556,5.290241386630726,0
2557,5.290241386630726,0
2558,5.290241386630726,0
2559,5.290241386630726,0
2560,5.290241386630726,0
2561,53.87976559718655,0
2562,53.87976559718655,0
2563,53.87976559718655,0
2564,53.87976559718655,0
2565,53.87976559718655,0
2566,53.87976559718655,0
2567,53.87976559718655,0
2568,53.87976559718655,0
2569,53.87976559718655,0
2570,53.87976559718655,1
2571,0.2874021965083169,0
2572,0.2874021965083169,0
2573,0.2874021965083169,0
2574,0.2874021965083169,0
2575,0.2874021965083169,0
2576,0.2874021965083169,0
2577,0.2874021965083169,0
2578,0.2874021965083169,0
2579,0.2874021965083169,0
2580,0.2874021965083169,0
2581,2.03113010134274,0
2582,2.03113010134274,0
2583,2.03113010134274,0
2584,2.03113010134274,0
2585,2.03113010134274,0
2586,2.03113010134274,0
2587,2.03113010134274,0
2588,2.03113010134274,0
2589,45.631767135708955,0
2590,45.631767135708955,0
2591,45.631767135708955,0
2592,45.631767135708955,0
2593,45.631767135708955,0
2594,45.631767135708955,0
2595,45.631767135708955,0
2596,45.631767135708955,0
2597,45.631767135708955,0
2598,45.631767135708955,0
2599,45.631767135708955,0
2600,45.631767135708955,0
2601,62.38423904921808,0
2602,62.38423904921808,0
2603,62.38423904921808,0
2604,62.38423904921808,0
2605,62.38423904921808,0
2606,62.38423904921808,0
2607,62.38423904921808,0
2608,62.38423904921808,0
2609,62.38423904921808,0
2610,62.38423904921808,0
2611,62.38423904921808,0
2612,62.38423904921808,0
2613,62.38423904921808,0
2614,70.8187393602838,0
2615,70.8187393602838,0
2616,70.8187393602838,0
2617,70.8187393602838,0
2618,70.8187393602838,0
2619,70.8187393602838,0
2620,70.8187393602838,0
2621,70.8187393602838,0
2622,70.8187393602838,0
2623,70.8187393602838,0
2624,70.8187393602838,0
2625,70.8187393602838,0
2626,1.5027332938878166,0
2627,1.5027332938878166,0
2628,1.5027332938878166,0
2629,1.5027332938878166,0
2630,1.5027332938878166,0
2631,1.5027332938878166,0
2632,1.5027332938878166,0
2633,1.5027332938878166,0
2634,1.5027332938878166,0
2635,1.5027332938878166,0
2636,1.5027332938878166,0
2637,1.5027332938878166,0
2638,1.5027332938878166,0
2639,85.46645547770018,0
2640,85.46645547770018,0
2641,85.46645547770018,0
2642,85.46645547770018,0
2643,85.46645547770018,0
2644,85.46645547770018,0
2645,85.46645547770018,0
2646,85.46645547770018,0
2647,85.46645547770018,0
2648,85.46645547770018,0
2649,85.46645547770018,0
2650,85.46645547770018,0
2651,85.46645547770018,0
2652,48.379218139134984,0
2653,48.379218139134984,0
2654,48.379218139134984,0
2655,48.379218139134984,0
2656,48.379218139134984,0
2657,48.379218139134984,0
2658,48.379218139134984,0
2659,48.379218139134984,0
2660,48.379218139134984,0
2661,48.379218139134984,0
2662,48.379218139134984,0
2663,48.379218139134984,0
2664,48.379218139134984,0
2665,48.379218139134984,0
2666,48.379218139134984,0
2667,3.7467719986304537,0
2668,3.7467719986304537,0
2669,3.7467719986304537,0
2670,3.7467719986304537,0
2671,3.7467719986304537,0
2672,3.7467719986304537,0
2673,3.7467719986304537,0
2674,3.7467719986304537,0
2675,3.7467719986304537,0
2676,3.7467719986304537,0
2677,3.7467719986304537,0
2678,3.7467719986304537,0
2679,2.409708653450608,0
2680,2.409708653450608,0
2681,2.409708653450608,0
2682,2.409708653450608,0
2683,2.409708653450608,0
2684,2.409708653450608,0
2685,2.409708653450608,0
2686,2.409708653450608,0
2687,2.409708653450608,0
2688,2.409708653450608,0
2689,2.409708653450608,0
2690,2.409708653450608,0
2691,64.27241552117496,0
2692,64.27241552117496,0
2693,64.27241552117496,0
2694,64.27241552117496,0
2695,64.27241552117496,0
2696,64.27241552117496,0
2697,64.27241552117496,0
2698,64.27241552117496,0
2699,64.27241552117496,0
2700,64.27241552117496,0
2701,64.27241552117496,0
2702,38.50753991861171,0
2703,38.50753991861171,0
2704,38.50753991861171,0
2705,38.50753991861171,0
2706,38.50753991861171,0
2707,38.50753991861171,0
2708,38.50753991861171,0
2709,38.50753991861171,0
2710,38.50753991861171,0
2711,38.50753991861171,0
2712,155.45206512385104,0
2713,155.45206512385104,0
2714,155.45206512385104,0
2715,155.45206512385104,0
2716,155.45206512385104,0
2717,155.45206512385104,0
2718,155.45206512385104,0
2719,155.45206512385104,0
2720,155.45206512385104,0
2721,155.45206512385104,0
2722,2.1156230921168726,0
2723,2.1156230921168726,0
2724,2.1156230921168726,0
2725,2.1156230921168726,0
2726,2.1156230921168726,0
2727,2.1156230921168726,0
2728,2.338917591516191,0
2729,2.338917591516191,0
2730,2.338917591516191,0
2731,2.338917591516191,0
2732,2.338917591516191,0
2733,2.338917591516191,0
2734,2.338917591516191,0
2735,2.338917591516191,0
2736,2.338917591516191,0
2737,2.338917591516191,0
2738,2.338917591516191,0
2739,2.338917591516191,0
2740,1.3469325423191505,0
2741,1.3469325423191505,0
2742,1.3469325423191505,0
2743,1.3469325423191505,0
2744,1.3469325423191505,0
2745,1.3469325423191505,0
2746,1.3469325423191505,0
2747,1.3469325423191505,0
2748,1.3469325423191505,0
2749,1.3469325423191505,0
2750,29.24472250209053,0
2751,29.24472250209053,0
2752,29.24472250209053,0
2753,29.24472250209053,0
2754,29.24472250209053,0
2755,29.24472250209053,0
2756,29.24472250209053,0
2757,29.24472250209053,0
2758,29.24472250209053,0
2759,29.24472250209053,0
2760,4.1733857864611945,0
2761,4.1733857864611945,0
2762,4.1733857864611945,0
2763,4.1733857864611945,0
2764,4.1733857864611945,0
2765,4.1733857864611945,0
2766,4.1733857864611945,0
2767,4.1733857864611945,0
2768,4.1733857864611945,0
2769,4.1733857864611945,0
2770,4.1733857864611945,0
2771,4.1733857864611945,0
2772,4.1733857864611945,0
2773,4.1733857864611945,0
2774,5.983162445026956,0
2775,5.983162445026956,0
2776,5.983162445026956,0
2777,5.983162445026956,0
2778,5.983162445026956,0
2779,5.983162445026956,0
2780,5.983162445026956,0
2781,5.983162445026956,0
2782,5.983162445026956,0
2783,5.983162445026956,0
2784,5.983162445026956,0
2785,33.93277890104712,0
2786,33.93277890104712,0
2787,33.93277890104712,0
2788,33.93277890104712,0
2789,33.93277890104712,1
2790,33.93277890104712,0
2791,33.93277890104712,0
2792,33.93277890104712,0
2793,33.93277890104712,0
2794,47.33123264870874,0
2795,47.33123264870874,0
2796,47.33123264870874,1
2797,47.33123264870874,0
2798,47.33123264870874,0
2799,47.33123264870874,0
2800,47.33123264870874,0
2801,47.33123264870874,1
2802,34.393901363687156,0
2803,34.393901363687156,0
2804,34.393901363687156,1
2805,34.393901363687156,0
2806,34.393901363687156,0
2807,34.393901363687156,0
2808,34.393901363687156,0
2809,34.393901363687156,0
2810,34.393901363687156,0
2811,34.393901363687156,0
2812,34.393901363687156,0
2813,34.393901363687156,0
2814,34.393901363687156,0
2815,60.78559376222345,0
2816,60.78559376222345,0
2817,60.78559376222345,0
2818,60.78559376222345,0
2819,60.78559376222345,0
2820,60.78559376222345,0
2821,60.78559376222345,0
2822,60.78559376222345,0
2823,60.78559376222345,0
2824,60.78559376222345,0
2825,60.78559376222345,0
2826,67.61217982616594,0
2827,67.61217982616594,0
2828,67.61217982616594,0
2829,67.61217982616594,0
2830,67.61217982616594,0
2831,67.61217982616594,0
2832,67.61217982616594,0
2833,67.61217982616594,0
2834,67.61217982616594,0
2835,67.61217982616594,0
2836,67.61217982616594,0
2837,67.61217982616594,0
2838,67.61217982616594,0
2839,67.61217982616594,0
2840,54.05574838122615,0
2841,54.05574838122615,0
2842,54.05574838122615,0
2843,54.05574838122615,0
2844,54.05574838122615,0
2845,54.05574838122615,0
2846,54.05574838122615,0
2847,54.05574838122615,0
2848,54.05574838122615,0
2849,54.05574838122615,0
2850,1.727533233260848,0
2851,1.727533233260848,0
2852,1.727533233260848,0
2853,1.727533233260848,0
2854,1.727533233260848,0
2855,1.727533233260848,0
2856,1.727533233260848,0
2857,1.727533233260848,0
2858,1.727533233260848,0
2859,1.727533233260848,0
2860,1.727533233260848,0
2861,1.727533233260848,0
2862,1.727533233260848,0
2863,1.727533233260848,0
2864,1.727533233260848,0
2865,103.10378823495986,0
2866,103.10378823495986,0
2867,103.10378823495986,0
2868,103.10378823495986,0
2869,103.10378823495986,0
2870,103.10378823495986,0
2871,103.10378823495986,0
2872,103.10378823495986,0
2873,103.10378823495986,0
2874,103.10378823495986,0
2875,103.10378823495986,0
2876,103.10378823495986,0
2877,103.10378823495986,0
2878,103.10378823495986,0
2879,22.306717379454504,0
2880,22.306717379454504,0
2881,22.306717379454504,0
2882,22.306717379454504,0
2883,22.306717379454504,0
2884,22.306717379454504,0
2885,22.306717379454504,1
2886,22.306717379454504,0
2887,22.306717379454504,0
2888,22.306717379454504,0
2889,22.306717379454504,0
2890,22.306717379454504,0
2891,22.306717379454504,1
2892,22.306717379454504,0
2893,22.306717379454504,0
2894,22.306717379454504,0
2895,4.709711868721419,0
2896,4.709711868721419,0
2897,4.709711868721419,0
2898,4.709711868721419,0
2899,4.709711868721419,0
2900,4.709711868721419,0
2901,4.709711868721419,0
2902,4.709711868721419,0
2903,4.709711868721419,0
2904,4.709711868721419,0
2905,4.709711868721419,0
2906,4.709711868721419,0
2907,4.709711868721419,0
2908,0.9475005064992953,0
2909,0.9475005064992953,0
2910,0.9475005064992953,0
2911,0.9475005064992953,0
2912,0.9475005064992953,0
2913,0.9475005064992953,0
2914,0.9475005064992953,0
2915,0.9475005064992953,0
2916,0.9475005064992953,0
2917,0.9475005064992953,0
2918,0.9475005064992953,0
2919,0.9475005064992953,0
2920,18.532356910630213,0
2921,18.532356910630213,0
2922,18.532356910630213,0
2923,18.532356910630213,0
2924,18.532356910630213,0
2925,18.532356910630213,0
2926,18.532356910630213,0
2927,18.532356910630213,0
2928,18.532356910630213,0
2929,18.532356910630213,0
2930,18.532356910630213,0
2931,18.532356910630213,0
2932,18.532356910630213,0
2933,59.8356369925963,0
2934,59.8356369925963,0
2935,59.8356369925963,0
2936,59.8356369925963,0
2937,59.8356369925963,0
2938,59.8356369925963,0
2939,59.8356369925963,0
2940,59.8356369925963,0
2941,1.5404985231402741,1
2942,1.5404985231402741,0
2943,1.5404985231402741,0
2944,1.5404985231402741,0
2945,1.5404985231402741,0
2946,1.5404985231402741,0
2947,1.5404985231402741,0
2948,1.5404985231402741,0
2949,1.5404985231402741,0
2950,7.852422655367831,0
2951,7.852422655367831,0
2952,7.852422655367831,0
2953,7.852422655367831,0
2954,7.852422655367831,0
2955,7.852422655367831,0
2956,7.852422655367831,0
2957,39.390006001360135,0
2958,39.390006001360135,0
2959,39.390006001360135,0
2960,39.390006001360135,0
2961,39.390006001360135,0
2962,39.390006001360135,0
2963,39.390006001360135,0
2964,39.390006001360135,0
2965,39.390006001360135,0
2966,39.390006001360135,0
2967,39.390006001360135,0
2968,39.390006001360135,0
2969,35.63185096744711,0
2970,35.63185096744711,0
2971,35.63185096744711,0
2972,35.63185096744711,0
2973,35.63185096744711,0
2974,35.63185096744711,0
2975,35.63185096744711,0
2976,35.63185096744711,0
2977,35.63185096744711,0
2978,33.40058005346203,0
2979,33.40058005346203,0
2980,33.40058005346203,0
2981,33.40058005346203,0
2982,33.40058005346203,0
2983,7.082651369012288,0
2984,7.082651369012288,0
2985,7.082651369012288,0
2986,7.082651369012288,0
2987,7.082651369012288,0
2988,7.082651369012288,0
2989,7.082651369012288,0
2990,7.082651369012288,0
2991,7.082651369012288,0
2992,7.082651369012288,0
2993,7.082651369012288,0
2994,5.712577445287802,0
2995,5.712577445287802,0
2996,5.712577445287802,0
2997,5.712577445287802,0
2998,5.712577445287802,0
2999,5.712577445287802,0
3000,5.712577445287802,0
3001,0.6356771208057782,0
3002,0.6356771208057782,0
3003,0.6356771208057782,0
3004,0.6356771208057782,0
3005,0.6356771208057782,0
3006,0.6356771208057782,0
3007,0.6356771208057782,0
3008,0.6356771208057782,0
3009,0.6356771208057782,0
3010,0.6356771208057782,0
3011,0.6356771208057782,0
3012,0.6356771208057782,0
3013,0.6356771208057782,0
3014,0.6356771208057782,0
3015,30.71899052651069,0
3016,30.71899052651069,0
3017,30.71899052651069,0
3018,30.71899052651069,0
3019,30.71899052651069,0
3020,30.71899052651069,0
3021,30.71899052651069,0
3022,30.71899052651069,0
3023,30.71899052651069,0
3024,30.71899052651069,0
3025,1.1346601606176758,0
3026,1.1346601606176758,0
3027,1.1346601606176758,0
3028,1.1346601606176758,0
3029,1.1346601606176758,0
3030,1.1346601606176758,0
3031,1.1346601606176758,0
3032,1.1346601606176758,0
3033,1.1346601606176758,0
3034,1.1346601606176758,0
3035,2.656264373452355,0
3036,2.656264373452355,0
3037,2.656264373452355,0
3038,2.656264373452355,0
3039,2.656264373452355,0
3040,2.656264373452355,0
3041,2.656264373452355,0
3042,2.656264373452355,0
3043,2.656264373452355,0
3044,2.656264373452355,1
3045,2.656264373452355,0
3046,2.656264373452355,0
3047,42.70967587450657,0
3048,42.70967587450657,0
3049,42.70967587450657,0
3050,42.70967587450657,0
3051,42.70967587450657,0
3052,42.70967587450657,0
3053,42.70967587450657,0
3054,42.70967587450657,0
3055,42.70967587450657,0
3056,42.70967587450657,0
3057,42.70967587450657,0
3058,42.70967587450657,0
3059,13.372345038365902,0
3060,13.372345038365902,0
3061,13.372345038365902,0
3062,13.372345038365902,0
3063,13.372345038365902,0
3064,13.372345038365902,0
3065,13.372345038365902,0
3066,13.372345038365902,0
3067,13.372345038365902,0
3068,13.372345038365902,0
3069,12.360684039071678,0
3070,12.360684039071678,0
3071,12.360684039071678,0
3072,12.360684039071678,0
3073,12.360684039071678,0
3074,12.360684039071678,0
3075,12.360684039071678,0
3076,12.360684039071678,0
3077,12.360684039071678,0
3078,12.360684039071678,0
3079,12.360684039071678,0
3080,12.360684039071678,0
3081,61.53140207396485,0
3082,61.53140207396485,0
3083,61.53140207396485,0
3084,61.53140207396485,1
3085,61.53140207396485,0
3086,61.53140207396485,0
3087,61.53140207396485,0
3088,61.53140207396485,0
3089,61.53140207396485,0
3090,61.53140207396485,0
3091,61.53140207396485,0
3092,61.53140207396485,0
3093,14.110396616675533,0
3094,14.110396616675533,0
3095,14.110396616675533,0
3096,14.110396616675533,0
3097,14.110396616675533,0
3098,14.110396616675533,0
3099,14.110396616675533,1
3100,14.110396616675533,0
3101,14.110396616675533,0
3102,1.7602865502970308,0
3103,1.7602865502970308,0
3104,1.7602865502970308,0
3105,1.7602865502970308,0
3106,1.7602865502970308,0
3107,1.7602865502970308,0
3108,1.7602865502970308,0
3109,1.7602865502970308,0
3110,1.7602865502970308,0
3111,1.7602865502970308,0
3112,1.7602865502970308,0
3113,81.80187693332016,0
3114,81.80187693332016,0
3115,81.80187693332016,0
3116,81.80187693332016,0
3117,81.80187693332016,0
3118,81.80187693332016,0
3119,81.80187693332016,0
3120,81.80187693332016,0
3121,81.80187693332016,0
3122,81.80187693332016,0
3123,81.80187693332016,0
3124,81.80187693332016,0
3125,81.80187693332016,0
3126,28.710861586106613,0
3127,28.710861586106613,0
3128,28.710861586106613,0
3129,28.710861586106613,0
3130,28.710861586106613,0
3131,28.710861586106613,0
3132,28.710861586106613,0
3133,28.710861586106613,0
3134,28.710861586106613,0
3135,28.710861586106613,0
3136,28.710861586106613,0
3137,28.710861586106613,0
3138,28.710861586106613,0
3139,28.710861586106613,0
3140,28.710861586106613,0
3141,81.62884562366585,0
3142,81.62884562366585,0
3143,81.62884562366585,0
3144,81.62884562366585,0
3145,81.62884562366585,0
3146,81.62884562366585,0
3147,81.62884562366585,0
3148,81.62884562366585,0
3149,81.62884562366585,0
3150,81.62884562366585,0
3151,81.62884562366585,0
3152,81.62884562366585,0
3153,81.62884562366585,0
3154,0.5854213725135473,0
3155,0.5854213725135473,0
3156,0.5854213725135473,0
3157,0.5854213725135473,0
3158,0.5854213725135473,0
3159,0.5854213725135473,0
3160,0.5854213725135473,0
3161,0.5854213725135473,0
3162,0.5854213725135473,0
3163,0.5854213725135473,0
3164,0.5854213725135473,0
3165,1.7715945235718709,0
3166,1.7715945235718709,0
3167,1.7715945235718709,0
3168,1.7715945235718709,0
3169,1.7715945235718709,0
3170,1.7715945235718709,0
3171,11.683738963589853,0
3172,11.683738963589853,0
3173,11.683738963589853,0
3174,11.683738963589853,0
3175,11.683738963589853,0
3176,11.683738963589853,0
3177,11.683738963589853,0
3178,11.683738963589853,0
3179,11.683738963589853,0
3180,11.683738963589853,0
3181,11.683738963589853,0
3182,11.683738963589853,0
3183,11.683738963589853,0
3184,11.683738963589853,0
3185,1.3822889147399706,0
3186,1.3822889147399706,0
3187,1.3822889147399706,0
3188,1.3822889147399706,0
3189,1.3822889147399706,0
3190,1.3822889147399706,0
3191,1.3822889147399706,0
3192,1.3822889147399706,0
3193,1.3822889147399706,0
3194,3.328778954919442,0
3195,3.328778954919442,0
3196,3.328778954919442,0
3197,3.328778954919442,0
3198,3.328778954919442,0
3199,3.328778954919442,0
3200,3.328778954919442,0
3201,3.328778954919442,0
3202,3.328778954919442,0
3203,3.328778954919442,0
3204,3.328778954919442,0
3205,3.328778954919442,0
3206,3.328778954919442,0
3207,3.328778954919442,0
3208,8.772098643486187,0
3209,8.772098643486187,0
3210,8.772098643486187,0
3211,8.772098643486187,0
3212,8.772098643486187,0
3213,8.772098643486187,0
3214,8.772098643486187,0
3215,8.772098643486187,0
3216,8.772098643486187,0
3217,8.772098643486187,0
3218,8.772098643486187,0
3219,8.772098643486187,0
3220,8.772098643486187,0
3221,8.772098643486187,0
3222,8.772098643486187,0
3223,10.957645588540224,0
3224,10.957645588540224,1
3225,10.957645588540224,0
3226,10.957645588540224,0
3227,10.957645588540224,0
3228,10.957645588540224,0
3229,10.957645588540224,0
3230,10.957645588540224,0
3231,10.957645588540224,0
3232,117.5244224301781,0
3233,117.5244224301781,0
3234,117.5244224301781,0
3235,117.5244224301781,0
3236,117.5244224301781,0
3237,117.5244224301781,0
3238,117.5244224301781,0
3239,117.5244224301781,0
3240,117.5244224301781,0
3241,117.5244224301781,0
3242,117.5244224301781,0
3243,117.5244224301781,0
3244,32.714049048783124,0
3245,32.714049048783124,0
3246,32.714049048783124,0
3247,32.714049048783124,0
3248,32.714049048783124,0
3249,32.714049048783124,0
3250,32.714049048783124,0
3251,32.714049048783124,0
3252,32.714049048783124,0
3253,32.714049048783124,0
3254,3.6214048165663493,0
3255,3.6214048165663493,0
3256,3.6214048165663493,0
3257,3.6214048165663493,0
3258,3.6214048165663493,0
3259,3.6214048165663493,0
3260,3.6214048165663493,0
3261,3.6214048165663493,0
3262,3.6214048165663493,0
3263,3.6214048165663493,0
3264,3.6214048165663493,0
3265,3.6214048165663493,0
3266,43.36368387022526,0
3267,43.36368387022526,0
3268,43.36368387022526,0
3269,43.36368387022526,0
3270,43.36368387022526,0
3271,43.36368387022526,0
3272,43.36368387022526,0
3273,43.36368387022526,0
3274,43.36368387022526,0
3275,43.36368387022526,0
3276,1.0086234957568243,0
3277,1.0086234957568243,0
3278,1.0086234957568243,0
3279,1.0086234957568243,0
3280,1.0086234957568243,0
3281,1.0086234957568243,0
3282,1.0086234957568243,0
3283,1.0086234957568243,0
3284,1.0086234957568243,0
3285,1.0086234957568243,0
3286,1.0086234957568243,0
3287,1.0086234957568243,0
3288,7.106230453498302,0
3289,7.106230453498302,0
3290,7.106230453498302,0
3291,7.106230453498302,0
3292,7.106230453498302,0
3293,7.106230453498302,0
3294,7.106230453498302,0
3295,7.106230453498302,0
3296,7.106230453498302,0
3297,7.106230453498302,0
3298,7.106230453498302,0
3299,7.106230453498302,0
3300,67.12106588092085,0
3301,67.12106588092085,0
3302,67.12106588092085,0
3303,67.12106588092085,0
3304,67.12106588092085,0
3305,67.12106588092085,0
3306,67.12106588092085,0
3307,67.12106588092085,0
3308,67.12106588092085,0
3309,67.12106588092085,0
3310,67.12106588092085,0
3311,67.12106588092085,0
3312,67.12106588092085,0
3313,4.1176290278886105,0
3314,4.1176290278886105,0
3315,4.1176290278886105,0
3316,4.1176290278886105,0
3317,4.1176290278886105,0
3318,4.1176290278886105,0
3319,4.1176290278886105,0
3320,4.1176290278886105,0
3321,3.378504389835268,0
3322,3.378504389835268,0
3323,3.378504389835268,0
3324,3.378504389835268,0
3325,3.378504389835268,0
3326,3.378504389835268,0
3327,3.378504389835268,0
3328,3.378504389835268,0
3329,3.378504389835268,0
3330,9.643789277561254,0
3331,9.643789277561254,0
3332,9.643789277561254,0
3333,9.643789277561254,0
3334,9.643789277561254,0
3335,9.643789277561254,0
3336,9.643789277561254,0
3337,9.643789277561254,0
3338,9.643789277561254,0
3339,9.643789277561254,0
3340,9.643789277561254,0
3341,6.594240001625816,0
3342,6.594240001625816,0
3343,6.594240001625816,0
3344,6.594240001625816,0
3345,6.594240001625816,0
3346,6.594240001625816,0
3347,6.594240001625816,0
3348,6.594240001625816,0
3349,6.594240001625816,0
3350,6.594240001625816,0
3351,6.594240001625816,0
3352,1.0599504210914483,0
3353,1.0599504210914483,0
3354,1.0599504210914483,0
3355,1.0599504210914483,0
3356,1.0599504210914483,0
3357,1.0599504210914483,0
3358,1.0599504210914483,0
3359,1.0599504210914483,0
3360,1.0599504210914483,0
3361,1.0599504210914483,0
3362,1.0599504210914483,0
3363,59.879683767916426,0
3364,59.879683767916426,0
3365,59.879683767916426,0
3366,59.879683767916426,0
3367,59.879683767916426,0
3368,59.879683767916426,0
3369,59.879683767916426,0
3370,59.879683767916426,0
3371,21.087782798305703,0
3372,21.087782798305703,0
3373,21.087782798305703,0
3374,21.087782798305703,0
3375,21.087782798305703,0
3376,21.087782798305703,0
3377,21.087782798305703,0
3378,21.087782798305703,0
3379,21.087782798305703,0
3380,21.087782798305703,0
3381,21.087782798305703,0
3382,21.087782798305703,0
3383,17.49785476242247,0
3384,17.49785476242247,0
3385,17.49785476242247,0
3386,17.49785476242247,0
3387,17.49785476242247,0
3388,17.49785476242247,0
3389,17.49785476242247,0
3390,164.71511847037422,0
3391,164.71511847037422,0
3392,164.71511847037422,0
3393,164.71511847037422,0
3394,164.71511847037422,0
3395,164.71511847037422,0
3396,164.71511847037422,0
3397,164.71511847037422,0
3398,164.71511847037422,0
3399,164.71511847037422,0
3400,64.3362014333394,0
3401,64.3362014333394,0
3402,64.3362014333394,0
3403,64.3362014333394,0
3404,64.3362014333394,0
3405,64.3362014333394,0
3406,64.3362014333394,0
3407,64.3362014333394,0
3408,64.3362014333394,0
3409,64.3362014333394,0
3410,64.3362014333394,0
3411,64.3362014333394,0
3412,3.309466940754424,0
3413,3.309466940754424,0
3414,3.309466940754424,0
3415,3.309466940754424,0
3416,3.309466940754424,0
3417,3.309466940754424,0
3418,3.309466940754424,0
3419,3.309466940754424,0
3420,3.309466940754424,0
3421,3.309466940754424,0
3422,16.000555071678335,0
3423,16.000555071678335,0
3424,16.000555071678335,0
3425,16.000555071678335,0
3426,16.000555071678335,0
3427,16.000555071678335,0
3428,16.000555071678335,0
3429,16.000555071678335,0
3430,16.000555071678335,0
3431,16.000555071678335,0
3432,16.000555071678335,0
3433,3.2623046559541287,0
3434,3.2623046559541287,0
3435,3.2623046559541287,0
3436,3.2623046559541287,0
3437,3.2623046559541287,0
3438,3.2623046559541287,0
3439,3.2623046559541287,0
3440,3.2623046559541287,0
3441,3.2623046559541287,0
3442,3.2623046559541287,0
3443,3.2623046559541287,0
3444,20.22836199115036,0
3445,20.22836199115036,0
3446,20.22836199115036,0
3447,20.22836199115036,0
3448,20.22836199115036,0
3449,20.22836199115036,0
3450,20.22836199115036,0
3451,20.22836199115036,0
3452,20.22836199115036,0
3453,5.299731849108349,0
3454,5.299731849108349,0
3455,5.299731849108349,0
3456,5.299731849108349,0
3457,5.299731849108349,0
3458,5.299731849108349,0
3459,5.299731849108349,0
3460,5.299731849108349,0
3461,5.299731849108349,0
3462,5.299731849108349,0
3463,77.13316651228321,0
3464,77.13316651228321,0
3465,77.13316651228321,0
3466,77.13316651228321,0
3467,77.13316651228321,0
3468,77.13316651228321,0
3469,77.13316651228321,0
3470,77.13316651228321,0
3471,77.13316651228321,0
3472,77.13316651228321,0
3473,27.52031470294538,0
3474,27.52031470294538,0
3475,27.52031470294538,0
3476,27.52031470294538,0
3477,27.52031470294538,0
3478,27.52031470294538,0
3479,27.52031470294538,0
3480,27.52031470294538,0
3481,27.52031470294538,0
3482,27.52031470294538,0
3483,27.52031470294538,0
3484,27.52031470294538,0
3485,27.52031470294538,0
3486,27.52031470294538,0
3487,1.6781588906444416,0
3488,1.6781588906444416,0
3489,1.6781588906444416,0
3490,1.6781588906444416,0
3491,1.6781588906444416,0
3492,1.6781588906444416,0
3493,1.6781588906444416,0
3494,1.7843040877111578,0
3495,1.7843040877111578,0
3496,1.7843040877111578,0
3497,1.7843040877111578,0
3498,1.7843040877111578,0
3499,1.7843040877111578,0
3500,1.7843040877111578,0
3501,1.5495346956258347,0
3502,1.5495346956258347,0
3503,1.5495346956258347,0
3504,1.5495346956258347,0
3505,1.5495346956258347,0
3506,1.5495346956258347,0
3507,1.5495346956258347,0
3508,1.4601072021601857,0
3509,1.4601072021601857,0
3510,1.4601072021601857,0
3511,1.4601072021601857,0
3512,1.4601072021601857,0
3513,1.4601072021601857,0
3514,1.4601072021601857,0
3515,1.4601072021601857,0
3516,1.4601072021601857,0
3517,1.4601072021601857,0
3518,1.4601072021601857,0
3519,1.4601072021601857,0
3520,1.4601072021601857,0
3521,1.4601072021601857,0
3522,1.2921165143699336,0
3523,1.2921165143699336,0
3524,1.2921165143699336,0
3525,1.2921165143699336,0
3526,1.2921165143699336,0
3527,1.2921165143699336,0
3528,1.2921165143699336,0
3529,1.2921165143699336,0
3530,1.2921165143699336,0
3531,1.2921165143699336,0
3532,1.2921165143699336,0
3533,1.2921165143699336,0
3534,68.70292613448292,0
3535,68.70292613448292,1
3536,68.70292613448292,0
3537,68.70292613448292,0
3538,68.70292613448292,0
3539,68.70292613448292,0
3540,68.70292613448292,0
3541,68.70292613448292,0
3542,68.70292613448292,1
3543,68.70292613448292,0
3544,68.70292613448292,0
3545,68.70292613448292,0
3546,6.1442944611734935,0
3547,6.1442944611734935,0
3548,6.1442944611734935,0
3549,6.1442944611734935,0
3550,6.1442944611734935,0
3551,6.1442944611734935,0
3552,6.1442944611734935,0
3553,6.1442944611734935,0
3554,6.1442944611734935,0
3555,6.1442944611734935,0
3556,6.1442944611734935,0
3557,6.1442944611734935,0
3558,1.9454247213534657,0
3559,1.9454247213534657,0
3560,1.9454247213534657,0
3561,1.9454247213534657,0
3562,1.9454247213534657,0
3563,1.9454247213534657,0
3564,1.9454247213534657,0
3565,1.9454247213534657,0
3566,1.9454247213534657,0
3567,1.9454247213534657,0
3568,1.9454247213534657,0
3569,4.2094607155488655,0
3570,4.2094607155488655,0
3571,4.2094607155488655,0
3572,4.2094607155488655,0
3573,4.2094607155488655,0
3574,4.2094607155488655,0
3575,4.2094607155488655,0
3576,4.2094607155488655,0
3577,4.2094607155488655,0
3578,4.2094607155488655,0
3579,4.2094607155488655,0
3580,4.2094607155488655,0
3581,22.83065286891353,0
3582,22.83065286891353,0
3583,22.83065286891353,0
3584,22.83065286891353,0
3585,22.83065286891353,0
3586,22.83065286891353,0
3587,22.83065286891353,0
3588,22.83065286891353,0
3589,22.83065286891353,0
3590,22.83065286891353,0
3591,22.83065286891353,0
3592,22.83065286891353,0
3593,22.83065286891353,0
3594,30.033725957535804,0
3595,30.033725957535804,0
3596,30.033725957535804,0
3597,112.56707158523142,0
3598,112.56707158523142,0
3599,112.56707158523142,0
3600,112.56707158523142,0
3601,112.56707158523142,0
3602,112.56707158523142,0
3603,112.56707158523142,0
3604,112.56707158523142,0
3605,112.56707158523142,0
3606,112.56707158523142,0
3607,112.56707158523142,0
3608,27.903452712263867,0
3609,27.903452712263867,0
3610,27.903452712263867,0
3611,27.903452712263867,0
3612,27.903452712263867,0
3613,27.903452712263867,0
3614,27.903452712263867,0
3615,27.903452712263867,0
3616,2.27889147194001,0
3617,2.27889147194001,0
3618,2.27889147194001,0
3619,2.27889147194001,0
3620,2.27889147194001,0
3621,2.27889147194001,0
3622,2.27889147194001,0
3623,2.27889147194001,0
3624,2.27889147194001,0
3625,2.27889147194001,0
3626,2.27889147194001,0
3627,2.27889147194001,0
3628,57.608623205867666,0
3629,57.608623205867666,0
3630,57.608623205867666,0
3631,57.608623205867666,0
3632,57.608623205867666,0
3633,57.608623205867666,0
3634,57.608623205867666,0
3635,57.608623205867666,0
3636,57.608623205867666,0
3637,11.534591075752418,0
3638,11.534591075752418,0
3639,11.534591075752418,0
3640,11.534591075752418,0
3641,11.534591075752418,0
3642,11.534591075752418,0
3643,11.534591075752418,0
3644,11.534591075752418,0
3645,11.534591075752418,0
3646,11.534591075752418,0
3647,11.534591075752418,0
3648,11.534591075752418,0
3649,40.443368100624106,0
3650,40.443368100624106,0
3651,40.443368100624106,0
3652,40.443368100624106,0
3653,40.443368100624106,0
3654,40.443368100624106,0
3655,40.443368100624106,0
3656,40.443368100624106,0
3657,40.443368100624106,0
3658,40.443368100624106,0
3659,40.443368100624106,0
3660,40.443368100624106,0
3661,8.066281900015591,0
3662,8.066281900015591,0
3663,8.066281900015591,0
3664,8.066281900015591,0
3665,8.066281900015591,0
3666,8.066281900015591,0
3667,8.066281900015591,0
3668,8.066281900015591,0
3669,45.185612857826754,0
3670,45.185612857826754,0
3671,45.185612857826754,0
3672,45.185612857826754,0
3673,45.185612857826754,0
3674,45.185612857826754,0
3675,26.00704090674426,0
3676,26.00704090674426,0
3677,26.00704090674426,0
3678,26.00704090674426,0
3679,26.00704090674426,0
3680,26.00704090674426,0
3681,26.00704090674426,0
3682,26.00704090674426,0
3683,26.00704090674426,0
3684,26.00704090674426,0
3685,26.00704090674426,0
3686,26.00704090674426,0
3687,26.00704090674426,0
3688,26.00704090674426,0
3689,1.1801314898814719,0
3690,1.1801314898814719,0
3691,1.1801314898814719,0
3692,1.1801314898814719,0
3693,1.1801314898814719,0
3694,1.1801314898814719,0
3695,1.1801314898814719,0
3696,1.1801314898814719,0
3697,1.1801314898814719,0
3698,1.1801314898814719,0
3699,1.1801314898814719,0
3700,1.1801314898814719,0
3701,1.1801314898814719,0
3702,29.07160391833291,0
3703,29.07160391833291,0
3704,29.07160391833291,0
3705,29.07160391833291,0
3706,29.07160391833291,0
3707,29.07160391833291,0
3708,29.07160391833291,0
3709,29.07160391833291,0
3710,29.07160391833291,0
3711,29.07160391833291,0
3712,29.07160391833291,0
3713,29.07160391833291,0
3714,29.07160391833291,0
3715,0.9312769524770923,0
3716,0.9312769524770923,0
3717,0.9312769524770923,0
3718,0.9312769524770923,0
3719,0.9312769524770923,0
3720,0.9312769524770923,0
3721,0.9312769524770923,0
3722,0.9312769524770923,0
3723,0.9312769524770923,0
3724,0.9312769524770923,0
3725,0.9312769524770923,0
3726,2.9115731860215344,0
3727,2.9115731860215344,0
3728,2.9115731860215344,0
3729,2.9115731860215344,0
3730,2.9115731860215344,0
3731,2.9115731860215344,0
3732,2.9115731860215344,0
3733,2.9115731860215344,0
3734,2.9115731860215344,0
3735,2.44723061654712,0
3736,2.44723061654712,0
3737,2.44723061654712,0
3738,2.44723061654712,0
3739,2.44723061654712,0
3740,2.44723061654712,0
3741,2.44723061654712,0
3742,2.44723061654712,0
3743,2.44723061654712,0
3744,2.44723061654712,0
3745,2.44723061654712,0
3746,31.370313233360662,0
3747,31.370313233360662,0
3748,31.370313233360662,0
3749,31.370313233360662,0
3750,31.370313233360662,0
3751,31.370313233360662,0
3752,31.370313233360662,0
3753,31.370313233360662,0
3754,31.370313233360662,0
3755,31.370313233360662,0
3756,31.370313233360662,0
3757,31.370313233360662,0
3758,31.370313233360662,0
3759,23.357821734287143,0
3760,23.357821734287143,1
3761,23.357821734287143,0
3762,23.357821734287143,0
3763,23.357821734287143,0
3764,23.357821734287143,0
3765,23.357821734287143,0
3766,23.357821734287143,0
3767,23.357821734287143,0
3768,23.357821734287143,0
3769,23.357821734287143,1
3770,41.30007906257235,0
3771,41.30007906257235,0
3772,41.30007906257235,0
3773,41.30007906257235,0
3774,41.30007906257235,0
3775,41.30007906257235,0
3776,41.30007906257235,0
3777,41.30007906257235,0
3778,41.30007906257235,0
3779,41.30007906257235,0
3780,41.30007906257235,0
3781,3.9839406979190417,0
3782,3.9839406979190417,0
3783,3.9839406979190417,0
3784,3.9839406979190417,0
3785,3.9839406979190417,0
3786,3.9839406979190417,0
3787,3.9839406979190417,0
3788,3.9839406979190417,0
3789,3.9839406979190417,0
3790,3.9839406979190417,0
3791,17.197294330290656,0
3792,17.197294330290656,0
3793,17.197294330290656,0
3794,17.197294330290656,0
3795,17.197294330290656,0
3796,17.197294330290656,0
3797,17.197294330290656,0
3798,17.197294330290656,0
3799,17.197294330290656,0
3800,17.197294330290656,0
3801,17.197294330290656,0
3802,17.197294330290656,0
3803,17.197294330290656,0
3804,17.197294330290656,0
3805,30.74726870457752,0
3806,30.74726870457752,0
3807,30.74726870457752,0
3808,30.74726870457752,0
3809,30.74726870457752,0
3810,30.74726870457752,0
3811,30.74726870457752,0
3812,30.74726870457752,0
3813,30.74726870457752,0
3814,30.74726870457752,0
3815,30.74726870457752,0
3816,53.212541382383684,0
3817,53.212541382383684,0
3818,53.212541382383684,0
3819,53.212541382383684,0
3820,53.212541382383684,0
3821,53.212541382383684,0
3822,53.212541382383684,0
3823,53.212541382383684,0
3824,53.212541382383684,0
3825,13.221459405962952,0
3826,13.221459405962952,0
3827,13.221459405962952,0
3828,13.221459405962952,0
3829,13.221459405962952,0
3830,13.221459405962952,0
3831,13.221459405962952,0
3832,13.221459405962952,0
3833,13.221459405962952,0
3834,13.221459405962952,0
3835,13.221459405962952,0
3836,13.221459405962952,0
3837,1.3699879491409137,0
3838,1.3699879491409137,0
3839,1.3699879491409137,0
3840,1.3699879491409137,0
3841,1.3699879491409137,0
3842,1.3699879491409137,0
3843,1.3699879491409137,0
3844,1.3699879491409137,0
3845,1.3699879491409137,0
3846,1.3699879491409137,0
3847,1.3699879491409137,0
3848,1.3699879491409137,0
3849,3.8000949385959,0
3850,3.8000949385959,0
3851,3.8000949385959,0
3852,3.8000949385959,0
3853,3.8000949385959,0
3854,3.8000949385959,0
3855,3.8000949385959,0
3856,3.8000949385959,0
3857,3.8000949385959,0
3858,43.23552753347178,0
3859,43.23552753347178,0
3860,43.23552753347178,0
3861,43.23552753347178,0
3862,43.23552753347178,0
3863,43.23552753347178,0
3864,43.23552753347178,0
3865,43.23552753347178,0
3866,43.23552753347178,0
3867,2.0879831369686217,0
3868,2.0879831369686217,0
3869,2.0879831369686217,0
3870,2.0879831369686217,0
3871,2.0879831369686217,0
3872,2.0879831369686217,0
3873,2.0879831369686217,0
3874,2.0879831369686217,0
3875,2.0879831369686217,0
3876,2.0879831369686217,0
3877,2.0879831369686217,0
3878,196.74613894667328,0
3879,196.74613894667328,0
3880,196.74613894667328,0
3881,196.74613894667328,0
3882,196.74613894667328,0
3883,196.74613894667328,0
3884,196.74613894667328,0
3885,196.74613894667328,0
3886,196.74613894667328,0
3887,2.0233230518914396,0
3888,2.0233230518914396,0
3889,2.0233230518914396,0
3890,2.0233230518914396,0
3891,2.0233230518914396,0
3892,2.0233230518914396,0
3893,2.0233230518914396,0
3894,25.49434459499525,0
3895,25.49434459499525,0
3896,25.49434459499525,0
3897,25.49434459499525,0
3898,25.49434459499525,0
3899,25.49434459499525,0
3900,25.49434459499525,0
3901,25.49434459499525,0
3902,3.485705945738842,0
3903,3.485705945738842,0
3904,3.485705945738842,0
3905,3.485705945738842,0
3906,3.485705945738842,0
3907,3.485705945738842,0
3908,3.485705945738842,0
3909,3.485705945738842,0
3910,3.485705945738842,0
3911,3.485705945738842,0
3912,3.485705945738842,0
3913,3.7927260764291684,0
3914,3.7927260764291684,0
3915,3.7927260764291684,0
3916,3.7927260764291684,0
3917,3.7927260764291684,0
3918,3.7927260764291684,0
3919,3.7927260764291684,0
3920,3.7927260764291684,0
3921,3.7927260764291684,0
3922,3.7927260764291684,0
3923,3.7927260764291684,0
3924,3.7927260764291684,0
3925,3.7927260764291684,0
3926,141.40292117269897,0
3927,141.40292117269897,0
3928,141.40292117269897,0
3929,141.40292117269897,0
3930,141.40292117269897,0
3931,141.40292117269897,0
3932,141.40292117269897,0
3933,141.40292117269897,0
3934,1.5690677707357326,0
3935,1.5690677707357326,0
3936,1.5690677707357326,0
3937,1.5690677707357326,0
3938,1.5690677707357326,0
3939,1.5690677707357326,0
3940,1.5690677707357326,0
3941,1.5690677707357326,0
3942,1.5690677707357326,0
3943,12.67061074003976,0
3944,12.67061074003976,0
3945,12.67061074003976,0
3946,12.67061074003976,0
3947,12.67061074003976,0
3948,12.67061074003976,0
3949,12.67061074003976,0
3950,12.67061074003976,0
3951,12.67061074003976,0
3952,12.67061074003976,0
3953,12.67061074003976,0
3954,30.104826290602535,0
3955,30.104826290602535,0
3956,30.104826290602535,0
3957,30.104826290602535,0
3958,30.104826290602535,0
3959,30.104826290602535,0
3960,30.104826290602535,0
3961,30.104826290602535,0
3962,30.104826290602535,0
3963,30.104826290602535,0
3964,30.104826290602535,0
3965,30.104826290602535,0
3966,30.104826290602535,0
3967,9.858696792179462,0
3968,9.858696792179462,0
3969,9.858696792179462,0
3970,9.858696792179462,0
3971,9.858696792179462,0
3972,9.858696792179462,0
3973,9.858696792179462,0
3974,9.858696792179462,0
3975,53.68597500032638,0
3976,53.68597500032638,0
3977,53.68597500032638,0
3978,53.68597500032638,0
3979,53.68597500032638,0
3980,53.68597500032638,0
3981,53.68597500032638,0
3982,53.68597500032638,0
3983,53.68597500032638,0
3984,53.68597500032638,0
3985,53.68597500032638,0
3986,0.8084959909394577,0
3987,0.8084959909394577,0
3988,0.8084959909394577,0
3989,0.8084959909394577,0
3990,0.8084959909394577,0
3991,0.8084959909394577,0
3992,0.8084959909394577,0
3993,0.8084959909394577,0
3994,0.8084959909394577,0
3995,0.8084959909394577,0
3996,0.8084959909394577,0
3997,0.8084959909394577,0
3998,0.8084959909394577,0
3999,35.94112456803679,0
4000,35.94112456803679,0
4001,35.94112456803679,0
4002,35.94112456803679,0
4003,35.94112456803679,0
4004,35.94112456803679,0
4005,35.94112456803679,0
4006,35.94112456803679,0
4007,35.94112456803679,0
4008,35.94112456803679,0
4009,35.94112456803679,0
4010,35.94112456803679,0
4011,11.221657174445216,0
4012,11.221657174445216,0
4013,11.221657174445216,0
4014,11.221657174445216,0
4015,11.221657174445216,0
4016,11.221657174445216,0
4017,11.221657174445216,0
4018,11.221657174445216,0
4019,11.221657174445216,0
4020,11.221657174445216,0
4021,11.221657174445216,0
4022,11.221657174445216,0
4023,18.44113417632734,0
4024,18.44113417632734,0
4025,18.44113417632734,0
4026,18.44113417632734,0
4027,18.44113417632734,0
4028,18.44113417632734,0
4029,18.44113417632734,0
4030,18.44113417632734,0
4031,18.44113417632734,0
4032,18.44113417632734,0
4033,18.44113417632734,0
4034,18.44113417632734,0
4035,18.44113417632734,0
4036,18.44113417632734,0
4037,18.44113417632734,0
4038,18.44113417632734,0
4039,18.44113417632734,0
4040,1.1635326409335878,0
4041,1.1635326409335878,0
4042,1.1635326409335878,0
4043,1.1635326409335878,0
4044,1.1635326409335878,0
4045,1.1635326409335878,0
4046,1.1635326409335878,0
4047,1.1635326409335878,0
4048,1.1635326409335878,0
4049,1.1635326409335878,0
4050,156.8033794240996,0
4051,156.8033794240996,0
4052,156.8033794240996,0
4053,156.8033794240996,0
4054,156.8033794240996,0
4055,156.8033794240996,0
4056,156.8033794240996,0
4057,156.8033794240996,0
4058,156.8033794240996,0
4059,156.8033794240996,0
4060,44.46281567206114,0
4061,44.46281567206114,0
4062,44.46281567206114,0
4063,44.46281567206114,0
4064,44.46281567206114,0
4065,44.46281567206114,0
4066,44.46281567206114,0
4067,44.46281567206114,0
4068,44.46281567206114,0
4069,44.46281567206114,0
4070,44.46281567206114,0
4071,44.46281567206114,0
4072,44.46281567206114,0
4073,44.46281567206114,0
4074,1.9781044266401209,0
4075,1.9781044266401209,0
4076,1.9781044266401209,0
4077,1.9781044266401209,0
4078,1.9781044266401209,0
4079,1.9781044266401209,0
4080,1.9781044266401209,0
4081,1.9781044266401209,0
4082,1.9781044266401209,0
4083,1.9781044266401209,0
4084,1.9781044266401209,0
4085,27.89833126860518,0
4086,27.89833126860518,0
4087,27.89833126860518,0
4088,27.89833126860518,0
4089,27.89833126860518,0
4090,27.89833126860518,0
4091,27.89833126860518,0
4092,27.89833126860518,0
4093,27.89833126860518,0
4094,27.89833126860518,0
4095,55.764825429163984,0
4096,55.764825429163984,0
4097,55.764825429163984,0
4098,55.764825429163984,0
4099,55.764825429163984,0
4100,55.764825429163984,0
4101,55.764825429163984,0
4102,55.764825429163984,0
4103,55.764825429163984,0
4104,55.764825429163984,0
4105,55.764825429163984,0
4106,55.764825429163984,0
4107,55.764825429163984,0
4108,75.41635343225174,0
4109,75.41635343225174,0
4110,75.41635343225174,0
4111,75.41635343225174,0
4112,75.41635343225174,0
4113,75.41635343225174,0
4114,75.41635343225174,0
4115,75.41635343225174,0
4116,75.41635343225174,0
4117,75.41635343225174,0
4118,75.41635343225174,0
4119,75.41635343225174,0
4120,52.646686318699544,0
4121,52.646686318699544,0
4122,52.646686318699544,0
4123,52.646686318699544,0
4124,52.646686318699544,0
4125,52.646686318699544,0
4126,52.646686318699544,0
4127,1.685051714217224,0
4128,1.685051714217224,0
4129,1.685051714217224,0
4130,1.685051714217224,0
4131,1.685051714217224,0
4132,1.685051714217224,0
4133,1.685051714217224,0
4134,1.685051714217224,0
4135,1.685051714217224,0
4136,1.685051714217224,0
4137,1.685051714217224,0
4138,1.685051714217224,0
4139,24.62545783785119,0
4140,24.62545783785119,0
4141,24.62545783785119,0
4142,24.62545783785119,0
4143,24.62545783785119,0
4144,24.62545783785119,0
4145,24.62545783785119,0
4146,24.62545783785119,0
4147,24.62545783785119,0
4148,24.62545783785119,0
4149,24.62545783785119,0
4150,24.62545783785119,0
4151,37.82755274041855,0
4152,37.82755274041855,0
4153,37.82755274041855,0
4154,37.82755274041855,0
4155,37.82755274041855,0
4156,37.82755274041855,0
4157,37.82755274041855,0
4158,37.82755274041855,0
4159,37.82755274041855,0
4160,12.803719728239017,0
4161,12.803719728239017,0
4162,12.803719728239017,0
4163,12.803719728239017,0
4164,12.803719728239017,0
4165,12.803719728239017,0
4166,12.803719728239017,0
4167,12.803719728239017,0
4168,12.803719728239017,0
4169,12.803719728239017,0
4170,12.803719728239017,0
4171,5.776292412972031,0
4172,5.776292412972031,0
4173,5.776292412972031,0
4174,5.776292412972031,0
4175,5.776292412972031,0
4176,5.776292412972031,0
4177,5.776292412972031,0
4178,5.776292412972031,0
4179,1.9203658268280075,0
4180,1.9203658268280075,0
4181,1.9203658268280075,1
4182,1.9203658268280075,0
4183,1.9203658268280075,0
4184,1.9203658268280075,0
4185,1.9203658268280075,0
4186,1.9203658268280075,0
4187,1.9203658268280075,0
4188,1.9203658268280075,0
4189,1.9203658268280075,0
4190,1.9203658268280075,0
4191,1.9203658268280075,0
4192,24.596066539494274,0
4193,24.596066539494274,0
4194,24.596066539494274,0
4195,24.596066539494274,0
4196,24.596066539494274,0
4197,24.596066539494274,0
4198,24.596066539494274,0
4199,24.596066539494274,0
4200,24.596066539494274,0
4201,24.596066539494274,0
4202,0.8219651447055523,0
4203,0.8219651447055523,0
4204,0.8219651447055523,0
4205,0.8219651447055523,0
4206,0.8219651447055523,0
4207,0.8219651447055523,0
4208,0.8219651447055523,0
4209,0.8219651447055523,0
4210,0.8219651447055523,0
4211,105.34892220203405,0
4212,105.34892220203405,0
4213,105.34892220203405,0
4214,105.34892220203405,0
4215,105.34892220203405,0
4216,105.34892220203405,0
4217,105.34892220203405,0
4218,105.34892220203405,0
4219,105.34892220203405,0
4220,133.3267896966632,0
4221,133.3267896966632,0
4222,133.3267896966632,0
4223,133.3267896966632,0
4224,133.3267896966632,0
4225,133.3267896966632,0
4226,133.3267896966632,0
4227,133.3267896966632,0
4228,133.3267896966632,0
4229,133.3267896966632,0
4230,133.3267896966632,0
4231,133.3267896966632,0
4232,1.0735439723956444,0
4233,1.0735439723956444,0
4234,1.0735439723956444,0
4235,1.0735439723956444,0
4236,1.0735439723956444,0
4237,1.0735439723956444,0
4238,1.0735439723956444,0
4239,1.0735439723956444,0
4240,1.0735439723956444,0
4241,1.0735439723956444,0
4242,1.0735439723956444,0
4243,16.57686338660647,0
4244,16.57686338660647,0
4245,16.57686338660647,0
4246,16.57686338660647,0
4247,16.57686338660647,0
4248,16.57686338660647,1
4249,16.57686338660647,0
4250,16.57686338660647,0
4251,16.57686338660647,0
4252,16.57686338660647,0
4253,16.57686338660647,0
4254,16.57686338660647,0
4255,52.37998703226782,0
4256,52.37998703226782,0
4257,52.37998703226782,0
4258,52.37998703226782,0
4259,52.37998703226782,0
4260,52.37998703226782,0
4261,52.37998703226782,0
4262,52.37998703226782,0
4263,52.37998703226782,0
4264,52.37998703226782,0
4265,52.37998703226782,0
4266,52.37998703226782,0
4267,52.37998703226782,0
4268,131.3642133275915,0
4269,131.3642133275915,0
4270,131.3642133275915,0
4271,131.3642133275915,0
4272,131.3642133275915,0
4273,131.3642133275915,0
4274,131.3642133275915,0
4275,131.3642133275915,0
4276,131.3642133275915,0
4277,131.3642133275915,0
4278,26.591284706105917,0
4279,26.591284706105917,0
4280,26.591284706105917,0
4281,26.591284706105917,0
4282,26.591284706105917,0
4283,26.591284706105917,0
4284,26.591284706105917,0
4285,26.591284706105917,0
4286,26.591284706105917,0
4287,26.591284706105917,0
4288,26.591284706105917,0
4289,26.591284706105917,0
4290,26.591284706105917,0
4291,83.17687477503584,0
4292,83.17687477503584,0
4293,83.17687477503584,0
4294,83.17687477503584,0
4295,83.17687477503584,0
4296,83.17687477503584,0
4297,83.17687477503584,0
4298,83.17687477503584,0
4299,83.17687477503584,0
4300,83.17687477503584,0
4301,83.17687477503584,0
4302,83.17687477503584,0
4303,35.84188716837392,0
4304,35.84188716837392,0
4305,35.84188716837392,0
4306,35.84188716837392,0
4307,35.84188716837392,0
4308,35.84188716837392,0
4309,35.84188716837392,0
4310,35.84188716837392,0
4311,35.84188716837392,0
4312,35.84188716837392,0
4313,1.3826413038292154,0
4314,1.3826413038292154,0
4315,1.3826413038292154,0
4316,1.3826413038292154,0
4317,1.3826413038292154,0
4318,1.3826413038292154,0
4319,1.3826413038292154,0
4320,1.3826413038292154,0
4321,1.3826413038292154,0
4322,1.3826413038292154,0
4323,1.3826413038292154,0
4324,1.8247614988784324,0
4325,1.8247614988784324,0
4326,1.8247614988784324,0
4327,1.8247614988784324,0
4328,1.8247614988784324,0
4329,1.8247614988784324,0
4330,1.8247614988784324,0
4331,1.8247614988784324,0
4332,1.8930638838382041,0
4333,1.8930638838382041,0
4334,1.8930638838382041,0
4335,1.8930638838382041,0
4336,1.8930638838382041,0
4337,1.8930638838382041,0
4338,1.8930638838382041,0
4339,1.8930638838382041,0
4340,1.8930638838382041,0
4341,1.8930638838382041,0
4342,21.365486804827736,0
4343,21.365486804827736,0
4344,21.365486804827736,0
4345,21.365486804827736,0
4346,21.365486804827736,0
4347,21.365486804827736,0
4348,21.365486804827736,0
4349,21.365486804827736,0
4350,21.365486804827736,0
4351,21.365486804827736,1
4352,21.365486804827736,0
4353,21.365486804827736,0
4354,21.365486804827736,0
4355,3.114808495543982,0
4356,3.114808495543982,0
4357,3.114808495543982,0
4358,3.114808495543982,0
4359,3.114808495543982,0
4360,3.114808495543982,0
4361,3.114808495543982,0
4362,3.114808495543982,0
4363,3.114808495543982,0
4364,3.2622765700494765,0
4365,3.2622765700494765,0
4366,3.2622765700494765,0
4367,3.2622765700494765,0
4368,3.2622765700494765,0
4369,3.2622765700494765,0
4370,3.2622765700494765,0
4371,3.2622765700494765,1
4372,3.2622765700494765,0
4373,3.2622765700494765,0
4374,3.2622765700494765,0
4375,3.2622765700494765,0
4376,3.2622765700494765,0
4377,85.90274671196987,0
4378,85.90274671196987,0
4379,85.90274671196987,0
4380,85.90274671196987,0
4381,85.90274671196987,0
4382,85.90274671196987,0
4383,85.90274671196987,0
4384,85.90274671196987,0
4385,85.90274671196987,0
4386,85.90274671196987,0
4387,85.90274671196987,0
4388,85.90274671196987,0
4389,85.90274671196987,0
4390,85.90274671196987,0
4391,40.295731402174816,0
4392,40.295731402174816,0
4393,40.295731402174816,0
4394,40.295731402174816,0
4395,40.295731402174816,0
4396,40.295731402174816,0
4397,40.295731402174816,0
4398,2.5798585950294353,0
4399,2.5798585950294353,0
4400,2.5798585950294353,0
4401,2.5798585950294353,0
4402,2.5798585950294353,0
4403,2.5798585950294353,0
4404,2.5798585950294353,0
4405,12.47714584380099,0
4406,12.47714584380099,0
4407,12.47714584380099,0
4408,12.47714584380099,0
4409,12.47714584380099,0
4410,12.47714584380099,0
4411,12.47714584380099,0
4412,12.47714584380099,0
4413,85.4316175111395,0
4414,85.4316175111395,0
4415,85.4316175111395,0
4416,85.4316175111395,0
4417,85.4316175111395,0
4418,85.4316175111395,0
4419,85.4316175111395,0
4420,85.4316175111395,0
4421,85.4316175111395,0
4422,85.4316175111395,0
4423,85.4316175111395,0
4424,85.4316175111395,0
4425,85.4316175111395,0
4426,85.4316175111395,0
4427,30.607028948734115,0
4428,30.607028948734115,0
4429,30.607028948734115,0
4430,30.607028948734115,0
4431,30.607028948734115,0
4432,30.607028948734115,0
4433,30.607028948734115,0
4434,30.607028948734115,0
4435,116.17211390527747,0
4436,116.17211390527747,0
4437,116.17211390527747,0
4438,116.17211390527747,0
4439,116.17211390527747,0
4440,116.17211390527747,0
4441,116.17211390527747,0
4442,116.17211390527747,0
4443,116.17211390527747,0
4444,116.17211390527747,0
4445,10.45504122720418,0
4446,10.45504122720418,0
4447,10.45504122720418,0
4448,10.45504122720418,0
4449,10.45504122720418,0
4450,10.45504122720418,0
4451,10.45504122720418,0
4452,10.45504122720418,0
4453,10.45504122720418,0
4454,10.45504122720418,0
4455,10.45504122720418,0
4456,3.940974724592218,0
4457,3.940974724592218,0
4458,3.940974724592218,0
4459,3.940974724592218,0
4460,3.940974724592218,0
4461,3.940974724592218,0
4462,3.940974724592218,0
4463,3.940974724592218,0
4464,3.940974724592218,0
4465,3.940974724592218,0
4466,3.940974724592218,0
4467,3.940974724592218,0
4468,17.598273139645833,0
4469,17.598273139645833,0
4470,17.598273139645833,0
4471,17.598273139645833,0
4472,17.598273139645833,0
4473,17.598273139645833,0
4474,17.598273139645833,0
4475,17.598273139645833,0
4476,17.598273139645833,0
4477,17.598273139645833,0
4478,17.598273139645833,0
4479,17.598273139645833,0
4480,17.598273139645833,0
4481,33.336004008157914,0
4482,33.336004008157914,0
4483,33.336004008157914,0
4484,33.336004008157914,0
4485,33.336004008157914,0
4486,33.336004008157914,0
4487,33.336004008157914,0
4488,33.336004008157914,0
4489,33.336004008157914,0
4490,33.336004008157914,0
4491,33.336004008157914,0
4492,33.336004008157914,0
4493,33.336004008157914,0
4494,101.26217856713173,0
4495,101.26217856713173,0
4496,101.26217856713173,0
4497,101.26217856713173,0
4498,101.26217856713173,0
4499,101.26217856713173,0
4500,101.26217856713173,0
4501,101.26217856713173,0
4502,101.26217856713173,0
4503,101.26217856713173,0
4504,101.26217856713173,0
4505,101.26217856713173,0
4506,101.26217856713173,0
4507,46.28804452658212,0
4508,46.28804452658212,0
4509,46.28804452658212,0
4510,46.28804452658212,1
4511,46.28804452658212,0
4512,46.28804452658212,0
4513,46.28804452658212,0
4514,46.28804452658212,0
4515,3.3158866673605925,0
4516,3.3158866673605925,0
4517,3.3158866673605925,0
4518,3.3158866673605925,0
4519,3.3158866673605925,0
4520,3.3158866673605925,0
4521,3.3158866673605925,0
4522,3.3158866673605925,0
4523,3.3158866673605925,0
4524,3.3158866673605925,0
4525,3.3158866673605925,0
4526,3.3158866673605925,0
4527,8.636136340691607,0
4528,8.636136340691607,0
4529,8.636136340691607,0
4530,8.636136340691607,0
4531,8.636136340691607,0
4532,8.636136340691607,0
4533,8.636136340691607,0
4534,8.636136340691607,0
4535,8.636136340691607,0
4536,8.636136340691607,0
4537,8.636136340691607,0
4538,1.6909916530053124,0
4539,1.6909916530053124,0
4540,1.6909916530053124,0
4541,1.6909916530053124,0
4542,1.6909916530053124,0
4543,1.6909916530053124,0
4544,1.6909916530053124,0
4545,1.6909916530053124,0
4546,1.6909916530053124,0
4547,1.6909916530053124,0
4548,1.6909916530053124,0
4549,1.6909916530053124,0
4550,1.6909916530053124,0
4551,1.6909916530053124,0
4552,1.8227422916490188,0
4553,1.8227422916490188,0
4554,1.8227422916490188,0
4555,1.8227422916490188,0
4556,1.8227422916490188,0
4557,1.8227422916490188,0
4558,1.8227422916490188,0
4559,1.8227422916490188,0
4560,1.8227422916490188,0
4561,1.8227422916490188,0
4562,1.8227422916490188,0
4563,1.8227422916490188,0
4564,1.8227422916490188,0
4565,1.8227422916490188,0
4566,47.7484620838552,0
4567,47.7484620838552,0
4568,47.7484620838552,0
4569,47.7484620838552,0
4570,47.7484620838552,0
4571,47.7484620838552,0
4572,47.7484620838552,0
4573,47.7484620838552,0
4574,47.7484620838552,0
4575,47.7484620838552,0
4576,29.030196507859362,0
4577,29.030196507859362,0
4578,29.030196507859362,0
4579,29.030196507859362,0
4580,29.030196507859362,0
4581,29.030196507859362,0
4582,29.030196507859362,0
4583,29.030196507859362,0
4584,29.030196507859362,0
4585,29.030196507859362,0
4586,29.030196507859362,0
4587,7.354955905773059,0
4588,7.354955905773059,0
4589,7.354955905773059,0
4590,7.354955905773059,0
4591,7.354955905773059,0
4592,7.354955905773059,0
4593,7.354955905773059,0
4594,7.354955905773059,0
4595,7.354955905773059,0
4596,7.354955905773059,0
4597,7.354955905773059,0
4598,54.56546453651709,0
4599,54.56546453651709,0
4600,54.56546453651709,0
4601,54.56546453651709,0
4602,54.56546453651709,0
4603,54.56546453651709,0
4604,54.56546453651709,0
4605,54.56546453651709,0
4606,1.5361511858826316,0
4607,1.5361511858826316,0
4608,1.5361511858826316,0
4609,1.5361511858826316,0
4610,1.5361511858826316,0
4611,1.5361511858826316,0
4612,1.5361511858826316,0
4613,1.5361511858826316,0
4614,1.5361511858826316,0
4615,1.5361511858826316,0
4616,1.5361511858826316,0
4617,1.5361511858826316,0
4618,3.0776517280884197,0
4619,3.0776517280884197,0
4620,3.0776517280884197,0
4621,3.0776517280884197,0
4622,3.0776517280884197,0
4623,3.0776517280884197,0
4624,3.0776517280884197,0
4625,3.0776517280884197,0
4626,3.0776517280884197,0
4627,3.0776517280884197,0
4628,3.0776517280884197,0
4629,3.0776517280884197,0
4630,3.0776517280884197,0
4631,3.0776517280884197,0
4632,3.0776517280884197,0
4633,3.076030076079799,0
4634,3.076030076079799,0
4635,3.076030076079799,0
4636,3.076030076079799,0
4637,3.076030076079799,0
4638,3.076030076079799,0
4639,3.076030076079799,0
4640,3.076030076079799,0
4641,3.076030076079799,0
4642,20.868470284349034,0
4643,20.868470284349034,0
4644,20.868470284349034,0
4645,20.868470284349034,0
4646,20.868470284349034,0
4647,20.868470284349034,0
4648,20.868470284349034,0
4649,20.868470284349034,0
4650,20.868470284349034,0
4651,20.868470284349034,0
4652,20.868470284349034,0
4653,20.868470284349034,0
4654,20.868470284349034,0
4655,20.868470284349034,0
4656,23.932203659327286,0
4657,23.932203659327286,0
4658,23.932203659327286,0
4659,23.932203659327286,0
4660,23.932203659327286,0
4661,23.932203659327286,0
4662,23.932203659327286,0
4663,23.932203659327286,0
4664,23.932203659327286,0
4665,23.932203659327286,0
4666,12.532055238728091,0
4667,12.532055238728091,0
4668,12.532055238728091,0
4669,12.532055238728091,0
4670,12.532055238728091,0
4671,12.532055238728091,0
4672,12.532055238728091,0
4673,12.532055238728091,0
4674,12.532055238728091,0
4675,12.532055238728091,0
4676,12.532055238728091,0
4677,12.532055238728091,0
4678,5.208829352695758,0
4679,5.208829352695758,0
4680,5.208829352695758,0
4681,5.208829352695758,0
4682,5.208829352695758,0
4683,5.208829352695758,0
4684,5.208829352695758,0
4685,5.208829352695758,0
4686,5.208829352695758,0
4687,5.208829352695758,0
4688,5.208829352695758,0
4689,5.208829352695758,0
4690,36.26235125476849,0
4691,36.26235125476849,0
4692,36.26235125476849,0
4693,36.26235125476849,0
4694,36.26235125476849,0
4695,36.26235125476849,0
4696,36.26235125476849,0
4697,36.26235125476849,0
4698,36.26235125476849,0
4699,2.7352784875485114,0
4700,2.7352784875485114,0
4701,2.7352784875485114,0
4702,2.7352784875485114,0
4703,2.7352784875485114,0
4704,2.7352784875485114,0
4705,2.7352784875485114,0
4706,2.7352784875485114,0
4707,2.7352784875485114,0
4708,2.7352784875485114,0
4709,45.53235070094645,0
4710,45.53235070094645,0
4711,45.53235070094645,0
4712,45.53235070094645,0
4713,45.53235070094645,0
4714,45.53235070094645,0
4715,45.53235070094645,0
4716,45.53235070094645,0
4717,45.53235070094645,0
4718,45.53235070094645,0
4719,29.49971903341274,0
4720,29.49971903341274,1
4721,29.49971903341274,0
4722,29.49971903341274,0
4723,29.49971903341274,0
4724,29.49971903341274,0
4725,29.49971903341274,0
4726,29.49971903341274,0
4727,29.49971903341274,0
4728,29.49971903341274,0
4729,29.49971903341274,0
4730,29.49971903341274,0
4731,29.49971903341274,0
4732,29.49971903341274,0
4733,0.9733322592730824,0
4734,0.9733322592730824,0
4735,0.9733322592730824,0
4736,0.9733322592730824,0
4737,0.9733322592730824,0
4738,0.9733322592730824,0
4739,0.9733322592730824,0
4740,0.9733322592730824,0
4741,0.9733322592730824,0
4742,0.365345849974315,0
4743,0.365345849974315,0
4744,0.365345849974315,0
4745,0.365345849974315,0
4746,0.365345849974315,0
4747,0.365345849974315,0
4748,0.365345849974315,0
4749,0.365345849974315,0
4750,0.365345849974315,0
4751,0.365345849974315,0
4752,33.34657312261835,0
4753,33.34657312261835,0
4754,33.34657312261835,0
4755,33.34657312261835,0
4756,33.34657312261835,0
4757,33.34657312261835,0
4758,33.34657312261835,0
4759,33.34657312261835,0
4760,33.34657312261835,0
4761,33.34657312261835,0
4762,33.34657312261835,0
4763,33.34657312261835,0
4764,33.34657312261835,0
4765,33.34657312261835,0
4766,33.34657312261835,0
4767,94.87672704408406,0
4768,94.87672704408406,0
4769,94.87672704408406,0
4770,94.87672704408406,0
4771,94.87672704408406,0
4772,94.87672704408406,0
4773,94.87672704408406,0
4774,94.87672704408406,0
4775,94.87672704408406,0
4776,0.1485128434584376,0
4777,0.1485128434584376,0
4778,0.1485128434584376,0
4779,0.1485128434584376,0
4780,0.1485128434584376,0
4781,0.1485128434584376,0
4782,0.1485128434584376,0
4783,0.1485128434584376,0
4784,8.044185383585198,0
4785,8.044185383585198,0
4786,8.044185383585198,0
4787,8.044185383585198,0
4788,8.044185383585198,0
4789,8.044185383585198,0
4790,8.044185383585198,0
4791,8.044185383585198,0
4792,8.044185383585198,0
4793,8.044185383585198,0
4794,8.044185383585198,0
4795,8.044185383585198,0
4796,8.044185383585198,0
4797,19.163847009917156,0
4798,19.163847009917156,0
4799,19.163847009917156,0
4800,19.163847009917156,0
4801,19.163847009917156,0
4802,19.163847009917156,0
4803,19.163847009917156,0
4804,19.163847009917156,0
4805,19.163847009917156,0
4806,19.163847009917156,0
4807,19.163847009917156,0
4808,19.163847009917156,0
4809,0.5221944005702244,0
4810,0.5221944005702244,0
4811,0.5221944005702244,0
4812,0.5221944005702244,0
4813,0.5221944005702244,0
4814,0.5221944005702244,0
4815,0.5221944005702244,0
4816,0.5221944005702244,0
4817,0.5221944005702244,0
4818,0.5221944005702244,0
4819,0.5221944005702244,0
4820,0.5221944005702244,0
4821,0.5221944005702244,0
4822,0.5221944005702244,0
4823,88.08135208551097,0
4824,88.08135208551097,0
4825,88.08135208551097,0
4826,88.08135208551097,0
4827,88.08135208551097,0
4828,88.08135208551097,0
4829,88.08135208551097,0
4830,88.08135208551097,0
4831,88.08135208551097,0
4832,88.08135208551097,0
4833,88.08135208551097,0
4834,88.08135208551097,0
4835,88.08135208551097,0
4836,81.01545248093404,0
4837,81.01545248093404,0
4838,81.01545248093404,0
4839,81.01545248093404,0
4840,81.01545248093404,0
4841,81.01545248093404,0
4842,81.01545248093404,0
4843,81.01545248093404,0
4844,81.01545248093404,0
4845,81.01545248093404,0
4846,81.01545248093404,0
4847,81.01545248093404,0
4848,81.01545248093404,0
4849,81.01545248093404,0
4850,9.487374599371698,0
4851,9.487374599371698,0
4852,9.487374599371698,0
4853,9.487374599371698,0
4854,9.487374599371698,0
4855,9.487374599371698,0
4856,9.487374599371698,0
4857,9.487374599371698,0
4858,9.487374599371698,0
4859,9.487374599371698,0
4860,9.487374599371698,0
4861,2.777553331324304,0
4862,2.777553331324304,0
4863,2.777553331324304,0
4864,2.777553331324304,0
4865,2.777553331324304,0
4866,2.777553331324304,0
4867,2.777553331324304,0
4868,52.941278675451244,0
4869,52.941278675451244,0
4870,52.941278675451244,0
4871,52.941278675451244,0
4872,52.941278675451244,0
4873,52.941278675451244,0
4874,52.941278675451244,0
4875,52.941278675451244,0
4876,52.941278675451244,0
4877,52.941278675451244,0
4878,52.941278675451244,0
4879,52.941278675451244,0
4880,36.914811030868925,0
4881,36.914811030868925,0
4882,36.914811030868925,0
4883,36.914811030868925,0
4884,36.914811030868925,0
4885,36.914811030868925,0
4886,36.914811030868925,0
4887,36.914811030868925,0
4888,36.914811030868925,0
4889,36.914811030868925,0
4890,36.914811030868925,0
4891,36.914811030868925,0
4892,36.914811030868925,0
4893,36.914811030868925,0
4894,36.914811030868925,0
4895,36.914811030868925,0
4896,19.678268983922994,0
4897,19.678268983922994,0
4898,19.678268983922994,0
4899,19.678268983922994,0
4900,19.678268983922994,0
4901,19.678268983922994,0
4902,19.678268983922994,0
4903,39.85443402207369,0
4904,39.85443402207369,0
4905,39.85443402207369,0
4906,39.85443402207369,0
4907,39.85443402207369,0
4908,39.85443402207369,0
4909,39.85443402207369,0
4910,39.85443402207369,0
4911,39.85443402207369,0
4912,39.85443402207369,0
4913,39.85443402207369,0
4914,39.85443402207369,0
4915,39.85443402207369,0
4916,39.85443402207369,0
4917,17.723929336926865,0
4918,17.723929336926865,0
4919,17.723929336926865,0
4920,17.723929336926865,0
4921,17.723929336926865,0
4922,17.723929336926865,0
4923,17.723929336926865,0
4924,17.723929336926865,0
4925,17.723929336926865,0
4926,17.723929336926865,0
4927,17.723929336926865,0
4928,17.723929336926865,0
4929,1.5730253013003528,0
4930,1.5730253013003528,0
4931,1.5730253013003528,0
4932,1.5730253013003528,0
4933,1.5730253013003528,0
4934,1.5730253013003528,0
4935,1.5730253013003528,0
4936,1.5730253013003528,0
4937,1.5730253013003528,0
4938,1.5730253013003528,0
4939,1.5730253013003528,0
4940,1.5730253013003528,0
4941,9.763341598749419,0
4942,9.763341598749419,0
4943,9.763341598749419,0
4944,9.763341598749419,0
4945,9.763341598749419,0
4946,9.763341598749419,0
4947,9.763341598749419,0
4948,9.763341598749419,0
4949,9.763341598749419,0
4950,9.763341598749419,0
4951,9.763341598749419,0
4952,9.763341598749419,0
4953,9.763341598749419,0
4954,9.763341598749419,0
4955,2.6365155436588434,0
4956,2.6365155436588434,0
4957,2.6365155436588434,0
4958,2.6365155436588434,0
4959,2.6365155436588434,0
4960,2.6365155436588434,0
4961,2.6365155436588434,0
4962,2.6365155436588434,0
4963,17.619985933609414,0
4964,17.619985933609414,0
4965,17.619985933609414,0
4966,17.619985933609414,0
4967,17.619985933609414,0
4968,17.619985933609414,0
4969,17.619985933609414,0
4970,17.619985933609414,0
4971,17.619985933609414,0
4972,17.619985933609414,0
4973,17.619985933609414,0
4974,17.619985933609414,0
4975,13.850728552681154,0
4976,13.850728552681154,0
4977,13.850728552681154,0
4978,13.850728552681154,0
4979,13.850728552681154,0
4980,13.850728552681154,0
4981,13.850728552681154,0
4982,13.850728552681154,0
4983,13.850728552681154,0
4984,13.850728552681154,0
4985,13.850728552681154,0
4986,13.850728552681154,0
4987,13.850728552681154,0
4988,16.35258541090935,0
4989,16.35258541090935,0
4990,16.35258541090935,0
4991,16.35258541090935,0
4992,16.35258541090935,0
4993,16.35258541090935,0
4994,16.35258541090935,0
4995,16.35258541090935,0
4996,16.35258541090935,0
4997,16.35258541090935,0
4998,16.35258541090935,0
4999,16.35258541090935,0
5000,16.35258541090935,0
5001,12.873893345407616,0
5002,12.873893345407616,0
5003,12.873893345407616,0
5004,12.873893345407616,0
5005,12.873893345407616,0
5006,12.873893345407616,0
5007,12.873893345407616,0
5008,12.873893345407616,0
5009,2.9752115451733316,0
5010,2.9752115451733316,0
5011,2.9752115451733316,0
5012,2.9752115451733316,0
5013,2.9752115451733316,0
5014,2.9752115451733316,0
5015,2.9752115451733316,0
5016,100.4070174227661,0
5017,100.4070174227661,0
5018,100.4070174227661,0
5019,100.4070174227661,0
5020,100.4070174227661,0
5021,100.4070174227661,0
5022,100.4070174227661,0
5023,100.4070174227661,0
5024,100.4070174227661,0
5025,6.302529464163458,0
5026,6.302529464163458,0
5027,6.302529464163458,0
5028,6.302529464163458,0
5029,6.302529464163458,0
5030,6.302529464163458,0
5031,6.302529464163458,0
5032,6.302529464163458,0
5033,6.302529464163458,0
5034,16.013845289265966,1
5035,16.013845289265966,0
5036,16.013845289265966,0
5037,16.013845289265966,0
5038,16.013845289265966,0
5039,16.013845289265966,0
5040,16.013845289265966,0
5041,16.013845289265966,0
5042,16.013845289265966,0
5043,16.013845289265966,0
5044,16.013845289265966,0
5045,16.013845289265966,0
5046,16.013845289265966,0
5047,39.43514771868893,0
5048,39.43514771868893,0
5049,39.43514771868893,0
5050,39.43514771868893,1
5051,39.43514771868893,0
5052,39.43514771868893,0
5053,39.43514771868893,0
5054,39.43514771868893,0
5055,39.43514771868893,0
5056,39.43514771868893,0
5057,39.43514771868893,0
5058,39.43514771868893,0
5059,51.21105658671711,0
5060,51.21105658671711,0
5061,51.21105658671711,0
5062,51.21105658671711,0
5063,51.21105658671711,0
5064,51.21105658671711,0
5065,51.21105658671711,0
5066,51.21105658671711,0
5067,51.21105658671711,0
5068,51.21105658671711,0
5069,51.21105658671711,0
5070,51.21105658671711,0
5071,51.21105658671711,0
5072,39.58155530815964,0
5073,39.58155530815964,1
5074,39.58155530815964,1
5075,39.58155530815964,0
5076,39.58155530815964,0
5077,39.58155530815964,0
5078,39.58155530815964,0
5079,39.58155530815964,0
5080,39.58155530815964,0
5081,39.58155530815964,0
5082,39.58155530815964,0
5083,39.58155530815964,0
5084,39.58155530815964,0
5085,2.9293660817037614,0
5086,2.9293660817037614,0
5087,2.9293660817037614,0
5088,2.9293660817037614,0
5089,2.9293660817037614,0
5090,2.9293660817037614,0
5091,2.9293660817037614,0
5092,2.9293660817037614,0
5093,2.9293660817037614,0
5094,2.9293660817037614,0
5095,2.9293660817037614,0
5096,2.9293660817037614,0
5097,1.1615580823478342,0
5098,1.1615580823478342,0
5099,1.1615580823478342,0
5100,1.1615580823478342,0
5101,1.1615580823478342,0
5102,1.1615580823478342,0
5103,1.1615580823478342,0
5104,1.1615580823478342,0
5105,1.1615580823478342,0
5106,1.1615580823478342,0
5107,1.1615580823478342,0
5108,22.899401781753067,0
5109,22.899401781753067,0
5110,22.899401781753067,0
5111,22.899401781753067,0
5112,22.899401781753067,0
5113,22.899401781753067,0
5114,22.899401781753067,0
5115,22.899401781753067,0
5116,22.899401781753067,0
5117,22.899401781753067,0
5118,22.899401781753067,0
5119,22.899401781753067,0
5120,22.899401781753067,0
5121,22.899401781753067,0
5122,65.35469155797927,0
5123,65.35469155797927,0
5124,65.35469155797927,0
5125,65.35469155797927,0
5126,65.35469155797927,0
5127,65.35469155797927,0
5128,65.35469155797927,0
5129,65.35469155797927,0
5130,65.35469155797927,0
5131,65.35469155797927,0
5132,65.35469155797927,0
5133,1.2160820231231044,0
5134,1.2160820231231044,0
5135,1.2160820231231044,0
5136,1.2160820231231044,0
5137,1.2160820231231044,0
5138,1.2160820231231044,0
5139,1.2160820231231044,0
5140,1.2160820231231044,0
5141,1.2160820231231044,0
5142,1.2160820231231044,0
5143,1.2160820231231044,0
5144,1.2160820231231044,0
5145,1.2160820231231044,0
5146,1.2160820231231044,0
5147,36.84399518280922,0
5148,36.84399518280922,0
5149,36.84399518280922,0
5150,36.84399518280922,0
5151,36.84399518280922,0
5152,36.84399518280922,0
5153,36.84399518280922,0
5154,36.84399518280922,0
5155,36.84399518280922,0
5156,36.84399518280922,0
5157,36.84399518280922,0
5158,36.84399518280922,0
5159,11.140718690982343,0
5160,11.140718690982343,0
5161,11.140718690982343,0
5162,11.140718690982343,0
5163,11.140718690982343,0
5164,11.140718690982343,0
5165,11.140718690982343,0
5166,11.140718690982343,0
5167,11.140718690982343,0
5168,11.140718690982343,0
5169,11.140718690982343,0
5170,11.140718690982343,0
5171,1.6405027570957036,0
5172,1.6405027570957036,0
5173,1.6405027570957036,0
5174,1.6405027570957036,0
5175,1.6405027570957036,0
5176,1.6405027570957036,0
5177,1.6405027570957036,0
5178,1.6405027570957036,0
5179,1.6405027570957036,0
5180,1.6405027570957036,0
5181,1.6405027570957036,0
5182,0.8893694742424418,0
5183,0.8893694742424418,0
5184,0.8893694742424418,0
5185,0.8893694742424418,0
5186,0.8893694742424418,0
5187,0.8893694742424418,0
5188,0.8893694742424418,0
5189,0.8893694742424418,0
5190,0.8893694742424418,0
5191,0.8893694742424418,0
5192,0.8893694742424418,0
5193,0.8893694742424418,0
5194,0.8893694742424418,0
5195,11.11270864919147,0
5196,11.11270864919147,0
5197,11.11270864919147,0
5198,11.11270864919147,0
5199,11.11270864919147,0
5200,11.11270864919147,0
5201,11.11270864919147,0
5202,11.11270864919147,0
5203,11.11270864919147,0
5204,7.8370963616594365,0
5205,7.8370963616594365,0
5206,7.8370963616594365,0
5207,7.8370963616594365,0
5208,7.8370963616594365,0
5209,7.8370963616594365,0
5210,7.8370963616594365,0
5211,7.8370963616594365,0
5212,7.8370963616594365,0
5213,7.8370963616594365,0
5214,46.8255777984132,0
5215,46.8255777984132,0
5216,46.8255777984132,0
5217,46.8255777984132,0
5218,46.8255777984132,1
5219,46.8255777984132,0
5220,46.8255777984132,0
5221,46.8255777984132,0
5222,46.8255777984132,0
5223,131.09594510222325,0
5224,131.09594510222325,0
5225,131.09594510222325,0
5226,131.09594510222325,0
5227,131.09594510222325,0
5228,131.09594510222325,0
5229,131.09594510222325,0
5230,131.09594510222325,0
5231,131.09594510222325,0
5232,131.09594510222325,0
5233,131.09594510222325,0
5234,131.09594510222325,0
5235,59.996497408911836,0
5236,59.996497408911836,0
5237,59.996497408911836,0
5238,59.996497408911836,0
5239,59.996497408911836,0
5240,59.996497408911836,0
5241,59.996497408911836,0
5242,59.996497408911836,0
5243,59.996497408911836,0
5244,31.760941700864024,0
5245,31.760941700864024,0
5246,31.760941700864024,0
5247,31.760941700864024,0
5248,31.760941700864024,0
5249,31.760941700864024,0
5250,31.760941700864024,0
5251,31.760941700864024,0
5252,31.760941700864024,0
5253,31.760941700864024,0
5254,31.760941700864024,0
5255,31.760941700864024,0
5256,31.760941700864024,0
5257,47.48665387832337,0
5258,47.48665387832337,0
5259,47.48665387832337,0
5260,47.48665387832337,0
5261,47.48665387832337,0
5262,47.48665387832337,0
5263,47.48665387832337,0
5264,47.48665387832337,0
5265,47.48665387832337,0
5266,47.48665387832337,0
5267,47.48665387832337,0
5268,47.48665387832337,0
5269,47.48665387832337,0
5270,47.48665387832337,0
5271,47.48665387832337,0
5272,2.2701392611119755,0
5273,2.2701392611119755,0
5274,2.2701392611119755,0
5275,2.2701392611119755,0
5276,2.2701392611119755,0
5277,2.2701392611119755,0
5278,2.2701392611119755,0
5279,2.2701392611119755,0
5280,2.2701392611119755,0
5281,2.2701392611119755,0
5282,23.806918956816766,0
5283,23.806918956816766,0
5284,23.806918956816766,0
5285,23.806918956816766,0
5286,23.806918956816766,0
5287,23.806918956816766,0
5288,23.806918956816766,0
5289,23.806918956816766,0
5290,23.806918956816766,0
5291,23.806918956816766,0
5292,23.806918956816766,0
5293,23.806918956816766,0
5294,23.806918956816766,0
5295,25.445568984544476,0
5296,25.445568984544476,0
5297,25.445568984544476,0
5298,25.445568984544476,0
5299,25.445568984544476,0
5300,25.445568984544476,0
5301,25.445568984544476,0
5302,25.445568984544476,0
5303,25.445568984544476,0
5304,25.445568984544476,0
5305,50.25665949689716,0
5306,50.25665949689716,0
5307,50.25665949689716,0
5308,50.25665949689716,0
5309,50.25665949689716,0
5310,50.25665949689716,0
5311,50.25665949689716,0
5312,50.25665949689716,0
5313,50.25665949689716,0
5314,0.1756447352600127,0
5315,0.1756447352600127,0
5316,0.1756447352600127,0
5317,0.1756447352600127,0
5318,0.1756447352600127,0
5319,0.1756447352600127,0
5320,0.1756447352600127,0
5321,0.1756447352600127,0
5322,0.1756447352600127,0
5323,0.1756447352600127,0
5324,0.1756447352600127,0
5325,80.53555567843267,0
5326,80.53555567843267,0
5327,80.53555567843267,0
5328,80.53555567843267,0
5329,80.53555567843267,0
5330,80.53555567843267,0
5331,80.53555567843267,0
5332,80.53555567843267,0
5333,80.53555567843267,0
5334,80.53555567843267,0
5335,80.53555567843267,0
5336,80.53555567843267,0
5337,80.53555567843267,0
5338,80.53555567843267,0
5339,34.96758178962928,0
5340,34.96758178962928,0
5341,34.96758178962928,0
5342,34.96758178962928,0
5343,34.96758178962928,0
5344,34.96758178962928,0
5345,34.96758178962928,0
5346,34.96758178962928,0
5347,34.96758178962928,0
5348,34.96758178962928,0
5349,34.96758178962928,0
5350,34.96758178962928,0
5351,1.416671290576984,0
5352,1.416671290576984,0
5353,1.416671290576984,0
5354,1.416671290576984,0
5355,1.416671290576984,0
5356,1.416671290576984,0
5357,1.416671290576984,0
5358,2.085856052933102,0
5359,2.085856052933102,0
5360,2.085856052933102,0
5361,2.085856052933102,0
5362,2.085856052933102,0
5363,2.085856052933102,0
5364,2.085856052933102,0
5365,2.085856052933102,0
5366,2.085856052933102,0
5367,2.085856052933102,0
5368,1.8327040622209962,0
5369,1.8327040622209962,0
5370,1.8327040622209962,0
5371,1.8327040622209962,0
5372,1.8327040622209962,0
5373,1.8327040622209962,0
5374,1.8327040622209962,0
5375,1.8327040622209962,0
5376,1.8327040622209962,0
5377,1.8327040622209962,0
5378,1.8327040622209962,0
5379,1.8327040622209962,0
5380,1.8327040622209962,0
5381,1.8327040622209962,0
5382,1.8327040622209962,0
5383,1.8327040622209962,0
5384,1.8327040622209962,0
5385,41.884121615114736,0
5386,41.884121615114736,0
5387,41.884121615114736,0
5388,41.884121615114736,0
5389,41.884121615114736,0
5390,41.884121615114736,0
5391,41.884121615114736,0
5392,41.884121615114736,0
5393,41.884121615114736,0
5394,41.884121615114736,0
5395,41.884121615114736,0
5396,41.884121615114736,0
5397,41.884121615114736,0
5398,41.884121615114736,0
5399,41.884121615114736,0
5400,4.249396450688154,0
5401,4.249396450688154,0
5402,4.249396450688154,0
5403,4.249396450688154,0
5404,4.249396450688154,0
5405,4.249396450688154,0
5406,4.249396450688154,0
5407,4.249396450688154,0
5408,4.249396450688154,0
5409,4.249396450688154,0
5410,4.249396450688154,0
5411,4.249396450688154,0
5412,4.249396450688154,0
5413,16.766571990963822,0
5414,16.766571990963822,0
5415,16.766571990963822,0
5416,16.766571990963822,0
5417,16.766571990963822,0
5418,16.766571990963822,0
5419,16.766571990963822,0
5420,16.766571990963822,0
5421,16.766571990963822,0
5422,28.793320918971013,0
5423,28.793320918971013,0
5424,28.793320918971013,0
5425,28.793320918971013,0
5426,28.793320918971013,0
5427,28.793320918971013,0
5428,28.793320918971013,0
5429,28.793320918971013,0
5430,28.793320918971013,0
5431,28.793320918971013,0
5432,28.793320918971013,0
5433,28.793320918971013,0
5434,10.784373760313915,0
5435,10.784373760313915,0
5436,10.784373760313915,0
5437,10.784373760313915,0
5438,10.784373760313915,0
5439,10.784373760313915,0
5440,10.784373760313915,0
5441,10.784373760313915,0
5442,10.784373760313915,0
5443,0.7939367146635042,0
5444,0.7939367146635042,0
5445,0.7939367146635042,0
5446,0.7939367146635042,0
5447,0.7939367146635042,0
5448,0.7939367146635042,0
5449,0.7939367146635042,0
5450,0.7939367146635042,0
5451,0.7939367146635042,0
5452,0.7939367146635042,0
5453,0.7939367146635042,0
5454,0.7939367146635042,0
5455,3.562099087619769,0
5456,3.562099087619769,0
5457,3.562099087619769,0
5458,3.562099087619769,1
5459,3.562099087619769,0
5460,3.562099087619769,0
5461,3.562099087619769,0
5462,3.562099087619769,0
5463,3.562099087619769,0
5464,3.562099087619769,0
5465,3.562099087619769,0
5466,3.562099087619769,0
5467,3.562099087619769,0
5468,5.810295697218286,0
5469,5.810295697218286,0
5470,5.810295697218286,0
5471,5.810295697218286,0
5472,5.810295697218286,0
5473,5.810295697218286,0
5474,5.810295697218286,0
5475,5.810295697218286,0
5476,2.0647618937231953,0
5477,2.0647618937231953,0
5478,2.0647618937231953,0
5479,2.0647618937231953,0
5480,2.0647618937231953,0
5481,2.0647618937231953,0
5482,2.0647618937231953,0
5483,2.0647618937231953,0
5484,12.59162978552774,0
5485,12.59162978552774,0
5486,12.59162978552774,0
5487,12.59162978552774,0
5488,12.59162978552774,0
5489,12.59162978552774,0
5490,12.59162978552774,0
5491,12.59162978552774,0
5492,12.59162978552774,0
5493,12.59162978552774,0
5494,12.59162978552774,0
5495,12.59162978552774,0
5496,12.59162978552774,0
5497,12.59162978552774,0
5498,62.837737439396705,0
5499,62.837737439396705,0
5500,62.837737439396705,0
5501,62.837737439396705,0
5502,62.837737439396705,0
5503,62.837737439396705,0
5504,62.837737439396705,0
5505,62.837737439396705,0
5506,62.837737439396705,0
5507,73.06399565362157,0
5508,73.06399565362157,0
5509,73.06399565362157,0
5510,73.06399565362157,0
5511,73.06399565362157,0
5512,73.06399565362157,0
5513,73.06399565362157,0
5514,73.06399565362157,0
5515,73.06399565362157,0
5516,73.06399565362157,0
5517,73.06399565362157,0
5518,0.7940262338782168,0
5519,0.7940262338782168,0
5520,0.7940262338782168,0
5521,0.7940262338782168,0
5522,0.7940262338782168,0
5523,0.7940262338782168,0
5524,0.7940262338782168,0
5525,0.7940262338782168,0
5526,0.7940262338782168,0
5527,0.7940262338782168,0
5528,0.7940262338782168,0
5529,0.7940262338782168,0
5530,0.7940262338782168,0
5531,0.7940262338782168,0
5532,1.5221558704324716,0
5533,1.5221558704324716,0
5534,1.5221558704324716,0
5535,1.5221558704324716,0
5536,1.5221558704324716,0
5537,1.5221558704324716,0
5538,1.5221558704324716,0
5539,1.5221558704324716,0
5540,1.5221558704324716,0
5541,1.5221558704324716,0
5542,1.5221558704324716,0
5543,1.5221558704324716,0
5544,74.55506253562278,0
5545,74.55506253562278,0
5546,74.55506253562278,0
5547,74.55506253562278,0
5548,74.55506253562278,0
5549,74.55506253562278,0
5550,74.55506253562278,0
5551,74.55506253562278,0
5552,74.55506253562278,0
5553,74.55506253562278,0
5554,18.455918866886694,0
5555,18.455918866886694,0
5556,18.455918866886694,0
5557,18.455918866886694,0
5558,18.455918866886694,0
5559,18.455918866886694,0
5560,18.455918866886694,0
5561,18.455918866886694,0
5562,18.455918866886694,0
5563,18.455918866886694,0
5564,18.455918866886694,0
5565,18.455918866886694,0
5566,18.455918866886694,0
5567,18.455918866886694,0
5568,18.455918866886694,0
5569,3.4129641224549836,0
5570,3.4129641224549836,0
5571,3.4129641224549836,0
5572,3.4129641224549836,0
5573,3.4129641224549836,0
5574,3.4129641224549836,0
5575,3.4129641224549836,0
5576,3.4129641224549836,0
5577,3.4129641224549836,0
5578,3.4129641224549836,0
5579,3.4129641224549836,0
5580,3.4129641224549836,0
5581,3.4129641224549836,0
5582,3.4129641224549836,0
5583,13.063240050088863,0
5584,13.063240050088863,0
5585,13.063240050088863,0
5586,13.063240050088863,0
5587,13.063240050088863,0
5588,13.063240050088863,0
5589,13.063240050088863,0
5590,13.063240050088863,0
5591,13.063240050088863,0
5592,13.063240050088863,0
5593,13.063240050088863,0
5594,13.063240050088863,0
5595,35.375515557059934,0
5596,35.375515557059934,0
5597,35.375515557059934,0
5598,35.375515557059934,0
5599,35.375515557059934,0
5600,35.375515557059934,0
5601,35.375515557059934,0
5602,35.375515557059934,0
5603,35.375515557059934,0
5604,35.375515557059934,0
5605,35.375515557059934,0
5606,35.375515557059934,0
5607,35.375515557059934,0
5608,35.375515557059934,0
5609,3.2441778545863293,0
5610,3.2441778545863293,0
5611,3.2441778545863293,0
5612,3.2441778545863293,0
5613,3.2441778545863293,0
5614,3.2441778545863293,0
5615,3.2441778545863293,0
5616,3.2441778545863293,0
5617,3.2441778545863293,0
5618,3.2441778545863293,0
5619,3.2441778545863293,0
5620,3.2441778545863293,0
5621,3.2441778545863293,0
5622,11.518382234211202,0
5623,18.8779008358386,0
5624,18.8779008358386,0
5625,18.8779008358386,0
5626,18.8779008358386,0
5627,18.8779008358386,0
5628,18.8779008358386,0
5629,18.8779008358386,0
5630,18.8779008358386,0
5631,18.8779008358386,0
5632,18.8779008358386,0
5633,18.8779008358386,0
5634,18.8779008358386,0
5635,0.3780213531952649,0
5636,0.3780213531952649,0
5637,0.3780213531952649,0
5638,0.3780213531952649,0
5639,0.3780213531952649,0
5640,0.3780213531952649,0
5641,0.3780213531952649,0
5642,0.3780213531952649,0
5643,0.3780213531952649,0
5644,0.3780213531952649,0
5645,0.3780213531952649,0
5646,0.3780213531952649,0
5647,0.3780213531952649,0
5648,0.3780213531952649,0
5649,4.08418772379476,0
5650,4.08418772379476,0
5651,4.08418772379476,0
5652,4.08418772379476,0
5653,4.08418772379476,0
5654,4.08418772379476,0
5655,4.08418772379476,0
5656,4.08418772379476,0
5657,4.08418772379476,0
5658,4.08418772379476,0
5659,45.795093587397275,0
5660,45.795093587397275,0
5661,45.795093587397275,0
5662,45.795093587397275,0
5663,45.795093587397275,0
5664,45.795093587397275,0
5665,45.795093587397275,0
5666,45.795093587397275,0
5667,45.795093587397275,0
5668,45.795093587397275,0
5669,45.795093587397275,0
5670,45.795093587397275,0
5671,45.795093587397275,0
5672,45.795093587397275,0
5673,45.795093587397275,0
5674,58.14449738928008,0
5675,58.14449738928008,0
5676,58.14449738928008,0
5677,58.14449738928008,0
5678,58.14449738928008,0
5679,58.14449738928008,0
5680,58.14449738928008,0
5681,58.14449738928008,0
5682,58.14449738928008,0
5683,58.14449738928008,0
5684,58.14449738928008,0
5685,58.14449738928008,0
5686,4.015946278304369,0
5687,4.015946278304369,0
5688,4.015946278304369,0
5689,4.015946278304369,0
5690,4.015946278304369,0
5691,4.015946278304369,0
5692,4.015946278304369,0
5693,4.015946278304369,0
5694,4.015946278304369,0
5695,4.015946278304369,0
5696,18.701441462509834,0
5697,18.701441462509834,0
5698,18.701441462509834,0
5699,18.701441462509834,0
5700,18.701441462509834,0
5701,18.701441462509834,0
5702,18.701441462509834,0
5703,18.701441462509834,0
5704,18.701441462509834,0
5705,18.701441462509834,0
5706,0.6948914373868669,0
5707,0.6948914373868669,0
5708,0.6948914373868669,0
5709,0.6948914373868669,0
5710,0.6948914373868669,0
5711,0.6948914373868669,0
5712,0.6948914373868669,0
5713,0.6948914373868669,0
5714,0.6948914373868669,0
5715,0.6948914373868669,0
5716,0.6948914373868669,0
5717,17.158480916227262,0
5718,17.158480916227262,0
5719,17.158480916227262,0
5720,17.158480916227262,0
5721,17.158480916227262,0
5722,17.158480916227262,0
5723,17.158480916227262,0
5724,17.158480916227262,0
5725,17.158480916227262,0
5726,17.158480916227262,0
5727,17.158480916227262,0
5728,45.397989620274394,0
5729,45.397989620274394,0
5730,45.397989620274394,0
5731,45.397989620274394,0
5732,45.397989620274394,0
5733,45.397989620274394,0
5734,45.397989620274394,0
5735,45.397989620274394,0
5736,45.397989620274394,0
5737,45.397989620274394,0
5738,45.397989620274394,0
5739,45.397989620274394,0
5740,45.397989620274394,0
5741,53.39800547961581,0
5742,53.39800547961581,0
5743,53.39800547961581,0
5744,53.39800547961581,0
5745,53.39800547961581,0
5746,53.39800547961581,0
5747,53.39800547961581,0
5748,53.39800547961581,0
5749,53.39800547961581,0
5750,53.39800547961581,0
5751,53.39800547961581,0
5752,53.39800547961581,0
5753,50.30926750380642,0
5754,50.30926750380642,0
5755,50.30926750380642,0
5756,50.30926750380642,0
5757,50.30926750380642,0
5758,50.30926750380642,0
5759,50.30926750380642,0
5760,50.30926750380642,0
5761,50.30926750380642,0
5762,50.30926750380642,0
5763,50.30926750380642,0
5764,4.946173658933328,0
5765,4.946173658933328,0
5766,4.946173658933328,0
5767,4.946173658933328,0
5768,4.946173658933328,0
5769,4.946173658933328,0
5770,4.946173658933328,0
5771,4.946173658933328,0
5772,4.946173658933328,0
5773,4.946173658933328,0
5774,4.946173658933328,0
5775,88.36751791561468,0
5776,88.36751791561468,0
5777,88.36751791561468,0
5778,88.36751791561468,0
5779,88.36751791561468,0
5780,88.36751791561468,0
5781,88.36751791561468,0
5782,88.36751791561468,0
5783,88.36751791561468,0
5784,88.36751791561468,0
5785,88.36751791561468,0
5786,88.36751791561468,0
5787,88.36751791561468,0
5788,0.23777744407196472,0
5789,0.23777744407196472,0
5790,0.23777744407196472,0
5791,0.23777744407196472,0
5792,0.23777744407196472,0
5793,0.23777744407196472,0
5794,0.23777744407196472,0
5795,0.23777744407196472,0
5796,0.23777744407196472,0
5797,0.23777744407196472,0
5798,1.047395116279737,0
5799,1.047395116279737,0
5800,1.047395116279737,0
5801,1.047395116279737,0
5802,1.047395116279737,0
5803,1.047395116279737,0
5804,1.047395116279737,0
5805,4.028550338353261,0
5806,4.028550338353261,0
5807,4.028550338353261,0
5808,4.028550338353261,0
5809,4.028550338353261,0
5810,4.028550338353261,0
5811,4.028550338353261,0
5812,4.028550338353261,0
5813,4.028550338353261,0
5814,4.028550338353261,0
5815,4.028550338353261,0
5816,28.000237627342624,0
5817,28.000237627342624,0
5818,28.000237627342624,0
5819,28.000237627342624,0
5820,28.000237627342624,0
5821,28.000237627342624,0
5822,28.000237627342624,0
5823,28.000237627342624,0
5824,28.000237627342624,0
5825,28.000237627342624,0
5826,28.000237627342624,0
5827,28.000237627342624,0
5828,28.000237627342624,0
5829,28.000237627342624,0
5830,28.000237627342624,0
5831,23.963419961293887,0
5832,23.963419961293887,0
5833,23.963419961293887,0
5834,23.963419961293887,0
5835,23.963419961293887,0
5836,23.963419961293887,0
5837,23.963419961293887,0
5838,23.963419961293887,0
5839,23.963419961293887,0
5840,23.963419961293887,0
5841,23.963419961293887,1
5842,18.20390109984807,0
5843,18.20390109984807,0
5844,18.20390109984807,0
5845,18.20390109984807,0
5846,18.20390109984807,0
5847,18.20390109984807,0
5848,18.20390109984807,0
5849,18.20390109984807,0
5850,18.20390109984807,0
5851,3.0503080534686906,0
5852,3.0503080534686906,0
5853,3.0503080534686906,0
5854,3.0503080534686906,0
5855,3.0503080534686906,0
5856,3.0503080534686906,0
5857,3.0503080534686906,0
5858,3.0503080534686906,0
5859,3.0503080534686906,0
5860,3.0503080534686906,0
5861,3.0503080534686906,0
5862,3.0503080534686906,0
5863,3.0503080534686906,0
5864,14.468068858026784,0
5865,14.468068858026784,0
5866,14.468068858026784,0
5867,14.468068858026784,0
5868,14.468068858026784,0
5869,14.468068858026784,0
5870,14.468068858026784,0
5871,14.468068858026784,0
5872,14.468068858026784,0
5873,14.468068858026784,0
5874,14.468068858026784,0
5875,14.468068858026784,0
5876,4.320115907425272,0
5877,4.320115907425272,0
5878,4.320115907425272,0
5879,4.320115907425272,0
5880,4.320115907425272,0
5881,4.320115907425272,0
5882,4.320115907425272,0
5883,4.320115907425272,0
5884,4.320115907425272,0
5885,144.5494547098821,0
5886,144.5494547098821,0
5887,144.5494547098821,0
5888,144.5494547098821,0
5889,144.5494547098821,0
5890,144.5494547098821,0
5891,144.5494547098821,0
5892,144.5494547098821,0
5893,85.9085358881499,0
5894,85.9085358881499,0
5895,85.9085358881499,0
5896,85.9085358881499,0
5897,85.9085358881499,0
5898,85.9085358881499,0
5899,85.9085358881499,0
5900,85.9085358881499,0
5901,85.9085358881499,0
5902,85.9085358881499,0
5903,85.9085358881499,0
5904,1.7560987632841436,0
5905,1.7560987632841436,0
5906,1.7560987632841436,0
5907,1.7560987632841436,0
5908,1.7560987632841436,0
5909,1.7560987632841436,0
5910,1.7560987632841436,0
5911,1.7560987632841436,0
5912,18.529726879916453,0
5913,18.529726879916453,0
5914,18.529726879916453,0
5915,18.529726879916453,0
5916,18.529726879916453,0
5917,18.529726879916453,0
5918,18.529726879916453,0
5919,18.529726879916453,0
5920,18.529726879916453,0
5921,18.529726879916453,0
5922,18.529726879916453,0
5923,18.529726879916453,0
5924,54.14285172525061,0
5925,54.14285172525061,1
5926,54.14285172525061,0
5927,54.14285172525061,0
5928,54.14285172525061,0
5929,54.14285172525061,0
5930,54.14285172525061,0
5931,54.14285172525061,0
5932,54.14285172525061,0
5933,54.14285172525061,0
5934,54.14285172525061,0
5935,0.9200430652128716,0
5936,0.9200430652128716,0
5937,0.9200430652128716,0
5938,0.9200430652128716,0
5939,0.9200430652128716,0
5940,0.9200430652128716,0
5941,0.9200430652128716,0
5942,0.9200430652128716,1
5943,0.9200430652128716,0
5944,0.9200430652128716,0
5945,99.45006466282582,0
5946,99.45006466282582,0
5947,99.45006466282582,0
5948,99.45006466282582,0
5949,99.45006466282582,0
5950,99.45006466282582,0
5951,99.45006466282582,0
5952,99.45006466282582,0
5953,99.45006466282582,0
5954,99.45006466282582,0
5955,99.45006466282582,0
5956,99.45006466282582,0
5957,99.45006466282582,1
5958,14.548068177198815,0
5959,14.548068177198815,0
5960,14.548068177198815,0
5961,14.548068177198815,0
5962,14.548068177198815,0
5963,14.548068177198815,0
5964,14.548068177198815,0
5965,14.548068177198815,0
5966,2.674231095276297,0
5967,2.674231095276297,0
5968,2.674231095276297,0
5969,2.674231095276297,0
5970,2.674231095276297,0
5971,2.674231095276297,0
5972,2.674231095276297,0
5973,2.674231095276297,0
5974,2.674231095276297,0
5975,2.674231095276297,0
5976,2.674231095276297,0
5977,2.674231095276297,0
5978,3.601401104623315,0
5979,3.601401104623315,0
5980,3.601401104623315,0
5981,3.601401104623315,0
5982,3.601401104623315,0
5983,3.601401104623315,0
5984,3.601401104623315,0
5985,3.601401104623315,0
5986,3.601401104623315,0
5987,3.601401104623315,0
5988,3.601401104623315,0
5989,3.601401104623315,0
5990,3.601401104623315,0
5991,22.124888426449893,0
5992,22.124888426449893,0
5993,22.124888426449893,0
5994,22.124888426449893,0
5995,22.124888426449893,0
5996,22.124888426449893,0
5997,22.124888426449893,0
5998,22.124888426449893,1
5999,22.124888426449893,0
6000,22.124888426449893,0
6001,22.124888426449893,0
6002,22.124888426449893,0
6003,3.5288911202032454,0
6004,3.5288911202032454,0
6005,3.5288911202032454,0
6006,3.5288911202032454,0
6007,3.5288911202032454,0
6008,3.5288911202032454,0
6009,3.5288911202032454,0
6010,3.5288911202032454,0
6011,3.5288911202032454,0
6012,3.5288911202032454,0
6013,3.5288911202032454,0
6014,3.5288911202032454,0
6015,3.5288911202032454,0
6016,3.5288911202032454,0
6017,2.8633267827857836,0
6018,2.8633267827857836,0
6019,2.8633267827857836,0
6020,2.8633267827857836,0
6021,2.8633267827857836,0
6022,2.8633267827857836,0
6023,2.8633267827857836,0
6024,2.8633267827857836,0
6025,2.8633267827857836,0
6026,2.8633267827857836,0
6027,2.8633267827857836,0
6028,2.8633267827857836,0
6029,2.8633267827857836,0
6030,3.4461682717668523,0
6031,3.4461682717668523,0
6032,3.4461682717668523,0
6033,3.4461682717668523,0
6034,3.4461682717668523,0
6035,3.4461682717668523,0
6036,3.4461682717668523,0
6037,3.4461682717668523,0
6038,3.4461682717668523,0
6039,11.05942744630544,0
6040,11.05942744630544,0
6041,11.05942744630544,0
6042,11.05942744630544,0
6043,11.05942744630544,0
6044,11.05942744630544,0
6045,11.05942744630544,0
6046,11.05942744630544,0
6047,11.05942744630544,0
6048,11.05942744630544,0
6049,11.05942744630544,0
6050,53.23091945650315,0
6051,53.23091945650315,0
6052,53.23091945650315,0
6053,53.23091945650315,0
6054,53.23091945650315,0
6055,53.23091945650315,0
6056,53.23091945650315,0
6057,53.23091945650315,0
6058,53.23091945650315,0
6059,53.23091945650315,0
6060,53.23091945650315,0
6061,53.23091945650315,0
6062,78.20485146688519,0
6063,78.20485146688519,0
6064,78.20485146688519,0
6065,78.20485146688519,0
6066,78.20485146688519,0
6067,78.20485146688519,0
6068,78.20485146688519,0
6069,78.20485146688519,0
6070,78.20485146688519,0
6071,78.20485146688519,0
6072,78.20485146688519,0
6073,78.20485146688519,0
6074,0.44200868063821924,0
6075,0.44200868063821924,0
6076,0.44200868063821924,0
6077,0.44200868063821924,0
6078,0.44200868063821924,0
6079,0.44200868063821924,0
6080,0.44200868063821924,0
6081,0.44200868063821924,0
6082,0.44200868063821924,0
6083,0.44200868063821924,0
6084,2.9713333894542293,0
6085,2.9713333894542293,0
6086,2.9713333894542293,0
6087,2.9713333894542293,0
6088,2.9713333894542293,0
6089,2.9713333894542293,0
6090,2.9713333894542293,0
6091,2.9713333894542293,0
6092,2.9713333894542293,0
6093,2.9713333894542293,0
6094,2.9713333894542293,0
6095,2.9713333894542293,0
6096,2.9713333894542293,0
6097,2.9713333894542293,0
6098,2.9713333894542293,0
6099,22.267569771158904,0
6100,22.267569771158904,0
6101,22.267569771158904,0
6102,22.267569771158904,0
6103,22.267569771158904,0
6104,22.267569771158904,0
6105,22.267569771158904,0
6106,22.267569771158904,0
6107,22.267569771158904,0
6108,22.267569771158904,0
6109,22.267569771158904,0
6110,22.267569771158904,0
6111,22.267569771158904,0
6112,31.264615095961542,0
6113,31.264615095961542,0
6114,31.264615095961542,0
6115,31.264615095961542,0
6116,31.264615095961542,0
6117,31.264615095961542,0
6118,31.264615095961542,0
6119,31.264615095961542,0
6120,31.264615095961542,0
6121,31.264615095961542,0
6122,70.7686852543247,0
6123,70.7686852543247,0
6124,70.7686852543247,0
6125,70.7686852543247,0
6126,70.7686852543247,0
6127,70.7686852543247,0
6128,70.7686852543247,0
6129,70.7686852543247,0
6130,4.152099433581124,0
6131,4.152099433581124,0
6132,4.152099433581124,0
6133,4.152099433581124,0
6134,4.152099433581124,0
6135,4.152099433581124,0
6136,4.152099433581124,0
6137,4.152099433581124,0
6138,47.79127948222632,0
6139,47.79127948222632,0
6140,47.79127948222632,0
6141,47.79127948222632,0
6142,47.79127948222632,0
6143,47.79127948222632,0
6144,47.79127948222632,0
6145,47.79127948222632,0
6146,47.79127948222632,0
6147,47.79127948222632,0
6148,47.79127948222632,0
6149,47.79127948222632,0
6150,47.79127948222632,0
6151,47.79127948222632,0
6152,21.35084775310544,0
6153,21.35084775310544,0
6154,21.35084775310544,0
6155,21.35084775310544,0
6156,21.35084775310544,0
6157,21.35084775310544,0
6158,21.35084775310544,0
6159,21.35084775310544,0
6160,21.35084775310544,0
6161,21.35084775310544,0
6162,21.35084775310544,0
6163,52.78588511308017,0
6164,52.78588511308017,0
6165,52.78588511308017,0
6166,52.78588511308017,0
6167,52.78588511308017,0
6168,52.78588511308017,0
6169,52.78588511308017,0
6170,52.78588511308017,0
6171,52.78588511308017,0
6172,52.78588511308017,0
6173,52.78588511308017,0
6174,52.78588511308017,1
6175,10.143863430268658,0
6176,10.143863430268658,0
6177,10.143863430268658,0
6178,10.143863430268658,0
6179,10.143863430268658,0
6180,10.143863430268658,0
6181,10.143863430268658,0
6182,10.143863430268658,0
6183,10.143863430268658,0
6184,10.143863430268658,0
6185,10.143863430268658,0
6186,10.143863430268658,0
6187,10.143863430268658,0
6188,19.4583201555725,0
6189,19.4583201555725,0
6190,19.4583201555725,0
6191,19.4583201555725,0
6192,19.4583201555725,0
6193,19.4583201555725,0
6194,19.4583201555725,0
6195,19.4583201555725,0
6196,19.4583201555725,0
6197,4.268133859585004,0
6198,4.268133859585004,0
6199,4.268133859585004,0
6200,4.268133859585004,0
6201,4.268133859585004,1
6202,4.268133859585004,0
6203,4.268133859585004,0
6204,4.268133859585004,0
6205,4.268133859585004,0
6206,4.268133859585004,0
6207,39.18322022032811,0
6208,39.18322022032811,0
6209,39.18322022032811,0
6210,39.18322022032811,0
6211,39.18322022032811,0
6212,39.18322022032811,0
6213,39.18322022032811,0
6214,39.18322022032811,0
6215,39.18322022032811,0
6216,39.18322022032811,0
6217,39.18322022032811,0
6218,38.137932306362366,0
6219,38.137932306362366,0
6220,38.137932306362366,0
6221,38.137932306362366,0
6222,38.137932306362366,0
6223,38.137932306362366,0
6224,38.137932306362366,0
6225,38.137932306362366,0
6226,38.137932306362366,0
6227,38.137932306362366,0
6228,38.137932306362366,0
6229,38.137932306362366,0
6230,37.80569646615168,0
6231,37.80569646615168,0
6232,37.80569646615168,0
6233,37.80569646615168,0
6234,37.80569646615168,0
6235,37.80569646615168,0
6236,37.80569646615168,0
6237,37.80569646615168,0
6238,37.80569646615168,0
6239,37.80569646615168,0
6240,37.80569646615168,0
6241,37.80569646615168,0
6242,42.89987543611047,0
6243,42.89987543611047,0
6244,42.89987543611047,0
6245,42.89987543611047,0
6246,42.89987543611047,0
6247,42.89987543611047,0
6248,42.89987543611047,0
6249,42.89987543611047,0
6250,0.7438003534697282,0
6251,0.7438003534697282,0
6252,0.7438003534697282,0
6253,0.7438003534697282,0
6254,0.7438003534697282,0
6255,0.7438003534697282,0
6256,0.7438003534697282,0
6257,0.7438003534697282,0
6258,0.7438003534697282,0
6259,0.7438003534697282,0
6260,0.7438003534697282,0
6261,0.7438003534697282,0
6262,0.7438003534697282,0
6263,0.7438003534697282,0
6264,28.610122126975856,0
6265,28.610122126975856,0
6266,28.610122126975856,0
6267,28.610122126975856,0
6268,28.610122126975856,0
6269,28.610122126975856,0
6270,5.521016456852208,0
6271,5.521016456852208,0
6272,5.521016456852208,0
6273,5.521016456852208,0
6274,5.521016456852208,0
6275,5.521016456852208,0
6276,5.521016456852208,0
6277,5.521016456852208,0
6278,5.521016456852208,0
6279,5.521016456852208,0
6280,5.521016456852208,0
6281,2.113247597196525,0
6282,2.113247597196525,0
6283,2.113247597196525,0
6284,2.113247597196525,0
6285,2.113247597196525,0
6286,2.113247597196525,0
6287,2.113247597196525,0
6288,2.113247597196525,0
6289,2.113247597196525,0
6290,2.113247597196525,0
6291,2.113247597196525,1
6292,27.97581452661822,0
6293,27.97581452661822,0
6294,27.97581452661822,0
6295,27.97581452661822,0
6296,27.97581452661822,0
6297,27.97581452661822,0
6298,27.97581452661822,0
6299,27.97581452661822,0
6300,27.97581452661822,0
6301,27.97581452661822,0
6302,27.97581452661822,0
6303,27.97581452661822,0
6304,27.97581452661822,0
6305,0.9171489060612799,0
6306,0.9171489060612799,0
6307,0.9171489060612799,0
6308,0.9171489060612799,0
6309,0.9171489060612799,1
6310,0.9171489060612799,1
6311,0.9171489060612799,0
6312,0.9171489060612799,0
6313,0.9171489060612799,0
6314,0.9171489060612799,0
6315,0.9171489060612799,0
6316,0.9171489060612799,0
6317,0.9171489060612799,0
6318,1.0310840177919012,0
6319,1.0310840177919012,0
6320,1.0310840177919012,0
6321,1.0310840177919012,1
6322,1.0310840177919012,0
6323,1.0310840177919012,0
6324,1.0310840177919012,0
6325,1.0310840177919012,0
6326,1.0310840177919012,0
6327,1.0310840177919012,0
6328,1.0310840177919012,0
6329,43.13542250303049,0
6330,43.13542250303049,0
6331,43.13542250303049,0
6332,43.13542250303049,0
6333,43.13542250303049,0
6334,43.13542250303049,0
6335,43.13542250303049,0
6336,43.13542250303049,0
6337,43.13542250303049,0
6338,43.13542250303049,0
6339,43.13542250303049,0
6340,43.13542250303049,0
6341,43.13542250303049,0
6342,43.13542250303049,0
6343,63.244601276540365,0
6344,63.244601276540365,0
6345,63.244601276540365,0
6346,63.244601276540365,0
6347,63.244601276540365,0
6348,63.244601276540365,0
6349,63.244601276540365,0
6350,63.244601276540365,0
6351,63.244601276540365,0
6352,63.244601276540365,0
6353,63.244601276540365,0
6354,63.244601276540365,0
6355,63.244601276540365,0
6356,9.781103622505984,0
6357,9.781103622505984,0
6358,9.781103622505984,0
6359,9.781103622505984,0
6360,9.781103622505984,0
6361,9.781103622505984,0
6362,9.781103622505984,0
6363,9.781103622505984,0
6364,9.781103622505984,0
6365,9.781103622505984,0
6366,38.72127736934353,0
6367,38.72127736934353,0
6368,38.72127736934353,0
6369,38.72127736934353,0
6370,38.72127736934353,0
6371,38.72127736934353,0
6372,38.72127736934353,0
6373,38.72127736934353,0
6374,38.72127736934353,0
6375,38.72127736934353,0
6376,38.72127736934353,0
6377,38.72127736934353,0
6378,0.8216990424519097,1
6379,0.8216990424519097,0
6380,0.8216990424519097,0
6381,0.8216990424519097,0
6382,0.8216990424519097,0
6383,0.8216990424519097,0
6384,0.8216990424519097,0
6385,0.8216990424519097,0
6386,0.8216990424519097,0
6387,0.8216990424519097,0
6388,0.8216990424519097,0
6389,0.8216990424519097,0
6390,0.8216990424519097,0
6391,0.8216990424519097,0
6392,0.8216990424519097,0
6393,42.657152760643804,0
6394,42.657152760643804,0
6395,42.657152760643804,0
6396,42.657152760643804,0
6397,42.657152760643804,0
6398,42.657152760643804,0
6399,42.657152760643804,0
6400,42.657152760643804,0
6401,29.35461851652167,0
6402,29.35461851652167,0
6403,29.35461851652167,0
6404,29.35461851652167,0
6405,29.35461851652167,0
6406,29.35461851652167,0
6407,29.35461851652167,0
6408,29.35461851652167,0
6409,29.35461851652167,0
6410,29.35461851652167,0
6411,29.35461851652167,0
6412,29.35461851652167,0
6413,87.38105951639292,0
6414,87.38105951639292,0
6415,87.38105951639292,0
6416,87.38105951639292,0
6417,87.38105951639292,0
6418,87.38105951639292,0
6419,87.38105951639292,0
6420,87.38105951639292,0
6421,87.38105951639292,0
6422,87.38105951639292,0
6423,87.38105951639292,0
6424,87.38105951639292,0
6425,7.440507264041962,0
6426,7.440507264041962,0
6427,7.440507264041962,0
6428,7.440507264041962,0
6429,7.440507264041962,0
6430,7.440507264041962,0
6431,7.440507264041962,0
6432,7.440507264041962,0
6433,7.440507264041962,0
6434,7.440507264041962,0
6435,7.440507264041962,0
6436,7.440507264041962,0
6437,35.25646308554881,0
6438,35.25646308554881,0
6439,35.25646308554881,0
6440,35.25646308554881,0
6441,35.25646308554881,0
6442,35.25646308554881,0
6443,35.25646308554881,0
6444,35.25646308554881,0
6445,35.25646308554881,0
6446,35.25646308554881,0
6447,35.25646308554881,0
6448,42.67337088013276,0
6449,42.67337088013276,0
6450,42.67337088013276,0
6451,42.67337088013276,0
6452,42.67337088013276,0
6453,42.67337088013276,0
6454,42.67337088013276,0
6455,42.67337088013276,0
6456,42.67337088013276,0
6457,42.67337088013276,0
6458,42.67337088013276,0
6459,42.67337088013276,0
6460,0.9316590979694906,0
6461,0.9316590979694906,0
6462,0.9316590979694906,0
6463,0.9316590979694906,0
6464,0.9316590979694906,0
6465,0.9316590979694906,0
6466,0.9316590979694906,0
6467,0.9316590979694906,0
6468,0.9316590979694906,0
6469,0.9316590979694906,0
6470,0.9316590979694906,0
6471,0.9316590979694906,0
6472,0.9316590979694906,0
6473,0.9316590979694906,0
6474,8.935391092563911,0
6475,8.935391092563911,0
6476,8.935391092563911,0
6477,8.935391092563911,0
6478,8.935391092563911,0
6479,8.935391092563911,0
6480,8.935391092563911,0
6481,8.935391092563911,0
6482,8.935391092563911,0
6483,8.935391092563911,0
6484,8.935391092563911,0
6485,8.935391092563911,0
6486,8.935391092563911,0
6487,8.935391092563911,0
6488,75.80846080777494,0
6489,75.80846080777494,0
6490,75.80846080777494,0
6491,75.80846080777494,0
6492,75.80846080777494,0
6493,75.80846080777494,0
6494,75.80846080777494,0
6495,75.80846080777494,0
6496,75.80846080777494,0
6497,75.80846080777494,0
6498,75.80846080777494,0
6499,75.80846080777494,0
6500,75.80846080777494,0
6501,4.4491861158529735,0
6502,4.4491861158529735,0
6503,4.4491861158529735,0
6504,4.4491861158529735,0
6505,4.4491861158529735,0
6506,4.4491861158529735,0
6507,4.4491861158529735,0
6508,4.4491861158529735,0
6509,4.4491861158529735,0
6510,4.4491861158529735,0
6511,4.4491861158529735,0
6512,6.818085053039415,0
6513,6.818085053039415,0
6514,6.818085053039415,0
6515,6.818085053039415,0
6516,6.818085053039415,0
6517,6.818085053039415,0
6518,6.818085053039415,0
6519,6.818085053039415,0
6520,6.818085053039415,0
6521,6.818085053039415,0
6522,6.818085053039415,0
6523,55.02229834810943,0
6524,55.02229834810943,0
6525,55.02229834810943,0
6526,55.02229834810943,0
6527,55.02229834810943,0
6528,55.02229834810943,0
6529,55.02229834810943,0
6530,55.02229834810943,0
6531,55.02229834810943,0
6532,55.02229834810943,0
6533,55.02229834810943,0
6534,55.02229834810943,0
6535,55.02229834810943,0
6536,55.02229834810943,0
6537,18.800725833411207,0
6538,18.800725833411207,0
6539,18.800725833411207,0
6540,18.800725833411207,0
6541,18.800725833411207,0
6542,18.800725833411207,0
6543,18.800725833411207,1
6544,18.800725833411207,0
6545,18.800725833411207,0
6546,24.101533570474356,0
6547,24.101533570474356,0
6548,24.101533570474356,0
6549,24.101533570474356,0
6550,24.101533570474356,0
6551,24.101533570474356,1
6552,24.101533570474356,0
6553,24.101533570474356,0
6554,24.101533570474356,0
6555,24.101533570474356,0
6556,24.101533570474356,0
6557,24.101533570474356,0
6558,48.2220896715415,0
6559,48.2220896715415,0
6560,48.2220896715415,0
6561,48.2220896715415,0
6562,48.2220896715415,0
6563,48.2220896715415,0
6564,48.2220896715415,0
6565,48.2220896715415,0
6566,48.2220896715415,0
6567,48.2220896715415,0
6568,48.2220896715415,0
6569,48.2220896715415,0
6570,0.5715984337700761,0
6571,0.5715984337700761,0
6572,0.5715984337700761,0
6573,0.5715984337700761,0
6574,0.5715984337700761,0
6575,0.5715984337700761,0
6576,0.5715984337700761,0
6577,0.5715984337700761,0
6578,38.26577385912565,0
6579,38.26577385912565,0
6580,38.26577385912565,0
6581,38.26577385912565,0
6582,38.26577385912565,0
6583,38.26577385912565,0
6584,38.26577385912565,0
6585,38.26577385912565,0
6586,38.26577385912565,0
6587,38.26577385912565,0
6588,38.26577385912565,0
6589,38.26577385912565,0
6590,38.26577385912565,0
6591,70.47332420184962,0
6592,70.47332420184962,0
6593,70.47332420184962,0
6594,70.47332420184962,0
6595,70.47332420184962,0
6596,70.47332420184962,0
6597,70.47332420184962,0
6598,70.47332420184962,1
6599,2.481957659566659,0
6600,2.481957659566659,0
6601,2.481957659566659,0
6602,2.481957659566659,0
6603,2.481957659566659,0
6604,2.481957659566659,0
6605,2.481957659566659,0
6606,2.481957659566659,0
6607,2.481957659566659,0
6608,2.481957659566659,0
6609,2.481957659566659,0
6610,2.481957659566659,0
6611,2.481957659566659,0
6612,10.228003414450358,0
6613,10.228003414450358,0
6614,10.228003414450358,0
6615,10.228003414450358,0
6616,10.228003414450358,0
6617,10.228003414450358,0
6618,0.6630858086166929,0
6619,0.6630858086166929,0
6620,0.6630858086166929,0
6621,0.6630858086166929,0
6622,0.6630858086166929,0
6623,0.6630858086166929,0
6624,0.6630858086166929,0
6625,0.6630858086166929,0
6626,0.6630858086166929,0
6627,0.6630858086166929,0
6628,0.6630858086166929,0
6629,0.6630858086166929,0
6630,0.6630858086166929,0
6631,23.691534444063198,0
6632,23.691534444063198,0
6633,23.691534444063198,0
6634,23.691534444063198,0
6635,23.691534444063198,0
6636,23.691534444063198,0
6637,23.691534444063198,0
6638,23.691534444063198,0
6639,23.691534444063198,0
6640,23.691534444063198,0
6641,23.691534444063198,0
6642,23.691534444063198,0
6643,23.691534444063198,0
6644,23.691534444063198,0
6645,58.71148997151002,0
6646,58.71148997151002,0
6647,58.71148997151002,0
6648,58.71148997151002,0
6649,58.71148997151002,0
6650,58.71148997151002,0
6651,58.71148997151002,0
6652,58.71148997151002,0
6653,58.71148997151002,0
6654,58.71148997151002,0
6655,58.71148997151002,0
6656,58.71148997151002,0
6657,58.71148997151002,0
6658,4.360064187847528,0
6659,4.360064187847528,0
6660,4.360064187847528,0
6661,4.360064187847528,0
6662,4.360064187847528,0
6663,4.360064187847528,0
6664,4.360064187847528,0
6665,4.360064187847528,0
6666,4.360064187847528,0
6667,4.360064187847528,0
6668,15.911716491956346,0
6669,15.911716491956346,0
6670,15.911716491956346,0
6671,15.911716491956346,0
6672,15.911716491956346,0
6673,15.911716491956346,0
6674,15.911716491956346,0
6675,1.0410913649589146,0
6676,1.0410913649589146,0
6677,1.0410913649589146,0
6678,1.0410913649589146,0
6679,1.0410913649589146,0
6680,1.0410913649589146,0
6681,1.0410913649589146,0
6682,1.0410913649589146,0
6683,1.0410913649589146,0
6684,29.577548993463285,0
6685,29.577548993463285,0
6686,29.577548993463285,0
6687,29.577548993463285,0
6688,29.577548993463285,0
6689,0.4612866688373948,0
6690,0.4612866688373948,0
6691,0.4612866688373948,0
6692,0.4612866688373948,0
6693,0.4612866688373948,0
6694,0.4612866688373948,0
6695,0.4612866688373948,0
6696,0.4612866688373948,0
6697,0.4612866688373948,0
6698,0.4612866688373948,0
6699,29.535625230724882,0
6700,29.535625230724882,0
6701,29.535625230724882,0
6702,29.535625230724882,0
6703,29.535625230724882,0
6704,29.535625230724882,0
6705,29.535625230724882,0
6706,29.535625230724882,0
6707,29.535625230724882,0
6708,29.535625230724882,0
6709,29.535625230724882,0
6710,29.535625230724882,0
6711,29.535625230724882,0
6712,29.535625230724882,0
6713,68.59160987601544,0
6714,68.59160987601544,0
6715,68.59160987601544,0
6716,68.59160987601544,0
6717,68.59160987601544,0
6718,68.59160987601544,0
6719,68.59160987601544,0
6720,68.59160987601544,0
6721,68.59160987601544,0
6722,68.59160987601544,0
6723,68.59160987601544,0
6724,68.59160987601544,0
6725,34.51707147681823,0
6726,34.51707147681823,0
6727,34.51707147681823,0
6728,34.51707147681823,0
6729,34.51707147681823,0
6730,34.51707147681823,0
6731,34.51707147681823,0
6732,34.51707147681823,0
6733,34.51707147681823,0
6734,34.51707147681823,0
6735,4.96013307965161,0
6736,4.96013307965161,0
6737,4.96013307965161,0
6738,4.96013307965161,0
6739,4.96013307965161,0
6740,4.96013307965161,0
6741,4.96013307965161,0
6742,4.96013307965161,0
6743,5.9254455711599885,0
6744,5.9254455711599885,0
6745,5.9254455711599885,0
6746,5.9254455711599885,0
6747,5.9254455711599885,0
6748,5.9254455711599885,0
6749,5.9254455711599885,0
6750,43.40795172728054,0
6751,43.40795172728054,0
6752,43.40795172728054,0
6753,43.40795172728054,0
6754,43.40795172728054,0
6755,43.40795172728054,0
6756,43.40795172728054,0
6757,43.40795172728054,0
6758,43.40795172728054,0
6759,43.40795172728054,0
6760,43.40795172728054,0
6761,5.34807844030713,0
6762,5.34807844030713,0
6763,5.34807844030713,0
6764,5.34807844030713,0
6765,5.34807844030713,0
6766,5.34807844030713,0
6767,5.34807844030713,0
6768,5.34807844030713,0
6769,5.34807844030713,0
6770,5.34807844030713,0
6771,5.34807844030713,0
6772,5.34807844030713,0
6773,5.34807844030713,0
6774,5.34807844030713,0
6775,24.522021271101384,0
6776,24.522021271101384,0
6777,24.522021271101384,0
6778,24.522021271101384,0
6779,24.522021271101384,0
6780,24.522021271101384,0
6781,24.522021271101384,0
6782,24.522021271101384,0
6783,24.522021271101384,0
6784,24.522021271101384,0
6785,24.522021271101384,0
6786,32.25014071011183,0
6787,32.25014071011183,0
6788,32.25014071011183,0
6789,32.25014071011183,0
6790,32.25014071011183,0
6791,32.25014071011183,0
6792,32.25014071011183,0
6793,32.25014071011183,0
6794,32.25014071011183,0
6795,32.25014071011183,0
6796,32.25014071011183,0
6797,32.25014071011183,0
6798,32.25014071011183,0
6799,32.25014071011183,0
6800,32.25014071011183,0
6801,1.3701119367572836,0
6802,1.3701119367572836,0
6803,1.3701119367572836,0
6804,1.3701119367572836,0
6805,1.3701119367572836,0
6806,1.3701119367572836,0
6807,1.3701119367572836,0
6808,1.3701119367572836,0
6809,1.6127692818064594,0
6810,1.6127692818064594,0
6811,1.6127692818064594,0
6812,1.6127692818064594,0
6813,1.6127692818064594,0
6814,1.6127692818064594,0
6815,1.6127692818064594,0
6816,1.6127692818064594,0
6817,1.6127692818064594,0
6818,1.6127692818064594,0
6819,32.10339489859783,0
6820,32.10339489859783,0
6821,32.10339489859783,0
6822,32.10339489859783,0
6823,32.10339489859783,0
6824,32.10339489859783,0
6825,32.10339489859783,0
6826,32.10339489859783,0
6827,32.10339489859783,0
6828,32.10339489859783,0
6829,32.10339489859783,0
6830,48.736589923436355,0
6831,48.736589923436355,0
6832,48.736589923436355,0
6833,48.736589923436355,0
6834,48.736589923436355,0
6835,48.736589923436355,0
6836,48.736589923436355,0
6837,48.736589923436355,0
6838,48.736589923436355,0
6839,48.736589923436355,0
6840,48.736589923436355,0
6841,48.736589923436355,0
6842,21.7747561673966,0
6843,21.7747561673966,0
6844,21.7747561673966,0
6845,21.7747561673966,0
6846,21.7747561673966,0
6847,21.7747561673966,0
6848,21.7747561673966,0
6849,60.63532361147131,0
6850,60.63532361147131,0
6851,60.63532361147131,0
6852,60.63532361147131,0
6853,60.63532361147131,0
6854,60.63532361147131,0
6855,60.63532361147131,0
6856,60.63532361147131,0
6857,60.63532361147131,0
6858,60.63532361147131,0
6859,60.63532361147131,0
6860,1.528244798396643,0
6861,1.528244798396643,0
6862,1.528244798396643,0
6863,1.528244798396643,0
6864,1.528244798396643,0
6865,1.528244798396643,0
6866,1.528244798396643,0
6867,1.528244798396643,0
6868,1.528244798396643,0
6869,24.549503330373714,0
6870,24.549503330373714,0
6871,24.549503330373714,0
6872,24.549503330373714,0
6873,24.549503330373714,0
6874,24.549503330373714,0
6875,24.549503330373714,0
6876,24.549503330373714,0
6877,24.549503330373714,0
6878,24.549503330373714,0
6879,36.846582118517226,0
6880,36.846582118517226,0
6881,36.846582118517226,0
6882,36.846582118517226,0
6883,36.846582118517226,0
6884,36.846582118517226,0
6885,36.846582118517226,0
6886,36.846582118517226,0
6887,36.846582118517226,0
6888,36.846582118517226,0
6889,57.72320035194904,0
6890,57.72320035194904,0
6891,57.72320035194904,0
6892,57.72320035194904,0
6893,57.72320035194904,0
6894,57.72320035194904,0
6895,57.72320035194904,0
6896,57.72320035194904,0
6897,57.72320035194904,0
6898,57.72320035194904,0
6899,57.72320035194904,0
6900,57.72320035194904,0
6901,57.72320035194904,0
6902,86.88532970009236,0
6903,86.88532970009236,0
6904,86.88532970009236,0
6905,86.88532970009236,0
6906,86.88532970009236,0
6907,86.88532970009236,0
6908,86.88532970009236,0
6909,86.88532970009236,0
6910,86.88532970009236,0
6911,86.88532970009236,0
6912,31.26832606134107,0
6913,31.26832606134107,0
6914,31.26832606134107,0
6915,31.26832606134107,0
6916,31.26832606134107,0
6917,31.26832606134107,0
6918,31.26832606134107,0
6919,31.26832606134107,0
6920,31.26832606134107,0
6921,31.26832606134107,0
6922,31.26832606134107,0
6923,31.26832606134107,0
6924,31.26832606134107,0
6925,24.408242532099354,0
6926,24.408242532099354,0
6927,24.408242532099354,0
6928,24.408242532099354,0
6929,24.408242532099354,0
6930,24.408242532099354,0
6931,24.408242532099354,0
6932,24.408242532099354,0
6933,24.408242532099354,0
6934,24.408242532099354,0
6935,24.408242532099354,0
6936,24.408242532099354,0
6937,91.18973986478079,0
6938,91.18973986478079,0
6939,91.18973986478079,0
6940,91.18973986478079,0
6941,91.18973986478079,0
6942,91.18973986478079,0
6943,91.18973986478079,0
6944,91.18973986478079,0
6945,73.09938265191529,0
6946,73.09938265191529,0
6947,73.09938265191529,0
6948,73.09938265191529,0
6949,73.09938265191529,0
6950,73.09938265191529,0
6951,73.09938265191529,0
6952,73.09938265191529,0
6953,73.09938265191529,0
6954,0.8412328671536954,0
6955,0.8412328671536954,0
6956,0.8412328671536954,0
6957,0.8412328671536954,0
6958,0.8412328671536954,0
6959,0.8412328671536954,0
6960,0.8412328671536954,0
6961,0.8412328671536954,0
6962,0.8412328671536954,0
6963,12.690039885246367,0
6964,12.690039885246367,0
6965,12.690039885246367,0
6966,12.690039885246367,0
6967,12.690039885246367,0
6968,12.690039885246367,0
6969,12.690039885246367,0
6970,12.690039885246367,0
6971,12.690039885246367,0
6972,12.690039885246367,0
6973,12.690039885246367,0
6974,12.690039885246367,0
6975,43.39731121915011,0
6976,43.39731121915011,0
6977,43.39731121915011,0
6978,43.39731121915011,0
6979,43.39731121915011,0
6980,43.39731121915011,0
6981,0.9066761376051702,0
6982,0.9066761376051702,0
6983,0.9066761376051702,0
6984,0.9066761376051702,0
6985,0.9066761376051702,0
6986,0.9066761376051702,0
6987,0.9066761376051702,0
6988,0.9066761376051702,0
6989,0.9066761376051702,0
6990,41.94402675817857,0
6991,41.94402675817857,0
6992,41.94402675817857,0
6993,41.94402675817857,0
6994,41.94402675817857,0
6995,41.94402675817857,0
6996,41.94402675817857,0
6997,41.94402675817857,0
6998,41.94402675817857,0
6999,41.94402675817857,0
7000,41.94402675817857,0
7001,41.94402675817857,1
7002,41.94402675817857,0
7003,41.94402675817857,0
7004,76.08122506725572,0
7005,76.08122506725572,0
7006,76.08122506725572,0
7007,76.08122506725572,0
7008,76.08122506725572,0
7009,76.08122506725572,0
7010,76.08122506725572,0
7011,76.08122506725572,0
7012,76.08122506725572,0
7013,76.08122506725572,0
7014,41.03935156044912,0
7015,41.03935156044912,0
7016,41.03935156044912,0
7017,41.03935156044912,0
7018,41.03935156044912,0
7019,41.03935156044912,0
7020,41.03935156044912,0
7021,41.03935156044912,0
7022,41.03935156044912,0
7023,41.03935156044912,0
7024,41.03935156044912,0
7025,41.03935156044912,0
7026,41.03935156044912,0
7027,11.149360211882867,0
7028,11.149360211882867,0
7029,11.149360211882867,0
7030,11.149360211882867,0
7031,11.149360211882867,0
7032,11.149360211882867,0
7033,11.149360211882867,0
7034,11.149360211882867,0
7035,11.149360211882867,0
7036,11.149360211882867,0
7037,11.149360211882867,0
7038,11.149360211882867,0
7039,11.149360211882867,0
7040,9.808430317710924,0
7041,9.808430317710924,0
7042,9.808430317710924,0
7043,9.808430317710924,0
7044,9.808430317710924,0
7045,9.808430317710924,0
7046,9.808430317710924,0
7047,9.808430317710924,0
7048,9.808430317710924,0
7049,9.808430317710924,0
7050,9.808430317710924,0
7051,54.14823248407589,0
7052,54.14823248407589,0
7053,54.14823248407589,0
7054,54.14823248407589,0
7055,54.14823248407589,0
7056,54.14823248407589,0
7057,54.14823248407589,0
7058,54.14823248407589,0
7059,54.14823248407589,0
7060,54.14823248407589,0
7061,54.14823248407589,0
7062,54.14823248407589,0
7063,54.14823248407589,0
7064,125.49419509634546,0
7065,125.49419509634546,0
7066,125.49419509634546,0
7067,125.49419509634546,0
7068,125.49419509634546,0
7069,125.49419509634546,0
7070,125.49419509634546,0
7071,125.49419509634546,0
7072,125.49419509634546,0
7073,125.49419509634546,0
7074,125.49419509634546,0
7075,0.7352419569250281,0
7076,0.7352419569250281,0
7077,0.7352419569250281,0
7078,0.7352419569250281,0
7079,0.7352419569250281,0
7080,0.7352419569250281,0
7081,0.7352419569250281,0
7082,0.7352419569250281,0
7083,0.7352419569250281,0
7084,0.7352419569250281,0
7085,0.7352419569250281,0
7086,0.7352419569250281,0
7087,0.7352419569250281,0
7088,0.7352419569250281,0
7089,3.8753327129154584,0
7090,3.8753327129154584,0
7091,3.8753327129154584,0
7092,3.8753327129154584,0
7093,3.8753327129154584,0
7094,3.8753327129154584,0
7095,3.8753327129154584,0
7096,3.8753327129154584,0
7097,3.8753327129154584,0
7098,3.8753327129154584,0
7099,3.8753327129154584,0
7100,3.8753327129154584,0
7101,3.8753327129154584,0
7102,3.8753327129154584,0
7103,32.129744567751594,0
7104,32.129744567751594,0
7105,32.129744567751594,0
7106,32.129744567751594,0
7107,32.129744567751594,0
7108,32.129744567751594,0
7109,32.129744567751594,0
7110,32.129744567751594,0
7111,32.129744567751594,0
7112,32.129744567751594,0
7113,32.129744567751594,0
7114,32.129744567751594,0
7115,0.9988589831415394,0
7116,0.9988589831415394,0
7117,0.9988589831415394,0
7118,0.9988589831415394,0
7119,0.9988589831415394,0
7120,0.9988589831415394,0
7121,0.9988589831415394,0
7122,0.9988589831415394,0
7123,0.9988589831415394,0
7124,0.9988589831415394,0
7125,0.9988589831415394,0
7126,0.9988589831415394,0
7127,0.9988589831415394,0
7128,1.599998656268379,0
7129,1.599998656268379,0
7130,1.599998656268379,0
7131,1.599998656268379,0
7132,1.599998656268379,0
7133,1.599998656268379,0
7134,1.599998656268379,0
7135,1.599998656268379,0
7136,1.599998656268379,0
7137,1.599998656268379,0
7138,1.599998656268379,0
7139,1.599998656268379,0
7140,10.176991620811016,0
7141,10.176991620811016,0
7142,10.176991620811016,0
7143,10.176991620811016,0
7144,10.176991620811016,0
7145,10.176991620811016,0
7146,10.176991620811016,0
7147,10.176991620811016,0
7148,10.176991620811016,0
7149,10.176991620811016,0
7150,10.176991620811016,0
7151,10.176991620811016,0
7152,10.176991620811016,0
7153,10.176991620811016,0
7154,10.176991620811016,0
7155,0.5409112593743198,0
7156,0.5409112593743198,0
7157,0.5409112593743198,0
7158,0.5409112593743198,0
7159,0.5409112593743198,0
7160,0.5409112593743198,0
7161,0.5409112593743198,0
7162,0.5409112593743198,0
7163,0.5409112593743198,0
7164,0.5409112593743198,0
7165,0.5409112593743198,0
7166,0.5409112593743198,0
7167,0.5409112593743198,0
7168,7.672127682877921,0
7169,7.672127682877921,0
7170,7.672127682877921,0
7171,7.672127682877921,0
7172,7.672127682877921,0
7173,7.672127682877921,0
7174,7.672127682877921,0
7175,7.672127682877921,0
7176,7.672127682877921,0
7177,7.672127682877921,0
7178,2.0941672130074918,0
7179,2.0941672130074918,0
7180,2.0941672130074918,0
7181,2.0941672130074918,0
7182,2.0941672130074918,0
7183,2.0941672130074918,0
7184,2.0941672130074918,0
7185,2.0941672130074918,0
7186,2.0941672130074918,0
7187,23.590070914279753,0
7188,23.590070914279753,0
7189,23.590070914279753,0
7190,23.590070914279753,0
7191,23.590070914279753,0
7192,23.590070914279753,0
7193,23.590070914279753,0
7194,23.590070914279753,0
7195,23.590070914279753,0
7196,23.590070914279753,0
7197,1.8076055193534357,0
7198,1.8076055193534357,0
7199,1.8076055193534357,0
7200,1.8076055193534357,0
7201,1.8076055193534357,0
7202,1.8076055193534357,0
7203,1.8076055193534357,0
7204,1.8076055193534357,0
7205,1.8076055193534357,0
7206,1.8076055193534357,0
7207,1.8076055193534357,0
7208,1.8076055193534357,0
7209,1.8076055193534357,0
7210,1.8076055193534357,0
7211,1.8076055193534357,0
7212,1.8076055193534357,0
7213,1.8076055193534357,0
7214,90.90841694820115,0
7215,90.90841694820115,0
7216,90.90841694820115,0
7217,90.90841694820115,0
7218,90.90841694820115,0
7219,90.90841694820115,0
7220,90.90841694820115,0
7221,90.90841694820115,0
7222,90.90841694820115,0
7223,90.90841694820115,0
7224,2.8320521344287157,0
7225,2.8320521344287157,0
7226,2.8320521344287157,0
7227,2.8320521344287157,0
7228,2.8320521344287157,0
7229,2.8320521344287157,0
7230,2.8320521344287157,0
7231,2.8320521344287157,0
7232,2.8320521344287157,0
7233,2.8320521344287157,0
7234,14.1962597012811,0
7235,14.1962597012811,0
7236,14.1962597012811,0
7237,14.1962597012811,0
7238,14.1962597012811,0
7239,14.1962597012811,0
7240,14.1962597012811,0
7241,14.1962597012811,0
7242,14.1962597012811,0
7243,14.1962597012811,0
7244,14.1962597012811,0
7245,14.1962597012811,0
7246,10.319982749305181,0
7247,10.319982749305181,0
7248,10.319982749305181,0
7249,10.319982749305181,0
7250,10.319982749305181,0
7251,10.319982749305181,0
7252,10.319982749305181,0
7253,10.319982749305181,0
7254,10.319982749305181,0
7255,10.319982749305181,0
7256,10.319982749305181,0
7257,10.319982749305181,0
7258,46.605766159519355,0
7259,46.605766159519355,0
7260,46.605766159519355,0
7261,46.605766159519355,0
7262,46.605766159519355,0
7263,46.605766159519355,0
7264,46.605766159519355,0
7265,46.605766159519355,0
7266,46.605766159519355,0
7267,46.605766159519355,0
7268,46.605766159519355,0
7269,46.605766159519355,0
7270,46.605766159519355,0
7271,46.605766159519355,0
7272,0.8921324867387994,0
7273,0.8921324867387994,0
7274,0.8921324867387994,0
7275,0.8921324867387994,0
7276,0.8921324867387994,0
7277,0.8921324867387994,0
7278,0.8921324867387994,0
7279,0.8921324867387994,0
7280,0.8921324867387994,0
7281,0.8921324867387994,0
7282,0.8921324867387994,0
7283,56.471537403081534,0
7284,56.471537403081534,0
7285,56.471537403081534,0
7286,56.471537403081534,0
7287,56.471537403081534,0
7288,56.471537403081534,0
7289,56.471537403081534,0
7290,56.471537403081534,0
7291,56.471537403081534,0
7292,56.471537403081534,0
7293,56.471537403081534,0
7294,104.26237111046792,0
7295,104.26237111046792,0
7296,104.26237111046792,0
7297,104.26237111046792,0
7298,104.26237111046792,0
7299,104.26237111046792,0
7300,104.26237111046792,0
7301,104.26237111046792,0
7302,104.26237111046792,0
7303,104.26237111046792,0
7304,6.496238261740919,0
7305,6.496238261740919,0
7306,6.496238261740919,0
7307,6.496238261740919,0
7308,6.496238261740919,0
7309,6.496238261740919,0
7310,6.496238261740919,0
7311,6.496238261740919,0
7312,6.496238261740919,0
7313,182.10711557561473,0
7314,182.10711557561473,0
7315,182.10711557561473,0
7316,182.10711557561473,0
7317,182.10711557561473,0
7318,182.10711557561473,0
7319,182.10711557561473,0
7320,84.18087622693274,0
7321,84.18087622693274,0
7322,84.18087622693274,0
7323,84.18087622693274,0
7324,84.18087622693274,0
7325,84.18087622693274,0
7326,84.18087622693274,0
7327,84.18087622693274,0
7328,84.18087622693274,0
7329,84.18087622693274,0
7330,20.937267935009647,0
7331,20.937267935009647,0
7332,20.937267935009647,0
7333,20.937267935009647,0
7334,20.937267935009647,0
7335,20.937267935009647,0
7336,20.937267935009647,0
7337,20.937267935009647,0
7338,20.937267935009647,0
7339,20.937267935009647,0
7340,20.937267935009647,0
7341,20.937267935009647,0
7342,20.937267935009647,0
7343,20.937267935009647,0
7344,20.937267935009647,0
7345,1.0573918830143467,0
7346,1.0573918830143467,0
7347,1.0573918830143467,0
7348,1.0573918830143467,0
7349,1.0573918830143467,0
7350,1.0573918830143467,0
7351,1.0573918830143467,0
7352,1.0573918830143467,0
7353,1.0573918830143467,0
7354,1.0573918830143467,0
7355,1.0573918830143467,0
7356,1.0573918830143467,0
7357,82.91093625432752,0
7358,82.91093625432752,0
7359,82.91093625432752,0
7360,82.91093625432752,0
7361,82.91093625432752,0
7362,82.91093625432752,0
7363,82.91093625432752,0
7364,82.91093625432752,0
7365,82.91093625432752,0
7366,82.91093625432752,0
7367,82.91093625432752,0
7368,82.91093625432752,0
7369,5.172102374225271,0
7370,5.172102374225271,0
7371,5.172102374225271,0
7372,5.172102374225271,0
7373,5.172102374225271,1
7374,5.172102374225271,0
7375,5.172102374225271,0
7376,5.172102374225271,0
7377,5.172102374225271,0
7378,5.172102374225271,0
7379,5.172102374225271,1
7380,5.172102374225271,0
7381,0.39002452194980586,0
7382,0.39002452194980586,0
7383,0.39002452194980586,0
7384,0.39002452194980586,0
7385,0.39002452194980586,0
7386,0.39002452194980586,0
7387,0.39002452194980586,0
7388,0.39002452194980586,0
7389,0.39002452194980586,0
7390,0.39002452194980586,0
7391,0.39002452194980586,0
7392,0.39002452194980586,0
7393,0.39002452194980586,0
7394,0.39002452194980586,0
7395,0.39002452194980586,0
7396,1.252704203311613,0
7397,1.252704203311613,0
7398,1.252704203311613,0
7399,1.252704203311613,0
7400,1.252704203311613,0
7401,1.252704203311613,0
7402,13.527037624074952,0
7403,13.527037624074952,0
7404,13.527037624074952,0
7405,13.527037624074952,0
7406,13.527037624074952,0
7407,2.62512604430978,0
7408,2.62512604430978,0
7409,2.62512604430978,0
7410,2.62512604430978,0
7411,2.62512604430978,0
7412,2.62512604430978,0
7413,2.62512604430978,0
7414,2.62512604430978,0
7415,2.62512604430978,0
7416,2.62512604430978,0
7417,43.52162383275303,0
7418,43.52162383275303,0
7419,43.52162383275303,0
7420,43.52162383275303,0
7421,43.52162383275303,0
7422,43.52162383275303,0
7423,43.52162383275303,0
7424,43.52162383275303,0
7425,43.52162383275303,0
7426,43.52162383275303,0
7427,43.52162383275303,0
7428,43.52162383275303,0
7429,43.52162383275303,0
7430,43.52162383275303,0
7431,21.725711714786605,0
7432,21.725711714786605,0
7433,21.725711714786605,0
7434,21.725711714786605,0
7435,21.725711714786605,0
7436,21.725711714786605,0
7437,21.725711714786605,0
7438,21.725711714786605,0
7439,21.725711714786605,0
7440,21.725711714786605,0
7441,21.725711714786605,0
7442,21.725711714786605,0
7443,21.725711714786605,0
7444,7.330801254047865,0
7445,7.330801254047865,0
7446,7.330801254047865,0
7447,7.330801254047865,0
7448,7.330801254047865,0
7449,7.330801254047865,0
7450,7.330801254047865,0
7451,7.330801254047865,0
7452,7.330801254047865,0
7453,7.330801254047865,0
7454,7.330801254047865,0
7455,7.330801254047865,0
7456,7.330801254047865,0
7457,51.44414190616833,0
7458,51.44414190616833,0
7459,51.44414190616833,0
7460,51.44414190616833,0
7461,51.44414190616833,0
7462,51.44414190616833,0
7463,51.44414190616833,0
7464,51.44414190616833,0
7465,51.44414190616833,0
7466,51.44414190616833,0
7467,14.922498432109172,0
7468,14.922498432109172,0
7469,14.922498432109172,0
7470,14.922498432109172,0
7471,14.922498432109172,1
7472,14.922498432109172,0
7473,14.922498432109172,0
7474,14.922498432109172,0
7475,14.922498432109172,0
7476,14.922498432109172,0
7477,14.922498432109172,0
7478,23.897774891215555,0
7479,23.897774891215555,0
7480,23.897774891215555,0
7481,23.897774891215555,0
7482,23.897774891215555,0
7483,23.897774891215555,0
7484,23.897774891215555,0
7485,23.897774891215555,0
7486,23.897774891215555,0
7487,23.897774891215555,0
7488,23.897774891215555,0
7489,36.76607726838001,0
7490,36.76607726838001,0
7491,36.76607726838001,0
7492,36.76607726838001,0
7493,36.76607726838001,0
7494,36.76607726838001,0
7495,36.76607726838001,0
7496,36.76607726838001,0
7497,36.76607726838001,0
7498,36.76607726838001,0
7499,36.76607726838001,0
7500,13.554434763612745,0
7501,13.554434763612745,0
7502,13.554434763612745,0
7503,13.554434763612745,0
7504,13.554434763612745,0
7505,13.554434763612745,0
7506,13.554434763612745,0
7507,13.554434763612745,0
7508,13.554434763612745,0
7509,13.554434763612745,0
7510,13.554434763612745,0
7511,69.32361768627295,0
7512,69.32361768627295,0
7513,69.32361768627295,0
7514,69.32361768627295,0
7515,69.32361768627295,0
7516,69.32361768627295,0
7517,69.32361768627295,0
7518,69.32361768627295,0
7519,69.32361768627295,0
7520,69.32361768627295,0
7521,69.32361768627295,0
7522,1.8741456933948226,0
7523,1.8741456933948226,0
7524,1.8741456933948226,0
7525,1.8741456933948226,0
7526,1.8741456933948226,0
7527,1.8741456933948226,0
7528,1.8741456933948226,0
7529,1.8741456933948226,0
7530,1.8741456933948226,0
7531,9.492315730520595,0
7532,9.492315730520595,0
7533,9.492315730520595,0
7534,9.492315730520595,0
7535,9.492315730520595,0
7536,9.492315730520595,0
7537,9.492315730520595,0
7538,9.492315730520595,0
7539,9.492315730520595,0
7540,9.492315730520595,0
7541,9.492315730520595,0
7542,9.492315730520595,0
7543,9.492315730520595,0
7544,148.24772292376858,0
7545,148.24772292376858,0
7546,148.24772292376858,0
7547,148.24772292376858,0
7548,148.24772292376858,0
7549,148.24772292376858,0
7550,148.24772292376858,0
7551,148.24772292376858,0
7552,148.24772292376858,0
7553,148.24772292376858,0
7554,148.24772292376858,0
7555,148.24772292376858,0
7556,21.48083973438197,0
7557,21.48083973438197,0
7558,21.48083973438197,0
7559,21.48083973438197,0
7560,21.48083973438197,0
7561,21.48083973438197,0
7562,21.48083973438197,0
7563,21.48083973438197,0
7564,21.48083973438197,0
7565,21.48083973438197,0
7566,21.48083973438197,0
7567,21.48083973438197,0
7568,21.48083973438197,0
7569,84.26211368994993,0
7570,84.26211368994993,0
7571,84.26211368994993,0
7572,84.26211368994993,0
7573,84.26211368994993,0
7574,84.26211368994993,0
7575,84.26211368994993,0
7576,84.26211368994993,0
7577,84.26211368994993,0
7578,84.26211368994993,0
7579,84.26211368994993,0
7580,84.26211368994993,0
7581,84.26211368994993,0
7582,84.26211368994993,0
7583,84.26211368994993,0
7584,21.899495998126707,0
7585,21.899495998126707,0
7586,21.899495998126707,0
7587,21.899495998126707,0
7588,21.899495998126707,0
7589,21.899495998126707,0
7590,21.899495998126707,0
7591,21.899495998126707,0
7592,21.899495998126707,0
7593,21.899495998126707,0
7594,2.2554826384743154,0
7595,2.2554826384743154,0
7596,2.2554826384743154,0
7597,2.2554826384743154,0
7598,2.2554826384743154,0
7599,2.2554826384743154,0
7600,2.2554826384743154,0
7601,2.2554826384743154,0
7602,2.2554826384743154,0
7603,2.2554826384743154,0
7604,2.2554826384743154,0
7605,2.2554826384743154,0
7606,2.2554826384743154,0
7607,35.22320134516929,0
7608,35.22320134516929,0
7609,35.22320134516929,0
7610,35.22320134516929,0
7611,35.22320134516929,0
7612,35.22320134516929,0
7613,35.22320134516929,0
7614,35.22320134516929,0
7615,35.22320134516929,0
7616,35.22320134516929,0
7617,28.307600686385467,0
7618,28.307600686385467,0
7619,28.307600686385467,0
7620,28.307600686385467,0
7621,28.307600686385467,0
7622,28.307600686385467,0
7623,28.307600686385467,0
7624,28.307600686385467,0
7625,28.307600686385467,0
7626,65.50400666446812,0
7627,65.50400666446812,0
7628,65.50400666446812,0
7629,65.50400666446812,0
7630,65.50400666446812,0
7631,65.50400666446812,0
7632,65.50400666446812,0
7633,65.50400666446812,0
7634,65.50400666446812,0
7635,65.50400666446812,0
7636,65.50400666446812,0
7637,65.50400666446812,0
7638,65.50400666446812,0
7639,65.50400666446812,0
7640,65.50400666446812,0
7641,81.99961056887841,0
7642,81.99961056887841,0
7643,81.99961056887841,0
7644,81.99961056887841,0
7645,81.99961056887841,0
7646,81.99961056887841,0
7647,81.99961056887841,1
7648,81.99961056887841,0
7649,81.99961056887841,0
7650,81.99961056887841,0
7651,81.99961056887841,0
7652,27.7096511651977,0
7653,27.7096511651977,0
7654,27.7096511651977,0
7655,27.7096511651977,0
7656,27.7096511651977,1
7657,27.7096511651977,0
7658,27.7096511651977,0
7659,27.7096511651977,0
7660,27.7096511651977,0
7661,27.7096511651977,0
7662,27.7096511651977,0
7663,1.3162222646848805,0
7664,1.3162222646848805,0
7665,1.3162222646848805,0
7666,1.3162222646848805,0
7667,1.3162222646848805,0
7668,1.3162222646848805,0
7669,1.3162222646848805,0
7670,1.3162222646848805,0
7671,1.3162222646848805,0
7672,1.3162222646848805,0
7673,1.3162222646848805,0
7674,1.3162222646848805,0
7675,1.3162222646848805,0
7676,3.161531580506141,0
7677,3.161531580506141,0
7678,3.161531580506141,0
7679,3.161531580506141,0
7680,3.161531580506141,0
7681,3.161531580506141,0
7682,3.161531580506141,0
7683,3.161531580506141,0
7684,3.161531580506141,0
7685,3.161531580506141,0
7686,3.161531580506141,0
7687,18.120794761896263,0
7688,18.120794761896263,0
7689,18.120794761896263,0
7690,18.120794761896263,0
7691,18.120794761896263,0
7692,18.120794761896263,0
7693,18.120794761896263,0
7694,18.120794761896263,0
7695,18.120794761896263,0
7696,18.120794761896263,0
7697,18.120794761896263,0
7698,18.120794761896263,0
7699,50.88044186636238,0
7700,50.88044186636238,0
7701,50.88044186636238,0
7702,50.88044186636238,0
7703,50.88044186636238,0
7704,50.88044186636238,0
7705,50.88044186636238,0
7706,50.88044186636238,0
7707,50.88044186636238,0
7708,50.88044186636238,0
7709,61.612956070290146,0
7710,61.612956070290146,0
7711,61.612956070290146,0
7712,61.612956070290146,0
7713,61.612956070290146,0
7714,61.612956070290146,0
7715,61.612956070290146,0
7716,61.612956070290146,0
7717,61.612956070290146,0
7718,61.612956070290146,0
7719,61.612956070290146,0
7720,61.612956070290146,0
7721,61.612956070290146,0
7722,61.612956070290146,0
7723,2.8221852667952687,0
7724,2.8221852667952687,0
7725,2.8221852667952687,0
7726,2.8221852667952687,0
7727,2.8221852667952687,0
7728,2.8221852667952687,0
7729,2.8221852667952687,0
7730,2.8221852667952687,0
7731,2.8221852667952687,0
7732,2.8221852667952687,0
7733,2.8362778324842792,0
7734,2.8362778324842792,0
7735,2.8362778324842792,0
7736,2.8362778324842792,0
7737,2.8362778324842792,0
7738,2.8362778324842792,0
7739,2.8362778324842792,0
7740,2.8362778324842792,0
7741,2.8362778324842792,0
7742,32.01776196803313,0
7743,32.01776196803313,0
7744,32.01776196803313,0
7745,32.01776196803313,0
7746,32.01776196803313,0
7747,32.01776196803313,0
7748,32.01776196803313,0
7749,32.01776196803313,0
7750,32.01776196803313,0
7751,32.01776196803313,0
7752,32.01776196803313,0
7753,32.01776196803313,0
7754,66.06458874200761,0
7755,66.06458874200761,0
7756,66.06458874200761,0
7757,66.06458874200761,0
7758,66.06458874200761,0
7759,66.06458874200761,0
7760,66.06458874200761,0
7761,66.06458874200761,0
7762,66.06458874200761,0
7763,66.06458874200761,0
7764,66.06458874200761,0
7765,66.06458874200761,0
7766,66.06458874200761,0
7767,66.06458874200761,0
7768,66.06458874200761,0
7769,54.52979936846939,0
7770,54.52979936846939,0
7771,54.52979936846939,0
7772,54.52979936846939,0
7773,54.52979936846939,0
7774,54.52979936846939,0
7775,54.52979936846939,0
7776,54.52979936846939,0
7777,54.52979936846939,0
7778,54.52979936846939,0
7779,47.11189692332126,0
7780,47.11189692332126,0
7781,47.11189692332126,0
7782,47.11189692332126,0
7783,47.11189692332126,0
7784,47.11189692332126,0
7785,47.11189692332126,0
7786,47.11189692332126,0
7787,47.11189692332126,0
7788,47.11189692332126,0
7789,1.990140327950446,0
7790,1.990140327950446,0
7791,1.990140327950446,0
7792,1.990140327950446,0
7793,1.990140327950446,0
7794,1.990140327950446,0
7795,1.990140327950446,0
7796,1.990140327950446,0
7797,1.990140327950446,0
7798,1.990140327950446,0
7799,1.990140327950446,0
7800,26.86837824145547,0
7801,26.86837824145547,0
7802,26.86837824145547,0
7803,26.86837824145547,0
7804,26.86837824145547,0
7805,26.86837824145547,0
7806,26.86837824145547,0
7807,26.86837824145547,0
7808,26.86837824145547,0
7809,26.86837824145547,0
7810,26.86837824145547,0
7811,56.75246384927848,0
7812,56.75246384927848,0
7813,56.75246384927848,0
7814,56.75246384927848,0
7815,56.75246384927848,0
7816,56.75246384927848,0
7817,56.75246384927848,0
7818,56.75246384927848,0
7819,56.75246384927848,0
7820,56.75246384927848,0
7821,56.75246384927848,0
7822,9.090997644592713,0
7823,9.090997644592713,0
7824,9.090997644592713,0
7825,9.090997644592713,0
7826,9.090997644592713,0
7827,9.090997644592713,0
7828,9.090997644592713,0
7829,9.090997644592713,0
7830,9.090997644592713,0
7831,9.090997644592713,0
7832,9.090997644592713,0
7833,9.090997644592713,0
7834,9.090997644592713,0
7835,9.090997644592713,0
7836,9.090997644592713,0
7837,0.3956093331952072,0
7838,0.3956093331952072,0
7839,0.3956093331952072,0
7840,0.3956093331952072,0
7841,0.3956093331952072,0
7842,0.3956093331952072,0
7843,0.3956093331952072,0
7844,0.3956093331952072,0
7845,0.3956093331952072,0
7846,0.3956093331952072,0
7847,0.3956093331952072,0
7848,0.3956093331952072,0
7849,0.3956093331952072,0
7850,0.3956093331952072,0
7851,80.19007689739857,0
7852,80.19007689739857,0
7853,80.19007689739857,0
7854,80.19007689739857,0
7855,80.19007689739857,0
7856,80.19007689739857,0
7857,80.19007689739857,0
7858,80.19007689739857,0
7859,80.19007689739857,0
7860,20.57664669397445,0
7861,20.57664669397445,0
7862,20.57664669397445,0
7863,20.57664669397445,0
7864,20.57664669397445,0
7865,20.57664669397445,0
7866,20.57664669397445,0
7867,20.57664669397445,0
7868,20.57664669397445,0
7869,20.57664669397445,0
7870,20.57664669397445,0
7871,20.57664669397445,0
7872,20.57664669397445,0
7873,20.57664669397445,0
7874,20.57664669397445,0
7875,6.221289463028354,0
7876,6.221289463028354,0
7877,6.221289463028354,0
7878,6.221289463028354,0
7879,78.8718960022669,0
7880,78.8718960022669,0
7881,78.8718960022669,0
7882,78.8718960022669,0
7883,78.8718960022669,0
7884,86.8243780967667,0
7885,86.8243780967667,0
7886,86.8243780967667,0
7887,86.8243780967667,0
7888,86.8243780967667,0
7889,86.8243780967667,0
7890,86.8243780967667,0
7891,86.8243780967667,0
7892,86.8243780967667,0
7893,86.8243780967667,0
7894,86.8243780967667,0
7895,86.8243780967667,0
7896,86.8243780967667,0
7897,86.8243780967667,0
7898,2.9446586343690124,0
7899,2.9446586343690124,0
7900,2.9446586343690124,0
7901,2.9446586343690124,0
7902,2.9446586343690124,0
7903,2.9446586343690124,0
7904,2.9446586343690124,0
7905,2.9446586343690124,0
7906,2.9446586343690124,0
7907,2.9446586343690124,0
7908,2.9446586343690124,0
7909,2.9446586343690124,0
7910,35.75416314815419,0
7911,35.75416314815419,0
7912,35.75416314815419,0
7913,35.75416314815419,0
7914,35.75416314815419,0
7915,35.75416314815419,0
7916,35.75416314815419,0
7917,35.75416314815419,0
7918,35.75416314815419,0
7919,0.43307772097117253,0
7920,0.43307772097117253,0
7921,0.43307772097117253,0
7922,0.43307772097117253,0
7923,0.43307772097117253,0
7924,0.43307772097117253,0
7925,16.896253680525703,0
7926,16.896253680525703,0
7927,16.896253680525703,0
7928,16.896253680525703,0
7929,16.896253680525703,0
7930,16.896253680525703,0
7931,16.896253680525703,0
7932,22.43938157221363,0
7933,22.43938157221363,0
7934,22.43938157221363,0
7935,22.43938157221363,0
7936,22.43938157221363,0
7937,22.43938157221363,0
7938,22.43938157221363,0
7939,22.43938157221363,0
7940,22.43938157221363,0
7941,22.43938157221363,0
7942,2.6300100726982434,0
7943,2.6300100726982434,0
7944,2.6300100726982434,0
7945,2.6300100726982434,0
7946,2.6300100726982434,0
7947,2.6300100726982434,0
7948,2.6300100726982434,0
7949,2.6300100726982434,0
7950,2.6300100726982434,0
7951,2.6300100726982434,0
7952,2.6300100726982434,0
7953,1.4540998064124586,0
7954,1.4540998064124586,0
7955,1.4540998064124586,0
7956,1.4540998064124586,0
7957,1.4540998064124586,0
7958,1.4540998064124586,0
7959,1.4540998064124586,0
7960,1.4540998064124586,0
7961,1.4540998064124586,0
7962,1.4540998064124586,0
7963,1.3493352580324982,0
7964,1.3493352580324982,0
7965,1.3493352580324982,0
7966,1.3493352580324982,0
7967,1.3493352580324982,0
7968,1.3493352580324982,0
7969,1.3493352580324982,0
7970,1.3493352580324982,0
7971,1.3493352580324982,0
7972,1.3493352580324982,0
7973,1.3493352580324982,0
7974,1.3493352580324982,0
7975,1.3493352580324982,0
7976,2.008858236822691,0
7977,2.008858236822691,0
7978,2.008858236822691,0
7979,2.008858236822691,0
7980,2.008858236822691,0
7981,2.008858236822691,0
7982,2.008858236822691,0
7983,2.008858236822691,0
7984,2.008858236822691,0
7985,2.008858236822691,0
7986,2.008858236822691,0
7987,69.79262441419931,0
7988,69.79262441419931,0
7989,69.79262441419931,0
7990,69.79262441419931,0
7991,69.79262441419931,0
7992,69.79262441419931,0
7993,69.79262441419931,0
7994,69.79262441419931,0
7995,69.79262441419931,0
7996,69.79262441419931,0
7997,69.79262441419931,0
7998,69.79262441419931,0
7999,47.8161851777188,0
8000,47.8161851777188,0
8001,47.8161851777188,0
8002,47.8161851777188,0
8003,47.8161851777188,0
8004,47.8161851777188,0
8005,47.8161851777188,0
8006,47.8161851777188,0
8007,47.8161851777188,0
8008,47.8161851777188,0
8009,47.8161851777188,0
8010,0.42572071765203434,0
8011,0.42572071765203434,0
8012,0.42572071765203434,0
8013,0.42572071765203434,0
8014,0.42572071765203434,0
8015,0.42572071765203434,0
8016,0.42572071765203434,0
8017,0.42572071765203434,0
8018,0.42572071765203434,0
8019,0.42572071765203434,0
8020,0.42572071765203434,0
8021,0.42572071765203434,0
8022,0.42572071765203434,0
8023,0.42572071765203434,0
8024,0.42572071765203434,0
8025,0.42572071765203434,0
8026,52.48967897813807,0
8027,52.48967897813807,0
8028,52.48967897813807,0
8029,52.48967897813807,0
8030,52.48967897813807,0
8031,52.48967897813807,0
8032,0.12249600121169095,0
8033,0.12249600121169095,0
8034,0.12249600121169095,0
8035,0.12249600121169095,0
8036,0.12249600121169095,0
8037,0.12249600121169095,0
8038,0.12249600121169095,0
8039,0.12249600121169095,0
8040,0.12249600121169095,0
8041,5.309118701284887,0
8042,5.309118701284887,0
8043,5.309118701284887,0
8044,5.309118701284887,0
8045,5.309118701284887,0
8046,5.309118701284887,0
8047,5.309118701284887,0
8048,0.3530062729191364,0
8049,0.3530062729191364,0
8050,0.3530062729191364,1
8051,0.3530062729191364,0
8052,0.3530062729191364,0
8053,0.3530062729191364,0
8054,0.3530062729191364,0
8055,0.3530062729191364,0
8056,0.3530062729191364,0
8057,0.3530062729191364,0
8058,0.3530062729191364,0
8059,0.3530062729191364,0
8060,43.946568890553905,0
8061,43.946568890553905,0
8062,43.946568890553905,0
8063,43.946568890553905,0
8064,43.946568890553905,0
8065,43.946568890553905,0
8066,43.946568890553905,0
8067,43.946568890553905,0
8068,43.946568890553905,0
8069,43.946568890553905,0
8070,43.946568890553905,0
8071,30.51841336276217,0
8072,30.51841336276217,0
8073,30.51841336276217,0
8074,30.51841336276217,0
8075,30.51841336276217,0
8076,30.51841336276217,0
8077,30.51841336276217,0
8078,30.51841336276217,0
8079,30.51841336276217,0
8080,30.51841336276217,0
8081,30.51841336276217,1
8082,10.15543716849773,0
8083,10.15543716849773,0
8084,10.15543716849773,0
8085,10.15543716849773,0
8086,10.15543716849773,0
8087,10.15543716849773,0
8088,10.15543716849773,0
8089,10.15543716849773,0
8090,10.15543716849773,0
8091,10.15543716849773,0
8092,10.15543716849773,0
8093,10.15543716849773,0
8094,4.536715465628468,0
8095,4.536715465628468,0
8096,4.536715465628468,0
8097,4.536715465628468,0
8098,4.536715465628468,0
8099,4.536715465628468,0
8100,4.536715465628468,0
8101,4.536715465628468,0
8102,4.536715465628468,0
8103,4.536715465628468,0
8104,22.38271658778042,0
8105,22.38271658778042,0
8106,22.38271658778042,0
8107,22.38271658778042,0
8108,22.38271658778042,0
8109,22.38271658778042,0
8110,22.38271658778042,0
8111,61.996466708545654,0
8112,61.996466708545654,0
8113,61.996466708545654,0
8114,61.996466708545654,0
8115,61.996466708545654,0
8116,61.996466708545654,0
8117,61.996466708545654,0
8118,61.996466708545654,0
8119,61.996466708545654,0
8120,61.996466708545654,0
8121,61.996466708545654,0
8122,61.996466708545654,0
8123,49.04805532904815,0
8124,49.04805532904815,0
8125,49.04805532904815,0
8126,49.04805532904815,0
8127,49.04805532904815,0
8128,49.04805532904815,0
8129,49.04805532904815,0
8130,49.04805532904815,0
8131,49.04805532904815,0
8132,49.04805532904815,0
8133,49.04805532904815,1
8134,49.04805532904815,0
8135,49.04805532904815,0
8136,2.3014029559082436,0
8137,2.3014029559082436,0
8138,2.3014029559082436,0
8139,2.3014029559082436,0
8140,2.3014029559082436,0
8141,2.3014029559082436,0
8142,2.3014029559082436,0
8143,2.3014029559082436,0
8144,2.3014029559082436,0
8145,23.562428249457053,0
8146,23.562428249457053,0
8147,23.562428249457053,0
8148,23.562428249457053,0
8149,23.562428249457053,0
8150,23.562428249457053,0
8151,23.562428249457053,0
8152,23.562428249457053,0
8153,23.562428249457053,0
8154,23.562428249457053,0
8155,7.774330969843689,0
8156,7.774330969843689,0
8157,7.774330969843689,0
8158,7.774330969843689,0
8159,7.774330969843689,0
8160,7.774330969843689,0
8161,7.774330969843689,0
8162,7.774330969843689,0
8163,7.774330969843689,0
8164,7.774330969843689,0
8165,0.5658189942856369,0
8166,0.5658189942856369,0
8167,0.5658189942856369,0
8168,0.5658189942856369,0
8169,0.5658189942856369,0
8170,0.5658189942856369,0
8171,0.5658189942856369,0
8172,0.5658189942856369,0
8173,0.5658189942856369,0
8174,0.5658189942856369,0
8175,0.5658189942856369,0
8176,1.7402571715638973,0
8177,1.7402571715638973,0
8178,1.7402571715638973,0
8179,1.7402571715638973,0
8180,1.7402571715638973,0
8181,1.7402571715638973,0
8182,1.7402571715638973,0
8183,1.7402571715638973,0
8184,1.7402571715638973,0
8185,1.7402571715638973,0
8186,35.497206195499544,0
8187,35.497206195499544,0
8188,35.497206195499544,0
8189,35.497206195499544,0
8190,35.497206195499544,0
8191,35.497206195499544,0
8192,35.497206195499544,0
8193,35.497206195499544,0
8194,35.497206195499544,0
8195,35.497206195499544,0
8196,35.497206195499544,0
8197,35.497206195499544,0
8198,35.497206195499544,0
8199,35.497206195499544,0
8200,28.051911685227033,0
8201,28.051911685227033,0
8202,28.051911685227033,0
8203,28.051911685227033,0
8204,28.051911685227033,0
8205,28.051911685227033,0
8206,28.051911685227033,0
8207,28.051911685227033,0
8208,41.40688717116577,0
8209,41.40688717116577,0
8210,41.40688717116577,0
8211,41.40688717116577,0
8212,41.40688717116577,0
8213,41.40688717116577,0
8214,41.40688717116577,0
8215,41.40688717116577,0
8216,41.40688717116577,0
8217,41.40688717116577,0
8218,41.40688717116577,0
8219,41.40688717116577,0
8220,1.493987882537881,0
8221,1.493987882537881,0
8222,1.493987882537881,0
8223,1.493987882537881,0
8224,1.493987882537881,0
8225,1.493987882537881,0
8226,1.493987882537881,0
8227,1.493987882537881,0
8228,1.493987882537881,0
8229,1.493987882537881,0
8230,12.815252478849752,0
8231,12.815252478849752,0
8232,12.815252478849752,0
8233,12.815252478849752,0
8234,12.815252478849752,0
8235,12.815252478849752,0
8236,12.815252478849752,0
8237,12.815252478849752,0
8238,12.815252478849752,0
8239,12.815252478849752,0
8240,12.815252478849752,0
8241,12.815252478849752,0
8242,12.815252478849752,0
8243,106.33795414729813,0
8244,106.33795414729813,0
8245,106.33795414729813,0
8246,106.33795414729813,0
8247,106.33795414729813,0
8248,106.33795414729813,0
8249,106.33795414729813,0
8250,106.33795414729813,0
8251,106.33795414729813,0
8252,106.33795414729813,0
8253,106.33795414729813,0
8254,106.33795414729813,0
8255,2.5434581126740676,0
8256,2.5434581126740676,0
8257,2.5434581126740676,0
8258,2.5434581126740676,0
8259,2.5434581126740676,0
8260,2.5434581126740676,0
8261,2.5434581126740676,0
8262,2.5434581126740676,0
8263,2.5434581126740676,0
8264,2.5434581126740676,0
8265,2.5434581126740676,0
8266,2.5434581126740676,0
8267,2.5434581126740676,0
8268,2.5434581126740676,0
8269,2.713230026661738,0
8270,2.713230026661738,0
8271,2.713230026661738,1
8272,2.713230026661738,0
8273,2.713230026661738,0
8274,2.713230026661738,0
8275,2.713230026661738,0
8276,2.713230026661738,0
8277,2.713230026661738,0
8278,2.713230026661738,0
8279,2.713230026661738,0
8280,2.713230026661738,0
8281,2.713230026661738,0
8282,31.969687764731336,0
8283,31.969687764731336,0
8284,31.969687764731336,0
8285,31.969687764731336,0
8286,31.969687764731336,0
8287,31.969687764731336,0
8288,31.969687764731336,0
8289,31.969687764731336,0
8290,31.969687764731336,0
8291,31.969687764731336,0
8292,31.969687764731336,0
8293,31.969687764731336,0
8294,31.969687764731336,0
8295,31.969687764731336,0
8296,31.969687764731336,0
8297,13.099203420255401,0
8298,13.099203420255401,0
8299,13.099203420255401,0
8300,13.099203420255401,0
8301,13.099203420255401,0
8302,13.099203420255401,0
8303,13.099203420255401,0
8304,13.099203420255401,0
8305,13.099203420255401,0
8306,13.099203420255401,0
8307,13.099203420255401,1
8308,42.745549916662426,0
8309,42.745549916662426,0
8310,42.745549916662426,0
8311,42.745549916662426,0
8312,42.745549916662426,0
8313,42.745549916662426,0
8314,42.745549916662426,0
8315,42.745549916662426,0
8316,42.745549916662426,0
8317,42.745549916662426,0
8318,42.745549916662426,0
8319,61.15502875192151,0
8320,61.15502875192151,0
8321,61.15502875192151,0
8322,61.15502875192151,0
8323,61.15502875192151,0
8324,61.15502875192151,0
8325,61.15502875192151,0
8326,61.15502875192151,0
8327,61.15502875192151,0
8328,61.15502875192151,0
8329,61.15502875192151,0
8330,44.658151773427875,0
8331,44.658151773427875,0
8332,44.658151773427875,0
8333,44.658151773427875,0
8334,44.658151773427875,0
8335,44.658151773427875,0
8336,44.658151773427875,0
8337,44.658151773427875,0
8338,44.658151773427875,0
8339,44.658151773427875,0
8340,9.575713528407043,0
8341,9.575713528407043,0
8342,9.575713528407043,0
8343,9.575713528407043,0
8344,9.575713528407043,0
8345,9.575713528407043,0
8346,9.575713528407043,0
8347,9.575713528407043,0
8348,9.575713528407043,0
8349,9.575713528407043,0
8350,9.575713528407043,0
8351,9.575713528407043,0
8352,9.575713528407043,0
8353,9.575713528407043,0
8354,9.575713528407043,0
8355,9.575713528407043,0
8356,1.2377891899687485,0
8357,1.2377891899687485,0
8358,1.2377891899687485,0
8359,1.2377891899687485,0
8360,1.2377891899687485,0
8361,1.2377891899687485,0
8362,1.2377891899687485,0
8363,1.2377891899687485,0
8364,1.2377891899687485,0
8365,1.2377891899687485,0
8366,4.816589066079462,0
8367,4.816589066079462,0
8368,4.816589066079462,0
8369,4.816589066079462,0
8370,74.70415333024634,0
8371,74.70415333024634,0
8372,74.70415333024634,0
8373,74.70415333024634,0
8374,74.70415333024634,0
8375,74.70415333024634,0
8376,74.70415333024634,0
8377,74.70415333024634,0
8378,74.70415333024634,0
8379,74.70415333024634,0
8380,74.70415333024634,0
8381,74.70415333024634,0
8382,74.70415333024634,0
8383,1.344393957685655,0
8384,1.344393957685655,0
8385,1.344393957685655,0
8386,1.344393957685655,0
8387,1.344393957685655,0
8388,1.344393957685655,0
8389,1.344393957685655,0
8390,1.344393957685655,0
8391,1.344393957685655,0
8392,0.14898002463444202,0
8393,0.14898002463444202,0
8394,0.14898002463444202,0
8395,0.14898002463444202,0
8396,0.14898002463444202,0
8397,0.14898002463444202,0
8398,0.14898002463444202,0
8399,0.14898002463444202,0
8400,0.14898002463444202,0
8401,0.14898002463444202,0
8402,0.14898002463444202,0
8403,0.14898002463444202,0
8404,0.14898002463444202,0
8405,0.14898002463444202,0
8406,23.677053666844945,0
8407,23.677053666844945,0
8408,23.677053666844945,0
8409,23.677053666844945,0
8410,45.09951098713228,0
8411,45.09951098713228,0
8412,45.09951098713228,0
8413,45.09951098713228,1
8414,45.09951098713228,0
8415,45.09951098713228,0
8416,45.09951098713228,0
8417,45.09951098713228,0
8418,45.09951098713228,0
8419,45.09951098713228,0
8420,45.09951098713228,0
8421,15.03585527016665,0
8422,15.03585527016665,0
8423,15.03585527016665,0
8424,15.03585527016665,0
8425,15.03585527016665,0
8426,15.03585527016665,0
8427,15.03585527016665,0
8428,15.03585527016665,0
8429,15.03585527016665,0
8430,15.03585527016665,0
8431,15.03585527016665,0
8432,15.03585527016665,0
8433,15.03585527016665,0
8434,3.136298338189383,0
8435,3.136298338189383,0
8436,3.136298338189383,0
8437,3.136298338189383,0
8438,3.136298338189383,0
8439,3.136298338189383,0
8440,3.136298338189383,0
8441,3.136298338189383,0
8442,3.136298338189383,0
8443,3.136298338189383,0
8444,3.136298338189383,0
8445,3.136298338189383,0
8446,1.615677908116758,0
8447,1.615677908116758,0
8448,1.615677908116758,0
8449,1.615677908116758,0
8450,1.615677908116758,0
8451,1.615677908116758,0
8452,1.615677908116758,0
8453,1.615677908116758,0
8454,19.676945148435816,0
8455,19.676945148435816,0
8456,19.676945148435816,0
8457,19.676945148435816,0
8458,19.676945148435816,0
8459,19.676945148435816,0
8460,19.676945148435816,0
8461,19.676945148435816,0
8462,19.676945148435816,0
8463,19.676945148435816,0
8464,19.676945148435816,0
8465,19.676945148435816,0
8466,1.432328919467641,0
8467,1.432328919467641,0
8468,1.432328919467641,0
8469,1.432328919467641,0
8470,1.432328919467641,0
8471,1.432328919467641,0
8472,1.432328919467641,0
8473,1.432328919467641,0
8474,1.432328919467641,0
8475,1.432328919467641,0
8476,1.432328919467641,0
8477,1.432328919467641,0
8478,1.432328919467641,0
8479,8.252727553671772,0
8480,8.252727553671772,0
8481,8.252727553671772,0
8482,8.252727553671772,0
8483,8.252727553671772,0
8484,8.252727553671772,0
8485,8.252727553671772,0
8486,8.252727553671772,0
8487,8.252727553671772,0
8488,8.252727553671772,0
8489,8.252727553671772,0
8490,8.252727553671772,0
8491,8.252727553671772,0
8492,8.252727553671772,0
8493,59.330496858769614,0
8494,59.330496858769614,0
8495,59.330496858769614,0
8496,59.330496858769614,0
8497,59.330496858769614,0
8498,59.330496858769614,0
8499,59.330496858769614,0
8500,59.330496858769614,0
8501,59.330496858769614,0
8502,59.330496858769614,0
8503,59.330496858769614,0
8504,59.330496858769614,0
8505,59.330496858769614,0
8506,0.9642188602328708,0
8507,0.9642188602328708,0
8508,0.9642188602328708,0
8509,0.9642188602328708,0
8510,0.9642188602328708,0
8511,0.9642188602328708,0
8512,0.9642188602328708,0
8513,0.9642188602328708,0
8514,0.9642188602328708,0
8515,0.9642188602328708,0
8516,0.9642188602328708,0
8517,0.9642188602328708,0
8518,1.3735351026061788,0
8519,1.3735351026061788,0
8520,1.3735351026061788,0
8521,1.3735351026061788,0
8522,1.3735351026061788,0
8523,1.3735351026061788,0
8524,1.3735351026061788,0
8525,1.3735351026061788,0
8526,1.3735351026061788,0
8527,1.3735351026061788,0
8528,1.3735351026061788,0
8529,5.887264612380456,0
8530,5.887264612380456,0
8531,5.887264612380456,0
8532,5.887264612380456,0
8533,5.887264612380456,0
8534,5.887264612380456,0
8535,5.887264612380456,0
8536,5.887264612380456,0
8537,5.887264612380456,0
8538,5.887264612380456,0
8539,5.887264612380456,0
8540,4.0819642888718555,0
8541,4.0819642888718555,0
8542,4.0819642888718555,0
8543,4.0819642888718555,0
8544,4.0819642888718555,0
8545,4.0819642888718555,0
8546,4.0819642888718555,0
8547,4.0819642888718555,0
8548,4.0819642888718555,0
8549,4.0819642888718555,0
8550,4.0819642888718555,0
8551,4.0819642888718555,0
8552,4.0819642888718555,0
8553,4.0819642888718555,0
