woman_id,distance_km,ipv_response
1,42.962762727853395,0
2,42.962762727853395,0
3,42.962762727853395,0
4,42.962762727853395,0
5,42.962762727853395,0
6,42.962762727853395,0
7,42.962762727853395,0
8,42.962762727853395,0
9,42.962762727853395,0
10,42.962762727853395,0
11,42.962762727853395,0
12,42.962762727853395,0
13,42.962762727853395,0
14,42.962762727853395,0
15,42.962762727853395,0
16,42.962762727853395,0
17,42.962762727853395,0
18,42.962762727853395,0
19,42.962762727853395,0
20,42.962762727853395,0
21,42.962762727853395,0
22,42.962762727853395,0
23,42.962762727853395,0
24,42.962762727853395,0
25,42.962762727853395,0
26,42.962762727853395,0
27,42.962762727853395,0
28,42.962762727853395,0
29,42.962762727853395,0
30,42.962762727853395,0
31,42.962762727853395,1
32,42.962762727853395,0
33,42.962762727853395,0
34,42.962762727853395,0
35,42.962762727853395,0
36,0.947995507393471,0
37,0.947995507393471,0
38,0.947995507393471,0
39,0.947995507393471,0
40,0.947995507393471,0
41,0.947995507393471,0
42,0.947995507393471,0
43,0.947995507393471,0
44,0.947995507393471,0
45,0.947995507393471,0
46,0.947995507393471,0
47,0.947995507393471,0
48,0.947995507393471,1
49,0.947995507393471,0
50,0.947995507393471,0
51,0.947995507393471,0
52,0.947995507393471,0
53,0.947995507393471,0
54,0.947995507393471,0
55,0.947995507393471,0
56,0.947995507393471,0
57,0.947995507393471,0
58,0.947995507393471,0
59,0.947995507393471,0
60,0.947995507393471,0
61,0.947995507393471,0
62,0.947995507393471,0
63,0.947995507393471,0
64,0.947995507393471,0
65,0.947995507393471,0
66,0.947995507393471,0
67,0.947995507393471,0
68,0.947995507393471,0
69,0.947995507393471,0
70,0.947995507393471,0
71,0.947995507393471,0
72,0.947995507393471,0
73,0.947995507393471,1
74,0.947995507393471,1
75,0.947995507393471,0
76,0.947995507393471,0
77,0.947995507393471,0
78,0.947995507393471,0
79,0.947995507393471,0
80,0.947995507393471,0
81,0.947995507393471,0
82,0.947995507393471,0
83,0.947995507393471,0
84,0.947995507393471,0
85,0.947995507393471,0
86,2.1495338861390376,0
87,2.1495338861390376,0
88,2.1495338861390376,0
89,2.1495338861390376,0
90,2.1495338861390376,0
91,2.1495338861390376,1
92,2.1495338861390376,0
93,2.1495338861390376,0
94,2.1495338861390376,0
95,2.1495338861390376,0
96,2.1495338861390376,0
97,2.1495338861390376,0
98,2.1495338861390376,0
99,2.1495338861390376,0
100,2.1495338861390376,0
101,2.1495338861390376,0
102,2.1495338861390376,0
103,2.1495338861390376,0
104,2.1495338861390376,0
105,2.1495338861390376,0
106,2.1495338861390376,0
107,2.1495338861390376,0
108,2.1495338861390376,0
109,2.1495338861390376,0
110,2.1495338861390376,0
111,2.1495338861390376,1
112,2.1495338861390376,0
113,2.1495338861390376,0
114,2.1495338861390376,0
115,2.1495338861390376,0
116,2.1495338861390376,0
117,2.1495338861390376,0
118,2.1495338861390376,0
119,2.1495338861390376,0
120,2.1495338861390376,0
121,2.1495338861390376,0
122,2.1495338861390376,0
123,2.1495338861390376,0
124,2.1495338861390376,0
125,2.1495338861390376,1
126,2.1495338861390376,0
127,2.1495338861390376,0
128,2.1495338861390376,0
129,2.1495338861390376,0
130,2.1495338861390376,0
131,2.1495338861390376,0
132,2.1495338861390376,0
133,19.340296003841885,0
134,19.340296003841885,0
135,19.340296003841885,0
136,19.340296003841885,0
137,19.340296003841885,0
138,19.340296003841885,0
139,19.340296003841885,0
140,19.340296003841885,1
141,19.340296003841885,1
142,19.340296003841885,0
143,19.340296003841885,1
144,19.340296003841885,0
145,19.340296003841885,1
146,19.340296003841885,0
147,19.340296003841885,0
148,19.340296003841885,0
149,19.340296003841885,1
150,19.340296003841885,0
151,19.340296003841885,0
152,19.340296003841885,0
153,19.340296003841885,0
154,19.340296003841885,0
155,19.340296003841885,0
156,19.340296003841885,0
157,19.340296003841885,0
158,19.340296003841885,0
159,19.340296003841885,0
160,19.340296003841885,1
161,19.340296003841885,0
162,19.340296003841885,0
163,19.340296003841885,0
164,19.340296003841885,0
165,19.340296003841885,0
166,19.340296003841885,0
167,1.162632545122324,0
168,1.162632545122324,0
169,1.162632545122324,0
170,1.162632545122324,0
171,1.162632545122324,0
172,1.162632545122324,1
173,1.162632545122324,0
174,1.162632545122324,0
175,1.162632545122324,0
176,1.162632545122324,0
177,1.162632545122324,0
178,1.162632545122324,0
179,1.162632545122324,0
180,1.162632545122324,0
181,1.162632545122324,0
182,1.162632545122324,0
183,1.162632545122324,0
184,1.162632545122324,0
185,1.162632545122324,0
186,1.162632545122324,1
187,1.162632545122324,0
188,1.162632545122324,0
189,1.162632545122324,0
190,1.162632545122324,0
191,1.162632545122324,0
192,1.162632545122324,0
193,1.162632545122324,0
194,1.162632545122324,0
195,1.162632545122324,0
196,1.162632545122324,0
197,1.162632545122324,0
198,1.162632545122324,0
199,1.162632545122324,0
200,1.162632545122324,0
201,1.162632545122324,0
202,1.162632545122324,1
203,1.162632545122324,0
204,1.162632545122324,0
205,93.95777345487899,0
206,93.95777345487899,0
207,93.95777345487899,0
208,93.95777345487899,0
209,93.95777345487899,0
210,93.95777345487899,0
211,93.95777345487899,0
212,93.95777345487899,0
213,93.95777345487899,0
214,93.95777345487899,0
215,93.95777345487899,0
216,93.95777345487899,0
217,93.95777345487899,0
218,93.95777345487899,0
219,93.95777345487899,0
220,93.95777345487899,0
221,93.95777345487899,0
222,93.95777345487899,0
223,93.95777345487899,0
224,93.95777345487899,0
225,93.95777345487899,0
226,93.95777345487899,0
227,93.95777345487899,0
228,93.95777345487899,0
229,93.95777345487899,0
230,93.95777345487899,0
231,93.95777345487899,0
232,93.95777345487899,0
233,93.95777345487899,0
234,1.9107560935549572,0
235,1.9107560935549572,0
236,1.9107560935549572,0
237,1.9107560935549572,0
238,1.9107560935549572,0
239,1.9107560935549572,0
240,1.9107560935549572,0
241,1.9107560935549572,0
242,1.9107560935549572,0
243,1.9107560935549572,0
244,1.9107560935549572,0
245,1.9107560935549572,0
246,1.9107560935549572,0
247,1.9107560935549572,0
248,1.9107560935549572,0
249,1.9107560935549572,0
250,1.9107560935549572,0
251,1.9107560935549572,0
252,1.9107560935549572,0
253,1.9107560935549572,0
254,1.9107560935549572,0
255,1.9107560935549572,0
256,1.9107560935549572,0
257,1.9107560935549572,0
258,1.9107560935549572,0
259,1.9107560935549572,0
260,1.9107560935549572,0
261,1.9107560935549572,0
262,1.9107560935549572,0
263,1.9107560935549572,1
264,1.9107560935549572,0
265,1.9107560935549572,0
266,1.9107560935549572,0
267,1.9107560935549572,0
268,1.9107560935549572,0
269,1.9107560935549572,0
270,1.9107560935549572,0
271,1.9107560935549572,0
272,1.9107560935549572,0
273,1.9107560935549572,0
274,1.9107560935549572,0
275,1.9107560935549572,0
276,1.9107560935549572,0
277,1.9107560935549572,0
278,1.9107560935549572,0
279,1.9107560935549572,0
280,1.9107560935549572,0
281,1.9107560935549572,0
282,1.9107560935549572,1
283,1.9107560935549572,0
284,1.9107560935549572,0
285,1.9107560935549572,0
286,52.537811596360946,0
287,52.537811596360946,0
288,52.537811596360946,0
289,52.537811596360946,0
290,52.537811596360946,0
291,52.537811596360946,0
292,52.537811596360946,0
293,52.537811596360946,0
294,52.537811596360946,0
295,52.537811596360946,0
296,52.537811596360946,0
297,52.537811596360946,0
298,52.537811596360946,0
299,52.537811596360946,0
300,52.537811596360946,0
301,52.537811596360946,0
302,52.537811596360946,0
303,52.537811596360946,0
304,52.537811596360946,0
305,52.537811596360946,0
306,52.537811596360946,0
307,52.537811596360946,1
308,52.537811596360946,0
309,52.537811596360946,0
310,52.537811596360946,0
311,52.537811596360946,0
312,52.537811596360946,0
313,52.537811596360946,0
314,52.537811596360946,1
315,52.537811596360946,0
316,52.537811596360946,0
317,52.537811596360946,0
318,52.537811596360946,0
319,52.537811596360946,0
320,52.537811596360946,0
321,52.537811596360946,0
322,52.537811596360946,0
323,54.4989639184153,0
324,54.4989639184153,0
325,54.4989639184153,0
326,54.4989639184153,0
327,54.4989639184153,0
328,54.4989639184153,0
329,54.4989639184153,0
330,54.4989639184153,1
331,54.4989639184153,0
332,54.4989639184153,0
333,54.4989639184153,0
334,54.4989639184153,0
335,54.4989639184153,0
336,54.4989639184153,0
337,54.4989639184153,0
338,54.4989639184153,0
339,54.4989639184153,0
340,54.4989639184153,0
341,54.4989639184153,0
342,54.4989639184153,0
343,54.4989639184153,0
344,54.4989639184153,0
345,54.4989639184153,0
346,54.4989639184153,0
347,54.4989639184153,0
348,54.4989639184153,0
349,54.4989639184153,0
350,54.4989639184153,0
351,54.4989639184153,0
352,54.4989639184153,0
353,5.663096891653038,0
354,5.663096891653038,0
355,5.663096891653038,0
356,5.663096891653038,0
357,5.663096891653038,1
358,5.663096891653038,0
359,5.663096891653038,0
360,5.663096891653038,0
361,5.663096891653038,0
362,5.663096891653038,0
363,5.663096891653038,0
364,5.663096891653038,0
365,5.663096891653038,0
366,5.663096891653038,0
367,5.663096891653038,0
368,5.663096891653038,1
369,5.663096891653038,0
370,5.663096891653038,0
371,5.663096891653038,1
372,5.663096891653038,0
373,5.663096891653038,0
374,5.663096891653038,0
375,5.663096891653038,0
376,5.663096891653038,0
377,5.663096891653038,0
378,0.5378313742003593,0
379,0.5378313742003593,0
380,0.5378313742003593,0
381,0.5378313742003593,0
382,0.5378313742003593,0
383,0.5378313742003593,0
384,0.5378313742003593,0
385,0.5378313742003593,0
386,0.5378313742003593,0
387,0.5378313742003593,0
388,0.5378313742003593,0
389,0.5378313742003593,1
390,0.5378313742003593,0
391,0.5378313742003593,0
392,0.5378313742003593,0
393,0.5378313742003593,0
394,0.5378313742003593,0
395,0.5378313742003593,0
396,0.5378313742003593,0
397,0.5378313742003593,0
398,0.5378313742003593,0
399,0.5378313742003593,0
400,0.5378313742003593,0
401,0.5378313742003593,0
402,0.5378313742003593,0
403,0.5378313742003593,0
404,0.5378313742003593,0
405,0.5378313742003593,0
406,0.5378313742003593,0
407,0.5378313742003593,0
408,0.5378313742003593,0
409,0.5378313742003593,0
410,0.5378313742003593,0
411,35.6262327085162,0
412,35.6262327085162,0
413,35.6262327085162,0
414,35.6262327085162,0
415,35.6262327085162,0
416,35.6262327085162,0
417,35.6262327085162,0
418,35.6262327085162,0
419,35.6262327085162,0
420,35.6262327085162,0
421,35.6262327085162,0
422,35.6262327085162,0
423,35.6262327085162,0
424,35.6262327085162,0
425,35.6262327085162,0
426,35.6262327085162,0
427,35.6262327085162,0
428,35.6262327085162,0
429,35.6262327085162,0
430,35.6262327085162,0
431,35.6262327085162,0
432,35.6262327085162,0
433,35.6262327085162,0
434,35.6262327085162,0
435,35.6262327085162,0
436,35.6262327085162,0
437,35.6262327085162,0
438,35.6262327085162,0
439,35.6262327085162,0
440,35.6262327085162,0
441,35.6262327085162,0
442,35.6262327085162,0
443,35.6262327085162,0
444,35.6262327085162,0
445,35.6262327085162,0
446,35.6262327085162,0
447,35.6262327085162,0
448,35.6262327085162,0
449,35.6262327085162,0
450,35.6262327085162,0
451,35.6262327085162,0
452,35.6262327085162,0
453,35.6262327085162,0
454,35.6262327085162,0
455,35.6262327085162,0
456,35.6262327085162,0
457,35.6262327085162,0
458,35.6262327085162,0
459,35.6262327085162,0
460,35.6262327085162,0
461,35.6262327085162,0
462,35.6262327085162,0
463,35.6262327085162,0
464,35.6262327085162,0
465,35.6262327085162,0
466,35.6262327085162,0
467,35.6262327085162,0
468,35.6262327085162,0
469,35.6262327085162,0
470,35.6262327085162,0
471,35.6262327085162,0
472,35.6262327085162,0
473,35.6262327085162,0
474,35.6262327085162,0
475,35.6262327085162,0
476,59.50711928527656,0
477,59.50711928527656,0
478,59.50711928527656,0
479,59.50711928527656,0
480,59.50711928527656,0
481,59.50711928527656,0
482,59.50711928527656,0
483,59.50711928527656,0
484,59.50711928527656,0
485,59.50711928527656,0
486,59.50711928527656,0
487,59.50711928527656,0
488,59.50711928527656,0
489,59.50711928527656,0
490,59.50711928527656,0
491,59.50711928527656,0
492,59.50711928527656,0
493,59.50711928527656,0
494,59.50711928527656,0
495,59.50711928527656,0
496,59.50711928527656,0
497,59.50711928527656,0
498,59.50711928527656,0
499,59.50711928527656,0
500,59.50711928527656,0
501,59.50711928527656,0
502,59.50711928527656,0
503,59.50711928527656,0
504,59.50711928527656,0
505,59.50711928527656,0
506,59.50711928527656,0
507,59.50711928527656,0
508,59.50711928527656,0
509,59.50711928527656,0
510,59.50711928527656,0
511,59.50711928527656,0
512,59.50711928527656,0
513,59.50711928527656,0
514,59.50711928527656,0
515,59.50711928527656,0
516,59.50711928527656,0
517,59.50711928527656,0
518,59.50711928527656,0
519,59.50711928527656,0
520,20.51973509318807,0
521,20.51973509318807,0
522,20.51973509318807,0
523,20.51973509318807,0
524,20.51973509318807,0
525,20.51973509318807,0
526,20.51973509318807,0
527,20.51973509318807,0
528,20.51973509318807,0
529,20.51973509318807,0
530,20.51973509318807,0
531,20.51973509318807,0
532,20.51973509318807,0
533,20.51973509318807,0
534,20.51973509318807,0
535,20.51973509318807,0
536,20.51973509318807,0
537,20.51973509318807,0
538,20.51973509318807,0
539,20.51973509318807,0
540,20.51973509318807,0
541,20.51973509318807,0
542,20.51973509318807,0
543,20.51973509318807,0
544,20.51973509318807,0
545,20.51973509318807,0
546,20.51973509318807,0
547,20.51973509318807,0
548,2.561814076333186,0
549,2.561814076333186,0
550,2.561814076333186,0
551,2.561814076333186,0
552,2.561814076333186,0
553,2.561814076333186,0
554,2.561814076333186,0
555,2.561814076333186,0
556,2.561814076333186,0
557,2.561814076333186,0
558,2.561814076333186,0
559,2.561814076333186,0
560,2.561814076333186,1
561,2.561814076333186,0
562,2.561814076333186,0
563,2.561814076333186,0
564,2.561814076333186,0
565,2.561814076333186,0
566,2.561814076333186,0
567,2.561814076333186,0
568,2.561814076333186,0
569,2.561814076333186,0
570,2.561814076333186,0
571,2.561814076333186,0
572,2.561814076333186,0
573,2.561814076333186,0
574,2.561814076333186,0
575,2.561814076333186,0
576,2.561814076333186,0
577,2.561814076333186,0
578,2.561814076333186,0
579,2.561814076333186,0
580,2.561814076333186,0
581,2.561814076333186,0
582,2.561814076333186,1
583,2.561814076333186,0
584,2.561814076333186,1
585,2.561814076333186,0
586,2.561814076333186,0
587,2.561814076333186,0
588,2.561814076333186,0
589,2.561814076333186,0
590,2.561814076333186,0
591,2.561814076333186,0
592,2.561814076333186,0
593,2.561814076333186,0
594,2.561814076333186,0
595,2.561814076333186,0
596,23.296747772643112,0
597,23.296747772643112,0
598,23.296747772643112,0
599,23.296747772643112,0
600,23.296747772643112,0
601,23.296747772643112,0
602,23.296747772643112,0
603,23.296747772643112,0
604,23.296747772643112,0
605,23.296747772643112,0
606,23.296747772643112,0
607,23.296747772643112,0
608,23.296747772643112,0
609,23.296747772643112,0
610,23.296747772643112,0
611,23.296747772643112,0
612,23.296747772643112,1
613,23.296747772643112,0
614,23.296747772643112,0
615,23.296747772643112,0
616,23.296747772643112,1
617,23.296747772643112,0
618,23.296747772643112,1
619,23.296747772643112,0
620,23.296747772643112,0
621,23.296747772643112,0
622,23.296747772643112,0
623,23.296747772643112,0
624,23.296747772643112,1
625,23.296747772643112,1
626,23.296747772643112,1
627,23.296747772643112,0
628,23.296747772643112,0
629,23.296747772643112,1
630,23.296747772643112,0
631,23.296747772643112,0
632,23.296747772643112,1
633,23.296747772643112,0
634,23.296747772643112,1
635,23.296747772643112,0
636,23.296747772643112,0
637,23.296747772643112,0
638,23.296747772643112,0
639,23.296747772643112,0
640,23.296747772643112,1
641,48.14361415644939,0
642,48.14361415644939,0
643,48.14361415644939,0
644,48.14361415644939,0
645,48.14361415644939,0
646,48.14361415644939,0
647,48.14361415644939,0
648,48.14361415644939,0
649,48.14361415644939,0
650,48.14361415644939,0
651,48.14361415644939,0
652,48.14361415644939,0
653,48.14361415644939,0
654,48.14361415644939,0
655,48.14361415644939,0
656,48.14361415644939,0
657,48.14361415644939,0
658,48.14361415644939,0
659,48.14361415644939,0
660,48.14361415644939,0
661,48.14361415644939,0
662,48.14361415644939,0
663,48.14361415644939,0
664,48.14361415644939,0
665,48.14361415644939,0
666,48.14361415644939,0
667,48.14361415644939,0
668,48.14361415644939,0
669,48.14361415644939,0
670,48.14361415644939,0
671,48.14361415644939,0
672,48.14361415644939,1
673,48.14361415644939,0
674,48.14361415644939,0
675,27.67264904040023,0
676,27.67264904040023,1
677,27.67264904040023,0
678,27.67264904040023,0
679,27.67264904040023,0
680,27.67264904040023,1
681,27.67264904040023,1
682,27.67264904040023,0
683,27.67264904040023,0
684,27.67264904040023,1
685,27.67264904040023,0
686,27.67264904040023,0
687,27.67264904040023,0
688,27.67264904040023,0
689,27.67264904040023,0
690,27.67264904040023,1
691,27.67264904040023,1
692,27.67264904040023,0
693,27.67264904040023,0
694,27.67264904040023,0
695,27.67264904040023,0
696,27.67264904040023,1
697,27.67264904040023,1
698,27.67264904040023,1
699,27.67264904040023,0
700,27.67264904040023,1
701,27.67264904040023,0
702,51.50083952278129,0
703,51.50083952278129,0
704,51.50083952278129,0
705,51.50083952278129,0
706,51.50083952278129,0
707,51.50083952278129,0
708,51.50083952278129,0
709,51.50083952278129,0
710,51.50083952278129,0
711,51.50083952278129,0
712,51.50083952278129,0
713,51.50083952278129,0
714,51.50083952278129,0
715,51.50083952278129,0
716,51.50083952278129,0
717,51.50083952278129,0
718,51.50083952278129,0
719,51.50083952278129,0
720,51.50083952278129,0
721,51.50083952278129,0
722,51.50083952278129,0
723,51.50083952278129,0
724,51.50083952278129,0
725,9.164810099502608,0
726,9.164810099502608,0
727,9.164810099502608,0
728,9.164810099502608,0
729,9.164810099502608,0
730,9.164810099502608,0
731,9.164810099502608,0
732,9.164810099502608,0
733,9.164810099502608,0
734,9.164810099502608,0
735,9.164810099502608,0
736,9.164810099502608,0
737,9.164810099502608,0
738,9.164810099502608,0
739,9.164810099502608,0
740,9.164810099502608,0
741,9.164810099502608,0
742,9.164810099502608,0
743,9.164810099502608,0
744,9.164810099502608,0
745,9.164810099502608,0
746,9.164810099502608,0
747,9.164810099502608,0
748,9.164810099502608,0
749,9.164810099502608,0
750,9.164810099502608,0
751,9.164810099502608,0
752,9.164810099502608,0
753,9.164810099502608,0
754,9.164810099502608,0
755,9.164810099502608,0
756,9.164810099502608,0
757,9.164810099502608,0
758,9.164810099502608,0
759,9.164810099502608,0
760,9.164810099502608,0
761,9.164810099502608,0
762,9.164810099502608,0
763,9.164810099502608,0
764,9.164810099502608,0
765,9.164810099502608,0
766,9.164810099502608,0
767,34.32928956700285,0
768,34.32928956700285,0
769,34.32928956700285,0
770,34.32928956700285,0
771,34.32928956700285,0
772,34.32928956700285,0
773,34.32928956700285,0
774,34.32928956700285,0
775,34.32928956700285,1
776,34.32928956700285,0
777,34.32928956700285,0
778,34.32928956700285,0
779,34.32928956700285,0
780,34.32928956700285,0
781,34.32928956700285,0
782,34.32928956700285,0
783,34.32928956700285,0
784,34.32928956700285,0
785,34.32928956700285,1
786,34.32928956700285,0
787,34.32928956700285,0
788,34.32928956700285,0
789,34.32928956700285,0
790,34.32928956700285,0
791,34.32928956700285,0
792,34.32928956700285,0
793,34.32928956700285,0
794,34.32928956700285,0
795,34.32928956700285,0
796,34.32928956700285,0
797,34.32928956700285,0
798,0.8503700033034108,0
799,0.8503700033034108,0
800,0.8503700033034108,0
801,0.8503700033034108,0
802,0.8503700033034108,0
803,0.8503700033034108,0
804,0.8503700033034108,0
805,0.8503700033034108,0
806,0.8503700033034108,0
807,0.8503700033034108,0
808,0.8503700033034108,0
809,0.8503700033034108,0
810,0.8503700033034108,0
811,0.8503700033034108,0
812,0.8503700033034108,0
813,0.8503700033034108,0
814,0.8503700033034108,0
815,0.8503700033034108,0
816,0.8503700033034108,0
817,0.8503700033034108,0
818,0.8503700033034108,0
819,0.8503700033034108,0
820,0.8503700033034108,0
821,0.8503700033034108,0
822,0.8503700033034108,0
823,0.8503700033034108,0
824,0.8503700033034108,0
825,0.8503700033034108,0
826,0.8503700033034108,0
827,0.8503700033034108,0
828,0.8503700033034108,0
829,0.8503700033034108,0
830,0.8503700033034108,0
831,0.8503700033034108,0
832,0.8503700033034108,0
833,0.8503700033034108,0
834,0.8503700033034108,0
835,0.8503700033034108,0
836,0.8503700033034108,0
837,0.8503700033034108,0
838,0.8503700033034108,0
839,0.8503700033034108,0
840,0.8503700033034108,0
841,0.8503700033034108,0
842,0.8503700033034108,0
843,0.8503700033034108,0
844,0.8503700033034108,0
845,0.8503700033034108,0
846,0.8503700033034108,0
847,0.8503700033034108,0
848,0.8503700033034108,0
849,0.8503700033034108,0
850,0.8503700033034108,0
851,0.8503700033034108,0
852,0.8503700033034108,0
853,0.8503700033034108,0
854,0.8503700033034108,0
855,0.8503700033034108,0
856,31.454919636090928,0
857,31.454919636090928,0
858,31.454919636090928,0
859,31.454919636090928,0
860,31.454919636090928,0
861,31.454919636090928,0
862,31.454919636090928,0
863,31.454919636090928,0
864,31.454919636090928,0
865,31.454919636090928,0
866,31.454919636090928,0
867,31.454919636090928,0
868,31.454919636090928,0
869,31.454919636090928,0
870,31.454919636090928,0
871,31.454919636090928,0
872,31.454919636090928,0
873,31.454919636090928,0
874,31.454919636090928,0
875,31.454919636090928,0
876,31.454919636090928,0
877,31.454919636090928,0
878,31.454919636090928,0
879,31.454919636090928,0
880,31.454919636090928,0
881,31.454919636090928,0
882,31.454919636090928,0
883,31.454919636090928,0
884,31.454919636090928,0
885,31.454919636090928,0
886,31.454919636090928,0
887,31.454919636090928,0
888,31.454919636090928,0
889,5.253671660587237,0
890,5.253671660587237,0
891,5.253671660587237,1
892,5.253671660587237,0
893,5.253671660587237,0
894,5.253671660587237,0
895,5.253671660587237,0
896,5.253671660587237,0
897,5.253671660587237,0
898,5.253671660587237,1
899,5.253671660587237,0
900,5.253671660587237,0
901,5.253671660587237,1
902,5.253671660587237,0
903,5.253671660587237,0
904,5.253671660587237,0
905,5.253671660587237,0
906,5.253671660587237,0
907,5.253671660587237,0
908,5.253671660587237,0
909,5.253671660587237,1
910,5.253671660587237,0
911,5.253671660587237,0
912,5.253671660587237,0
913,5.253671660587237,0
914,5.253671660587237,0
915,5.253671660587237,0
916,5.253671660587237,0
917,5.253671660587237,0
918,5.253671660587237,0
919,5.253671660587237,0
920,5.253671660587237,0
921,5.253671660587237,0
922,5.253671660587237,0
923,5.253671660587237,0
924,25.559286497331758,0
925,25.559286497331758,0
926,25.559286497331758,0
927,25.559286497331758,0
928,25.559286497331758,0
929,25.559286497331758,0
930,25.559286497331758,0
931,25.559286497331758,0
932,25.559286497331758,0
933,25.559286497331758,0
934,25.559286497331758,0
935,25.559286497331758,0
936,25.559286497331758,0
937,25.559286497331758,0
938,25.559286497331758,0
939,25.559286497331758,1
940,25.559286497331758,0
941,25.559286497331758,0
942,25.559286497331758,1
943,25.559286497331758,0
944,25.559286497331758,0
945,25.559286497331758,0
946,25.559286497331758,0
947,25.559286497331758,0
948,25.559286497331758,0
949,25.559286497331758,0
950,25.559286497331758,0
951,25.559286497331758,0
952,25.559286497331758,0
953,25.559286497331758,0
954,117.95569704514641,0
955,117.95569704514641,0
956,117.95569704514641,0
957,117.95569704514641,0
958,117.95569704514641,0
959,117.95569704514641,0
960,117.95569704514641,0
961,117.95569704514641,0
962,117.95569704514641,1
963,117.95569704514641,1
964,117.95569704514641,0
965,117.95569704514641,0
966,117.95569704514641,1
967,117.95569704514641,0
968,117.95569704514641,0
969,117.95569704514641,0
970,117.95569704514641,0
971,117.95569704514641,0
972,117.95569704514641,0
973,117.95569704514641,0
974,117.95569704514641,1
975,117.95569704514641,0
976,117.95569704514641,1
977,98.19229178523032,0
978,98.19229178523032,0
979,98.19229178523032,0
980,98.19229178523032,0
981,98.19229178523032,0
982,98.19229178523032,0
983,98.19229178523032,0
984,98.19229178523032,0
985,98.19229178523032,1
986,98.19229178523032,0
987,98.19229178523032,0
988,98.19229178523032,0
989,98.19229178523032,0
990,98.19229178523032,0
991,98.19229178523032,0
992,98.19229178523032,0
993,98.19229178523032,0
994,98.19229178523032,0
995,98.19229178523032,0
996,98.19229178523032,0
997,98.19229178523032,0
998,98.19229178523032,0
999,98.19229178523032,0
1000,98.19229178523032,0
1001,98.19229178523032,0
1002,98.19229178523032,0
1003,98.19229178523032,0
1004,98.19229178523032,0
1005,98.19229178523032,0
1006,98.19229178523032,0
1007,98.19229178523032,0
1008,98.19229178523032,0
1009,98.19229178523032,0
1010,34.420008856767616,0
1011,34.420008856767616,0
1012,34.420008856767616,0
1013,34.420008856767616,0
1014,34.420008856767616,0
1015,34.420008856767616,0
1016,34.420008856767616,0
1017,34.420008856767616,0
1018,34.420008856767616,0
1019,34.420008856767616,0
1020,34.420008856767616,0
1021,34.420008856767616,0
1022,34.420008856767616,0
1023,34.420008856767616,0
1024,34.420008856767616,0
1025,34.420008856767616,0
1026,34.420008856767616,0
1027,34.420008856767616,0
1028,34.420008856767616,0
1029,34.420008856767616,0
1030,34.420008856767616,0
1031,34.420008856767616,0
1032,34.420008856767616,0
1033,34.420008856767616,0
1034,34.420008856767616,0
1035,34.420008856767616,0
1036,34.420008856767616,0
1037,34.420008856767616,0
1038,34.420008856767616,0
1039,34.420008856767616,0
1040,34.420008856767616,0
1041,34.420008856767616,0
1042,34.420008856767616,0
1043,34.420008856767616,0
1044,2.045780697961672,0
1045,2.045780697961672,1
1046,2.045780697961672,0
1047,2.045780697961672,0
1048,2.045780697961672,1
1049,2.045780697961672,0
1050,2.045780697961672,0
1051,2.045780697961672,0
1052,2.045780697961672,0
1053,2.045780697961672,0
1054,2.045780697961672,1
1055,2.045780697961672,0
1056,2.045780697961672,1
1057,2.045780697961672,1
1058,2.045780697961672,0
1059,2.045780697961672,0
1060,2.045780697961672,0
1061,2.045780697961672,1
1062,2.045780697961672,0
1063,2.045780697961672,1
1064,2.045780697961672,1
1065,2.045780697961672,0
1066,2.045780697961672,0
1067,2.045780697961672,1
1068,2.045780697961672,0
1069,2.045780697961672,0
1070,2.045780697961672,0
1071,2.045780697961672,0
1072,2.045780697961672,0
1073,2.045780697961672,1
1074,2.045780697961672,0
1075,2.045780697961672,1
1076,2.045780697961672,0
1077,2.045780697961672,1
1078,2.045780697961672,1
1079,1.309031502707331,0
1080,1.309031502707331,0
1081,1.309031502707331,0
1082,1.309031502707331,0
1083,1.309031502707331,0
1084,1.309031502707331,0
1085,1.309031502707331,0
1086,1.309031502707331,0
1087,1.309031502707331,0
1088,1.309031502707331,0
1089,1.309031502707331,1
1090,1.309031502707331,0
1091,1.309031502707331,1
1092,1.309031502707331,0
1093,1.309031502707331,0
1094,1.309031502707331,0
1095,1.309031502707331,0
1096,1.309031502707331,0
1097,1.309031502707331,0
1098,1.309031502707331,0
1099,1.309031502707331,0
1100,1.309031502707331,0
1101,1.309031502707331,0
1102,1.309031502707331,0
1103,1.309031502707331,0
1104,1.309031502707331,0
1105,1.309031502707331,0
1106,1.309031502707331,0
1107,1.309031502707331,0
1108,1.309031502707331,0
1109,1.309031502707331,0
1110,1.309031502707331,1
1111,1.309031502707331,0
1112,1.309031502707331,0
1113,1.309031502707331,0
1114,1.309031502707331,1
1115,1.309031502707331,0
1116,1.309031502707331,1
1117,20.14949974360467,0
1118,20.14949974360467,0
1119,20.14949974360467,0
1120,20.14949974360467,0
1121,20.14949974360467,0
1122,20.14949974360467,0
1123,20.14949974360467,0
1124,20.14949974360467,0
1125,20.14949974360467,0
1126,20.14949974360467,0
1127,20.14949974360467,1
1128,20.14949974360467,0
1129,20.14949974360467,0
1130,20.14949974360467,0
1131,20.14949974360467,1
1132,20.14949974360467,0
1133,20.14949974360467,0
1134,20.14949974360467,0
1135,20.14949974360467,0
1136,20.14949974360467,0
1137,20.14949974360467,0
1138,20.14949974360467,0
1139,20.14949974360467,0
1140,20.14949974360467,0
1141,20.14949974360467,0
1142,20.14949974360467,0
1143,20.14949974360467,0
1144,20.14949974360467,0
1145,20.14949974360467,0
1146,82.98958977179815,0
1147,82.98958977179815,1
1148,82.98958977179815,0
1149,82.98958977179815,0
1150,82.98958977179815,0
1151,82.98958977179815,0
1152,82.98958977179815,0
1153,82.98958977179815,0
1154,82.98958977179815,0
1155,82.98958977179815,0
1156,82.98958977179815,0
1157,82.98958977179815,0
1158,82.98958977179815,0
1159,82.98958977179815,0
1160,82.98958977179815,0
1161,82.98958977179815,0
1162,82.98958977179815,0
1163,82.98958977179815,0
1164,82.98958977179815,0
1165,82.98958977179815,0
1166,82.98958977179815,0
1167,82.98958977179815,0
1168,82.98958977179815,0
1169,82.98958977179815,0
1170,82.98958977179815,0
1171,82.98958977179815,0
1172,82.98958977179815,0
1173,82.98958977179815,0
1174,82.98958977179815,0
1175,82.98958977179815,1
1176,59.97578157701314,0
1177,59.97578157701314,0
1178,59.97578157701314,0
1179,59.97578157701314,0
1180,59.97578157701314,0
1181,59.97578157701314,0
1182,59.97578157701314,0
1183,59.97578157701314,0
1184,59.97578157701314,0
1185,59.97578157701314,0
1186,59.97578157701314,0
1187,59.97578157701314,0
1188,59.97578157701314,0
1189,59.97578157701314,0
1190,59.97578157701314,0
1191,59.97578157701314,0
1192,59.97578157701314,0
1193,59.97578157701314,1
1194,59.97578157701314,0
1195,104.88297083064651,0
1196,104.88297083064651,0
1197,104.88297083064651,0
1198,104.88297083064651,0
1199,104.88297083064651,0
1200,104.88297083064651,0
1201,104.88297083064651,0
1202,104.88297083064651,0
1203,104.88297083064651,0
1204,104.88297083064651,0
1205,104.88297083064651,0
1206,104.88297083064651,0
1207,104.88297083064651,0
1208,104.88297083064651,0
1209,104.88297083064651,0
1210,104.88297083064651,0
1211,104.88297083064651,0
1212,104.88297083064651,0
1213,104.88297083064651,0
1214,104.88297083064651,0
1215,104.88297083064651,0
1216,104.88297083064651,0
1217,104.88297083064651,0
1218,104.88297083064651,0
1219,104.88297083064651,0
1220,104.88297083064651,0
1221,104.88297083064651,0
1222,104.88297083064651,0
1223,104.88297083064651,0
1224,104.88297083064651,0
1225,104.88297083064651,0
1226,104.88297083064651,0
1227,104.88297083064651,0
1228,104.88297083064651,0
1229,104.88297083064651,0
1230,2.5422270618677847,1
1231,2.5422270618677847,0
1232,2.5422270618677847,0
1233,2.5422270618677847,0
1234,2.5422270618677847,0
1235,2.5422270618677847,0
1236,2.5422270618677847,0
1237,2.5422270618677847,0
1238,2.5422270618677847,1
1239,2.5422270618677847,0
1240,2.5422270618677847,0
1241,2.5422270618677847,0
1242,2.5422270618677847,0
1243,2.5422270618677847,0
1244,2.5422270618677847,0
1245,2.5422270618677847,0
1246,2.5422270618677847,0
1247,2.5422270618677847,0
1248,2.5422270618677847,0
1249,2.5422270618677847,0
1250,2.5422270618677847,0
1251,2.5422270618677847,0
1252,2.5422270618677847,0
1253,2.5422270618677847,0
1254,2.5422270618677847,0
1255,2.5422270618677847,0
1256,2.5422270618677847,0
1257,2.5422270618677847,0
1258,2.5422270618677847,0
1259,2.5422270618677847,0
1260,2.5422270618677847,0
1261,2.5422270618677847,0
1262,2.5422270618677847,0
1263,2.5422270618677847,0
1264,2.5422270618677847,0
1265,2.5422270618677847,0
1266,2.5422270618677847,0
1267,2.5422270618677847,0
1268,2.5422270618677847,0
1269,2.5422270618677847,0
1270,2.5422270618677847,0
1271,2.5422270618677847,0
1272,2.5422270618677847,0
1273,2.5422270618677847,0
1274,2.5422270618677847,0
1275,2.5422270618677847,0
1276,2.5422270618677847,0
1277,2.5422270618677847,0
1278,2.5422270618677847,0
1279,2.5422270618677847,0
1280,0.260089178757357,0
1281,0.260089178757357,0
1282,0.260089178757357,0
1283,0.260089178757357,0
1284,0.260089178757357,1
1285,0.260089178757357,0
1286,0.260089178757357,0
1287,0.260089178757357,0
1288,0.260089178757357,1
1289,0.260089178757357,0
1290,0.260089178757357,0
1291,0.260089178757357,0
1292,0.260089178757357,0
1293,0.260089178757357,0
1294,0.260089178757357,1
1295,0.260089178757357,0
1296,0.260089178757357,1
1297,0.260089178757357,0
1298,0.260089178757357,0
1299,0.260089178757357,0
1300,0.260089178757357,1
1301,0.260089178757357,0
1302,0.260089178757357,0
1303,0.260089178757357,0
1304,0.260089178757357,0
1305,0.260089178757357,0
1306,0.260089178757357,0
1307,0.260089178757357,0
1308,0.260089178757357,0
1309,0.260089178757357,0
1310,0.260089178757357,0
1311,0.260089178757357,0
1312,0.260089178757357,0
1313,61.27531545423346,0
1314,61.27531545423346,0
1315,61.27531545423346,0
1316,61.27531545423346,1
1317,61.27531545423346,0
1318,61.27531545423346,0
1319,61.27531545423346,0
1320,61.27531545423346,0
1321,61.27531545423346,0
1322,61.27531545423346,0
1323,61.27531545423346,0
1324,61.27531545423346,0
1325,61.27531545423346,0
1326,61.27531545423346,0
1327,61.27531545423346,0
1328,61.27531545423346,0
1329,61.27531545423346,0
1330,61.27531545423346,0
1331,61.27531545423346,0
1332,61.27531545423346,0
1333,61.27531545423346,0
1334,61.27531545423346,0
1335,61.27531545423346,0
1336,67.25281860207457,0
1337,67.25281860207457,0
1338,67.25281860207457,0
1339,67.25281860207457,0
1340,67.25281860207457,0
1341,67.25281860207457,0
1342,67.25281860207457,0
1343,67.25281860207457,0
1344,67.25281860207457,0
1345,67.25281860207457,0
1346,67.25281860207457,0
1347,67.25281860207457,0
1348,67.25281860207457,0
1349,67.25281860207457,0
1350,67.25281860207457,0
1351,67.25281860207457,0
1352,67.25281860207457,0
1353,67.25281860207457,0
1354,67.25281860207457,0
1355,67.25281860207457,0
1356,67.25281860207457,0
1357,67.25281860207457,0
1358,67.25281860207457,0
1359,67.25281860207457,0
1360,67.25281860207457,0
1361,67.25281860207457,0
1362,67.25281860207457,0
1363,67.25281860207457,0
1364,67.25281860207457,0
1365,67.25281860207457,0
1366,67.25281860207457,0
1367,67.25281860207457,1
1368,67.25281860207457,0
1369,67.25281860207457,0
1370,67.25281860207457,0
1371,67.25281860207457,0
1372,67.25281860207457,0
1373,67.25281860207457,0
1374,67.25281860207457,0
1375,67.25281860207457,0
1376,20.901725612850058,0
1377,20.901725612850058,0
1378,20.901725612850058,0
1379,20.901725612850058,1
1380,20.901725612850058,1
1381,20.901725612850058,0
1382,20.901725612850058,0
1383,20.901725612850058,0
1384,20.901725612850058,0
1385,20.901725612850058,0
1386,20.901725612850058,0
1387,20.901725612850058,0
1388,20.901725612850058,1
1389,20.901725612850058,0
1390,20.901725612850058,0
1391,20.901725612850058,0
1392,20.901725612850058,1
1393,20.901725612850058,0
1394,20.901725612850058,0
1395,20.901725612850058,0
1396,20.901725612850058,0
1397,20.901725612850058,0
1398,20.901725612850058,0
1399,20.901725612850058,0
1400,20.901725612850058,0
1401,20.901725612850058,0
1402,20.901725612850058,0
1403,20.901725612850058,1
1404,20.901725612850058,0
1405,20.901725612850058,0
1406,20.901725612850058,0
1407,20.901725612850058,0
1408,20.901725612850058,0
1409,20.901725612850058,0
1410,20.901725612850058,0
1411,20.901725612850058,0
1412,20.901725612850058,0
1413,19.392427993443803,0
1414,19.392427993443803,0
1415,19.392427993443803,0
1416,19.392427993443803,0
1417,19.392427993443803,0
1418,19.392427993443803,0
1419,19.392427993443803,0
1420,19.392427993443803,0
1421,19.392427993443803,0
1422,19.392427993443803,0
1423,19.392427993443803,0
1424,19.392427993443803,0
1425,19.392427993443803,0
1426,19.392427993443803,0
1427,19.392427993443803,0
1428,19.392427993443803,0
1429,19.392427993443803,0
1430,19.392427993443803,0
1431,19.392427993443803,0
1432,19.392427993443803,0
1433,19.392427993443803,0
1434,19.392427993443803,0
1435,19.392427993443803,0
1436,19.392427993443803,0
1437,19.392427993443803,0
1438,19.392427993443803,0
1439,19.392427993443803,0
1440,19.392427993443803,0
1441,19.392427993443803,0
1442,19.392427993443803,0
1443,19.392427993443803,0
1444,19.392427993443803,0
1445,28.352050755690446,0
1446,28.352050755690446,0
1447,28.352050755690446,0
1448,28.352050755690446,0
1449,28.352050755690446,0
1450,28.352050755690446,0
1451,28.352050755690446,0
1452,28.352050755690446,0
1453,28.352050755690446,0
1454,28.352050755690446,0
1455,28.352050755690446,0
1456,28.352050755690446,0
1457,28.352050755690446,0
1458,28.352050755690446,0
1459,28.352050755690446,0
1460,28.352050755690446,0
1461,28.352050755690446,1
1462,28.352050755690446,0
1463,28.352050755690446,0
1464,28.352050755690446,0
1465,28.352050755690446,0
1466,28.352050755690446,0
1467,28.352050755690446,0
1468,28.352050755690446,0
1469,28.352050755690446,0
1470,28.352050755690446,0
1471,28.352050755690446,0
1472,28.352050755690446,0
1473,28.352050755690446,0
1474,28.352050755690446,0
1475,28.352050755690446,0
1476,28.352050755690446,0
1477,17.06326050652264,0
1478,17.06326050652264,0
1479,17.06326050652264,0
1480,17.06326050652264,0
1481,17.06326050652264,0
1482,17.06326050652264,0
1483,17.06326050652264,1
1484,17.06326050652264,0
1485,17.06326050652264,0
1486,17.06326050652264,0
1487,17.06326050652264,1
1488,17.06326050652264,0
1489,17.06326050652264,0
1490,17.06326050652264,0
1491,17.06326050652264,0
1492,17.06326050652264,0
1493,17.06326050652264,0
1494,17.06326050652264,0
1495,17.06326050652264,0
1496,17.06326050652264,0
1497,17.06326050652264,1
1498,17.06326050652264,0
1499,17.06326050652264,1
1500,17.06326050652264,0
1501,17.06326050652264,0
1502,17.06326050652264,0
1503,17.06326050652264,0
1504,17.06326050652264,0
1505,17.06326050652264,0
1506,17.06326050652264,0
1507,38.73183806715245,0
1508,38.73183806715245,0
1509,38.73183806715245,0
1510,38.73183806715245,0
1511,38.73183806715245,1
1512,38.73183806715245,0
1513,38.73183806715245,0
1514,38.73183806715245,0
1515,38.73183806715245,0
1516,38.73183806715245,1
1517,38.73183806715245,0
1518,38.73183806715245,0
1519,38.73183806715245,0
1520,38.73183806715245,0
1521,38.73183806715245,0
1522,38.73183806715245,1
1523,38.73183806715245,0
1524,38.73183806715245,0
1525,38.73183806715245,0
1526,38.73183806715245,0
1527,38.73183806715245,0
1528,38.73183806715245,0
1529,38.73183806715245,0
1530,38.73183806715245,0
1531,38.73183806715245,0
1532,38.73183806715245,0
1533,38.73183806715245,0
1534,38.73183806715245,0
1535,38.73183806715245,1
1536,38.73183806715245,0
1537,38.73183806715245,0
1538,137.3934026899716,0
1539,137.3934026899716,0
1540,137.3934026899716,0
1541,137.3934026899716,0
1542,137.3934026899716,0
1543,137.3934026899716,1
1544,137.3934026899716,0
1545,137.3934026899716,0
1546,137.3934026899716,0
1547,137.3934026899716,1
1548,137.3934026899716,0
1549,137.3934026899716,0
1550,137.3934026899716,0
1551,137.3934026899716,0
1552,137.3934026899716,0
1553,137.3934026899716,0
1554,137.3934026899716,0
1555,137.3934026899716,1
1556,137.3934026899716,0
1557,137.3934026899716,0
1558,137.3934026899716,0
1559,137.3934026899716,0
1560,137.3934026899716,0
1561,137.3934026899716,1
1562,137.3934026899716,0
1563,137.3934026899716,0
1564,137.3934026899716,0
1565,137.3934026899716,0
1566,137.3934026899716,1
1567,137.3934026899716,0
1568,137.3934026899716,1
1569,137.3934026899716,0
1570,137.3934026899716,0
1571,137.3934026899716,0
1572,137.3934026899716,1
1573,137.3934026899716,0
1574,137.3934026899716,0
1575,137.3934026899716,1
1576,137.3934026899716,1
1577,137.3934026899716,0
1578,137.3934026899716,0
1579,137.3934026899716,0
1580,137.3934026899716,1
1581,41.06857101847662,0
1582,41.06857101847662,0
1583,41.06857101847662,1
1584,41.06857101847662,0
1585,41.06857101847662,0
1586,41.06857101847662,0
1587,41.06857101847662,0
1588,41.06857101847662,0
1589,41.06857101847662,0
1590,41.06857101847662,0
1591,41.06857101847662,0
1592,41.06857101847662,0
1593,41.06857101847662,1
1594,41.06857101847662,0
1595,41.06857101847662,0
1596,41.06857101847662,0
1597,41.06857101847662,0
1598,41.06857101847662,1
1599,41.06857101847662,0
1600,41.06857101847662,0
1601,41.06857101847662,0
1602,41.06857101847662,0
1603,41.06857101847662,0
1604,41.06857101847662,0
1605,41.06857101847662,0
1606,41.06857101847662,0
1607,41.06857101847662,0
1608,41.06857101847662,0
1609,41.06857101847662,0
1610,41.06857101847662,0
1611,41.06857101847662,0
1612,41.06857101847662,0
1613,41.06857101847662,0
1614,41.06857101847662,0
1615,41.06857101847662,0
1616,41.06857101847662,0
1617,41.06857101847662,0
1618,41.06857101847662,0
1619,3.6515106414840424,0
1620,3.6515106414840424,0
1621,3.6515106414840424,0
1622,3.6515106414840424,0
1623,3.6515106414840424,0
1624,3.6515106414840424,0
1625,3.6515106414840424,0
1626,3.6515106414840424,0
1627,3.6515106414840424,0
1628,3.6515106414840424,0
1629,3.6515106414840424,0
1630,3.6515106414840424,0
1631,3.6515106414840424,0
1632,3.6515106414840424,0
1633,3.6515106414840424,0
1634,3.6515106414840424,1
1635,3.6515106414840424,0
1636,3.6515106414840424,0
1637,3.6515106414840424,0
1638,3.6515106414840424,0
1639,3.6515106414840424,0
1640,3.6515106414840424,0
1641,3.6515106414840424,0
1642,3.6515106414840424,0
1643,3.6515106414840424,0
1644,3.6515106414840424,0
1645,3.6515106414840424,0
1646,3.6515106414840424,0
1647,3.6515106414840424,0
1648,3.6515106414840424,0
1649,3.6515106414840424,0
1650,3.6515106414840424,0
1651,3.6515106414840424,0
1652,3.6515106414840424,0
1653,3.6515106414840424,0
1654,3.6515106414840424,0
1655,3.6515106414840424,1
1656,3.6515106414840424,0
1657,3.6515106414840424,0
1658,3.6515106414840424,0
1659,3.6515106414840424,0
1660,3.6515106414840424,0
1661,3.6515106414840424,0
1662,3.6515106414840424,1
1663,3.6515106414840424,0
1664,42.28188885039578,1
1665,42.28188885039578,0
1666,42.28188885039578,0
1667,42.28188885039578,0
1668,42.28188885039578,0
1669,42.28188885039578,0
1670,42.28188885039578,1
1671,42.28188885039578,0
1672,42.28188885039578,0
1673,42.28188885039578,0
1674,42.28188885039578,0
1675,42.28188885039578,1
1676,42.28188885039578,0
1677,42.28188885039578,0
1678,42.28188885039578,0
1679,42.28188885039578,0
1680,42.28188885039578,0
1681,42.28188885039578,0
1682,42.28188885039578,0
1683,42.28188885039578,0
1684,42.28188885039578,0
1685,42.28188885039578,0
1686,1.7127444539835708,1
1687,1.7127444539835708,0
1688,1.7127444539835708,0
1689,1.7127444539835708,0
1690,1.7127444539835708,0
1691,1.7127444539835708,0
1692,1.7127444539835708,0
1693,1.7127444539835708,0
1694,1.7127444539835708,0
1695,1.7127444539835708,0
1696,1.7127444539835708,0
1697,1.7127444539835708,0
1698,1.7127444539835708,0
1699,1.7127444539835708,0
1700,1.7127444539835708,0
1701,1.7127444539835708,0
1702,1.7127444539835708,0
1703,1.7127444539835708,0
1704,1.7127444539835708,1
1705,1.7127444539835708,0
1706,1.7127444539835708,0
1707,1.7127444539835708,0
1708,1.7127444539835708,0
1709,1.7127444539835708,0
1710,1.7127444539835708,0
1711,1.7127444539835708,0
1712,1.7127444539835708,0
1713,1.7127444539835708,1
1714,1.7127444539835708,1
1715,1.7127444539835708,1
1716,1.7127444539835708,0
1717,1.7127444539835708,0
1718,1.7127444539835708,0
1719,1.7127444539835708,0
1720,1.7127444539835708,0
1721,1.7127444539835708,0
1722,1.7127444539835708,0
1723,1.7127444539835708,0
1724,1.7127444539835708,0
1725,1.7127444539835708,0
1726,1.7127444539835708,1
1727,1.7127444539835708,0
1728,1.7127444539835708,0
1729,1.7127444539835708,0
1730,1.7127444539835708,1
1731,1.7127444539835708,0
1732,1.7127444539835708,0
1733,1.7127444539835708,1
1734,1.7127444539835708,1
1735,1.7127444539835708,0
1736,1.7127444539835708,0
1737,3.7370908852705997,1
1738,3.7370908852705997,0
1739,3.7370908852705997,0
1740,3.7370908852705997,0
1741,3.7370908852705997,0
1742,3.7370908852705997,0
1743,3.7370908852705997,0
1744,3.7370908852705997,1
1745,3.7370908852705997,0
1746,3.7370908852705997,0
1747,3.7370908852705997,0
1748,3.7370908852705997,0
1749,3.7370908852705997,0
1750,3.7370908852705997,0
1751,3.7370908852705997,0
1752,3.7370908852705997,0
1753,3.7370908852705997,0
1754,3.7370908852705997,0
1755,3.7370908852705997,0
1756,3.7370908852705997,1
1757,3.7370908852705997,0
1758,3.7370908852705997,0
1759,3.7370908852705997,0
1760,3.7370908852705997,0
1761,3.7370908852705997,0
1762,3.7370908852705997,0
1763,3.7370908852705997,0
1764,3.7370908852705997,0
1765,3.7370908852705997,0
1766,3.7370908852705997,0
1767,19.075987394691545,1
1768,19.075987394691545,1
1769,19.075987394691545,1
1770,19.075987394691545,1
1771,19.075987394691545,0
1772,19.075987394691545,1
1773,19.075987394691545,0
1774,19.075987394691545,1
1775,19.075987394691545,0
1776,19.075987394691545,0
1777,19.075987394691545,0
1778,19.075987394691545,1
1779,19.075987394691545,1
1780,19.075987394691545,0
1781,19.075987394691545,1
1782,19.075987394691545,0
1783,19.075987394691545,1
1784,19.075987394691545,1
1785,19.075987394691545,1
1786,19.075987394691545,1
1787,19.075987394691545,0
1788,19.075987394691545,0
1789,19.075987394691545,0
1790,19.075987394691545,1
1791,19.075987394691545,0
1792,19.075987394691545,1
1793,19.075987394691545,1
1794,40.52307371389421,0
1795,40.52307371389421,0
1796,40.52307371389421,0
1797,40.52307371389421,0
1798,40.52307371389421,0
1799,40.52307371389421,0
1800,40.52307371389421,0
1801,40.52307371389421,0
1802,40.52307371389421,0
1803,40.52307371389421,0
1804,40.52307371389421,0
1805,40.52307371389421,0
1806,40.52307371389421,0
1807,40.52307371389421,1
1808,40.52307371389421,0
1809,40.52307371389421,0
1810,40.52307371389421,0
1811,40.52307371389421,0
1812,40.52307371389421,0
1813,40.52307371389421,0
1814,40.52307371389421,0
1815,40.52307371389421,0
1816,40.52307371389421,0
1817,40.52307371389421,0
1818,4.033765366835584,0
1819,4.033765366835584,0
1820,4.033765366835584,0
1821,4.033765366835584,0
1822,4.033765366835584,0
1823,4.033765366835584,0
1824,4.033765366835584,0
1825,4.033765366835584,0
1826,4.033765366835584,0
1827,4.033765366835584,0
1828,4.033765366835584,0
1829,4.033765366835584,1
1830,4.033765366835584,0
1831,4.033765366835584,0
1832,4.033765366835584,0
1833,4.033765366835584,0
1834,4.033765366835584,0
1835,4.033765366835584,1
1836,4.033765366835584,0
1837,4.033765366835584,0
1838,4.033765366835584,0
1839,4.033765366835584,0
1840,4.033765366835584,0
1841,4.033765366835584,0
1842,4.033765366835584,0
1843,4.033765366835584,0
1844,4.033765366835584,0
1845,4.033765366835584,1
1846,4.033765366835584,0
1847,4.033765366835584,0
1848,4.033765366835584,0
1849,4.033765366835584,0
1850,4.033765366835584,0
1851,4.033765366835584,0
1852,4.033765366835584,0
1853,30.208112665726745,0
1854,30.208112665726745,0
1855,30.208112665726745,0
1856,30.208112665726745,0
1857,30.208112665726745,0
1858,30.208112665726745,0
1859,30.208112665726745,0
1860,30.208112665726745,0
1861,30.208112665726745,0
1862,30.208112665726745,0
1863,30.208112665726745,0
1864,30.208112665726745,0
1865,30.208112665726745,1
1866,30.208112665726745,1
1867,30.208112665726745,0
1868,30.208112665726745,0
1869,30.208112665726745,1
1870,30.208112665726745,0
1871,30.208112665726745,0
1872,30.208112665726745,1
1873,30.208112665726745,0
1874,30.208112665726745,1
1875,30.208112665726745,0
1876,30.208112665726745,0
1877,30.208112665726745,0
1878,30.208112665726745,1
1879,30.208112665726745,0
1880,30.208112665726745,0
1881,30.208112665726745,0
1882,30.208112665726745,0
1883,30.208112665726745,1
1884,30.208112665726745,0
1885,30.208112665726745,0
1886,30.208112665726745,0
1887,30.208112665726745,0
1888,30.208112665726745,0
1889,30.208112665726745,0
1890,1.7030725936762554,0
1891,1.7030725936762554,0
1892,1.7030725936762554,0
1893,1.7030725936762554,0
1894,1.7030725936762554,0
1895,1.7030725936762554,0
1896,1.7030725936762554,0
1897,1.7030725936762554,0
1898,1.7030725936762554,0
1899,1.7030725936762554,0
1900,1.7030725936762554,0
1901,1.7030725936762554,0
1902,1.7030725936762554,0
1903,1.7030725936762554,0
1904,1.7030725936762554,0
1905,1.7030725936762554,0
1906,1.7030725936762554,0
1907,1.7030725936762554,0
1908,1.7030725936762554,0
1909,1.7030725936762554,0
1910,1.7030725936762554,0
1911,1.7030725936762554,0
1912,83.47712796094417,0
1913,83.47712796094417,1
1914,83.47712796094417,0
1915,83.47712796094417,0
1916,83.47712796094417,0
1917,83.47712796094417,0
1918,83.47712796094417,0
1919,83.47712796094417,0
1920,83.47712796094417,0
1921,83.47712796094417,0
1922,83.47712796094417,0
1923,83.47712796094417,0
1924,83.47712796094417,1
1925,83.47712796094417,0
1926,83.47712796094417,0
1927,83.47712796094417,0
1928,83.47712796094417,0
1929,83.47712796094417,0
1930,83.47712796094417,0
1931,83.47712796094417,0
1932,83.47712796094417,0
1933,83.47712796094417,0
1934,83.47712796094417,0
1935,83.47712796094417,0
1936,83.47712796094417,0
1937,83.47712796094417,0
1938,83.47712796094417,0
1939,83.47712796094417,0
1940,83.47712796094417,0
1941,83.47712796094417,0
1942,83.47712796094417,0
1943,83.47712796094417,0
1944,83.47712796094417,0
1945,83.47712796094417,0
1946,83.47712796094417,0
1947,83.47712796094417,0
1948,83.47712796094417,0
1949,83.47712796094417,1
1950,83.47712796094417,0
1951,83.47712796094417,0
1952,83.47712796094417,0
1953,83.47712796094417,0
1954,83.47712796094417,0
1955,54.3644916043884,0
1956,54.3644916043884,0
1957,54.3644916043884,1
1958,54.3644916043884,0
1959,54.3644916043884,0
1960,54.3644916043884,0
1961,54.3644916043884,1
1962,54.3644916043884,0
1963,54.3644916043884,1
1964,54.3644916043884,0
1965,54.3644916043884,0
1966,54.3644916043884,0
1967,54.3644916043884,0
1968,54.3644916043884,0
1969,54.3644916043884,1
1970,54.3644916043884,0
1971,54.3644916043884,0
1972,54.3644916043884,0
1973,54.3644916043884,0
1974,54.3644916043884,0
1975,54.3644916043884,0
1976,54.3644916043884,0
1977,54.3644916043884,0
1978,54.3644916043884,0
1979,54.3644916043884,0
1980,54.3644916043884,0
1981,54.3644916043884,0
1982,54.3644916043884,0
1983,54.3644916043884,0
1984,54.3644916043884,0
1985,54.3644916043884,0
1986,54.3644916043884,0
1987,54.3644916043884,0
1988,54.3644916043884,0
1989,54.3644916043884,0
1990,17.90492016779832,0
1991,17.90492016779832,0
1992,17.90492016779832,0
1993,17.90492016779832,0
1994,17.90492016779832,0
1995,17.90492016779832,0
1996,17.90492016779832,0
1997,17.90492016779832,0
1998,17.90492016779832,0
1999,17.90492016779832,0
2000,17.90492016779832,0
2001,17.90492016779832,0
2002,17.90492016779832,0
2003,17.90492016779832,0
2004,17.90492016779832,0
2005,17.90492016779832,0
2006,17.90492016779832,0
2007,17.90492016779832,0
2008,17.90492016779832,0
2009,17.90492016779832,0
2010,17.90492016779832,0
2011,17.90492016779832,0
2012,17.90492016779832,0
2013,17.90492016779832,0
2014,17.90492016779832,1
2015,17.90492016779832,0
2016,17.90492016779832,0
2017,17.90492016779832,0
2018,17.90492016779832,0
2019,17.90492016779832,0
2020,17.90492016779832,0
2021,17.90492016779832,0
2022,17.90492016779832,0
2023,8.778292007180227,0
2024,8.778292007180227,0
2025,8.778292007180227,0
2026,8.778292007180227,0
2027,8.778292007180227,0
2028,8.778292007180227,0
2029,8.778292007180227,0
2030,8.778292007180227,0
2031,8.778292007180227,0
2032,8.778292007180227,0
2033,8.778292007180227,0
2034,8.778292007180227,0
2035,8.778292007180227,0
2036,8.778292007180227,0
2037,8.778292007180227,0
2038,8.778292007180227,0
2039,8.778292007180227,0
2040,8.778292007180227,0
2041,8.778292007180227,0
2042,8.778292007180227,0
2043,8.778292007180227,0
2044,8.778292007180227,0
2045,8.778292007180227,0
2046,8.778292007180227,0
2047,8.778292007180227,0
2048,8.778292007180227,0
2049,8.778292007180227,0
2050,8.778292007180227,0
2051,8.778292007180227,0
2052,8.778292007180227,0
2053,31.691183751419917,0
2054,31.691183751419917,0
2055,31.691183751419917,0
2056,31.691183751419917,0
2057,31.691183751419917,0
2058,31.691183751419917,0
2059,31.691183751419917,0
2060,31.691183751419917,0
2061,31.691183751419917,0
2062,31.691183751419917,0
2063,31.691183751419917,0
2064,31.691183751419917,0
2065,31.691183751419917,0
2066,31.691183751419917,0
2067,31.691183751419917,0
2068,31.691183751419917,0
2069,31.691183751419917,0
2070,31.691183751419917,0
2071,31.691183751419917,0
2072,31.691183751419917,0
2073,31.691183751419917,0
2074,31.691183751419917,0
2075,31.691183751419917,0
2076,31.691183751419917,0
2077,31.691183751419917,0
2078,31.691183751419917,0
2079,31.691183751419917,0
2080,31.691183751419917,0
2081,19.60944340880366,0
2082,19.60944340880366,0
2083,19.60944340880366,0
2084,19.60944340880366,0
2085,19.60944340880366,0
2086,19.60944340880366,0
2087,19.60944340880366,0
2088,19.60944340880366,0
2089,19.60944340880366,0
2090,19.60944340880366,0
2091,19.60944340880366,0
2092,19.60944340880366,0
2093,19.60944340880366,0
2094,19.60944340880366,0
2095,19.60944340880366,0
2096,19.60944340880366,0
2097,19.60944340880366,0
2098,19.60944340880366,0
2099,19.60944340880366,0
2100,19.60944340880366,0
2101,19.60944340880366,0
2102,19.60944340880366,0
2103,19.60944340880366,0
2104,19.60944340880366,0
2105,19.60944340880366,0
2106,19.60944340880366,0
2107,19.60944340880366,0
2108,19.60944340880366,0
2109,19.60944340880366,0
2110,19.60944340880366,0
2111,19.60944340880366,0
2112,19.60944340880366,0
2113,19.60944340880366,0
2114,31.644612963982375,0
2115,31.644612963982375,0
2116,31.644612963982375,0
2117,31.644612963982375,0
2118,31.644612963982375,0
2119,31.644612963982375,0
2120,31.644612963982375,0
2121,31.644612963982375,0
2122,31.644612963982375,0
2123,31.644612963982375,0
2124,31.644612963982375,0
2125,31.644612963982375,0
2126,31.644612963982375,0
2127,31.644612963982375,0
2128,31.644612963982375,0
2129,31.644612963982375,0
2130,31.644612963982375,0
2131,31.644612963982375,0
2132,31.644612963982375,0
2133,31.644612963982375,0
2134,31.644612963982375,0
2135,31.644612963982375,0
2136,31.644612963982375,0
2137,31.644612963982375,0
2138,31.644612963982375,0
2139,31.644612963982375,0
2140,31.644612963982375,0
2141,31.644612963982375,0
2142,31.644612963982375,0
2143,14.726727542465873,0
2144,14.726727542465873,0
2145,14.726727542465873,0
2146,14.726727542465873,0
2147,14.726727542465873,0
2148,14.726727542465873,0
2149,14.726727542465873,0
2150,14.726727542465873,0
2151,14.726727542465873,0
2152,14.726727542465873,0
2153,14.726727542465873,0
2154,14.726727542465873,0
2155,14.726727542465873,0
2156,14.726727542465873,0
2157,14.726727542465873,0
2158,14.726727542465873,0
2159,14.726727542465873,0
2160,14.726727542465873,0
2161,14.726727542465873,0
2162,14.726727542465873,0
2163,14.726727542465873,0
2164,14.726727542465873,0
2165,14.726727542465873,0
2166,14.726727542465873,0
2167,14.726727542465873,0
2168,14.726727542465873,0
2169,14.726727542465873,0
2170,14.726727542465873,0
2171,14.726727542465873,0
2172,14.726727542465873,0
2173,14.726727542465873,0
2174,14.726727542465873,0
2175,110.9642578671639,0
2176,110.9642578671639,0
2177,110.9642578671639,1
2178,110.9642578671639,0
2179,110.9642578671639,0
2180,110.9642578671639,0
2181,110.9642578671639,0
2182,110.9642578671639,0
2183,110.9642578671639,0
2184,110.9642578671639,0
2185,110.9642578671639,0
2186,110.9642578671639,0
2187,110.9642578671639,0
2188,110.9642578671639,0
2189,110.9642578671639,0
2190,110.9642578671639,0
2191,110.9642578671639,0
2192,110.9642578671639,0
2193,110.9642578671639,0
2194,110.9642578671639,0
2195,110.9642578671639,0
2196,110.9642578671639,0
2197,110.9642578671639,0
2198,110.9642578671639,0
2199,110.9642578671639,0
2200,110.9642578671639,0
2201,110.9642578671639,0
2202,110.9642578671639,0
2203,110.9642578671639,0
2204,110.9642578671639,0
2205,110.9642578671639,0
2206,110.9642578671639,0
2207,110.9642578671639,0
2208,32.45438642913027,0
2209,32.45438642913027,0
2210,32.45438642913027,0
2211,32.45438642913027,0
2212,32.45438642913027,0
2213,32.45438642913027,0
2214,32.45438642913027,0
2215,32.45438642913027,0
2216,32.45438642913027,0
2217,32.45438642913027,0
2218,32.45438642913027,0
2219,32.45438642913027,0
2220,32.45438642913027,0
2221,32.45438642913027,0
2222,32.45438642913027,0
2223,32.45438642913027,0
2224,32.45438642913027,0
2225,32.45438642913027,0
2226,32.45438642913027,0
2227,32.45438642913027,0
2228,32.45438642913027,0
2229,32.45438642913027,0
2230,32.45438642913027,0
2231,32.45438642913027,0
2232,32.45438642913027,0
2233,32.45438642913027,0
2234,32.45438642913027,0
2235,32.45438642913027,0
2236,32.45438642913027,0
2237,32.45438642913027,0
2238,32.45438642913027,0
2239,32.45438642913027,0
2240,32.45438642913027,0
2241,32.45438642913027,0
2242,32.45438642913027,0
2243,12.601888453743355,0
2244,12.601888453743355,0
2245,12.601888453743355,0
2246,12.601888453743355,0
2247,12.601888453743355,0
2248,12.601888453743355,0
2249,12.601888453743355,0
2250,12.601888453743355,0
2251,12.601888453743355,0
2252,12.601888453743355,0
2253,12.601888453743355,0
2254,12.601888453743355,0
2255,12.601888453743355,0
2256,12.601888453743355,0
2257,12.601888453743355,0
2258,12.601888453743355,0
2259,12.601888453743355,0
2260,12.601888453743355,0
2261,12.601888453743355,0
2262,12.601888453743355,0
2263,12.601888453743355,0
2264,12.601888453743355,0
2265,12.601888453743355,0
2266,12.601888453743355,0
2267,12.601888453743355,0
2268,12.601888453743355,0
2269,12.601888453743355,0
2270,12.601888453743355,0
2271,12.601888453743355,0
2272,12.601888453743355,0
2273,12.601888453743355,0
2274,12.601888453743355,0
2275,12.601888453743355,0
2276,12.601888453743355,0
2277,14.228114046414829,0
2278,14.228114046414829,0
2279,14.228114046414829,0
2280,14.228114046414829,0
2281,14.228114046414829,0
2282,14.228114046414829,0
2283,14.228114046414829,0
2284,14.228114046414829,0
2285,14.228114046414829,0
2286,14.228114046414829,0
2287,14.228114046414829,0
2288,14.228114046414829,0
2289,14.228114046414829,0
2290,14.228114046414829,0
2291,14.228114046414829,0
2292,14.228114046414829,0
2293,14.228114046414829,0
2294,14.228114046414829,0
2295,14.228114046414829,0
2296,14.228114046414829,0
2297,14.228114046414829,0
2298,14.228114046414829,1
2299,14.228114046414829,0
2300,14.228114046414829,0
2301,14.228114046414829,0
2302,14.228114046414829,0
2303,14.228114046414829,0
2304,14.228114046414829,0
2305,14.228114046414829,0
2306,4.7919298679432085,0
2307,4.7919298679432085,0
2308,4.7919298679432085,0
2309,4.7919298679432085,0
2310,4.7919298679432085,0
2311,4.7919298679432085,0
2312,4.7919298679432085,0
2313,4.7919298679432085,0
2314,4.7919298679432085,0
2315,4.7919298679432085,0
2316,4.7919298679432085,1
2317,4.7919298679432085,0
2318,4.7919298679432085,0
2319,4.7919298679432085,1
2320,4.7919298679432085,0
2321,4.7919298679432085,0
2322,4.7919298679432085,0
2323,4.7919298679432085,0
2324,4.7919298679432085,0
2325,4.7919298679432085,0
2326,4.7919298679432085,0
2327,4.7919298679432085,0
2328,4.7919298679432085,0
2329,4.7919298679432085,0
2330,4.7919298679432085,0
2331,4.7919298679432085,1
2332,4.7919298679432085,0
2333,4.7919298679432085,0
2334,4.7919298679432085,0
2335,4.7919298679432085,0
2336,4.7919298679432085,0
2337,4.7919298679432085,0
2338,4.7919298679432085,0
2339,46.8066956347803,0
2340,46.8066956347803,1
2341,46.8066956347803,0
2342,46.8066956347803,0
2343,46.8066956347803,0
2344,46.8066956347803,0
2345,46.8066956347803,0
2346,46.8066956347803,0
2347,46.8066956347803,0
2348,46.8066956347803,0
2349,46.8066956347803,0
2350,46.8066956347803,0
2351,46.8066956347803,0
2352,46.8066956347803,0
2353,46.8066956347803,0
2354,46.8066956347803,1
2355,46.8066956347803,0
2356,46.8066956347803,0
2357,46.8066956347803,0
2358,46.8066956347803,0
2359,46.8066956347803,0
2360,46.8066956347803,0
2361,46.8066956347803,1
2362,46.8066956347803,0
2363,46.8066956347803,0
2364,46.8066956347803,0
2365,46.8066956347803,1
2366,34.79379551250186,0
2367,34.79379551250186,0
2368,34.79379551250186,0
2369,34.79379551250186,0
2370,34.79379551250186,0
2371,34.79379551250186,0
2372,34.79379551250186,0
2373,34.79379551250186,0
2374,34.79379551250186,0
2375,34.79379551250186,0
2376,34.79379551250186,0
2377,34.79379551250186,0
2378,34.79379551250186,0
2379,34.79379551250186,0
2380,34.79379551250186,0
2381,34.79379551250186,0
2382,34.79379551250186,0
2383,34.79379551250186,0
2384,34.79379551250186,0
2385,34.79379551250186,0
2386,34.79379551250186,0
2387,34.79379551250186,0
2388,34.79379551250186,0
2389,34.79379551250186,0
2390,34.79379551250186,0
2391,34.79379551250186,0
2392,34.79379551250186,0
2393,34.79379551250186,0
2394,34.79379551250186,0
2395,34.79379551250186,0
2396,34.79379551250186,0
2397,34.79379551250186,0
2398,34.79379551250186,0
2399,34.79379551250186,0
2400,34.79379551250186,0
2401,34.79379551250186,0
2402,34.79379551250186,0
2403,34.79379551250186,0
2404,34.79379551250186,0
2405,34.79379551250186,0
2406,5.714470338580612,0
2407,5.714470338580612,0
2408,5.714470338580612,0
2409,5.714470338580612,0
2410,5.714470338580612,0
2411,5.714470338580612,0
2412,5.714470338580612,0
2413,5.714470338580612,0
2414,5.714470338580612,0
2415,5.714470338580612,0
2416,5.714470338580612,0
2417,5.714470338580612,0
2418,5.714470338580612,0
2419,5.714470338580612,0
2420,5.714470338580612,0
2421,5.714470338580612,0
2422,5.714470338580612,0
2423,5.714470338580612,1
2424,5.714470338580612,0
2425,5.714470338580612,0
2426,5.714470338580612,0
2427,5.714470338580612,0
2428,5.714470338580612,0
2429,5.714470338580612,0
2430,5.714470338580612,0
2431,5.714470338580612,0
2432,5.714470338580612,0
2433,5.714470338580612,0
2434,5.714470338580612,0
2435,5.714470338580612,0
2436,5.714470338580612,0
2437,5.714470338580612,0
2438,5.714470338580612,0
2439,5.714470338580612,0
2440,5.714470338580612,0
2441,5.714470338580612,0
2442,5.714470338580612,0
2443,5.714470338580612,0
2444,47.812958158462195,0
2445,47.812958158462195,0
2446,47.812958158462195,0
2447,47.812958158462195,0
2448,47.812958158462195,0
2449,47.812958158462195,0
2450,47.812958158462195,0
2451,47.812958158462195,0
2452,47.812958158462195,0
2453,47.812958158462195,0
2454,47.812958158462195,0
2455,47.812958158462195,0
2456,47.812958158462195,0
2457,47.812958158462195,0
2458,47.812958158462195,0
2459,47.812958158462195,0
2460,47.812958158462195,0
2461,47.812958158462195,0
2462,47.812958158462195,0
2463,47.812958158462195,0
2464,47.812958158462195,0
2465,47.812958158462195,0
2466,47.812958158462195,0
2467,47.812958158462195,0
2468,47.812958158462195,0
2469,47.812958158462195,0
2470,47.812958158462195,0
2471,47.812958158462195,0
2472,47.812958158462195,0
2473,2.1112808665511626,0
2474,2.1112808665511626,0
2475,2.1112808665511626,0
2476,2.1112808665511626,1
2477,2.1112808665511626,1
2478,2.1112808665511626,1
2479,2.1112808665511626,1
2480,2.1112808665511626,0
2481,2.1112808665511626,0
2482,2.1112808665511626,0
2483,2.1112808665511626,1
2484,2.1112808665511626,0
2485,2.1112808665511626,1
2486,2.1112808665511626,1
2487,2.1112808665511626,1
2488,2.1112808665511626,0
2489,2.1112808665511626,1
2490,2.1112808665511626,0
2491,2.1112808665511626,0
2492,2.1112808665511626,1
2493,2.1112808665511626,0
2494,2.1112808665511626,0
2495,2.1112808665511626,0
2496,2.1112808665511626,0
2497,2.1112808665511626,0
2498,2.1112808665511626,0
2499,2.1112808665511626,0
2500,2.1112808665511626,0
2501,2.1112808665511626,0
2502,2.1112808665511626,0
2503,2.1112808665511626,0
2504,80.65526183156284,0
2505,80.65526183156284,0
2506,80.65526183156284,0
2507,80.65526183156284,0
2508,80.65526183156284,0
2509,80.65526183156284,0
2510,80.65526183156284,0
2511,80.65526183156284,0
2512,80.65526183156284,0
2513,80.65526183156284,0
2514,80.65526183156284,0
2515,80.65526183156284,1
2516,80.65526183156284,0
2517,80.65526183156284,0
2518,80.65526183156284,1
2519,80.65526183156284,0
2520,80.65526183156284,0
2521,80.65526183156284,0
2522,80.65526183156284,1
2523,80.65526183156284,0
2524,78.06990566844324,0
2525,78.06990566844324,0
2526,78.06990566844324,0
2527,78.06990566844324,0
2528,78.06990566844324,0
2529,78.06990566844324,0
2530,78.06990566844324,0
2531,78.06990566844324,0
2532,78.06990566844324,0
2533,78.06990566844324,0
2534,78.06990566844324,0
2535,78.06990566844324,0
2536,78.06990566844324,0
2537,78.06990566844324,0
2538,78.06990566844324,0
2539,78.06990566844324,0
2540,78.06990566844324,0
2541,78.06990566844324,0
2542,78.06990566844324,0
2543,78.06990566844324,0
2544,78.06990566844324,0
2545,78.06990566844324,0
2546,78.06990566844324,0
2547,101.60684786107358,0
2548,101.60684786107358,0
2549,101.60684786107358,0
2550,101.60684786107358,0
2551,101.60684786107358,1
2552,101.60684786107358,0
2553,101.60684786107358,0
2554,101.60684786107358,0
2555,101.60684786107358,1
2556,101.60684786107358,0
2557,101.60684786107358,0
2558,101.60684786107358,0
2559,101.60684786107358,1
2560,101.60684786107358,0
2561,101.60684786107358,0
2562,101.60684786107358,1
2563,101.60684786107358,0
2564,101.60684786107358,0
2565,101.60684786107358,1
2566,101.60684786107358,1
2567,101.60684786107358,1
2568,101.60684786107358,0
2569,101.60684786107358,0
2570,101.60684786107358,1
2571,101.60684786107358,1
2572,101.60684786107358,1
2573,101.60684786107358,0
2574,101.60684786107358,1
2575,101.60684786107358,0
2576,101.60684786107358,0
2577,101.60684786107358,0
2578,2.5207899425355658,0
2579,2.5207899425355658,1
2580,2.5207899425355658,1
2581,2.5207899425355658,0
2582,2.5207899425355658,0
2583,2.5207899425355658,0
2584,2.5207899425355658,0
2585,2.5207899425355658,0
2586,2.5207899425355658,1
2587,2.5207899425355658,0
2588,2.5207899425355658,1
2589,2.5207899425355658,0
2590,2.5207899425355658,0
2591,2.5207899425355658,0
2592,2.5207899425355658,0
2593,2.5207899425355658,0
2594,2.5207899425355658,0
2595,2.5207899425355658,0
2596,2.5207899425355658,0
2597,2.5207899425355658,0
2598,2.5207899425355658,0
2599,2.5207899425355658,0
2600,2.5207899425355658,1
2601,2.5207899425355658,0
2602,2.5207899425355658,0
2603,2.5207899425355658,0
2604,2.5207899425355658,0
2605,2.5207899425355658,0
2606,2.5207899425355658,0
2607,2.5207899425355658,0
2608,2.5207899425355658,0
2609,2.5207899425355658,0
2610,2.5207899425355658,0
2611,2.5207899425355658,0
2612,2.5207899425355658,0
2613,2.5207899425355658,0
2614,2.5207899425355658,0
2615,2.5207899425355658,0
2616,2.5207899425355658,0
2617,2.5207899425355658,0
2618,2.5207899425355658,0
2619,2.5207899425355658,0
2620,2.5207899425355658,0
2621,2.5207899425355658,0
2622,2.5207899425355658,0
2623,2.5207899425355658,0
2624,2.5207899425355658,0
2625,2.5207899425355658,0
2626,2.5207899425355658,0
2627,2.5207899425355658,0
2628,2.5207899425355658,0
2629,2.5207899425355658,0
2630,2.5207899425355658,0
2631,96.44950151573357,0
2632,96.44950151573357,0
2633,96.44950151573357,0
2634,96.44950151573357,1
2635,96.44950151573357,0
2636,96.44950151573357,0
2637,96.44950151573357,0
2638,96.44950151573357,0
2639,96.44950151573357,0
2640,96.44950151573357,1
2641,96.44950151573357,0
2642,96.44950151573357,0
2643,96.44950151573357,0
2644,96.44950151573357,0
2645,96.44950151573357,0
2646,96.44950151573357,0
2647,96.44950151573357,0
2648,96.44950151573357,0
2649,96.44950151573357,0
2650,96.44950151573357,0
2651,96.44950151573357,0
2652,96.44950151573357,0
2653,96.44950151573357,0
2654,96.44950151573357,0
2655,96.44950151573357,0
2656,96.44950151573357,0
2657,96.44950151573357,0
2658,96.44950151573357,0
2659,96.44950151573357,1
2660,96.44950151573357,0
2661,96.44950151573357,0
2662,96.44950151573357,0
2663,0.6590085280083539,1
2664,0.6590085280083539,0
2665,0.6590085280083539,0
2666,0.6590085280083539,0
2667,0.6590085280083539,0
2668,0.6590085280083539,0
2669,0.6590085280083539,0
2670,0.6590085280083539,0
2671,0.6590085280083539,0
2672,0.6590085280083539,0
2673,0.6590085280083539,0
2674,0.6590085280083539,0
2675,0.6590085280083539,0
2676,0.6590085280083539,1
2677,0.6590085280083539,1
2678,0.6590085280083539,0
2679,0.6590085280083539,0
2680,0.6590085280083539,0
2681,0.6590085280083539,0
2682,0.6590085280083539,0
2683,0.6590085280083539,0
2684,0.6590085280083539,0
2685,0.6590085280083539,1
2686,0.6590085280083539,1
2687,0.6590085280083539,0
2688,0.6590085280083539,0
2689,0.6590085280083539,1
2690,0.6590085280083539,0
2691,0.6590085280083539,0
2692,0.6590085280083539,0
2693,0.6590085280083539,0
2694,0.6590085280083539,0
2695,0.6590085280083539,0
2696,0.6590085280083539,0
2697,0.6590085280083539,0
2698,0.6590085280083539,0
2699,0.6590085280083539,0
2700,0.6590085280083539,1
2701,0.6590085280083539,0
2702,0.6590085280083539,0
2703,0.6590085280083539,0
2704,1.218694272542931,1
2705,1.218694272542931,1
2706,1.218694272542931,0
2707,1.218694272542931,0
2708,1.218694272542931,0
2709,1.218694272542931,0
2710,1.218694272542931,0
2711,1.218694272542931,0
2712,1.218694272542931,0
2713,1.218694272542931,0
2714,1.218694272542931,0
2715,1.218694272542931,0
2716,1.218694272542931,0
2717,1.218694272542931,0
2718,1.218694272542931,0
2719,1.218694272542931,0
2720,1.218694272542931,0
2721,1.218694272542931,0
2722,1.218694272542931,0
2723,1.218694272542931,0
2724,1.218694272542931,1
2725,1.218694272542931,0
2726,1.218694272542931,0
2727,1.218694272542931,0
2728,1.218694272542931,0
2729,1.218694272542931,0
2730,1.218694272542931,0
2731,1.218694272542931,1
2732,1.218694272542931,0
2733,1.218694272542931,0
2734,1.218694272542931,0
2735,1.218694272542931,0
2736,1.218694272542931,0
2737,1.218694272542931,0
2738,1.218694272542931,0
2739,1.218694272542931,0
2740,1.218694272542931,0
2741,1.218694272542931,0
2742,1.218694272542931,0
2743,1.218694272542931,0
2744,1.218694272542931,0
2745,1.218694272542931,1
2746,1.218694272542931,0
2747,57.64021830801692,0
2748,57.64021830801692,0
2749,57.64021830801692,0
2750,57.64021830801692,0
2751,57.64021830801692,0
2752,57.64021830801692,0
2753,57.64021830801692,0
2754,57.64021830801692,0
2755,57.64021830801692,0
2756,57.64021830801692,0
2757,57.64021830801692,0
2758,57.64021830801692,1
2759,57.64021830801692,0
2760,57.64021830801692,1
2761,57.64021830801692,0
2762,57.64021830801692,0
2763,57.64021830801692,0
2764,57.64021830801692,0
2765,57.64021830801692,0
2766,57.64021830801692,0
2767,57.64021830801692,0
2768,57.64021830801692,0
2769,57.64021830801692,0
2770,57.64021830801692,0
2771,5.644916275358885,0
2772,5.644916275358885,0
2773,5.644916275358885,0
2774,5.644916275358885,0
2775,5.644916275358885,0
2776,5.644916275358885,0
2777,5.644916275358885,0
2778,5.644916275358885,0
2779,5.644916275358885,0
2780,5.644916275358885,0
2781,5.644916275358885,1
2782,5.644916275358885,0
2783,5.644916275358885,0
2784,5.644916275358885,0
2785,5.644916275358885,0
2786,5.644916275358885,0
2787,5.644916275358885,0
2788,5.644916275358885,0
2789,5.644916275358885,0
2790,5.644916275358885,0
2791,5.644916275358885,0
2792,5.644916275358885,0
2793,5.644916275358885,0
2794,5.644916275358885,0
2795,5.644916275358885,0
2796,5.644916275358885,0
2797,5.644916275358885,0
2798,5.644916275358885,0
2799,5.644916275358885,0
2800,5.644916275358885,0
2801,34.260078701792075,0
2802,34.260078701792075,0
2803,34.260078701792075,0
2804,34.260078701792075,1
2805,34.260078701792075,0
2806,34.260078701792075,0
2807,34.260078701792075,0
2808,34.260078701792075,0
2809,34.260078701792075,0
2810,34.260078701792075,1
2811,34.260078701792075,0
2812,34.260078701792075,0
2813,34.260078701792075,0
2814,34.260078701792075,0
2815,34.260078701792075,0
2816,34.260078701792075,0
2817,34.260078701792075,0
2818,34.260078701792075,0
2819,34.260078701792075,0
2820,34.260078701792075,0
2821,34.260078701792075,0
2822,34.260078701792075,0
2823,34.260078701792075,0
2824,34.260078701792075,0
2825,34.260078701792075,0
2826,34.260078701792075,0
2827,34.260078701792075,0
2828,34.260078701792075,0
2829,34.260078701792075,0
2830,34.260078701792075,0
2831,34.260078701792075,0
2832,34.260078701792075,0
2833,34.260078701792075,0
2834,34.260078701792075,0
2835,34.260078701792075,0
2836,34.260078701792075,0
2837,34.260078701792075,0
2838,34.260078701792075,1
2839,34.260078701792075,0
2840,34.260078701792075,0
2841,34.260078701792075,0
2842,45.2053810446314,0
2843,45.2053810446314,0
2844,45.2053810446314,0
2845,45.2053810446314,0
2846,45.2053810446314,0
2847,45.2053810446314,0
2848,45.2053810446314,0
2849,45.2053810446314,0
2850,45.2053810446314,0
2851,45.2053810446314,0
2852,45.2053810446314,0
2853,45.2053810446314,0
2854,45.2053810446314,0
2855,45.2053810446314,0
2856,45.2053810446314,0
2857,45.2053810446314,0
2858,45.2053810446314,0
2859,45.2053810446314,0
2860,45.2053810446314,0
2861,45.2053810446314,0
2862,45.2053810446314,0
2863,45.2053810446314,0
2864,45.2053810446314,0
2865,45.2053810446314,0
2866,45.2053810446314,0
2867,45.2053810446314,0
2868,45.2053810446314,0
2869,45.2053810446314,0
2870,45.2053810446314,0
2871,45.2053810446314,0
2872,45.2053810446314,0
2873,45.2053810446314,0
2874,45.2053810446314,0
2875,45.2053810446314,0
2876,45.2053810446314,0
2877,45.2053810446314,0
2878,45.2053810446314,0
2879,45.2053810446314,0
2880,45.2053810446314,0
2881,7.454393695445649,1
2882,7.454393695445649,1
2883,7.454393695445649,1
2884,7.454393695445649,0
2885,7.454393695445649,1
2886,7.454393695445649,0
2887,7.454393695445649,0
2888,7.454393695445649,0
2889,7.454393695445649,1
2890,7.454393695445649,0
2891,7.454393695445649,0
2892,7.454393695445649,1
2893,7.454393695445649,1
2894,7.454393695445649,0
2895,7.454393695445649,0
2896,34.28640041287236,0
2897,34.28640041287236,0
2898,34.28640041287236,0
2899,34.28640041287236,0
2900,34.28640041287236,0
2901,34.28640041287236,0
2902,34.28640041287236,0
2903,34.28640041287236,0
2904,34.28640041287236,0
2905,34.28640041287236,0
2906,34.28640041287236,0
2907,34.28640041287236,0
2908,34.28640041287236,0
2909,34.28640041287236,0
2910,34.28640041287236,0
2911,34.28640041287236,0
2912,34.28640041287236,0
2913,34.28640041287236,0
2914,34.28640041287236,0
2915,34.28640041287236,0
2916,34.28640041287236,0
2917,34.28640041287236,0
2918,34.28640041287236,0
2919,34.28640041287236,0
2920,34.28640041287236,0
2921,34.28640041287236,0
2922,34.28640041287236,0
2923,34.28640041287236,0
2924,34.28640041287236,0
2925,34.28640041287236,0
2926,34.28640041287236,0
2927,34.28640041287236,0
2928,34.28640041287236,0
2929,34.28640041287236,0
2930,34.28640041287236,0
2931,34.28640041287236,0
2932,34.28640041287236,0
2933,34.28640041287236,0
2934,34.28640041287236,0
2935,34.28640041287236,0
2936,34.28640041287236,0
2937,34.28640041287236,0
2938,34.28640041287236,0
2939,34.28640041287236,0
2940,34.28640041287236,0
2941,34.28640041287236,0
2942,34.28640041287236,0
2943,34.28640041287236,0
2944,34.28640041287236,0
2945,34.28640041287236,0
2946,34.28640041287236,0
2947,34.28640041287236,0
2948,34.28640041287236,0
2949,34.28640041287236,0
2950,34.28640041287236,0
2951,41.32838559659339,0
2952,41.32838559659339,0
2953,41.32838559659339,0
2954,41.32838559659339,0
2955,41.32838559659339,0
2956,41.32838559659339,0
2957,41.32838559659339,0
2958,41.32838559659339,0
2959,41.32838559659339,0
2960,41.32838559659339,0
2961,41.32838559659339,0
2962,41.32838559659339,0
2963,41.32838559659339,0
2964,41.32838559659339,0
2965,41.32838559659339,0
2966,41.32838559659339,0
2967,41.32838559659339,0
2968,41.32838559659339,0
2969,41.32838559659339,0
2970,41.32838559659339,0
2971,41.32838559659339,0
2972,41.32838559659339,0
2973,41.32838559659339,0
2974,41.32838559659339,0
2975,41.32838559659339,0
2976,41.32838559659339,0
2977,41.32838559659339,0
2978,41.32838559659339,1
2979,41.32838559659339,0
2980,41.32838559659339,0
2981,1.6120159492327377,0
2982,1.6120159492327377,0
2983,1.6120159492327377,0
2984,1.6120159492327377,0
2985,1.6120159492327377,1
2986,1.6120159492327377,0
2987,1.6120159492327377,0
2988,1.6120159492327377,0
2989,1.6120159492327377,1
2990,1.6120159492327377,0
2991,1.6120159492327377,0
2992,1.6120159492327377,0
2993,1.6120159492327377,0
2994,1.6120159492327377,0
2995,1.6120159492327377,0
2996,1.6120159492327377,0
2997,1.6120159492327377,0
2998,1.6120159492327377,0
2999,1.6120159492327377,0
3000,1.6120159492327377,0
3001,1.6120159492327377,0
3002,1.6120159492327377,0
3003,1.6120159492327377,1
3004,1.6120159492327377,0
3005,1.6120159492327377,0
3006,1.6120159492327377,0
3007,1.6120159492327377,1
3008,1.6120159492327377,0
3009,1.6120159492327377,0
3010,1.6120159492327377,0
3011,1.6120159492327377,0
3012,1.6120159492327377,0
3013,1.6120159492327377,0
3014,1.6120159492327377,0
3015,1.6120159492327377,0
3016,1.6120159492327377,0
3017,1.6120159492327377,0
3018,1.6120159492327377,0
3019,1.6120159492327377,0
3020,1.6120159492327377,0
3021,1.6120159492327377,0
3022,1.6120159492327377,0
3023,1.6120159492327377,0
3024,31.651471407304506,0
3025,31.651471407304506,0
3026,31.651471407304506,0
3027,31.651471407304506,0
3028,31.651471407304506,0
3029,31.651471407304506,0
3030,31.651471407304506,0
3031,31.651471407304506,0
3032,31.651471407304506,0
3033,31.651471407304506,0
3034,31.651471407304506,0
3035,31.651471407304506,0
3036,31.651471407304506,0
3037,31.651471407304506,0
3038,31.651471407304506,0
3039,31.651471407304506,0
3040,31.651471407304506,0
3041,31.651471407304506,0
3042,31.651471407304506,0
3043,31.651471407304506,0
3044,31.651471407304506,0
3045,31.651471407304506,0
3046,31.651471407304506,0
3047,31.651471407304506,0
3048,31.651471407304506,0
3049,31.651471407304506,0
3050,31.651471407304506,0
3051,31.651471407304506,0
3052,3.7619998873621254,1
3053,3.7619998873621254,0
3054,3.7619998873621254,0
3055,3.7619998873621254,0
3056,3.7619998873621254,0
3057,3.7619998873621254,0
3058,3.7619998873621254,0
3059,3.7619998873621254,0
3060,3.7619998873621254,0
3061,3.7619998873621254,1
3062,3.7619998873621254,0
3063,3.7619998873621254,0
3064,3.7619998873621254,0
3065,3.7619998873621254,0
3066,3.7619998873621254,0
3067,3.7619998873621254,1
3068,3.7619998873621254,0
3069,3.7619998873621254,0
3070,3.7619998873621254,0
3071,3.7619998873621254,0
3072,3.7619998873621254,0
3073,3.7619998873621254,0
3074,3.7619998873621254,0
3075,3.7619998873621254,0
3076,3.7619998873621254,0
3077,3.7619998873621254,0
3078,3.7619998873621254,0
3079,3.7619998873621254,0
3080,3.7619998873621254,0
3081,3.7619998873621254,0
3082,3.7619998873621254,0
3083,22.682607296055906,0
3084,22.682607296055906,0
3085,22.682607296055906,0
3086,22.682607296055906,1
3087,22.682607296055906,0
3088,22.682607296055906,1
3089,22.682607296055906,0
3090,22.682607296055906,0
3091,22.682607296055906,0
3092,22.682607296055906,1
3093,22.682607296055906,0
3094,22.682607296055906,0
3095,22.682607296055906,0
3096,22.682607296055906,1
3097,22.682607296055906,0
3098,22.682607296055906,0
3099,22.682607296055906,0
3100,22.682607296055906,1
3101,22.682607296055906,0
3102,22.682607296055906,0
3103,22.682607296055906,0
3104,22.682607296055906,0
3105,22.682607296055906,0
3106,22.682607296055906,0
3107,22.682607296055906,1
3108,22.682607296055906,1
3109,22.682607296055906,0
3110,22.682607296055906,0
3111,22.682607296055906,0
3112,22.682607296055906,0
3113,22.682607296055906,1
3114,22.682607296055906,1
3115,22.682607296055906,1
3116,22.682607296055906,0
3117,23.166643300242427,0
3118,23.166643300242427,0
3119,23.166643300242427,0
3120,23.166643300242427,0
3121,23.166643300242427,0
3122,23.166643300242427,0
3123,23.166643300242427,0
3124,23.166643300242427,1
3125,23.166643300242427,0
3126,23.166643300242427,0
3127,23.166643300242427,1
3128,23.166643300242427,0
3129,23.166643300242427,0
3130,23.166643300242427,0
3131,23.166643300242427,0
3132,23.166643300242427,0
3133,23.166643300242427,1
3134,23.166643300242427,0
3135,23.166643300242427,0
3136,23.166643300242427,1
3137,23.166643300242427,0
3138,23.166643300242427,1
3139,23.166643300242427,1
3140,23.166643300242427,1
3141,23.166643300242427,0
3142,23.166643300242427,0
3143,23.166643300242427,0
3144,23.166643300242427,1
3145,23.166643300242427,0
3146,23.166643300242427,1
3147,23.166643300242427,0
3148,23.166643300242427,0
3149,23.166643300242427,1
3150,23.166643300242427,0
3151,0.22296444995945322,1
3152,0.22296444995945322,0
3153,0.22296444995945322,0
3154,0.22296444995945322,0
3155,0.22296444995945322,0
3156,0.22296444995945322,1
3157,0.22296444995945322,0
3158,0.22296444995945322,0
3159,0.22296444995945322,0
3160,0.22296444995945322,0
3161,0.22296444995945322,0
3162,0.22296444995945322,0
3163,0.22296444995945322,0
3164,0.22296444995945322,0
3165,0.22296444995945322,0
3166,0.22296444995945322,0
3167,0.22296444995945322,0
3168,0.22296444995945322,0
3169,0.22296444995945322,0
3170,0.22296444995945322,0
3171,0.22296444995945322,0
3172,0.22296444995945322,0
3173,0.22296444995945322,1
3174,0.22296444995945322,0
3175,0.22296444995945322,0
3176,0.22296444995945322,0
3177,0.22296444995945322,0
3178,0.22296444995945322,0
3179,0.22296444995945322,0
3180,0.22296444995945322,0
3181,0.22296444995945322,0
3182,0.22296444995945322,0
3183,0.22296444995945322,0
3184,0.22296444995945322,0
3185,0.22296444995945322,0
3186,0.22296444995945322,0
3187,0.22296444995945322,0
3188,0.22296444995945322,0
3189,0.22296444995945322,0
3190,0.22296444995945322,0
3191,0.22296444995945322,0
3192,30.076750452244134,0
3193,30.076750452244134,0
3194,30.076750452244134,0
3195,30.076750452244134,0
3196,30.076750452244134,0
3197,30.076750452244134,0
3198,30.076750452244134,1
3199,30.076750452244134,0
3200,30.076750452244134,1
3201,30.076750452244134,0
3202,30.076750452244134,0
3203,30.076750452244134,0
3204,30.076750452244134,0
3205,30.076750452244134,0
3206,30.076750452244134,0
3207,30.076750452244134,1
3208,30.076750452244134,1
3209,30.076750452244134,0
3210,30.076750452244134,0
3211,30.076750452244134,0
3212,30.076750452244134,0
3213,30.076750452244134,0
3214,30.076750452244134,1
3215,30.076750452244134,1
3216,30.076750452244134,1
3217,30.076750452244134,0
3218,30.076750452244134,0
3219,30.076750452244134,0
3220,30.076750452244134,0
3221,30.076750452244134,0
3222,30.076750452244134,0
3223,30.076750452244134,0
3224,30.076750452244134,0
3225,30.076750452244134,0
3226,30.076750452244134,0
3227,30.076750452244134,0
3228,30.076750452244134,0
3229,30.076750452244134,0
3230,30.076750452244134,0
3231,30.076750452244134,0
3232,30.076750452244134,0
3233,30.076750452244134,0
3234,30.076750452244134,0
3235,30.076750452244134,0
3236,30.076750452244134,0
3237,30.076750452244134,0
3238,30.076750452244134,0
3239,30.076750452244134,0
3240,30.076750452244134,1
3241,30.076750452244134,1
3242,30.076750452244134,0
3243,30.076750452244134,0
3244,30.076750452244134,0
3245,30.076750452244134,0
3246,30.076750452244134,0
3247,30.076750452244134,0
3248,30.076750452244134,0
3249,30.076750452244134,0
3250,0.841555671612081,0
3251,0.841555671612081,0
3252,0.841555671612081,0
3253,0.841555671612081,1
3254,0.841555671612081,0
3255,0.841555671612081,0
3256,0.841555671612081,0
3257,0.841555671612081,0
3258,0.841555671612081,0
3259,0.841555671612081,0
3260,0.841555671612081,0
3261,0.841555671612081,0
3262,0.841555671612081,0
3263,0.841555671612081,0
3264,0.841555671612081,1
3265,0.841555671612081,0
3266,0.841555671612081,0
3267,0.841555671612081,0
3268,0.841555671612081,0
3269,0.841555671612081,0
3270,0.841555671612081,0
3271,0.841555671612081,0
3272,0.841555671612081,1
3273,0.841555671612081,0
3274,0.841555671612081,0
3275,0.841555671612081,0
3276,0.841555671612081,0
3277,0.841555671612081,0
3278,0.841555671612081,0
3279,0.841555671612081,1
3280,0.841555671612081,0
3281,0.841555671612081,0
3282,0.841555671612081,0
3283,0.841555671612081,0
3284,0.841555671612081,1
3285,0.841555671612081,1
3286,0.841555671612081,0
3287,0.841555671612081,0
3288,0.841555671612081,0
3289,0.841555671612081,0
3290,0.841555671612081,0
3291,0.841555671612081,0
3292,0.841555671612081,0
3293,0.841555671612081,0
3294,0.841555671612081,0
3295,0.841555671612081,0
3296,0.841555671612081,0
3297,0.841555671612081,0
3298,0.841555671612081,0
3299,0.841555671612081,0
3300,0.841555671612081,0
3301,0.841555671612081,0
3302,0.841555671612081,0
3303,17.90905875276293,0
3304,17.90905875276293,0
3305,17.90905875276293,0
3306,17.90905875276293,0
3307,17.90905875276293,0
3308,17.90905875276293,0
3309,17.90905875276293,0
3310,17.90905875276293,0
3311,17.90905875276293,0
3312,17.90905875276293,0
3313,17.90905875276293,0
3314,17.90905875276293,0
3315,17.90905875276293,0
3316,17.90905875276293,0
3317,17.90905875276293,0
3318,17.90905875276293,0
3319,17.90905875276293,0
3320,17.90905875276293,0
3321,17.90905875276293,0
3322,17.90905875276293,0
3323,17.90905875276293,0
3324,17.90905875276293,0
3325,17.90905875276293,0
3326,17.90905875276293,1
3327,17.90905875276293,0
3328,17.90905875276293,0
3329,17.90905875276293,0
3330,17.90905875276293,0
3331,17.90905875276293,0
3332,17.90905875276293,0
3333,56.08837547075039,0
3334,56.08837547075039,0
3335,56.08837547075039,0
3336,56.08837547075039,0
3337,56.08837547075039,0
3338,56.08837547075039,0
3339,56.08837547075039,0
3340,56.08837547075039,0
3341,56.08837547075039,0
3342,56.08837547075039,0
3343,56.08837547075039,0
3344,56.08837547075039,0
3345,56.08837547075039,0
3346,56.08837547075039,0
3347,56.08837547075039,0
3348,56.08837547075039,0
3349,56.08837547075039,0
3350,56.08837547075039,0
3351,56.08837547075039,0
3352,56.08837547075039,0
3353,56.08837547075039,0
3354,56.08837547075039,0
3355,56.08837547075039,0
3356,56.08837547075039,0
3357,56.08837547075039,0
3358,56.08837547075039,0
3359,56.08837547075039,0
3360,56.08837547075039,0
3361,79.04872143244826,0
3362,79.04872143244826,0
3363,79.04872143244826,0
3364,79.04872143244826,0
3365,79.04872143244826,0
3366,79.04872143244826,1
3367,79.04872143244826,0
3368,79.04872143244826,0
3369,79.04872143244826,0
3370,79.04872143244826,0
3371,79.04872143244826,0
3372,79.04872143244826,0
3373,79.04872143244826,0
3374,79.04872143244826,0
3375,79.04872143244826,0
3376,79.04872143244826,0
3377,79.04872143244826,0
3378,79.04872143244826,0
3379,79.04872143244826,0
3380,79.04872143244826,0
3381,79.04872143244826,0
3382,79.04872143244826,0
3383,79.04872143244826,0
3384,79.04872143244826,0
3385,79.04872143244826,0
3386,79.04872143244826,0
3387,79.04872143244826,0
3388,79.04872143244826,0
3389,79.04872143244826,0
3390,79.04872143244826,0
3391,79.04872143244826,1
3392,79.04872143244826,0
3393,9.915852897361614,0
3394,9.915852897361614,0
3395,9.915852897361614,1
3396,9.915852897361614,0
3397,9.915852897361614,1
3398,9.915852897361614,0
3399,9.915852897361614,0
3400,9.915852897361614,0
3401,9.915852897361614,1
3402,9.915852897361614,0
3403,9.915852897361614,0
3404,9.915852897361614,1
3405,9.915852897361614,1
3406,9.915852897361614,1
3407,9.915852897361614,0
3408,9.915852897361614,0
3409,9.915852897361614,1
3410,9.915852897361614,1
3411,9.915852897361614,1
3412,9.915852897361614,0
3413,9.915852897361614,0
3414,9.915852897361614,0
3415,9.915852897361614,0
3416,9.915852897361614,1
3417,9.915852897361614,0
3418,9.915852897361614,0
3419,35.7518279096394,0
3420,35.7518279096394,0
3421,35.7518279096394,0
3422,35.7518279096394,0
3423,35.7518279096394,0
3424,35.7518279096394,0
3425,35.7518279096394,1
3426,35.7518279096394,0
3427,35.7518279096394,0
3428,35.7518279096394,0
3429,35.7518279096394,0
3430,35.7518279096394,0
3431,35.7518279096394,0
3432,35.7518279096394,0
3433,35.7518279096394,0
3434,35.7518279096394,0
3435,35.7518279096394,0
3436,35.7518279096394,0
3437,35.7518279096394,0
3438,35.7518279096394,0
3439,35.7518279096394,0
3440,35.7518279096394,0
3441,35.7518279096394,0
3442,35.7518279096394,0
3443,35.7518279096394,0
3444,35.7518279096394,0
3445,37.021895164383366,0
3446,37.021895164383366,0
3447,37.021895164383366,1
3448,37.021895164383366,0
3449,37.021895164383366,0
3450,37.021895164383366,0
3451,37.021895164383366,0
3452,37.021895164383366,0
3453,37.021895164383366,0
3454,37.021895164383366,0
3455,37.021895164383366,0
3456,37.021895164383366,0
3457,37.021895164383366,0
3458,37.021895164383366,0
3459,37.021895164383366,0
3460,37.021895164383366,0
3461,37.021895164383366,0
3462,37.021895164383366,0
3463,37.021895164383366,0
3464,37.021895164383366,0
3465,37.021895164383366,0
3466,37.021895164383366,0
3467,37.021895164383366,0
3468,37.021895164383366,0
3469,37.021895164383366,0
3470,37.021895164383366,0
3471,37.021895164383366,1
3472,37.021895164383366,0
3473,37.021895164383366,0
3474,37.021895164383366,0
3475,37.021895164383366,0
3476,37.021895164383366,0
3477,37.021895164383366,0
3478,37.021895164383366,0
3479,37.021895164383366,0
3480,37.021895164383366,0
3481,37.021895164383366,0
3482,37.021895164383366,0
3483,39.043176674059936,0
3484,39.043176674059936,0
3485,39.043176674059936,0
3486,39.043176674059936,0
3487,39.043176674059936,0
3488,39.043176674059936,0
3489,39.043176674059936,0
3490,39.043176674059936,0
3491,39.043176674059936,0
3492,39.043176674059936,0
3493,39.043176674059936,0
3494,39.043176674059936,0
3495,39.043176674059936,0
3496,39.043176674059936,0
3497,39.043176674059936,0
3498,39.043176674059936,0
3499,39.043176674059936,0
3500,39.043176674059936,0
3501,39.043176674059936,0
3502,39.043176674059936,0
3503,39.043176674059936,0
3504,39.043176674059936,0
3505,39.043176674059936,0
3506,39.043176674059936,0
3507,39.043176674059936,0
3508,39.043176674059936,0
3509,39.043176674059936,0
3510,39.043176674059936,0
3511,39.043176674059936,0
3512,39.043176674059936,0
3513,39.043176674059936,0
3514,39.043176674059936,0
3515,39.043176674059936,0
3516,39.043176674059936,0
3517,39.043176674059936,0
3518,39.043176674059936,0
3519,39.043176674059936,0
3520,39.043176674059936,0
3521,39.043176674059936,0
3522,39.043176674059936,0
3523,39.043176674059936,0
3524,60.54374217671084,0
3525,60.54374217671084,0
3526,60.54374217671084,0
3527,60.54374217671084,0
3528,60.54374217671084,0
3529,60.54374217671084,0
3530,60.54374217671084,0
3531,60.54374217671084,0
3532,60.54374217671084,0
3533,60.54374217671084,1
3534,60.54374217671084,0
3535,60.54374217671084,0
3536,60.54374217671084,0
3537,60.54374217671084,0
3538,60.54374217671084,0
3539,60.54374217671084,0
3540,60.54374217671084,0
3541,60.54374217671084,0
3542,60.54374217671084,0
3543,60.54374217671084,0
3544,60.54374217671084,0
3545,60.54374217671084,0
3546,60.54374217671084,1
3547,60.54374217671084,0
3548,60.54374217671084,0
3549,60.54374217671084,0
3550,60.54374217671084,1
3551,60.54374217671084,0
3552,60.54374217671084,0
3553,60.54374217671084,0
3554,60.54374217671084,0
3555,60.54374217671084,0
3556,60.54374217671084,0
3557,60.54374217671084,1
3558,60.54374217671084,0
3559,60.54374217671084,0
3560,32.69921885649955,0
3561,32.69921885649955,0
3562,32.69921885649955,0
3563,32.69921885649955,0
3564,32.69921885649955,0
3565,32.69921885649955,1
3566,32.69921885649955,0
3567,32.69921885649955,0
3568,32.69921885649955,0
3569,32.69921885649955,0
3570,32.69921885649955,0
3571,32.69921885649955,0
3572,32.69921885649955,0
3573,32.69921885649955,0
3574,32.69921885649955,0
3575,32.69921885649955,0
3576,32.69921885649955,0
3577,32.69921885649955,1
3578,32.69921885649955,0
3579,32.69921885649955,0
3580,32.69921885649955,0
3581,32.69921885649955,1
3582,32.69921885649955,0
3583,32.69921885649955,0
3584,16.749395677016057,0
3585,16.749395677016057,1
3586,16.749395677016057,0
3587,16.749395677016057,1
3588,16.749395677016057,1
3589,16.749395677016057,0
3590,16.749395677016057,0
3591,16.749395677016057,0
3592,16.749395677016057,0
3593,16.749395677016057,0
3594,16.749395677016057,0
3595,16.749395677016057,1
3596,16.749395677016057,0
3597,16.749395677016057,0
3598,16.749395677016057,1
3599,16.749395677016057,0
3600,16.749395677016057,0
3601,16.749395677016057,0
3602,16.749395677016057,0
3603,16.749395677016057,0
3604,16.749395677016057,0
3605,16.749395677016057,0
3606,16.749395677016057,1
3607,16.749395677016057,0
3608,16.749395677016057,1
3609,16.749395677016057,0
3610,16.749395677016057,0
3611,16.749395677016057,0
3612,16.749395677016057,0
3613,16.749395677016057,0
3614,16.749395677016057,0
3615,16.749395677016057,1
3616,16.749395677016057,0
3617,16.749395677016057,1
3618,16.749395677016057,0
3619,16.749395677016057,0
3620,1.6987302338929589,0
3621,1.6987302338929589,0
3622,1.6987302338929589,0
3623,1.6987302338929589,0
3624,1.6987302338929589,0
3625,1.6987302338929589,0
3626,1.6987302338929589,0
3627,1.6987302338929589,0
3628,1.6987302338929589,0
3629,1.6987302338929589,1
3630,1.6987302338929589,0
3631,1.6987302338929589,0
3632,1.6987302338929589,0
3633,1.6987302338929589,0
3634,1.6987302338929589,0
3635,1.6987302338929589,0
3636,1.6987302338929589,1
3637,1.6987302338929589,0
3638,1.6987302338929589,0
3639,1.6987302338929589,0
3640,1.6987302338929589,1
3641,1.6987302338929589,0
3642,1.6987302338929589,0
3643,1.6987302338929589,1
3644,1.6987302338929589,0
3645,1.6987302338929589,0
3646,1.6987302338929589,0
3647,1.6987302338929589,1
3648,1.6987302338929589,0
3649,1.6987302338929589,0
3650,1.6987302338929589,1
3651,1.6987302338929589,0
3652,1.6987302338929589,0
3653,1.6987302338929589,0
3654,1.6987302338929589,1
3655,1.6987302338929589,0
3656,1.6987302338929589,0
3657,1.6987302338929589,1
3658,1.6987302338929589,0
3659,1.6987302338929589,0
3660,1.6987302338929589,0
3661,1.6987302338929589,0
3662,1.6987302338929589,0
3663,1.6987302338929589,0
3664,1.6987302338929589,0
3665,1.6987302338929589,0
3666,1.6987302338929589,0
3667,1.6987302338929589,0
3668,1.6987302338929589,0
3669,1.6987302338929589,0
3670,1.6987302338929589,0
3671,1.6987302338929589,0
3672,1.6987302338929589,1
3673,54.65397165828025,0
3674,54.65397165828025,0
3675,54.65397165828025,0
3676,54.65397165828025,0
3677,54.65397165828025,1
3678,54.65397165828025,0
3679,54.65397165828025,0
3680,54.65397165828025,0
3681,54.65397165828025,0
3682,54.65397165828025,0
3683,54.65397165828025,1
3684,54.65397165828025,0
3685,54.65397165828025,0
3686,54.65397165828025,0
3687,54.65397165828025,0
3688,54.65397165828025,1
3689,54.65397165828025,0
3690,54.65397165828025,1
3691,54.65397165828025,0
3692,54.65397165828025,0
3693,54.65397165828025,0
3694,54.65397165828025,0
3695,54.65397165828025,0
3696,54.65397165828025,1
3697,54.65397165828025,0
3698,54.65397165828025,0
3699,54.65397165828025,0
3700,54.65397165828025,0
3701,1.6053136516226272,0
3702,1.6053136516226272,0
3703,1.6053136516226272,0
3704,1.6053136516226272,0
3705,1.6053136516226272,0
3706,1.6053136516226272,1
3707,1.6053136516226272,0
3708,1.6053136516226272,0
3709,1.6053136516226272,0
3710,1.6053136516226272,0
3711,1.6053136516226272,0
3712,1.6053136516226272,1
3713,1.6053136516226272,1
3714,1.6053136516226272,0
3715,1.6053136516226272,0
3716,1.6053136516226272,0
3717,1.6053136516226272,0
3718,1.6053136516226272,0
3719,1.6053136516226272,0
3720,1.6053136516226272,0
3721,1.6053136516226272,0
3722,1.6053136516226272,0
3723,1.6053136516226272,0
3724,1.6053136516226272,0
3725,1.6053136516226272,0
3726,1.6053136516226272,0
3727,1.6053136516226272,0
3728,1.6053136516226272,0
3729,1.6053136516226272,0
3730,1.6053136516226272,0
3731,1.6053136516226272,1
3732,1.6053136516226272,0
3733,1.6053136516226272,0
3734,1.6053136516226272,0
3735,1.6053136516226272,0
3736,5.763793744811103,1
3737,5.763793744811103,0
3738,5.763793744811103,0
3739,5.763793744811103,0
3740,5.763793744811103,0
3741,5.763793744811103,0
3742,5.763793744811103,0
3743,5.763793744811103,0
3744,5.763793744811103,0
3745,5.763793744811103,0
3746,5.763793744811103,0
3747,5.763793744811103,0
3748,5.763793744811103,0
3749,5.763793744811103,1
3750,5.763793744811103,0
3751,5.763793744811103,0
3752,5.763793744811103,0
3753,5.763793744811103,0
3754,5.763793744811103,0
3755,5.763793744811103,0
3756,5.763793744811103,0
3757,5.763793744811103,1
3758,5.763793744811103,0
3759,5.763793744811103,0
3760,5.763793744811103,0
3761,5.763793744811103,0
3762,5.763793744811103,0
3763,5.763793744811103,0
3764,5.763793744811103,0
3765,5.763793744811103,0
3766,5.763793744811103,0
3767,5.763793744811103,0
3768,5.763793744811103,0
3769,5.763793744811103,0
3770,5.763793744811103,0
3771,5.763793744811103,0
3772,5.763793744811103,0
3773,5.763793744811103,0
3774,5.763793744811103,0
3775,5.763793744811103,0
3776,5.763793744811103,0
3777,5.763793744811103,0
3778,5.763793744811103,0
3779,5.763793744811103,0
3780,5.763793744811103,0
3781,5.763793744811103,0
3782,5.763793744811103,0
3783,5.763793744811103,0
3784,5.763793744811103,0
3785,5.763793744811103,0
3786,5.763793744811103,0
3787,5.763793744811103,0
3788,5.763793744811103,0
3789,5.763793744811103,0
3790,5.763793744811103,0
3791,5.763793744811103,1
3792,5.763793744811103,0
3793,5.763793744811103,0
3794,5.763793744811103,0
3795,5.763793744811103,0
3796,19.00537504816953,0
3797,19.00537504816953,0
3798,19.00537504816953,0
3799,19.00537504816953,0
3800,19.00537504816953,0
3801,19.00537504816953,0
3802,19.00537504816953,0
3803,19.00537504816953,1
3804,19.00537504816953,0
3805,19.00537504816953,0
3806,19.00537504816953,0
3807,19.00537504816953,0
3808,19.00537504816953,0
3809,19.00537504816953,0
3810,19.00537504816953,0
3811,19.00537504816953,0
3812,19.00537504816953,0
3813,19.00537504816953,0
3814,19.00537504816953,0
3815,19.00537504816953,0
3816,19.00537504816953,0
3817,19.00537504816953,1
3818,19.00537504816953,0
3819,19.00537504816953,0
3820,19.00537504816953,0
3821,19.00537504816953,0
3822,19.00537504816953,0
3823,19.00537504816953,0
3824,19.00537504816953,0
3825,19.00537504816953,0
3826,19.00537504816953,0
3827,19.00537504816953,0
3828,19.00537504816953,0
3829,19.00537504816953,0
3830,0.9996482899712615,0
3831,0.9996482899712615,0
3832,0.9996482899712615,0
3833,0.9996482899712615,0
3834,0.9996482899712615,0
3835,0.9996482899712615,1
3836,0.9996482899712615,0
3837,0.9996482899712615,0
3838,0.9996482899712615,0
3839,0.9996482899712615,1
3840,0.9996482899712615,1
3841,0.9996482899712615,0
3842,0.9996482899712615,0
3843,0.9996482899712615,1
3844,0.9996482899712615,1
3845,0.9996482899712615,0
3846,0.9996482899712615,0
3847,0.9996482899712615,0
3848,0.9996482899712615,0
3849,0.9996482899712615,0
3850,0.9996482899712615,0
3851,0.9996482899712615,0
3852,0.9996482899712615,0
3853,0.9996482899712615,0
3854,0.9996482899712615,0
3855,0.9996482899712615,0
3856,0.9996482899712615,0
3857,0.9996482899712615,0
3858,0.9996482899712615,0
3859,0.9996482899712615,0
3860,0.9996482899712615,0
3861,0.9996482899712615,0
3862,0.9996482899712615,0
3863,0.9996482899712615,1
3864,0.9996482899712615,0
3865,0.9996482899712615,0
3866,0.9996482899712615,0
3867,0.9996482899712615,0
3868,0.9996482899712615,1
3869,0.9996482899712615,0
3870,0.9996482899712615,1
3871,0.9996482899712615,0
3872,0.9996482899712615,1
3873,0.9996482899712615,0
3874,42.3591897292036,0
3875,42.3591897292036,0
3876,42.3591897292036,0
3877,42.3591897292036,0
3878,42.3591897292036,0
3879,42.3591897292036,1
3880,42.3591897292036,0
3881,42.3591897292036,0
3882,42.3591897292036,0
3883,42.3591897292036,0
3884,42.3591897292036,0
3885,42.3591897292036,0
3886,42.3591897292036,1
3887,42.3591897292036,0
3888,42.3591897292036,0
3889,42.3591897292036,0
3890,42.3591897292036,0
3891,42.3591897292036,0
3892,42.3591897292036,0
3893,42.3591897292036,0
3894,42.3591897292036,0
3895,42.3591897292036,0
3896,42.3591897292036,0
3897,42.3591897292036,0
3898,3.2298598956350157,0
3899,3.2298598956350157,0
3900,3.2298598956350157,0
3901,3.2298598956350157,0
3902,3.2298598956350157,0
3903,3.2298598956350157,0
3904,3.2298598956350157,0
3905,3.2298598956350157,0
3906,3.2298598956350157,0
3907,3.2298598956350157,0
3908,3.2298598956350157,0
3909,3.2298598956350157,0
3910,3.2298598956350157,0
3911,3.2298598956350157,0
3912,3.2298598956350157,0
3913,3.2298598956350157,0
3914,3.2298598956350157,0
3915,3.2298598956350157,0
3916,3.2298598956350157,0
3917,3.2298598956350157,1
3918,3.2298598956350157,1
3919,3.2298598956350157,0
3920,3.2298598956350157,0
3921,3.2298598956350157,0
3922,3.2298598956350157,0
3923,3.2298598956350157,0
3924,3.2298598956350157,0
3925,3.2298598956350157,0
3926,3.2298598956350157,0
3927,3.2298598956350157,0
3928,3.2298598956350157,1
3929,3.2298598956350157,0
3930,3.2298598956350157,0
3931,3.2298598956350157,0
3932,3.2298598956350157,0
3933,3.2298598956350157,0
3934,3.2298598956350157,0
3935,3.2298598956350157,0
3936,3.2298598956350157,0
3937,3.2298598956350157,0
3938,3.2298598956350157,1
3939,3.2298598956350157,0
3940,3.2298598956350157,0
3941,3.2298598956350157,0
3942,3.2298598956350157,0
3943,3.2298598956350157,0
3944,30.83571251539677,0
3945,30.83571251539677,0
3946,30.83571251539677,0
3947,30.83571251539677,0
3948,30.83571251539677,0
3949,30.83571251539677,0
3950,30.83571251539677,0
3951,30.83571251539677,0
3952,30.83571251539677,0
3953,30.83571251539677,0
3954,30.83571251539677,0
3955,30.83571251539677,0
3956,30.83571251539677,0
3957,30.83571251539677,0
3958,30.83571251539677,0
3959,30.83571251539677,0
3960,30.83571251539677,1
3961,30.83571251539677,0
3962,30.83571251539677,1
3963,30.83571251539677,0
3964,30.83571251539677,1
3965,30.83571251539677,0
3966,30.83571251539677,0
3967,30.83571251539677,0
3968,30.83571251539677,0
3969,30.83571251539677,0
3970,30.83571251539677,0
3971,30.83571251539677,0
3972,30.83571251539677,1
3973,30.83571251539677,0
3974,10.819287163167212,0
3975,10.819287163167212,0
3976,10.819287163167212,0
3977,10.819287163167212,0
3978,10.819287163167212,0
3979,10.819287163167212,0
3980,10.819287163167212,0
3981,10.819287163167212,0
3982,10.819287163167212,0
3983,10.819287163167212,0
3984,10.819287163167212,0
3985,10.819287163167212,0
3986,10.819287163167212,0
3987,10.819287163167212,0
3988,10.819287163167212,0
3989,10.819287163167212,0
3990,10.819287163167212,0
3991,10.819287163167212,1
3992,10.819287163167212,0
3993,10.819287163167212,0
3994,10.819287163167212,0
3995,10.819287163167212,0
3996,10.819287163167212,0
3997,10.819287163167212,0
3998,10.819287163167212,0
3999,10.819287163167212,0
4000,10.819287163167212,0
4001,10.819287163167212,0
4002,10.819287163167212,0
4003,10.819287163167212,0
4004,10.819287163167212,0
4005,10.819287163167212,1
4006,10.819287163167212,0
4007,4.346514010060433,1
4008,4.346514010060433,0
4009,4.346514010060433,0
4010,4.346514010060433,0
4011,4.346514010060433,0
4012,4.346514010060433,0
4013,4.346514010060433,0
4014,4.346514010060433,0
4015,4.346514010060433,0
4016,4.346514010060433,0
4017,4.346514010060433,0
4018,4.346514010060433,0
4019,4.346514010060433,0
4020,4.346514010060433,0
4021,4.346514010060433,0
4022,4.346514010060433,0
4023,4.346514010060433,0
4024,4.346514010060433,0
4025,4.346514010060433,0
4026,4.346514010060433,0
4027,4.346514010060433,0
4028,4.346514010060433,0
4029,4.346514010060433,0
4030,4.346514010060433,0
4031,4.346514010060433,0
4032,4.346514010060433,0
4033,4.346514010060433,0
4034,4.346514010060433,1
4035,4.346514010060433,0
4036,4.346514010060433,0
4037,4.346514010060433,0
4038,4.346514010060433,0
4039,4.346514010060433,0
4040,4.346514010060433,0
4041,4.346514010060433,1
4042,4.346514010060433,0
4043,4.346514010060433,0
4044,4.346514010060433,0
4045,4.346514010060433,0
4046,4.346514010060433,0
4047,0.8345786410710768,1
4048,0.8345786410710768,0
4049,0.8345786410710768,0
4050,0.8345786410710768,0
4051,0.8345786410710768,1
4052,0.8345786410710768,0
4053,0.8345786410710768,0
4054,0.8345786410710768,1
4055,0.8345786410710768,0
4056,0.8345786410710768,0
4057,0.8345786410710768,0
4058,0.8345786410710768,0
4059,0.8345786410710768,0
4060,0.8345786410710768,0
4061,0.8345786410710768,1
4062,0.8345786410710768,0
4063,0.8345786410710768,0
4064,0.8345786410710768,0
4065,0.8345786410710768,1
4066,0.8345786410710768,1
4067,0.8345786410710768,0
4068,0.8345786410710768,1
4069,0.8345786410710768,0
4070,0.8345786410710768,0
4071,0.8345786410710768,0
4072,0.8345786410710768,0
4073,0.8345786410710768,0
4074,0.8345786410710768,0
4075,0.8345786410710768,0
4076,0.8345786410710768,0
4077,0.8345786410710768,0
4078,0.8345786410710768,0
4079,0.8345786410710768,1
4080,0.8345786410710768,0
4081,15.394459314921958,0
4082,15.394459314921958,0
4083,15.394459314921958,0
4084,15.394459314921958,0
4085,15.394459314921958,0
4086,15.394459314921958,0
4087,15.394459314921958,0
4088,15.394459314921958,0
4089,15.394459314921958,0
4090,15.394459314921958,0
4091,15.394459314921958,0
4092,15.394459314921958,0
4093,15.394459314921958,0
4094,15.394459314921958,0
4095,15.394459314921958,0
4096,15.394459314921958,0
4097,15.394459314921958,0
4098,15.394459314921958,0
4099,15.394459314921958,0
4100,15.394459314921958,0
4101,15.394459314921958,0
4102,15.394459314921958,0
4103,15.394459314921958,0
4104,15.394459314921958,0
4105,15.394459314921958,0
4106,15.394459314921958,0
4107,39.338971985263846,0
4108,39.338971985263846,1
4109,39.338971985263846,0
4110,39.338971985263846,0
4111,39.338971985263846,0
4112,39.338971985263846,0
4113,39.338971985263846,0
4114,39.338971985263846,0
4115,39.338971985263846,0
4116,39.338971985263846,0
4117,39.338971985263846,1
4118,39.338971985263846,0
4119,39.338971985263846,0
4120,39.338971985263846,0
4121,39.338971985263846,0
4122,39.338971985263846,0
4123,39.338971985263846,0
4124,39.338971985263846,0
4125,39.338971985263846,0
4126,39.338971985263846,0
4127,39.338971985263846,0
4128,39.338971985263846,0
4129,39.338971985263846,0
4130,50.82619606007555,0
4131,50.82619606007555,0
4132,50.82619606007555,0
4133,50.82619606007555,0
4134,50.82619606007555,0
4135,50.82619606007555,0
4136,50.82619606007555,0
4137,50.82619606007555,0
4138,50.82619606007555,0
4139,50.82619606007555,0
4140,50.82619606007555,0
4141,50.82619606007555,0
4142,50.82619606007555,0
4143,50.82619606007555,0
4144,50.82619606007555,0
4145,50.82619606007555,0
4146,50.82619606007555,0
4147,50.82619606007555,0
4148,50.82619606007555,0
4149,50.82619606007555,0
4150,50.82619606007555,0
4151,50.82619606007555,0
4152,50.82619606007555,0
4153,50.82619606007555,1
4154,50.82619606007555,0
4155,50.82619606007555,0
4156,50.82619606007555,0
4157,50.82619606007555,0
4158,50.82619606007555,0
4159,50.82619606007555,1
4160,50.82619606007555,0
4161,50.82619606007555,0
4162,50.82619606007555,1
4163,50.82619606007555,0
4164,50.82619606007555,0
4165,30.15619506014614,0
4166,30.15619506014614,0
4167,30.15619506014614,0
4168,30.15619506014614,0
4169,30.15619506014614,0
4170,30.15619506014614,0
4171,30.15619506014614,0
4172,30.15619506014614,0
4173,30.15619506014614,0
4174,30.15619506014614,0
4175,30.15619506014614,0
4176,30.15619506014614,0
4177,30.15619506014614,1
4178,30.15619506014614,0
4179,30.15619506014614,0
4180,30.15619506014614,0
4181,30.15619506014614,0
4182,30.15619506014614,0
4183,30.15619506014614,0
4184,30.15619506014614,0
4185,30.15619506014614,0
4186,30.15619506014614,0
4187,30.15619506014614,0
4188,30.15619506014614,0
4189,30.15619506014614,0
4190,30.15619506014614,0
4191,30.15619506014614,0
4192,30.15619506014614,0
4193,30.15619506014614,1
4194,30.15619506014614,1
4195,30.15619506014614,0
4196,30.15619506014614,0
4197,13.940999640679129,0
4198,13.940999640679129,0
4199,13.940999640679129,0
4200,13.940999640679129,0
4201,13.940999640679129,0
4202,13.940999640679129,0
4203,13.940999640679129,0
4204,13.940999640679129,1
4205,13.940999640679129,0
4206,13.940999640679129,0
4207,13.940999640679129,0
4208,13.940999640679129,0
4209,13.940999640679129,0
4210,13.940999640679129,0
4211,13.940999640679129,0
4212,13.940999640679129,0
4213,13.940999640679129,0
4214,13.940999640679129,0
4215,13.940999640679129,0
4216,13.940999640679129,0
4217,13.940999640679129,0
4218,13.940999640679129,0
4219,13.940999640679129,0
4220,13.940999640679129,0
4221,13.940999640679129,0
4222,13.940999640679129,0
4223,13.940999640679129,0
4224,13.940999640679129,0
4225,13.940999640679129,0
4226,13.940999640679129,0
4227,13.940999640679129,0
4228,13.940999640679129,0
4229,13.940999640679129,0
4230,13.940999640679129,0
4231,13.940999640679129,0
4232,13.940999640679129,0
4233,12.126002165446328,0
4234,12.126002165446328,0
4235,12.126002165446328,0
4236,12.126002165446328,0
4237,12.126002165446328,0
4238,12.126002165446328,0
4239,12.126002165446328,0
4240,12.126002165446328,0
4241,12.126002165446328,0
4242,12.126002165446328,0
4243,12.126002165446328,0
4244,12.126002165446328,0
4245,12.126002165446328,1
4246,12.126002165446328,0
4247,12.126002165446328,0
4248,12.126002165446328,0
4249,12.126002165446328,0
4250,12.126002165446328,0
4251,12.126002165446328,0
4252,12.126002165446328,0
4253,12.126002165446328,0
4254,12.126002165446328,1
4255,12.126002165446328,0
4256,12.126002165446328,0
4257,48.19844065382281,0
4258,48.19844065382281,0
4259,48.19844065382281,0
4260,48.19844065382281,0
4261,48.19844065382281,0
4262,48.19844065382281,0
4263,48.19844065382281,0
4264,48.19844065382281,0
4265,48.19844065382281,0
4266,48.19844065382281,0
4267,48.19844065382281,0
4268,48.19844065382281,0
4269,48.19844065382281,0
4270,48.19844065382281,0
4271,48.19844065382281,0
4272,48.19844065382281,0
4273,48.19844065382281,0
4274,48.19844065382281,0
4275,48.19844065382281,0
4276,48.19844065382281,0
4277,48.19844065382281,0
4278,48.19844065382281,0
4279,48.19844065382281,0
4280,48.19844065382281,0
4281,48.19844065382281,0
4282,48.19844065382281,0
4283,48.19844065382281,0
4284,48.19844065382281,0
4285,48.19844065382281,0
4286,48.19844065382281,0
4287,48.19844065382281,0
4288,48.19844065382281,0
4289,48.19844065382281,0
4290,48.19844065382281,0
4291,48.19844065382281,0
4292,48.19844065382281,0
4293,48.19844065382281,0
4294,48.19844065382281,0
4295,48.19844065382281,1
4296,48.19844065382281,0
4297,48.19844065382281,0
4298,48.19844065382281,0
4299,3.8278856510846233,0
4300,3.8278856510846233,0
4301,3.8278856510846233,0
4302,3.8278856510846233,0
4303,3.8278856510846233,0
4304,3.8278856510846233,0
4305,3.8278856510846233,1
4306,3.8278856510846233,0
4307,3.8278856510846233,0
4308,3.8278856510846233,1
4309,3.8278856510846233,0
4310,3.8278856510846233,0
4311,3.8278856510846233,0
4312,3.8278856510846233,0
4313,3.8278856510846233,0
4314,3.8278856510846233,0
4315,3.8278856510846233,0
4316,3.8278856510846233,0
4317,3.8278856510846233,1
4318,3.8278856510846233,1
4319,3.8278856510846233,0
4320,3.8278856510846233,0
4321,3.8278856510846233,0
4322,3.8278856510846233,0
4323,3.8278856510846233,0
4324,3.8278856510846233,0
4325,3.8278856510846233,0
4326,3.8278856510846233,0
4327,3.8278856510846233,0
4328,3.8278856510846233,0
4329,3.8278856510846233,0
4330,3.8278856510846233,1
4331,3.8278856510846233,0
4332,3.8278856510846233,0
4333,3.8278856510846233,0
4334,3.8278856510846233,0
4335,3.8278856510846233,0
4336,3.8278856510846233,0
4337,3.8278856510846233,0
4338,3.8278856510846233,0
4339,3.8278856510846233,0
4340,3.8278856510846233,0
4341,3.8278856510846233,0
4342,3.8278856510846233,0
4343,3.8278856510846233,0
4344,3.8278856510846233,1
4345,78.6491394228276,0
4346,78.6491394228276,0
4347,78.6491394228276,0
4348,78.6491394228276,0
4349,78.6491394228276,0
4350,78.6491394228276,0
4351,78.6491394228276,0
4352,78.6491394228276,0
4353,78.6491394228276,0
4354,78.6491394228276,0
4355,78.6491394228276,0
4356,78.6491394228276,0
4357,78.6491394228276,0
4358,78.6491394228276,0
4359,78.6491394228276,0
4360,78.6491394228276,0
4361,78.6491394228276,0
4362,78.6491394228276,0
4363,78.6491394228276,0
4364,78.6491394228276,0
4365,2.078667353824944,0
4366,2.078667353824944,0
4367,2.078667353824944,0
4368,2.078667353824944,0
4369,2.078667353824944,0
4370,2.078667353824944,0
4371,2.078667353824944,0
4372,2.078667353824944,0
4373,2.078667353824944,0
4374,2.078667353824944,0
4375,2.078667353824944,0
4376,2.078667353824944,0
4377,2.078667353824944,0
4378,2.078667353824944,0
4379,2.078667353824944,0
4380,2.078667353824944,0
4381,2.078667353824944,0
4382,2.078667353824944,0
4383,2.078667353824944,0
4384,2.078667353824944,0
4385,2.078667353824944,0
4386,2.078667353824944,0
4387,2.078667353824944,0
4388,2.078667353824944,0
4389,2.078667353824944,0
4390,2.078667353824944,0
4391,2.078667353824944,0
4392,2.078667353824944,0
4393,2.078667353824944,0
4394,2.078667353824944,0
4395,2.078667353824944,0
4396,2.078667353824944,0
4397,2.078667353824944,0
4398,2.078667353824944,0
4399,2.078667353824944,0
4400,2.078667353824944,0
4401,2.078667353824944,0
4402,2.078667353824944,0
4403,2.078667353824944,0
4404,2.078667353824944,0
4405,2.078667353824944,0
4406,2.078667353824944,0
4407,32.58515270646539,0
4408,32.58515270646539,0
4409,32.58515270646539,0
4410,32.58515270646539,0
4411,32.58515270646539,0
4412,32.58515270646539,0
4413,32.58515270646539,0
4414,32.58515270646539,0
4415,32.58515270646539,0
4416,32.58515270646539,0
4417,32.58515270646539,0
4418,32.58515270646539,0
4419,32.58515270646539,0
4420,32.58515270646539,0
4421,32.58515270646539,0
4422,32.58515270646539,0
4423,32.58515270646539,0
4424,32.58515270646539,0
4425,32.58515270646539,0
4426,32.58515270646539,1
4427,32.58515270646539,0
4428,32.58515270646539,0
4429,32.58515270646539,0
4430,32.58515270646539,0
4431,32.58515270646539,0
4432,32.58515270646539,0
4433,32.58515270646539,0
4434,32.58515270646539,1
4435,32.58515270646539,0
4436,3.4663588744472404,0
4437,3.4663588744472404,0
4438,3.4663588744472404,0
4439,3.4663588744472404,0
4440,3.4663588744472404,0
4441,3.4663588744472404,0
4442,3.4663588744472404,0
4443,3.4663588744472404,0
4444,3.4663588744472404,0
4445,3.4663588744472404,0
4446,3.4663588744472404,0
4447,3.4663588744472404,0
4448,3.4663588744472404,0
4449,3.4663588744472404,0
4450,3.4663588744472404,0
4451,3.4663588744472404,0
4452,3.4663588744472404,0
4453,3.4663588744472404,0
4454,3.4663588744472404,0
4455,19.48512780472194,0
4456,19.48512780472194,0
4457,19.48512780472194,0
4458,19.48512780472194,0
4459,19.48512780472194,0
4460,19.48512780472194,0
4461,19.48512780472194,0
4462,19.48512780472194,0
4463,19.48512780472194,0
4464,19.48512780472194,0
4465,19.48512780472194,1
4466,19.48512780472194,1
4467,19.48512780472194,1
4468,19.48512780472194,0
4469,19.48512780472194,0
4470,19.48512780472194,0
4471,19.48512780472194,1
4472,19.48512780472194,0
4473,19.48512780472194,0
4474,19.48512780472194,0
4475,19.48512780472194,0
4476,19.48512780472194,0
4477,19.48512780472194,0
4478,19.48512780472194,0
4479,19.48512780472194,0
4480,19.48512780472194,0
4481,158.59235910893477,0
4482,158.59235910893477,0
4483,158.59235910893477,0
4484,158.59235910893477,0
4485,158.59235910893477,0
4486,158.59235910893477,0
4487,158.59235910893477,0
4488,158.59235910893477,0
4489,158.59235910893477,0
4490,158.59235910893477,0
4491,158.59235910893477,0
4492,158.59235910893477,0
4493,158.59235910893477,0
4494,158.59235910893477,0
4495,158.59235910893477,0
4496,158.59235910893477,0
4497,158.59235910893477,1
4498,158.59235910893477,0
4499,158.59235910893477,0
4500,158.59235910893477,0
4501,158.59235910893477,0
4502,158.59235910893477,0
4503,158.59235910893477,0
4504,158.59235910893477,0
4505,158.59235910893477,0
4506,43.89624526597628,0
4507,43.89624526597628,0
4508,43.89624526597628,0
4509,43.89624526597628,0
4510,43.89624526597628,0
4511,43.89624526597628,0
4512,43.89624526597628,0
4513,43.89624526597628,0
4514,43.89624526597628,0
4515,43.89624526597628,0
4516,43.89624526597628,0
4517,43.89624526597628,0
4518,43.89624526597628,0
4519,43.89624526597628,0
4520,43.89624526597628,0
4521,43.89624526597628,0
4522,43.89624526597628,0
4523,43.89624526597628,0
4524,43.89624526597628,0
4525,43.89624526597628,0
4526,43.89624526597628,0
4527,43.89624526597628,0
4528,43.89624526597628,0
4529,43.89624526597628,0
4530,43.89624526597628,0
4531,43.89624526597628,0
4532,43.89624526597628,0
4533,43.89624526597628,0
4534,43.89624526597628,1
4535,43.89624526597628,0
4536,43.89624526597628,0
4537,36.895468036459185,0
4538,36.895468036459185,0
4539,36.895468036459185,0
4540,36.895468036459185,0
4541,36.895468036459185,0
4542,36.895468036459185,1
4543,36.895468036459185,0
4544,36.895468036459185,0
4545,36.895468036459185,0
4546,36.895468036459185,0
4547,36.895468036459185,0
4548,36.895468036459185,0
4549,36.895468036459185,0
4550,36.895468036459185,0
4551,36.895468036459185,0
4552,36.895468036459185,0
4553,36.895468036459185,0
4554,36.895468036459185,0
4555,36.895468036459185,0
4556,36.895468036459185,0
4557,36.895468036459185,0
4558,36.895468036459185,0
4559,36.895468036459185,0
4560,36.895468036459185,0
4561,36.895468036459185,0
4562,36.895468036459185,0
4563,36.895468036459185,0
4564,36.895468036459185,0
4565,36.895468036459185,0
4566,36.895468036459185,0
4567,36.895468036459185,0
4568,36.895468036459185,0
4569,36.895468036459185,1
4570,36.895468036459185,0
4571,11.179255780466358,0
4572,11.179255780466358,0
4573,11.179255780466358,0
4574,11.179255780466358,0
4575,11.179255780466358,0
4576,11.179255780466358,0
4577,11.179255780466358,0
4578,11.179255780466358,0
4579,11.179255780466358,0
4580,11.179255780466358,0
4581,11.179255780466358,0
4582,11.179255780466358,0
4583,11.179255780466358,0
4584,11.179255780466358,0
4585,11.179255780466358,0
4586,11.179255780466358,0
4587,11.179255780466358,0
4588,11.179255780466358,0
4589,11.179255780466358,0
4590,11.179255780466358,0
4591,11.179255780466358,0
4592,11.179255780466358,0
4593,11.179255780466358,0
4594,11.179255780466358,0
4595,11.179255780466358,0
4596,77.74408666733738,0
4597,77.74408666733738,0
4598,77.74408666733738,0
4599,77.74408666733738,0
4600,77.74408666733738,0
4601,77.74408666733738,0
4602,77.74408666733738,0
4603,77.74408666733738,0
4604,77.74408666733738,0
4605,77.74408666733738,1
4606,77.74408666733738,0
4607,77.74408666733738,0
4608,77.74408666733738,0
4609,77.74408666733738,0
4610,77.74408666733738,0
4611,77.74408666733738,0
4612,77.74408666733738,0
4613,77.74408666733738,0
4614,77.74408666733738,0
4615,77.74408666733738,0
4616,77.74408666733738,0
4617,77.74408666733738,0
4618,77.74408666733738,0
4619,77.74408666733738,0
4620,77.74408666733738,0
4621,77.74408666733738,0
4622,77.74408666733738,0
4623,77.74408666733738,0
4624,77.74408666733738,0
4625,77.74408666733738,0
4626,77.74408666733738,0
4627,77.74408666733738,0
4628,77.74408666733738,0
4629,77.74408666733738,0
4630,77.74408666733738,0
4631,77.74408666733738,0
4632,77.74408666733738,0
4633,0.8045054734848553,1
4634,0.8045054734848553,0
4635,0.8045054734848553,0
4636,0.8045054734848553,0
4637,0.8045054734848553,0
4638,0.8045054734848553,0
4639,0.8045054734848553,1
4640,0.8045054734848553,0
4641,0.8045054734848553,0
4642,0.8045054734848553,0
4643,0.8045054734848553,0
4644,0.8045054734848553,0
4645,0.8045054734848553,0
4646,0.8045054734848553,0
4647,0.8045054734848553,0
4648,0.8045054734848553,0
4649,0.8045054734848553,0
4650,0.8045054734848553,0
4651,0.8045054734848553,0
4652,0.8045054734848553,0
4653,0.8045054734848553,0
4654,0.8045054734848553,0
4655,0.8045054734848553,0
4656,0.8045054734848553,0
4657,0.8045054734848553,0
4658,0.8045054734848553,1
4659,0.8045054734848553,0
4660,0.8045054734848553,0
4661,0.8045054734848553,0
4662,0.8045054734848553,0
4663,0.8045054734848553,0
4664,0.8045054734848553,0
4665,0.8045054734848553,0
4666,0.8045054734848553,0
4667,0.8045054734848553,0
4668,0.8045054734848553,0
4669,0.8045054734848553,0
4670,0.8045054734848553,0
4671,0.8045054734848553,0
4672,0.8045054734848553,1
4673,0.8045054734848553,0
4674,0.8045054734848553,0
4675,0.8045054734848553,0
4676,26.771724941185116,0
4677,26.771724941185116,0
4678,26.771724941185116,0
4679,26.771724941185116,0
4680,26.771724941185116,0
4681,26.771724941185116,0
4682,26.771724941185116,0
4683,26.771724941185116,0
4684,26.771724941185116,0
4685,26.771724941185116,0
4686,26.771724941185116,0
4687,26.771724941185116,0
4688,26.771724941185116,0
4689,26.771724941185116,0
4690,26.771724941185116,0
4691,26.771724941185116,0
4692,26.771724941185116,0
4693,26.771724941185116,0
4694,26.771724941185116,0
4695,26.771724941185116,0
4696,26.771724941185116,0
4697,26.771724941185116,0
4698,26.771724941185116,0
4699,26.771724941185116,1
4700,26.771724941185116,0
4701,26.771724941185116,0
4702,26.771724941185116,0
4703,26.771724941185116,0
4704,26.771724941185116,0
4705,26.771724941185116,0
4706,26.771724941185116,0
4707,26.771724941185116,0
4708,26.771724941185116,0
4709,26.771724941185116,0
4710,26.771724941185116,0
4711,26.771724941185116,0
4712,26.771724941185116,0
4713,26.771724941185116,0
4714,28.16898805956135,0
4715,28.16898805956135,1
4716,28.16898805956135,0
4717,28.16898805956135,0
4718,28.16898805956135,0
4719,28.16898805956135,0
4720,28.16898805956135,0
4721,28.16898805956135,0
4722,28.16898805956135,0
4723,28.16898805956135,0
4724,28.16898805956135,1
4725,28.16898805956135,0
4726,28.16898805956135,0
4727,28.16898805956135,0
4728,28.16898805956135,1
4729,28.16898805956135,0
4730,28.16898805956135,1
4731,28.16898805956135,1
4732,28.16898805956135,0
4733,28.16898805956135,0
4734,28.16898805956135,1
4735,28.16898805956135,0
4736,28.16898805956135,1
4737,28.16898805956135,1
4738,28.16898805956135,0
4739,28.16898805956135,0
4740,28.16898805956135,0
4741,28.16898805956135,0
4742,28.16898805956135,0
4743,28.16898805956135,1
4744,28.16898805956135,0
4745,28.16898805956135,0
4746,28.16898805956135,0
4747,28.16898805956135,0
4748,28.16898805956135,0
4749,28.16898805956135,1
4750,28.16898805956135,0
4751,28.16898805956135,0
4752,28.16898805956135,0
4753,37.37576716271252,0
4754,37.37576716271252,0
4755,37.37576716271252,0
4756,37.37576716271252,0
4757,37.37576716271252,0
4758,37.37576716271252,0
4759,37.37576716271252,0
4760,37.37576716271252,0
4761,37.37576716271252,0
4762,37.37576716271252,0
4763,37.37576716271252,0
4764,37.37576716271252,0
4765,37.37576716271252,0
4766,37.37576716271252,0
4767,37.37576716271252,0
4768,37.37576716271252,0
4769,37.37576716271252,0
4770,37.37576716271252,0
4771,37.37576716271252,0
4772,37.37576716271252,0
4773,37.37576716271252,0
4774,37.37576716271252,0
4775,37.37576716271252,0
4776,37.37576716271252,0
4777,37.37576716271252,0
4778,37.37576716271252,0
4779,37.37576716271252,0
4780,37.37576716271252,0
4781,37.37576716271252,0
4782,37.37576716271252,0
4783,37.37576716271252,0
4784,37.37576716271252,0
4785,37.37576716271252,0
4786,37.37576716271252,0
4787,37.37576716271252,0
4788,37.37576716271252,0
4789,21.72295076590218,0
4790,21.72295076590218,0
4791,21.72295076590218,0
4792,21.72295076590218,0
4793,21.72295076590218,0
4794,21.72295076590218,0
4795,21.72295076590218,0
4796,21.72295076590218,0
4797,21.72295076590218,0
4798,21.72295076590218,0
4799,21.72295076590218,0
4800,21.72295076590218,0
4801,21.72295076590218,0
4802,21.72295076590218,0
4803,21.72295076590218,0
4804,21.72295076590218,0
4805,21.72295076590218,0
4806,21.72295076590218,0
4807,21.72295076590218,0
4808,21.72295076590218,0
4809,21.72295076590218,0
4810,21.72295076590218,0
4811,21.72295076590218,0
4812,21.72295076590218,0
4813,21.72295076590218,0
4814,21.72295076590218,1
4815,21.72295076590218,0
4816,21.72295076590218,0
4817,21.72295076590218,0
4818,21.72295076590218,0
4819,21.72295076590218,0
4820,21.72295076590218,0
4821,21.72295076590218,0
4822,21.72295076590218,0
4823,21.72295076590218,0
4824,21.72295076590218,0
4825,21.72295076590218,1
4826,21.72295076590218,0
4827,21.72295076590218,0
4828,21.72295076590218,0
4829,21.72295076590218,0
4830,21.72295076590218,0
4831,21.72295076590218,0
4832,21.72295076590218,1
4833,18.827765766598652,0
4834,18.827765766598652,0
4835,18.827765766598652,0
4836,18.827765766598652,0
4837,18.827765766598652,0
4838,18.827765766598652,0
4839,18.827765766598652,0
4840,18.827765766598652,0
4841,18.827765766598652,0
4842,18.827765766598652,0
4843,18.827765766598652,0
4844,18.827765766598652,0
4845,18.827765766598652,0
4846,18.827765766598652,0
4847,18.827765766598652,0
4848,18.827765766598652,0
4849,18.827765766598652,0
4850,18.827765766598652,0
4851,18.827765766598652,0
4852,18.827765766598652,0
4853,18.827765766598652,0
4854,18.827765766598652,0
4855,18.827765766598652,0
4856,18.827765766598652,0
4857,18.827765766598652,0
4858,18.827765766598652,0
4859,18.827765766598652,0
4860,18.827765766598652,0
4861,18.827765766598652,0
4862,18.827765766598652,0
4863,18.827765766598652,0
4864,18.827765766598652,0
4865,18.827765766598652,0
4866,1.8292853623167953,0
4867,1.8292853623167953,0
4868,1.8292853623167953,0
4869,1.8292853623167953,0
4870,1.8292853623167953,0
4871,1.8292853623167953,0
4872,1.8292853623167953,0
4873,1.8292853623167953,0
4874,1.8292853623167953,0
4875,1.8292853623167953,1
4876,1.8292853623167953,0
4877,1.8292853623167953,0
4878,1.8292853623167953,0
4879,1.8292853623167953,0
4880,1.8292853623167953,0
4881,1.8292853623167953,0
4882,1.8292853623167953,0
4883,1.8292853623167953,0
4884,1.8292853623167953,0
4885,1.8292853623167953,0
4886,1.8292853623167953,0
4887,1.8292853623167953,0
4888,1.8292853623167953,0
4889,1.8292853623167953,0
4890,1.8292853623167953,0
4891,1.8292853623167953,0
4892,1.8292853623167953,0
4893,1.8292853623167953,0
4894,1.8292853623167953,0
4895,1.8292853623167953,0
4896,1.8292853623167953,0
4897,1.8292853623167953,0
4898,1.8292853623167953,1
4899,1.8292853623167953,0
4900,1.8292853623167953,0
4901,1.8292853623167953,0
4902,1.8292853623167953,0
4903,1.8292853623167953,0
4904,43.18125562906112,0
4905,43.18125562906112,1
4906,43.18125562906112,0
4907,43.18125562906112,1
4908,43.18125562906112,0
4909,43.18125562906112,0
4910,43.18125562906112,0
4911,43.18125562906112,0
4912,43.18125562906112,0
4913,43.18125562906112,0
4914,43.18125562906112,0
4915,43.18125562906112,0
4916,43.18125562906112,0
4917,43.18125562906112,0
4918,43.18125562906112,0
4919,43.18125562906112,0
4920,43.18125562906112,0
4921,43.18125562906112,0
4922,43.18125562906112,0
4923,43.18125562906112,0
4924,43.18125562906112,0
4925,43.18125562906112,0
4926,43.18125562906112,0
4927,43.18125562906112,0
4928,43.18125562906112,0
4929,43.18125562906112,0
4930,43.18125562906112,0
4931,43.18125562906112,0
4932,43.18125562906112,0
4933,43.18125562906112,0
4934,43.18125562906112,0
4935,43.18125562906112,1
4936,43.18125562906112,0
4937,43.18125562906112,0
4938,43.18125562906112,0
4939,91.82894299835738,0
4940,91.82894299835738,0
4941,91.82894299835738,0
4942,91.82894299835738,0
4943,91.82894299835738,0
4944,91.82894299835738,0
4945,91.82894299835738,0
4946,91.82894299835738,0
4947,91.82894299835738,0
4948,91.82894299835738,0
4949,91.82894299835738,0
4950,91.82894299835738,0
4951,91.82894299835738,0
4952,91.82894299835738,0
4953,91.82894299835738,0
4954,91.82894299835738,0
4955,91.82894299835738,0
4956,91.82894299835738,0
4957,91.82894299835738,0
4958,91.82894299835738,1
4959,91.82894299835738,0
4960,91.82894299835738,1
4961,91.82894299835738,0
4962,91.82894299835738,0
4963,91.82894299835738,0
4964,91.82894299835738,0
4965,91.82894299835738,0
4966,91.82894299835738,0
4967,91.82894299835738,0
4968,91.82894299835738,0
4969,91.82894299835738,0
4970,91.82894299835738,0
4971,91.82894299835738,0
4972,91.82894299835738,0
4973,91.82894299835738,0
4974,91.82894299835738,0
4975,91.82894299835738,0
4976,91.82894299835738,0
4977,91.82894299835738,0
4978,4.064373444834622,1
4979,4.064373444834622,0
4980,4.064373444834622,1
4981,4.064373444834622,0
4982,4.064373444834622,0
4983,4.064373444834622,0
4984,4.064373444834622,0
4985,4.064373444834622,0
4986,4.064373444834622,0
4987,4.064373444834622,0
4988,4.064373444834622,0
4989,4.064373444834622,0
4990,4.064373444834622,0
4991,4.064373444834622,0
4992,4.064373444834622,0
4993,4.064373444834622,0
4994,4.064373444834622,0
4995,4.064373444834622,0
4996,4.064373444834622,0
4997,4.064373444834622,0
4998,4.064373444834622,0
4999,4.064373444834622,0
5000,4.064373444834622,0
5001,4.064373444834622,0
5002,4.064373444834622,0
5003,4.064373444834622,0
5004,4.064373444834622,0
5005,4.064373444834622,0
5006,4.064373444834622,0
5007,4.064373444834622,0
5008,4.064373444834622,0
5009,4.064373444834622,0
5010,4.064373444834622,0
5011,4.064373444834622,0
5012,157.70291680334893,0
5013,157.70291680334893,0
5014,157.70291680334893,0
5015,157.70291680334893,0
5016,157.70291680334893,0
5017,157.70291680334893,0
5018,157.70291680334893,0
5019,157.70291680334893,0
5020,157.70291680334893,0
5021,157.70291680334893,0
5022,157.70291680334893,0
5023,157.70291680334893,0
5024,157.70291680334893,0
5025,157.70291680334893,0
5026,157.70291680334893,0
5027,157.70291680334893,1
5028,157.70291680334893,0
5029,157.70291680334893,1
5030,157.70291680334893,1
5031,157.70291680334893,1
5032,157.70291680334893,0
5033,157.70291680334893,0
5034,157.70291680334893,0
5035,157.70291680334893,0
5036,157.70291680334893,0
5037,157.70291680334893,0
5038,157.70291680334893,0
5039,157.70291680334893,1
5040,157.70291680334893,0
5041,157.70291680334893,1
5042,157.70291680334893,0
5043,157.70291680334893,0
5044,157.70291680334893,0
5045,157.70291680334893,0
5046,37.38825047241588,0
5047,37.38825047241588,0
5048,37.38825047241588,0
5049,37.38825047241588,0
5050,37.38825047241588,0
5051,37.38825047241588,0
5052,37.38825047241588,0
5053,37.38825047241588,0
5054,37.38825047241588,0
5055,37.38825047241588,0
5056,37.38825047241588,0
5057,37.38825047241588,0
5058,37.38825047241588,0
5059,37.38825047241588,0
5060,37.38825047241588,0
5061,37.38825047241588,1
5062,37.38825047241588,0
5063,37.38825047241588,0
5064,37.38825047241588,1
5065,37.38825047241588,1
5066,37.38825047241588,0
5067,37.38825047241588,0
5068,37.38825047241588,0
5069,37.38825047241588,0
5070,37.38825047241588,0
5071,37.38825047241588,0
5072,37.38825047241588,0
5073,37.38825047241588,0
5074,37.38825047241588,0
5075,37.38825047241588,0
5076,37.38825047241588,0
5077,37.38825047241588,1
5078,37.38825047241588,0
5079,37.38825047241588,0
5080,37.38825047241588,0
5081,37.38825047241588,0
5082,37.38825047241588,0
5083,37.38825047241588,0
5084,37.38825047241588,0
5085,37.38825047241588,0
5086,37.38825047241588,0
5087,37.38825047241588,0
5088,37.38825047241588,0
5089,37.38825047241588,0
5090,37.38825047241588,0
5091,1.2399043955224094,0
5092,1.2399043955224094,1
5093,1.2399043955224094,0
5094,1.2399043955224094,1
5095,1.2399043955224094,0
5096,1.2399043955224094,0
5097,1.2399043955224094,0
5098,1.2399043955224094,0
5099,1.2399043955224094,0
5100,1.2399043955224094,0
5101,1.2399043955224094,0
5102,1.2399043955224094,0
5103,1.2399043955224094,0
5104,1.2399043955224094,1
5105,1.2399043955224094,0
5106,1.2399043955224094,0
5107,1.2399043955224094,0
5108,1.2399043955224094,0
5109,1.2399043955224094,0
5110,1.2399043955224094,0
5111,1.2399043955224094,0
5112,13.424906376205959,1
5113,13.424906376205959,0
5114,13.424906376205959,0
5115,13.424906376205959,0
5116,13.424906376205959,0
5117,13.424906376205959,0
5118,13.424906376205959,0
5119,13.424906376205959,1
5120,13.424906376205959,0
5121,13.424906376205959,0
5122,13.424906376205959,0
5123,13.424906376205959,0
5124,13.424906376205959,0
5125,13.424906376205959,0
5126,13.424906376205959,0
5127,13.424906376205959,0
5128,13.424906376205959,0
5129,13.424906376205959,0
5130,13.424906376205959,0
5131,13.424906376205959,0
5132,13.424906376205959,0
5133,13.424906376205959,0
5134,13.424906376205959,1
5135,13.424906376205959,0
5136,13.424906376205959,0
5137,13.424906376205959,1
5138,13.424906376205959,0
5139,13.424906376205959,0
5140,13.424906376205959,0
5141,68.24271995401263,0
5142,68.24271995401263,0
5143,68.24271995401263,0
5144,68.24271995401263,0
5145,68.24271995401263,0
5146,68.24271995401263,0
5147,68.24271995401263,0
5148,68.24271995401263,0
5149,68.24271995401263,1
5150,68.24271995401263,0
5151,68.24271995401263,0
5152,68.24271995401263,0
5153,68.24271995401263,0
5154,68.24271995401263,0
5155,68.24271995401263,0
5156,68.24271995401263,0
5157,68.24271995401263,0
5158,68.24271995401263,0
5159,68.24271995401263,0
5160,68.24271995401263,0
5161,68.24271995401263,0
5162,68.24271995401263,0
5163,68.24271995401263,0
5164,68.24271995401263,0
5165,68.24271995401263,0
5166,68.24271995401263,0
5167,68.24271995401263,0
5168,68.24271995401263,0
5169,68.24271995401263,0
5170,68.24271995401263,0
5171,68.24271995401263,0
5172,68.24271995401263,0
5173,68.24271995401263,0
5174,68.24271995401263,0
5175,68.24271995401263,0
5176,68.24271995401263,1
5177,68.24271995401263,0
5178,68.24271995401263,0
5179,68.24271995401263,0
5180,59.06365812812898,0
5181,59.06365812812898,0
5182,59.06365812812898,1
5183,59.06365812812898,0
5184,59.06365812812898,0
5185,59.06365812812898,0
5186,59.06365812812898,1
5187,59.06365812812898,0
5188,59.06365812812898,1
5189,59.06365812812898,0
5190,59.06365812812898,1
5191,59.06365812812898,0
5192,59.06365812812898,0
5193,59.06365812812898,0
5194,59.06365812812898,0
5195,59.06365812812898,0
5196,59.06365812812898,0
5197,59.06365812812898,0
5198,59.06365812812898,0
5199,59.06365812812898,0
5200,59.06365812812898,0
5201,59.06365812812898,0
5202,59.06365812812898,0
5203,59.06365812812898,0
5204,59.06365812812898,0
5205,59.06365812812898,0
5206,59.06365812812898,0
5207,59.06365812812898,0
5208,59.06365812812898,0
5209,59.06365812812898,0
5210,59.06365812812898,0
5211,59.06365812812898,0
5212,59.06365812812898,0
5213,59.06365812812898,0
5214,59.06365812812898,0
5215,59.06365812812898,0
5216,59.06365812812898,1
5217,100.50821498659948,0
5218,100.50821498659948,0
5219,100.50821498659948,0
5220,100.50821498659948,1
5221,100.50821498659948,0
5222,100.50821498659948,0
5223,100.50821498659948,0
5224,100.50821498659948,0
5225,100.50821498659948,0
5226,100.50821498659948,0
5227,100.50821498659948,0
5228,100.50821498659948,0
5229,100.50821498659948,0
5230,100.50821498659948,0
5231,100.50821498659948,0
5232,100.50821498659948,0
5233,100.50821498659948,1
5234,100.50821498659948,0
5235,100.50821498659948,0
5236,100.50821498659948,0
5237,100.50821498659948,0
5238,100.50821498659948,0
5239,100.50821498659948,0
5240,100.50821498659948,0
5241,100.50821498659948,0
5242,100.50821498659948,0
5243,100.50821498659948,0
5244,100.50821498659948,0
5245,100.50821498659948,0
5246,100.50821498659948,1
5247,100.50821498659948,0
5248,100.50821498659948,0
5249,100.50821498659948,0
5250,100.50821498659948,0
5251,57.00041571307573,0
5252,57.00041571307573,0
5253,57.00041571307573,0
5254,57.00041571307573,0
5255,57.00041571307573,0
5256,57.00041571307573,0
5257,57.00041571307573,0
5258,57.00041571307573,0
5259,57.00041571307573,0
5260,57.00041571307573,0
5261,57.00041571307573,1
5262,57.00041571307573,0
5263,57.00041571307573,1
5264,57.00041571307573,0
5265,57.00041571307573,0
5266,57.00041571307573,0
5267,57.00041571307573,0
5268,57.00041571307573,0
5269,57.00041571307573,0
5270,57.00041571307573,0
5271,57.00041571307573,0
5272,57.00041571307573,0
5273,57.00041571307573,0
5274,57.00041571307573,0
5275,57.00041571307573,0
5276,57.00041571307573,0
5277,57.00041571307573,0
5278,57.00041571307573,0
5279,57.00041571307573,0
5280,57.00041571307573,0
5281,57.00041571307573,0
5282,57.00041571307573,0
5283,50.555325151458064,0
5284,50.555325151458064,0
5285,50.555325151458064,0
5286,50.555325151458064,0
5287,50.555325151458064,0
5288,50.555325151458064,0
5289,50.555325151458064,0
5290,50.555325151458064,0
5291,50.555325151458064,0
5292,50.555325151458064,0
5293,50.555325151458064,0
5294,50.555325151458064,0
5295,50.555325151458064,0
5296,50.555325151458064,0
5297,50.555325151458064,0
5298,50.555325151458064,0
5299,50.555325151458064,0
5300,50.555325151458064,0
5301,50.555325151458064,0
5302,50.555325151458064,0
5303,50.555325151458064,0
5304,50.555325151458064,0
5305,50.555325151458064,0
5306,50.555325151458064,0
5307,50.555325151458064,0
5308,50.555325151458064,0
5309,50.555325151458064,0
5310,8.625824283685668,0
5311,8.625824283685668,0
5312,8.625824283685668,1
5313,8.625824283685668,0
5314,8.625824283685668,0
5315,8.625824283685668,1
5316,8.625824283685668,0
5317,8.625824283685668,0
5318,8.625824283685668,0
5319,8.625824283685668,0
5320,8.625824283685668,0
5321,8.625824283685668,0
5322,8.625824283685668,1
5323,8.625824283685668,0
5324,8.625824283685668,0
5325,8.625824283685668,0
5326,8.625824283685668,0
5327,8.625824283685668,0
5328,8.625824283685668,0
5329,8.625824283685668,0
5330,8.625824283685668,0
5331,8.625824283685668,0
5332,8.625824283685668,0
5333,2.1617784632081567,0
5334,2.1617784632081567,0
5335,2.1617784632081567,0
5336,2.1617784632081567,0
5337,2.1617784632081567,0
5338,2.1617784632081567,0
5339,2.1617784632081567,0
5340,2.1617784632081567,0
5341,2.1617784632081567,0
5342,2.1617784632081567,0
5343,2.1617784632081567,0
5344,2.1617784632081567,0
5345,2.1617784632081567,0
5346,2.1617784632081567,0
5347,2.1617784632081567,0
5348,2.1617784632081567,0
5349,2.1617784632081567,0
5350,2.1617784632081567,0
5351,2.1617784632081567,0
5352,2.1617784632081567,0
5353,2.1617784632081567,0
5354,2.1617784632081567,0
5355,2.1617784632081567,0
5356,2.1617784632081567,0
5357,2.1617784632081567,0
5358,2.1617784632081567,0
5359,2.1617784632081567,0
5360,2.1617784632081567,0
5361,2.1617784632081567,0
5362,2.1617784632081567,0
5363,2.1617784632081567,1
5364,2.1617784632081567,0
5365,4.067778834972583,0
5366,4.067778834972583,1
5367,4.067778834972583,0
5368,4.067778834972583,0
5369,4.067778834972583,0
5370,4.067778834972583,0
5371,4.067778834972583,0
5372,4.067778834972583,0
5373,4.067778834972583,0
5374,4.067778834972583,0
5375,4.067778834972583,1
5376,4.067778834972583,0
5377,4.067778834972583,0
5378,4.067778834972583,0
5379,4.067778834972583,0
5380,4.067778834972583,1
5381,4.067778834972583,0
5382,4.067778834972583,1
5383,4.067778834972583,0
5384,4.067778834972583,0
5385,4.067778834972583,0
5386,4.067778834972583,0
5387,4.067778834972583,0
5388,4.067778834972583,0
5389,4.067778834972583,0
5390,4.067778834972583,0
5391,4.067778834972583,0
5392,4.067778834972583,0
5393,4.067778834972583,0
5394,4.067778834972583,0
5395,4.067778834972583,0
5396,4.067778834972583,0
5397,4.067778834972583,0
5398,4.067778834972583,0
5399,4.067778834972583,0
5400,4.067778834972583,0
5401,4.067778834972583,0
5402,4.067778834972583,0
5403,4.067778834972583,0
5404,4.067778834972583,0
5405,4.067778834972583,0
5406,4.067778834972583,0
5407,4.067778834972583,0
5408,4.067778834972583,0
5409,21.77638715751485,0
5410,21.77638715751485,0
5411,21.77638715751485,0
5412,21.77638715751485,1
5413,21.77638715751485,0
5414,21.77638715751485,0
5415,21.77638715751485,0
5416,21.77638715751485,0
5417,21.77638715751485,0
5418,21.77638715751485,0
5419,21.77638715751485,0
5420,21.77638715751485,0
5421,21.77638715751485,0
5422,21.77638715751485,0
5423,21.77638715751485,0
5424,21.77638715751485,0
5425,21.77638715751485,0
5426,21.77638715751485,0
5427,21.77638715751485,0
5428,21.77638715751485,0
5429,21.77638715751485,0
5430,21.77638715751485,0
5431,21.77638715751485,0
5432,21.77638715751485,0
5433,21.77638715751485,0
5434,108.69129009580993,0
5435,108.69129009580993,0
5436,108.69129009580993,0
5437,108.69129009580993,0
5438,108.69129009580993,0
5439,108.69129009580993,0
5440,108.69129009580993,0
5441,108.69129009580993,0
5442,108.69129009580993,0
5443,108.69129009580993,0
5444,108.69129009580993,0
5445,108.69129009580993,0
5446,108.69129009580993,0
5447,108.69129009580993,0
5448,108.69129009580993,0
5449,108.69129009580993,0
5450,108.69129009580993,0
5451,108.69129009580993,0
5452,108.69129009580993,0
5453,108.69129009580993,0
5454,108.69129009580993,0
5455,108.69129009580993,0
5456,108.69129009580993,0
5457,108.69129009580993,0
5458,108.69129009580993,0
5459,28.98710924201596,0
5460,28.98710924201596,0
5461,28.98710924201596,0
5462,28.98710924201596,0
5463,28.98710924201596,0
5464,28.98710924201596,0
5465,28.98710924201596,0
5466,28.98710924201596,0
5467,28.98710924201596,0
5468,28.98710924201596,0
5469,28.98710924201596,0
5470,28.98710924201596,0
5471,28.98710924201596,0
5472,28.98710924201596,0
5473,28.98710924201596,0
5474,28.98710924201596,0
5475,28.98710924201596,0
5476,28.98710924201596,0
5477,28.98710924201596,0
5478,28.98710924201596,0
5479,28.98710924201596,0
5480,28.98710924201596,0
5481,28.98710924201596,0
5482,28.98710924201596,0
5483,28.98710924201596,0
5484,28.98710924201596,0
5485,28.98710924201596,0
5486,28.98710924201596,0
5487,28.98710924201596,0
5488,28.98710924201596,0
5489,28.98710924201596,0
5490,1.1369172197806994,0
5491,1.1369172197806994,0
5492,1.1369172197806994,0
5493,1.1369172197806994,0
5494,1.1369172197806994,0
5495,1.1369172197806994,0
5496,1.1369172197806994,0
5497,1.1369172197806994,0
5498,1.1369172197806994,0
5499,1.1369172197806994,0
5500,1.1369172197806994,0
5501,1.1369172197806994,0
5502,1.1369172197806994,0
5503,1.1369172197806994,1
5504,1.1369172197806994,0
5505,1.1369172197806994,0
5506,1.1369172197806994,0
5507,1.1369172197806994,0
5508,1.1369172197806994,1
5509,1.1369172197806994,0
5510,1.1369172197806994,0
5511,1.1369172197806994,0
5512,1.1369172197806994,0
5513,1.1369172197806994,0
5514,1.1369172197806994,0
5515,1.1369172197806994,0
5516,1.1369172197806994,0
5517,1.1369172197806994,0
5518,1.1369172197806994,0
5519,1.1369172197806994,0
5520,1.1369172197806994,0
5521,1.1369172197806994,1
5522,1.1369172197806994,0
5523,1.1369172197806994,0
5524,1.1369172197806994,0
5525,1.1369172197806994,0
5526,1.1369172197806994,0
5527,1.1369172197806994,0
5528,1.1369172197806994,1
5529,1.1369172197806994,1
5530,1.1369172197806994,0
5531,1.1369172197806994,1
5532,1.1369172197806994,0
5533,1.1369172197806994,0
5534,1.1369172197806994,0
5535,1.1369172197806994,0
5536,1.1369172197806994,1
5537,1.1369172197806994,0
5538,1.1369172197806994,0
5539,1.1369172197806994,0
5540,1.1369172197806994,0
5541,0.1837082927677286,1
5542,0.1837082927677286,1
5543,0.1837082927677286,1
5544,0.1837082927677286,1
5545,0.1837082927677286,1
5546,0.1837082927677286,0
5547,0.1837082927677286,1
5548,0.1837082927677286,1
5549,0.1837082927677286,1
5550,0.1837082927677286,0
5551,0.1837082927677286,0
5552,0.1837082927677286,0
5553,0.1837082927677286,1
5554,0.1837082927677286,0
5555,0.1837082927677286,0
5556,0.1837082927677286,1
5557,0.1837082927677286,1
5558,0.1837082927677286,1
5559,0.1837082927677286,0
5560,0.1837082927677286,0
5561,0.1837082927677286,1
5562,0.1837082927677286,0
5563,0.1837082927677286,0
5564,0.1837082927677286,0
5565,0.1837082927677286,0
5566,0.1837082927677286,0
5567,0.1837082927677286,0
5568,0.1837082927677286,1
5569,0.1837082927677286,0
5570,0.1837082927677286,0
5571,0.1837082927677286,0
5572,0.1837082927677286,1
5573,0.1837082927677286,1
5574,0.1837082927677286,0
5575,0.1837082927677286,1
5576,0.1837082927677286,1
5577,0.1837082927677286,0
5578,0.1837082927677286,0
5579,0.1837082927677286,1
5580,0.3504779483948694,0
5581,0.3504779483948694,0
5582,0.3504779483948694,0
5583,0.3504779483948694,0
5584,0.3504779483948694,0
5585,0.3504779483948694,0
5586,0.3504779483948694,0
5587,0.3504779483948694,0
5588,0.3504779483948694,0
5589,0.3504779483948694,0
5590,0.3504779483948694,1
5591,0.3504779483948694,0
5592,0.3504779483948694,0
5593,0.3504779483948694,0
5594,0.3504779483948694,0
5595,0.3504779483948694,0
5596,0.3504779483948694,0
5597,0.3504779483948694,0
5598,0.3504779483948694,0
5599,0.3504779483948694,0
5600,0.3504779483948694,0
5601,0.3504779483948694,0
5602,0.3504779483948694,0
5603,0.3504779483948694,0
5604,0.3504779483948694,0
5605,0.3504779483948694,0
5606,0.3504779483948694,0
5607,0.3504779483948694,0
5608,0.3504779483948694,0
5609,0.3504779483948694,0
5610,0.3504779483948694,0
5611,0.3504779483948694,0
5612,0.3504779483948694,1
5613,0.3504779483948694,0
5614,0.3504779483948694,0
5615,0.3504779483948694,0
5616,0.3504779483948694,0
5617,0.3504779483948694,0
5618,0.3504779483948694,0
5619,4.177917367799273,0
5620,4.177917367799273,0
5621,4.177917367799273,0
5622,4.177917367799273,0
5623,4.177917367799273,1
5624,4.177917367799273,0
5625,4.177917367799273,0
5626,4.177917367799273,0
5627,4.177917367799273,0
5628,4.177917367799273,0
5629,4.177917367799273,0
5630,4.177917367799273,0
5631,4.177917367799273,0
5632,4.177917367799273,1
5633,4.177917367799273,0
5634,4.177917367799273,0
5635,4.177917367799273,0
5636,4.177917367799273,0
5637,4.177917367799273,0
5638,4.177917367799273,0
5639,4.177917367799273,0
5640,4.177917367799273,0
5641,4.177917367799273,0
5642,4.177917367799273,0
5643,4.177917367799273,0
5644,4.177917367799273,0
5645,4.177917367799273,0
5646,4.177917367799273,0
5647,4.177917367799273,0
5648,4.177917367799273,0
5649,4.177917367799273,0
5650,4.177917367799273,1
5651,4.177917367799273,0
5652,4.177917367799273,0
5653,4.177917367799273,0
5654,4.177917367799273,0
5655,4.177917367799273,0
5656,4.177917367799273,0
5657,4.177917367799273,1
5658,4.177917367799273,0
5659,4.177917367799273,0
5660,4.177917367799273,0
5661,4.177917367799273,0
5662,4.177917367799273,0
5663,4.177917367799273,0
5664,2.6787597180788656,1
5665,2.6787597180788656,0
5666,2.6787597180788656,0
5667,2.6787597180788656,0
5668,2.6787597180788656,1
5669,2.6787597180788656,0
5670,2.6787597180788656,0
5671,2.6787597180788656,0
5672,2.6787597180788656,0
5673,2.6787597180788656,0
5674,2.6787597180788656,0
5675,2.6787597180788656,0
5676,2.6787597180788656,0
5677,2.6787597180788656,0
5678,2.6787597180788656,1
5679,2.6787597180788656,0
5680,2.6787597180788656,0
5681,2.6787597180788656,1
5682,2.6787597180788656,0
5683,2.6787597180788656,0
5684,2.6787597180788656,0
5685,2.6787597180788656,1
5686,2.6787597180788656,1
5687,2.6787597180788656,0
5688,2.6787597180788656,0
5689,2.6787597180788656,0
5690,2.6787597180788656,0
5691,2.6787597180788656,0
5692,2.6787597180788656,0
5693,2.6787597180788656,0
5694,2.6787597180788656,0
5695,2.6787597180788656,0
5696,2.6787597180788656,1
5697,2.6787597180788656,1
5698,2.6787597180788656,1
5699,2.6787597180788656,1
5700,2.6787597180788656,0
5701,2.6787597180788656,0
5702,2.6787597180788656,0
5703,2.6787597180788656,1
5704,139.1477420314804,0
5705,139.1477420314804,0
5706,139.1477420314804,0
5707,139.1477420314804,0
5708,139.1477420314804,0
5709,139.1477420314804,0
5710,139.1477420314804,0
5711,139.1477420314804,0
5712,139.1477420314804,0
5713,139.1477420314804,0
5714,139.1477420314804,0
5715,139.1477420314804,0
5716,139.1477420314804,0
5717,139.1477420314804,0
5718,139.1477420314804,0
5719,139.1477420314804,0
5720,139.1477420314804,1
5721,139.1477420314804,0
5722,139.1477420314804,0
5723,139.1477420314804,0
5724,139.1477420314804,0
5725,139.1477420314804,0
5726,139.1477420314804,0
5727,139.1477420314804,0
5728,139.1477420314804,0
5729,139.1477420314804,0
5730,139.1477420314804,0
5731,139.1477420314804,0
5732,139.1477420314804,0
5733,139.1477420314804,0
5734,139.1477420314804,0
5735,139.1477420314804,0
5736,139.1477420314804,0
5737,139.1477420314804,0
5738,0.9289042991611347,0
5739,0.9289042991611347,1
5740,0.9289042991611347,0
5741,0.9289042991611347,0
5742,0.9289042991611347,0
5743,0.9289042991611347,0
5744,0.9289042991611347,0
5745,0.9289042991611347,0
5746,0.9289042991611347,0
5747,0.9289042991611347,0
5748,0.9289042991611347,0
5749,0.9289042991611347,0
5750,0.9289042991611347,0
5751,0.9289042991611347,0
5752,0.9289042991611347,0
5753,0.9289042991611347,0
5754,0.9289042991611347,0
5755,0.9289042991611347,1
5756,0.9289042991611347,0
5757,0.9289042991611347,0
5758,0.9289042991611347,0
5759,0.9289042991611347,0
5760,0.9289042991611347,0
5761,0.9289042991611347,0
5762,0.9289042991611347,0
5763,0.9289042991611347,0
5764,0.9289042991611347,0
5765,0.9289042991611347,0
5766,0.9289042991611347,0
5767,0.9289042991611347,0
5768,0.9289042991611347,0
5769,0.9289042991611347,0
5770,0.9289042991611347,0
5771,0.9289042991611347,0
5772,0.9289042991611347,0
5773,0.9289042991611347,0
5774,0.9289042991611347,0
5775,0.9289042991611347,0
5776,0.9289042991611347,0
5777,0.9289042991611347,0
5778,0.9289042991611347,0
5779,0.9289042991611347,0
5780,0.9289042991611347,0
5781,0.9289042991611347,0
5782,0.9289042991611347,0
5783,0.9801124858676489,0
5784,0.9801124858676489,0
5785,0.9801124858676489,0
5786,0.9801124858676489,0
5787,0.9801124858676489,0
5788,0.9801124858676489,0
5789,0.9801124858676489,0
5790,0.9801124858676489,0
5791,0.9801124858676489,0
5792,0.9801124858676489,1
5793,0.9801124858676489,0
5794,0.9801124858676489,1
5795,0.9801124858676489,0
5796,0.9801124858676489,1
5797,0.9801124858676489,0
5798,0.9801124858676489,0
5799,0.9801124858676489,0
5800,0.9801124858676489,0
5801,0.9801124858676489,0
5802,0.9801124858676489,0
5803,0.9801124858676489,0
5804,0.9801124858676489,0
5805,0.9801124858676489,0
5806,0.9801124858676489,0
5807,0.9801124858676489,0
5808,0.9801124858676489,0
5809,0.9801124858676489,0
5810,0.9801124858676489,0
5811,0.9801124858676489,0
5812,0.9801124858676489,0
5813,0.9801124858676489,0
5814,0.9801124858676489,0
5815,0.9801124858676489,0
5816,0.9801124858676489,0
5817,0.9801124858676489,0
5818,0.9801124858676489,0
5819,0.9801124858676489,0
5820,0.9801124858676489,0
5821,0.9801124858676489,0
5822,0.9801124858676489,0
5823,0.9801124858676489,0
5824,2.3652717953909304,0
5825,2.3652717953909304,0
5826,2.3652717953909304,0
5827,2.3652717953909304,0
5828,2.3652717953909304,0
5829,2.3652717953909304,0
5830,2.3652717953909304,1
5831,2.3652717953909304,0
5832,2.3652717953909304,0
5833,2.3652717953909304,0
5834,2.3652717953909304,0
5835,2.3652717953909304,0
5836,2.3652717953909304,0
5837,2.3652717953909304,0
5838,2.3652717953909304,0
5839,2.3652717953909304,0
5840,2.3652717953909304,0
5841,2.3652717953909304,0
5842,2.3652717953909304,0
5843,2.3652717953909304,0
5844,2.3652717953909304,0
5845,2.3652717953909304,0
5846,2.3652717953909304,0
5847,2.3652717953909304,1
5848,2.3652717953909304,0
5849,2.3652717953909304,0
5850,2.3652717953909304,0
5851,2.3652717953909304,0
5852,2.3652717953909304,0
5853,2.3652717953909304,0
5854,2.3652717953909304,0
5855,2.3652717953909304,0
5856,2.3652717953909304,0
5857,2.3652717953909304,0
5858,2.3652717953909304,0
5859,2.3652717953909304,0
5860,2.3652717953909304,0
5861,2.3652717953909304,0
5862,2.3652717953909304,0
5863,2.3652717953909304,1
5864,2.3652717953909304,0
5865,2.3652717953909304,0
5866,2.3652717953909304,0
5867,2.3652717953909304,0
5868,2.3652717953909304,1
5869,2.3652717953909304,0
5870,2.3652717953909304,0
5871,2.3652717953909304,0
5872,2.3652717953909304,0
5873,2.3652717953909304,0
5874,6.763523111848787,0
5875,6.763523111848787,0
5876,6.763523111848787,0
5877,6.763523111848787,0
5878,6.763523111848787,0
5879,6.763523111848787,0
5880,6.763523111848787,0
5881,6.763523111848787,0
5882,6.763523111848787,0
5883,6.763523111848787,0
5884,6.763523111848787,1
5885,6.763523111848787,0
5886,6.763523111848787,0
5887,6.763523111848787,0
5888,6.763523111848787,0
5889,6.763523111848787,0
5890,6.763523111848787,0
5891,6.763523111848787,0
5892,6.763523111848787,0
5893,6.763523111848787,0
5894,6.763523111848787,0
5895,6.763523111848787,0
5896,6.763523111848787,0
5897,6.763523111848787,0
5898,6.763523111848787,0
5899,6.763523111848787,0
5900,6.763523111848787,0
5901,6.763523111848787,0
5902,6.763523111848787,0
5903,6.763523111848787,0
5904,6.763523111848787,0
5905,6.763523111848787,0
5906,6.763523111848787,0
5907,6.763523111848787,0
5908,6.763523111848787,0
5909,6.763523111848787,0
5910,6.763523111848787,0
5911,6.763523111848787,0
5912,6.763523111848787,0
5913,6.763523111848787,0
5914,3.3688703807009235,0
5915,3.3688703807009235,0
5916,3.3688703807009235,0
5917,3.3688703807009235,0
5918,3.3688703807009235,0
5919,3.3688703807009235,0
5920,3.3688703807009235,0
5921,3.3688703807009235,0
5922,3.3688703807009235,1
5923,3.3688703807009235,0
5924,3.3688703807009235,0
5925,3.3688703807009235,0
5926,3.3688703807009235,0
5927,3.3688703807009235,0
5928,3.3688703807009235,0
5929,3.3688703807009235,0
5930,3.3688703807009235,0
5931,3.3688703807009235,0
5932,3.3688703807009235,0
5933,3.3688703807009235,0
5934,3.3688703807009235,0
5935,3.3688703807009235,0
5936,3.3688703807009235,0
5937,3.3688703807009235,0
5938,3.3688703807009235,0
5939,3.3688703807009235,0
5940,3.3688703807009235,0
5941,3.3688703807009235,1
5942,3.3688703807009235,0
5943,3.3688703807009235,0
5944,3.3688703807009235,0
5945,3.3688703807009235,0
5946,3.3688703807009235,0
5947,3.3688703807009235,0
5948,3.3688703807009235,0
5949,3.3688703807009235,0
5950,3.3688703807009235,0
5951,3.3688703807009235,0
5952,3.3688703807009235,0
5953,3.3688703807009235,0
5954,3.3688703807009235,0
5955,3.3688703807009235,0
5956,3.3688703807009235,0
5957,3.3688703807009235,0
5958,3.3688703807009235,0
5959,3.3688703807009235,0
5960,3.3688703807009235,0
5961,3.3688703807009235,1
5962,3.3688703807009235,0
5963,28.69195306034745,0
5964,28.69195306034745,1
5965,28.69195306034745,1
5966,28.69195306034745,0
5967,28.69195306034745,0
5968,28.69195306034745,1
5969,28.69195306034745,0
5970,28.69195306034745,0
5971,28.69195306034745,0
5972,28.69195306034745,1
5973,28.69195306034745,0
5974,28.69195306034745,0
5975,28.69195306034745,1
5976,28.69195306034745,1
5977,28.69195306034745,1
5978,28.69195306034745,0
5979,28.69195306034745,0
5980,28.69195306034745,0
5981,28.69195306034745,0
5982,28.69195306034745,0
5983,28.69195306034745,0
5984,28.69195306034745,1
5985,28.69195306034745,1
5986,28.69195306034745,0
5987,28.69195306034745,1
5988,28.69195306034745,0
5989,28.69195306034745,1
5990,43.96961885344897,0
5991,43.96961885344897,0
5992,43.96961885344897,0
5993,43.96961885344897,0
5994,43.96961885344897,0
5995,43.96961885344897,0
5996,43.96961885344897,0
5997,43.96961885344897,0
5998,43.96961885344897,0
5999,43.96961885344897,0
6000,43.96961885344897,0
6001,43.96961885344897,0
6002,43.96961885344897,0
6003,43.96961885344897,0
6004,43.96961885344897,0
6005,43.96961885344897,0
6006,43.96961885344897,0
6007,43.96961885344897,0
6008,43.96961885344897,0
6009,43.96961885344897,0
6010,43.96961885344897,0
6011,43.96961885344897,0
6012,43.96961885344897,0
6013,43.96961885344897,0
6014,43.96961885344897,0
6015,43.96961885344897,0
6016,43.96961885344897,0
6017,43.96961885344897,0
6018,43.96961885344897,0
6019,1.8500114204235547,1
6020,1.8500114204235547,0
6021,1.8500114204235547,0
6022,1.8500114204235547,0
6023,1.8500114204235547,1
6024,1.8500114204235547,1
6025,1.8500114204235547,0
6026,1.8500114204235547,0
6027,1.8500114204235547,0
6028,1.8500114204235547,0
6029,1.8500114204235547,0
6030,1.8500114204235547,0
6031,1.8500114204235547,0
6032,1.8500114204235547,0
6033,1.8500114204235547,0
6034,1.8500114204235547,1
6035,1.8500114204235547,0
6036,1.8500114204235547,0
6037,1.8500114204235547,1
6038,1.8500114204235547,1
6039,1.8500114204235547,0
6040,1.8500114204235547,0
6041,1.8500114204235547,0
6042,1.8500114204235547,0
6043,1.8500114204235547,0
6044,1.8500114204235547,0
6045,1.8500114204235547,0
6046,1.8500114204235547,0
6047,1.8500114204235547,0
6048,1.8500114204235547,0
6049,1.8500114204235547,0
6050,1.8500114204235547,0
6051,1.8500114204235547,0
6052,1.8500114204235547,0
6053,44.13167807381051,0
6054,44.13167807381051,0
6055,44.13167807381051,0
6056,44.13167807381051,0
6057,44.13167807381051,0
6058,44.13167807381051,0
6059,44.13167807381051,0
6060,44.13167807381051,0
6061,44.13167807381051,0
6062,44.13167807381051,0
6063,44.13167807381051,0
6064,44.13167807381051,0
6065,44.13167807381051,0
6066,44.13167807381051,0
6067,44.13167807381051,0
6068,44.13167807381051,0
6069,44.13167807381051,0
6070,44.13167807381051,0
6071,44.13167807381051,0
6072,44.13167807381051,0
6073,44.13167807381051,0
6074,44.13167807381051,0
6075,44.13167807381051,0
6076,44.13167807381051,0
6077,44.13167807381051,0
6078,44.13167807381051,0
6079,44.13167807381051,0
6080,44.13167807381051,0
6081,44.13167807381051,0
6082,44.13167807381051,0
6083,44.13167807381051,0
6084,44.13167807381051,0
6085,44.13167807381051,0
6086,44.13167807381051,0
6087,74.13587780824825,0
6088,74.13587780824825,0
6089,74.13587780824825,0
6090,74.13587780824825,0
6091,74.13587780824825,0
6092,74.13587780824825,0
6093,74.13587780824825,0
6094,74.13587780824825,0
6095,74.13587780824825,0
6096,74.13587780824825,0
6097,74.13587780824825,0
6098,74.13587780824825,0
6099,74.13587780824825,0
6100,74.13587780824825,0
6101,74.13587780824825,1
6102,74.13587780824825,0
6103,74.13587780824825,0
6104,74.13587780824825,0
6105,74.13587780824825,0
6106,74.13587780824825,0
6107,74.13587780824825,1
6108,74.13587780824825,0
6109,74.13587780824825,0
6110,74.13587780824825,0
6111,74.13587780824825,0
6112,1.0972461700210892,0
6113,1.0972461700210892,0
6114,1.0972461700210892,0
6115,1.0972461700210892,0
6116,1.0972461700210892,0
6117,1.0972461700210892,0
6118,1.0972461700210892,0
6119,1.0972461700210892,0
6120,1.0972461700210892,0
6121,1.0972461700210892,0
6122,1.0972461700210892,1
6123,1.0972461700210892,0
6124,1.0972461700210892,0
6125,1.0972461700210892,0
6126,1.0972461700210892,0
6127,1.0972461700210892,0
6128,1.0972461700210892,0
6129,1.0972461700210892,0
6130,1.0972461700210892,0
6131,1.0972461700210892,0
6132,1.0972461700210892,0
6133,1.0972461700210892,0
6134,1.0972461700210892,0
6135,1.0972461700210892,0
6136,1.0972461700210892,1
6137,1.0972461700210892,1
6138,1.0972461700210892,0
6139,1.0972461700210892,0
6140,1.0972461700210892,0
6141,1.0972461700210892,0
6142,1.0972461700210892,0
6143,1.0972461700210892,0
6144,1.0972461700210892,0
6145,1.0972461700210892,0
6146,1.0972461700210892,1
6147,1.0972461700210892,0
6148,1.0972461700210892,0
6149,1.0972461700210892,1
6150,48.7458917999872,0
6151,48.7458917999872,0
6152,48.7458917999872,0
6153,48.7458917999872,0
6154,48.7458917999872,0
6155,48.7458917999872,0
6156,48.7458917999872,0
6157,48.7458917999872,0
6158,48.7458917999872,0
6159,48.7458917999872,0
6160,48.7458917999872,0
6161,48.7458917999872,0
6162,48.7458917999872,0
6163,48.7458917999872,0
6164,48.7458917999872,0
6165,48.7458917999872,0
6166,48.7458917999872,0
6167,48.7458917999872,0
6168,48.7458917999872,0
6169,48.7458917999872,0
6170,48.7458917999872,0
6171,48.7458917999872,0
6172,48.7458917999872,0
6173,48.7458917999872,0
6174,48.7458917999872,0
6175,48.7458917999872,0
6176,48.7458917999872,0
6177,48.7458917999872,0
6178,48.7458917999872,0
6179,48.7458917999872,0
6180,48.7458917999872,0
6181,48.7458917999872,0
6182,48.7458917999872,0
6183,48.7458917999872,0
6184,48.7458917999872,0
6185,48.7458917999872,0
6186,48.7458917999872,0
6187,48.7458917999872,0
6188,48.7458917999872,0
6189,48.7458917999872,0
6190,48.7458917999872,0
6191,48.7458917999872,0
6192,44.44350437945551,0
6193,44.44350437945551,0
6194,44.44350437945551,0
6195,44.44350437945551,0
6196,44.44350437945551,0
6197,44.44350437945551,0
6198,44.44350437945551,0
6199,44.44350437945551,0
6200,44.44350437945551,0
6201,44.44350437945551,0
6202,44.44350437945551,0
6203,44.44350437945551,0
6204,44.44350437945551,0
6205,44.44350437945551,0
6206,44.44350437945551,0
6207,44.44350437945551,0
6208,44.44350437945551,0
6209,44.44350437945551,0
6210,44.44350437945551,0
6211,44.44350437945551,0
6212,44.44350437945551,0
6213,44.44350437945551,0
6214,44.44350437945551,0
6215,44.44350437945551,0
6216,44.44350437945551,0
6217,44.44350437945551,0
6218,44.44350437945551,0
6219,44.44350437945551,0
6220,44.44350437945551,0
6221,44.44350437945551,0
6222,44.44350437945551,0
6223,44.44350437945551,0
6224,44.44350437945551,0
6225,44.44350437945551,0
6226,44.44350437945551,0
6227,44.44350437945551,0
6228,44.44350437945551,0
6229,44.44350437945551,0
6230,44.44350437945551,0
6231,44.44350437945551,0
6232,44.44350437945551,0
6233,44.44350437945551,0
6234,44.44350437945551,0
6235,44.44350437945551,0
6236,44.44350437945551,0
6237,44.44350437945551,1
6238,44.44350437945551,0
6239,44.44350437945551,0
6240,44.44350437945551,0
6241,44.44350437945551,0
6242,44.44350437945551,0
6243,44.44350437945551,0
6244,44.44350437945551,0
6245,44.44350437945551,0
6246,44.44350437945551,0
6247,44.44350437945551,0
6248,44.44350437945551,0
6249,44.44350437945551,0
6250,44.44350437945551,0
6251,44.44350437945551,0
6252,30.387117673942363,0
6253,30.387117673942363,0
6254,30.387117673942363,0
6255,30.387117673942363,0
6256,30.387117673942363,0
6257,30.387117673942363,0
6258,30.387117673942363,0
6259,30.387117673942363,0
6260,30.387117673942363,0
6261,30.387117673942363,0
6262,30.387117673942363,0
6263,30.387117673942363,0
6264,30.387117673942363,0
6265,30.387117673942363,0
6266,30.387117673942363,0
6267,30.387117673942363,0
6268,30.387117673942363,0
6269,30.387117673942363,0
6270,30.387117673942363,0
6271,30.387117673942363,0
6272,30.387117673942363,0
6273,2.494269337977438,0
6274,2.494269337977438,0
6275,2.494269337977438,0
6276,2.494269337977438,0
6277,2.494269337977438,0
6278,2.494269337977438,0
6279,2.494269337977438,0
6280,2.494269337977438,0
6281,2.494269337977438,1
6282,2.494269337977438,0
6283,2.494269337977438,0
6284,2.494269337977438,1
6285,2.494269337977438,0
6286,2.494269337977438,1
6287,2.494269337977438,0
6288,2.494269337977438,1
6289,2.494269337977438,0
6290,2.494269337977438,1
6291,2.494269337977438,1
6292,2.494269337977438,1
6293,2.494269337977438,0
6294,2.494269337977438,1
6295,2.494269337977438,1
6296,2.494269337977438,0
6297,2.494269337977438,1
6298,2.494269337977438,0
6299,2.494269337977438,0
6300,2.494269337977438,0
6301,2.494269337977438,0
6302,2.494269337977438,1
6303,2.494269337977438,0
6304,2.494269337977438,0
6305,2.494269337977438,0
6306,2.494269337977438,1
6307,2.494269337977438,0
6308,2.494269337977438,1
6309,2.494269337977438,0
6310,2.494269337977438,1
6311,2.494269337977438,1
6312,2.494269337977438,0
6313,2.494269337977438,0
6314,2.494269337977438,0
6315,2.494269337977438,0
6316,2.494269337977438,0
6317,2.494269337977438,1
6318,2.494269337977438,1
6319,2.494269337977438,0
6320,14.586719390826321,1
6321,14.586719390826321,1
6322,14.586719390826321,0
6323,14.586719390826321,1
6324,14.586719390826321,0
6325,14.586719390826321,0
6326,14.586719390826321,0
6327,14.586719390826321,0
6328,14.586719390826321,0
6329,14.586719390826321,0
6330,14.586719390826321,0
6331,14.586719390826321,0
6332,14.586719390826321,0
6333,14.586719390826321,0
6334,14.586719390826321,0
6335,14.586719390826321,0
6336,14.586719390826321,0
6337,14.586719390826321,0
6338,14.586719390826321,0
6339,14.586719390826321,0
6340,14.586719390826321,0
6341,14.586719390826321,0
6342,14.586719390826321,0
6343,14.586719390826321,0
6344,14.586719390826321,0
6345,14.586719390826321,0
6346,16.812759922336486,0
6347,16.812759922336486,0
6348,16.812759922336486,0
6349,16.812759922336486,0
6350,16.812759922336486,0
6351,16.812759922336486,0
6352,16.812759922336486,0
6353,16.812759922336486,0
6354,16.812759922336486,0
6355,16.812759922336486,0
6356,16.812759922336486,0
6357,16.812759922336486,0
6358,16.812759922336486,0
6359,16.812759922336486,0
6360,16.812759922336486,1
6361,16.812759922336486,0
6362,16.812759922336486,0
6363,16.812759922336486,0
6364,16.812759922336486,0
6365,16.812759922336486,0
6366,16.812759922336486,0
6367,16.812759922336486,0
6368,16.812759922336486,0
6369,16.812759922336486,0
6370,16.812759922336486,0
6371,16.812759922336486,0
6372,16.812759922336486,0
6373,16.812759922336486,0
6374,16.812759922336486,0
6375,16.812759922336486,0
6376,16.812759922336486,0
6377,16.812759922336486,0
6378,16.812759922336486,0
6379,16.812759922336486,0
6380,16.812759922336486,0
6381,16.812759922336486,0
6382,16.812759922336486,1
6383,16.812759922336486,0
6384,16.812759922336486,0
6385,16.812759922336486,0
6386,16.812759922336486,0
6387,16.812759922336486,0
6388,16.812759922336486,0
6389,16.812759922336486,0
6390,16.812759922336486,0
6391,16.812759922336486,0
6392,16.013259696890902,0
6393,16.013259696890902,0
6394,16.013259696890902,0
6395,16.013259696890902,0
6396,16.013259696890902,0
6397,16.013259696890902,0
6398,16.013259696890902,0
6399,16.013259696890902,0
6400,16.013259696890902,0
6401,16.013259696890902,0
6402,16.013259696890902,0
6403,16.013259696890902,0
6404,16.013259696890902,0
6405,16.013259696890902,0
6406,16.013259696890902,0
6407,16.013259696890902,0
6408,16.013259696890902,0
6409,16.013259696890902,0
6410,16.013259696890902,0
6411,16.013259696890902,0
6412,16.013259696890902,0
6413,16.013259696890902,0
6414,16.013259696890902,0
6415,16.013259696890902,0
6416,16.013259696890902,0
6417,16.013259696890902,0
6418,16.013259696890902,0
6419,16.013259696890902,0
6420,16.013259696890902,0
6421,33.893366293852566,0
6422,33.893366293852566,0
6423,33.893366293852566,0
6424,33.893366293852566,1
6425,33.893366293852566,0
6426,33.893366293852566,0
6427,33.893366293852566,0
6428,33.893366293852566,0
6429,33.893366293852566,0
6430,33.893366293852566,0
6431,33.893366293852566,0
6432,33.893366293852566,0
6433,33.893366293852566,0
6434,33.893366293852566,0
6435,33.893366293852566,0
6436,33.893366293852566,0
6437,33.893366293852566,0
6438,33.893366293852566,1
6439,33.893366293852566,1
6440,33.893366293852566,0
6441,33.893366293852566,0
6442,33.893366293852566,0
6443,33.893366293852566,0
6444,33.893366293852566,0
6445,33.893366293852566,0
6446,0.7342228846300097,0
6447,0.7342228846300097,0
6448,0.7342228846300097,0
6449,0.7342228846300097,0
6450,0.7342228846300097,0
6451,0.7342228846300097,0
6452,0.7342228846300097,0
6453,0.7342228846300097,0
6454,0.7342228846300097,0
6455,0.7342228846300097,0
6456,0.7342228846300097,0
6457,0.7342228846300097,0
6458,0.7342228846300097,0
6459,0.7342228846300097,0
6460,0.7342228846300097,0
6461,0.7342228846300097,0
6462,0.7342228846300097,0
6463,0.7342228846300097,0
6464,0.7342228846300097,0
6465,0.7342228846300097,0
6466,0.7342228846300097,0
6467,0.7342228846300097,0
6468,0.7342228846300097,0
6469,0.7342228846300097,0
6470,0.7342228846300097,0
6471,0.7342228846300097,0
6472,0.7342228846300097,0
6473,0.7342228846300097,0
6474,0.7342228846300097,0
6475,0.7342228846300097,0
6476,0.7342228846300097,0
6477,1.567659422187478,0
6478,1.567659422187478,0
6479,1.567659422187478,0
6480,1.567659422187478,0
6481,1.567659422187478,1
6482,1.567659422187478,0
6483,1.567659422187478,1
6484,1.567659422187478,0
6485,1.567659422187478,0
6486,1.567659422187478,1
6487,1.567659422187478,0
6488,1.567659422187478,0
6489,1.567659422187478,0
6490,1.567659422187478,0
6491,1.567659422187478,0
6492,1.567659422187478,1
6493,1.567659422187478,0
6494,1.567659422187478,1
6495,1.567659422187478,1
6496,1.567659422187478,1
6497,1.567659422187478,0
6498,1.567659422187478,0
6499,1.567659422187478,0
6500,1.567659422187478,0
6501,1.567659422187478,1
6502,1.567659422187478,0
6503,1.567659422187478,0
6504,1.567659422187478,0
6505,1.567659422187478,0
6506,1.567659422187478,0
6507,1.567659422187478,0
6508,1.567659422187478,0
6509,1.567659422187478,0
6510,1.567659422187478,0
6511,1.567659422187478,0
6512,1.567659422187478,0
6513,1.567659422187478,0
6514,1.567659422187478,0
6515,1.567659422187478,0
6516,1.567659422187478,0
6517,1.567659422187478,0
6518,1.567659422187478,0
6519,1.567659422187478,0
6520,1.567659422187478,0
6521,1.567659422187478,0
6522,1.567659422187478,0
6523,1.567659422187478,0
6524,70.16499333892418,0
6525,70.16499333892418,0
6526,70.16499333892418,1
6527,70.16499333892418,0
6528,70.16499333892418,0
6529,70.16499333892418,0
6530,70.16499333892418,0
6531,70.16499333892418,0
6532,70.16499333892418,0
6533,70.16499333892418,1
6534,70.16499333892418,0
6535,70.16499333892418,0
6536,70.16499333892418,0
6537,70.16499333892418,0
6538,70.16499333892418,0
6539,70.16499333892418,0
6540,70.16499333892418,0
6541,70.16499333892418,1
6542,70.16499333892418,0
6543,70.16499333892418,1
6544,70.16499333892418,0
6545,70.16499333892418,0
6546,70.16499333892418,0
6547,70.16499333892418,0
6548,70.16499333892418,0
6549,4.0225910091831425,0
6550,4.0225910091831425,0
6551,4.0225910091831425,0
6552,4.0225910091831425,0
6553,4.0225910091831425,0
6554,4.0225910091831425,1
6555,4.0225910091831425,0
6556,4.0225910091831425,0
6557,4.0225910091831425,0
6558,4.0225910091831425,0
6559,4.0225910091831425,0
6560,4.0225910091831425,0
6561,4.0225910091831425,0
6562,4.0225910091831425,0
6563,4.0225910091831425,0
6564,4.0225910091831425,0
6565,4.0225910091831425,0
6566,4.0225910091831425,0
6567,4.0225910091831425,0
6568,4.0225910091831425,0
6569,4.0225910091831425,0
6570,4.0225910091831425,0
6571,4.0225910091831425,0
6572,4.0225910091831425,0
6573,4.0225910091831425,0
6574,4.0225910091831425,0
6575,4.0225910091831425,0
6576,4.0225910091831425,0
6577,4.0225910091831425,0
6578,4.0225910091831425,1
6579,4.0225910091831425,0
6580,4.0225910091831425,0
6581,4.0225910091831425,0
6582,4.0225910091831425,0
6583,4.0225910091831425,0
6584,4.0225910091831425,0
6585,4.0225910091831425,0
6586,4.0225910091831425,0
6587,4.0225910091831425,0
6588,4.0225910091831425,0
6589,25.464919741949494,0
6590,25.464919741949494,0
6591,25.464919741949494,0
6592,25.464919741949494,0
6593,25.464919741949494,0
6594,25.464919741949494,0
6595,25.464919741949494,1
6596,25.464919741949494,0
6597,25.464919741949494,0
6598,25.464919741949494,0
6599,25.464919741949494,0
6600,25.464919741949494,0
6601,25.464919741949494,0
6602,25.464919741949494,1
6603,25.464919741949494,0
6604,25.464919741949494,1
6605,25.464919741949494,0
6606,25.464919741949494,0
6607,25.464919741949494,0
6608,25.464919741949494,0
6609,25.464919741949494,0
6610,25.464919741949494,0
6611,25.464919741949494,0
6612,25.464919741949494,0
6613,25.464919741949494,0
6614,25.464919741949494,0
6615,25.464919741949494,0
6616,25.464919741949494,0
6617,25.464919741949494,0
6618,25.464919741949494,1
6619,25.464919741949494,0
6620,16.4570781309647,0
6621,16.4570781309647,0
6622,16.4570781309647,1
6623,16.4570781309647,0
6624,16.4570781309647,0
6625,16.4570781309647,0
6626,16.4570781309647,0
6627,16.4570781309647,1
6628,16.4570781309647,0
6629,16.4570781309647,0
6630,16.4570781309647,0
6631,16.4570781309647,1
6632,16.4570781309647,0
6633,16.4570781309647,0
6634,16.4570781309647,0
6635,16.4570781309647,0
6636,16.4570781309647,0
6637,16.4570781309647,1
6638,16.4570781309647,0
6639,16.4570781309647,0
6640,16.4570781309647,1
6641,16.4570781309647,1
6642,16.4570781309647,0
6643,16.4570781309647,0
6644,16.4570781309647,1
6645,1.9457197292864152,1
6646,1.9457197292864152,1
6647,1.9457197292864152,0
6648,1.9457197292864152,0
6649,1.9457197292864152,0
6650,1.9457197292864152,1
6651,1.9457197292864152,0
6652,1.9457197292864152,1
6653,1.9457197292864152,0
6654,1.9457197292864152,1
6655,1.9457197292864152,0
6656,1.9457197292864152,1
6657,1.9457197292864152,0
6658,1.9457197292864152,0
6659,1.9457197292864152,0
6660,1.9457197292864152,1
6661,1.9457197292864152,1
6662,1.9457197292864152,1
6663,1.9457197292864152,0
6664,1.9457197292864152,0
6665,1.9457197292864152,0
6666,1.9457197292864152,0
6667,1.9457197292864152,0
6668,1.9457197292864152,0
6669,1.9457197292864152,0
6670,1.9457197292864152,0
6671,1.9457197292864152,0
6672,1.9457197292864152,0
6673,1.9457197292864152,0
6674,1.9457197292864152,0
6675,1.9457197292864152,0
6676,1.9457197292864152,1
6677,1.9457197292864152,0
6678,1.9457197292864152,0
6679,1.9457197292864152,0
6680,1.9457197292864152,0
6681,1.9457197292864152,0
6682,1.9457197292864152,0
6683,1.9457197292864152,0
6684,1.9457197292864152,0
6685,1.9457197292864152,0
6686,1.9457197292864152,0
6687,32.703071882526416,0
6688,32.703071882526416,0
6689,32.703071882526416,0
6690,32.703071882526416,1
6691,32.703071882526416,0
6692,32.703071882526416,0
6693,32.703071882526416,0
6694,32.703071882526416,0
6695,32.703071882526416,0
6696,32.703071882526416,0
6697,32.703071882526416,0
6698,32.703071882526416,0
6699,32.703071882526416,0
6700,32.703071882526416,0
6701,32.703071882526416,0
6702,32.703071882526416,1
6703,32.703071882526416,0
6704,32.703071882526416,0
6705,32.703071882526416,0
6706,32.703071882526416,0
6707,32.703071882526416,0
6708,32.703071882526416,0
6709,32.703071882526416,0
6710,32.703071882526416,0
6711,32.703071882526416,0
6712,32.703071882526416,0
6713,32.703071882526416,0
6714,32.703071882526416,0
6715,32.703071882526416,0
6716,32.703071882526416,0
6717,32.703071882526416,0
6718,32.703071882526416,0
6719,32.703071882526416,0
6720,32.703071882526416,0
6721,32.703071882526416,0
6722,32.703071882526416,0
6723,32.703071882526416,0
6724,32.703071882526416,0
6725,45.3160147980848,0
6726,45.3160147980848,0
6727,45.3160147980848,0
6728,45.3160147980848,0
6729,45.3160147980848,0
6730,45.3160147980848,0
6731,45.3160147980848,0
6732,45.3160147980848,0
6733,45.3160147980848,0
6734,45.3160147980848,0
6735,45.3160147980848,0
6736,45.3160147980848,0
6737,45.3160147980848,0
6738,45.3160147980848,0
6739,45.3160147980848,0
6740,45.3160147980848,0
6741,45.3160147980848,0
6742,45.3160147980848,1
6743,45.3160147980848,0
6744,45.3160147980848,0
6745,45.3160147980848,0
6746,45.3160147980848,0
6747,45.3160147980848,0
6748,45.3160147980848,0
6749,45.3160147980848,0
6750,96.4648358880317,0
6751,96.4648358880317,0
6752,96.4648358880317,0
6753,96.4648358880317,0
6754,96.4648358880317,0
6755,96.4648358880317,0
6756,96.4648358880317,0
6757,96.4648358880317,0
6758,96.4648358880317,0
6759,96.4648358880317,0
6760,96.4648358880317,1
6761,96.4648358880317,0
6762,96.4648358880317,1
6763,96.4648358880317,0
6764,96.4648358880317,0
6765,96.4648358880317,0
6766,96.4648358880317,0
6767,96.4648358880317,0
6768,96.4648358880317,0
6769,96.4648358880317,0
6770,96.4648358880317,0
6771,96.4648358880317,0
6772,96.4648358880317,0
6773,96.4648358880317,0
6774,96.4648358880317,0
6775,96.4648358880317,0
6776,96.4648358880317,0
6777,96.4648358880317,0
6778,96.4648358880317,0
6779,96.4648358880317,0
6780,96.4648358880317,0
6781,96.4648358880317,0
6782,96.4648358880317,0
6783,96.4648358880317,0
6784,96.4648358880317,0
6785,96.4648358880317,0
6786,0.16204108570619238,0
6787,0.16204108570619238,0
6788,0.16204108570619238,1
6789,0.16204108570619238,0
6790,0.16204108570619238,1
6791,0.16204108570619238,0
6792,0.16204108570619238,0
6793,0.16204108570619238,0
6794,0.16204108570619238,0
6795,0.16204108570619238,0
6796,0.16204108570619238,0
6797,0.16204108570619238,0
6798,0.16204108570619238,1
6799,0.16204108570619238,0
6800,0.16204108570619238,0
6801,0.16204108570619238,1
6802,0.16204108570619238,1
6803,0.16204108570619238,0
6804,0.16204108570619238,0
6805,0.16204108570619238,0
6806,0.16204108570619238,0
6807,0.16204108570619238,0
6808,0.16204108570619238,0
6809,0.16204108570619238,1
6810,0.16204108570619238,0
6811,0.16204108570619238,0
6812,0.16204108570619238,0
6813,0.16204108570619238,0
6814,0.16204108570619238,0
6815,0.16204108570619238,0
6816,0.16204108570619238,1
6817,0.16204108570619238,0
6818,0.16204108570619238,0
6819,0.16204108570619238,0
6820,0.16204108570619238,0
6821,0.16204108570619238,0
6822,0.16204108570619238,0
6823,0.16204108570619238,0
6824,0.16204108570619238,0
6825,0.16204108570619238,0
6826,0.16204108570619238,0
6827,0.16204108570619238,0
6828,43.092531782400144,0
6829,43.092531782400144,0
6830,43.092531782400144,0
6831,43.092531782400144,0
6832,43.092531782400144,0
6833,43.092531782400144,0
6834,43.092531782400144,1
6835,43.092531782400144,0
6836,43.092531782400144,0
6837,43.092531782400144,0
6838,43.092531782400144,0
6839,43.092531782400144,0
6840,43.092531782400144,1
6841,43.092531782400144,0
6842,43.092531782400144,0
6843,43.092531782400144,0
6844,43.092531782400144,0
6845,43.092531782400144,0
6846,43.092531782400144,0
6847,43.092531782400144,1
6848,43.092531782400144,1
6849,43.092531782400144,0
6850,43.092531782400144,0
6851,43.092531782400144,0
6852,43.092531782400144,0
6853,43.092531782400144,0
6854,43.092531782400144,0
6855,43.092531782400144,0
6856,43.092531782400144,0
6857,43.092531782400144,0
6858,43.092531782400144,0
6859,43.092531782400144,0
6860,25.502212749782927,0
6861,25.502212749782927,0
6862,25.502212749782927,0
6863,25.502212749782927,0
6864,25.502212749782927,0
6865,25.502212749782927,0
6866,25.502212749782927,0
6867,25.502212749782927,0
6868,25.502212749782927,1
6869,25.502212749782927,0
6870,25.502212749782927,0
6871,25.502212749782927,0
6872,25.502212749782927,0
6873,25.502212749782927,0
6874,25.502212749782927,0
6875,25.502212749782927,0
6876,25.502212749782927,0
6877,25.502212749782927,0
6878,25.502212749782927,0
6879,25.502212749782927,0
6880,25.502212749782927,0
6881,25.502212749782927,0
6882,25.502212749782927,0
6883,25.502212749782927,0
6884,25.502212749782927,0
6885,25.502212749782927,0
6886,25.502212749782927,0
6887,25.502212749782927,0
6888,25.502212749782927,0
6889,25.502212749782927,0
6890,25.502212749782927,0
6891,25.502212749782927,0
6892,25.502212749782927,0
6893,25.502212749782927,0
6894,25.502212749782927,0
6895,25.502212749782927,0
6896,25.502212749782927,0
6897,25.502212749782927,0
6898,25.502212749782927,0
6899,51.812935124554556,0
6900,51.812935124554556,0
6901,51.812935124554556,0
6902,51.812935124554556,0
6903,51.812935124554556,0
6904,51.812935124554556,0
6905,51.812935124554556,0
6906,51.812935124554556,0
6907,51.812935124554556,0
6908,51.812935124554556,0
6909,51.812935124554556,0
6910,51.812935124554556,0
6911,51.812935124554556,0
6912,51.812935124554556,0
6913,51.812935124554556,0
6914,51.812935124554556,0
6915,51.812935124554556,0
6916,51.812935124554556,0
6917,51.812935124554556,0
6918,51.812935124554556,0
6919,51.812935124554556,0
6920,51.812935124554556,0
6921,51.812935124554556,0
6922,51.812935124554556,0
6923,51.812935124554556,0
6924,51.812935124554556,0
6925,51.812935124554556,0
6926,51.812935124554556,0
6927,51.812935124554556,0
6928,51.812935124554556,0
6929,51.812935124554556,0
6930,51.812935124554556,0
6931,51.812935124554556,0
6932,51.812935124554556,0
6933,51.812935124554556,0
6934,51.812935124554556,0
6935,51.812935124554556,0
6936,51.812935124554556,0
6937,51.812935124554556,0
6938,51.812935124554556,0
6939,51.812935124554556,0
6940,0.9154130158252068,0
6941,0.9154130158252068,0
6942,0.9154130158252068,0
6943,0.9154130158252068,0
6944,0.9154130158252068,0
6945,0.9154130158252068,0
6946,0.9154130158252068,0
6947,0.9154130158252068,0
6948,0.9154130158252068,0
6949,0.9154130158252068,0
6950,0.9154130158252068,0
6951,0.9154130158252068,0
6952,0.9154130158252068,0
6953,0.9154130158252068,0
6954,0.9154130158252068,0
6955,0.9154130158252068,0
6956,0.9154130158252068,0
6957,0.9154130158252068,0
6958,0.9154130158252068,0
6959,0.9154130158252068,0
6960,0.9154130158252068,0
6961,0.9154130158252068,0
6962,0.9154130158252068,0
6963,0.9154130158252068,0
6964,0.9154130158252068,0
6965,0.9154130158252068,0
6966,0.9154130158252068,0
6967,0.9154130158252068,0
6968,0.9154130158252068,0
6969,0.9154130158252068,0
6970,0.9154130158252068,0
6971,0.9154130158252068,0
6972,0.9154130158252068,0
6973,0.9154130158252068,0
6974,0.9154130158252068,0
6975,0.9154130158252068,0
6976,0.9154130158252068,0
6977,0.9154130158252068,0
6978,0.9154130158252068,0
6979,0.9154130158252068,0
6980,0.9154130158252068,0
6981,0.9154130158252068,0
6982,0.9154130158252068,0
6983,0.9154130158252068,0
6984,0.9154130158252068,0
6985,0.9154130158252068,0
6986,0.9154130158252068,0
6987,0.9154130158252068,0
6988,0.9154130158252068,0
6989,0.9154130158252068,0
6990,0.9154130158252068,0
6991,0.9154130158252068,0
6992,0.9154130158252068,0
6993,57.2646272823319,0
6994,57.2646272823319,1
6995,57.2646272823319,0
6996,57.2646272823319,0
6997,57.2646272823319,0
6998,57.2646272823319,0
6999,57.2646272823319,0
7000,57.2646272823319,0
7001,57.2646272823319,0
7002,57.2646272823319,0
7003,57.2646272823319,0
7004,57.2646272823319,0
7005,57.2646272823319,0
7006,57.2646272823319,0
7007,57.2646272823319,0
7008,57.2646272823319,0
7009,57.2646272823319,0
7010,57.2646272823319,0
7011,57.2646272823319,0
7012,57.2646272823319,0
7013,57.2646272823319,0
7014,57.2646272823319,0
7015,57.2646272823319,0
7016,57.2646272823319,0
7017,57.2646272823319,0
7018,57.2646272823319,0
7019,57.2646272823319,0
7020,57.2646272823319,0
7021,14.669324540132044,0
7022,14.669324540132044,0
7023,14.669324540132044,0
7024,14.669324540132044,1
7025,14.669324540132044,0
7026,14.669324540132044,0
7027,14.669324540132044,0
7028,14.669324540132044,1
7029,14.669324540132044,0
7030,14.669324540132044,0
7031,14.669324540132044,0
7032,14.669324540132044,0
7033,14.669324540132044,0
7034,14.669324540132044,0
7035,14.669324540132044,1
7036,14.669324540132044,0
7037,14.669324540132044,0
7038,38.83479101022119,0
7039,38.83479101022119,0
7040,38.83479101022119,0
7041,38.83479101022119,0
7042,38.83479101022119,0
7043,38.83479101022119,0
7044,38.83479101022119,0
7045,38.83479101022119,0
7046,38.83479101022119,0
7047,38.83479101022119,0
7048,38.83479101022119,0
7049,38.83479101022119,0
7050,38.83479101022119,0
7051,38.83479101022119,0
7052,38.83479101022119,1
7053,38.83479101022119,0
7054,38.83479101022119,0
7055,38.83479101022119,0
7056,38.83479101022119,0
7057,38.83479101022119,0
7058,38.83479101022119,0
7059,38.83479101022119,0
7060,38.83479101022119,0
7061,38.83479101022119,0
7062,38.83479101022119,0
7063,38.83479101022119,0
7064,38.83479101022119,0
7065,38.83479101022119,0
7066,38.83479101022119,0
7067,38.83479101022119,0
7068,5.0158625887524115,0
7069,5.0158625887524115,0
7070,5.0158625887524115,0
7071,5.0158625887524115,0
7072,5.0158625887524115,0
7073,5.0158625887524115,0
7074,5.0158625887524115,0
7075,5.0158625887524115,0
7076,5.0158625887524115,0
7077,5.0158625887524115,0
7078,5.0158625887524115,0
7079,5.0158625887524115,0
7080,5.0158625887524115,0
7081,5.0158625887524115,0
7082,5.0158625887524115,0
7083,5.0158625887524115,0
7084,5.0158625887524115,0
7085,5.0158625887524115,0
7086,5.0158625887524115,0
7087,5.0158625887524115,1
7088,5.0158625887524115,0
7089,5.0158625887524115,0
7090,5.0158625887524115,0
7091,33.757173291899164,0
7092,33.757173291899164,0
7093,33.757173291899164,0
7094,33.757173291899164,0
7095,33.757173291899164,0
7096,33.757173291899164,0
7097,33.757173291899164,0
7098,33.757173291899164,0
7099,33.757173291899164,0
7100,33.757173291899164,0
7101,33.757173291899164,0
7102,33.757173291899164,0
7103,33.757173291899164,0
7104,33.757173291899164,0
7105,33.757173291899164,0
7106,33.757173291899164,0
7107,33.757173291899164,0
7108,33.757173291899164,0
7109,33.757173291899164,0
7110,33.757173291899164,0
7111,33.757173291899164,0
7112,33.757173291899164,0
7113,33.757173291899164,1
7114,33.757173291899164,0
7115,33.757173291899164,0
7116,33.757173291899164,0
7117,33.757173291899164,0
7118,33.757173291899164,0
7119,33.757173291899164,0
7120,33.757173291899164,0
7121,1.3196271971428173,0
7122,1.3196271971428173,0
7123,1.3196271971428173,0
7124,1.3196271971428173,0
7125,1.3196271971428173,0
7126,1.3196271971428173,0
7127,1.3196271971428173,0
7128,1.3196271971428173,0
7129,1.3196271971428173,1
7130,1.3196271971428173,0
7131,1.3196271971428173,0
7132,1.3196271971428173,0
7133,1.3196271971428173,0
7134,1.3196271971428173,0
7135,1.3196271971428173,1
7136,1.3196271971428173,0
7137,1.3196271971428173,0
7138,1.3196271971428173,0
7139,1.3196271971428173,0
7140,1.3196271971428173,0
7141,1.3196271971428173,0
7142,1.3196271971428173,0
7143,1.3196271971428173,0
7144,1.3196271971428173,0
7145,1.3196271971428173,0
7146,1.3196271971428173,0
7147,1.3196271971428173,0
7148,1.3196271971428173,0
7149,1.3196271971428173,0
7150,1.3196271971428173,0
7151,1.3196271971428173,0
7152,1.3196271971428173,0
7153,1.3196271971428173,1
7154,1.3196271971428173,1
7155,1.3196271971428173,0
7156,1.3196271971428173,0
7157,1.3196271971428173,0
7158,1.3196271971428173,0
7159,1.3196271971428173,0
7160,1.3196271971428173,0
7161,1.3196271971428173,0
7162,1.3196271971428173,0
7163,1.3196271971428173,0
7164,1.3196271971428173,0
7165,1.3196271971428173,0
7166,1.3196271971428173,0
7167,1.9019910462655722,1
7168,1.9019910462655722,1
7169,1.9019910462655722,0
7170,1.9019910462655722,1
7171,1.9019910462655722,0
7172,1.9019910462655722,0
7173,1.9019910462655722,0
7174,1.9019910462655722,0
7175,1.9019910462655722,0
7176,1.9019910462655722,0
7177,1.9019910462655722,1
7178,1.9019910462655722,0
7179,1.9019910462655722,0
7180,1.9019910462655722,0
7181,1.9019910462655722,0
7182,1.9019910462655722,0
7183,1.9019910462655722,0
7184,1.9019910462655722,0
7185,1.9019910462655722,0
7186,1.9019910462655722,0
7187,15.248191387990078,0
7188,15.248191387990078,1
7189,15.248191387990078,0
7190,15.248191387990078,0
7191,15.248191387990078,0
7192,15.248191387990078,0
7193,15.248191387990078,0
7194,15.248191387990078,1
7195,15.248191387990078,0
7196,15.248191387990078,0
7197,15.248191387990078,0
7198,15.248191387990078,0
7199,15.248191387990078,0
7200,15.248191387990078,0
7201,15.248191387990078,0
7202,15.248191387990078,0
7203,15.248191387990078,0
7204,15.248191387990078,0
7205,15.248191387990078,1
7206,15.248191387990078,0
7207,15.248191387990078,0
7208,15.248191387990078,0
7209,15.248191387990078,0
7210,15.248191387990078,0
7211,15.248191387990078,0
7212,15.248191387990078,0
7213,15.248191387990078,0
7214,15.248191387990078,0
7215,15.248191387990078,0
7216,15.248191387990078,0
7217,15.248191387990078,0
7218,15.248191387990078,1
7219,15.248191387990078,0
7220,15.248191387990078,0
7221,15.248191387990078,0
7222,15.248191387990078,0
7223,15.248191387990078,0
7224,15.248191387990078,0
7225,1.077994054637874,0
7226,1.077994054637874,1
7227,1.077994054637874,0
7228,1.077994054637874,0
7229,1.077994054637874,0
7230,1.077994054637874,0
7231,1.077994054637874,0
7232,1.077994054637874,0
7233,1.077994054637874,0
7234,1.077994054637874,0
7235,1.077994054637874,1
7236,1.077994054637874,1
7237,1.077994054637874,1
7238,1.077994054637874,0
7239,1.077994054637874,0
7240,1.077994054637874,0
7241,1.077994054637874,0
7242,1.077994054637874,1
7243,1.077994054637874,0
7244,1.077994054637874,0
7245,1.077994054637874,0
7246,1.077994054637874,0
7247,1.077994054637874,0
7248,1.077994054637874,0
7249,1.077994054637874,1
7250,27.547427562709117,0
7251,27.547427562709117,0
7252,27.547427562709117,0
7253,27.547427562709117,0
7254,27.547427562709117,0
7255,27.547427562709117,0
7256,27.547427562709117,0
7257,27.547427562709117,0
7258,27.547427562709117,0
7259,27.547427562709117,0
7260,27.547427562709117,0
7261,27.547427562709117,0
7262,27.547427562709117,0
7263,27.547427562709117,0
7264,27.547427562709117,0
7265,27.547427562709117,0
7266,27.547427562709117,0
7267,27.547427562709117,0
7268,27.547427562709117,0
7269,27.547427562709117,0
7270,27.547427562709117,0
7271,27.547427562709117,0
7272,27.547427562709117,0
7273,27.547427562709117,0
7274,27.547427562709117,0
7275,27.547427562709117,0
7276,27.547427562709117,0
7277,27.547427562709117,0
7278,29.108947235905635,0
7279,29.108947235905635,0
7280,29.108947235905635,0
7281,29.108947235905635,0
7282,29.108947235905635,0
7283,29.108947235905635,0
7284,29.108947235905635,0
7285,29.108947235905635,0
7286,29.108947235905635,0
7287,29.108947235905635,0
7288,29.108947235905635,0
7289,29.108947235905635,0
7290,29.108947235905635,0
7291,29.108947235905635,0
7292,29.108947235905635,0
7293,29.108947235905635,0
7294,29.108947235905635,0
7295,29.108947235905635,0
7296,29.108947235905635,0
7297,29.108947235905635,0
7298,29.108947235905635,0
7299,29.108947235905635,0
7300,29.108947235905635,0
7301,29.108947235905635,0
7302,29.108947235905635,0
7303,29.108947235905635,0
7304,29.108947235905635,0
7305,29.108947235905635,0
7306,29.108947235905635,0
7307,29.108947235905635,0
7308,29.108947235905635,0
7309,29.108947235905635,0
7310,32.475110872492735,0
7311,32.475110872492735,0
7312,32.475110872492735,0
7313,32.475110872492735,0
7314,32.475110872492735,0
7315,32.475110872492735,0
7316,32.475110872492735,0
7317,32.475110872492735,0
7318,32.475110872492735,0
7319,32.475110872492735,0
7320,32.475110872492735,0
7321,32.475110872492735,0
7322,32.475110872492735,0
7323,32.475110872492735,0
7324,32.475110872492735,0
7325,32.475110872492735,0
7326,32.475110872492735,0
7327,32.475110872492735,0
7328,32.475110872492735,0
7329,32.475110872492735,0
7330,32.475110872492735,0
7331,32.475110872492735,0
7332,32.475110872492735,0
7333,32.475110872492735,1
7334,32.475110872492735,0
7335,32.475110872492735,0
7336,32.475110872492735,0
7337,32.475110872492735,0
7338,32.475110872492735,0
7339,32.475110872492735,0
7340,32.475110872492735,0
7341,32.475110872492735,0
7342,32.475110872492735,0
7343,32.475110872492735,0
7344,32.475110872492735,0
7345,11.79764907359383,0
7346,11.79764907359383,0
7347,11.79764907359383,0
7348,11.79764907359383,0
7349,11.79764907359383,0
7350,11.79764907359383,0
7351,11.79764907359383,0
7352,11.79764907359383,0
7353,11.79764907359383,0
7354,11.79764907359383,0
7355,11.79764907359383,0
7356,11.79764907359383,0
7357,11.79764907359383,0
7358,11.79764907359383,0
7359,11.79764907359383,0
7360,11.79764907359383,0
7361,11.79764907359383,0
7362,11.79764907359383,0
7363,11.79764907359383,0
7364,11.79764907359383,0
7365,11.79764907359383,0
7366,11.79764907359383,0
7367,11.79764907359383,0
7368,11.79764907359383,0
7369,11.79764907359383,0
7370,11.79764907359383,0
7371,11.79764907359383,0
7372,11.79764907359383,0
7373,11.79764907359383,0
7374,11.79764907359383,0
7375,11.79764907359383,0
7376,11.79764907359383,0
7377,11.79764907359383,0
7378,11.79764907359383,0
7379,1.3002266408458483,0
7380,1.3002266408458483,0
7381,1.3002266408458483,0
7382,1.3002266408458483,0
7383,1.3002266408458483,1
7384,1.3002266408458483,0
7385,1.3002266408458483,0
7386,1.3002266408458483,0
7387,1.3002266408458483,0
7388,1.3002266408458483,0
7389,1.3002266408458483,0
7390,1.3002266408458483,0
7391,1.3002266408458483,0
7392,1.3002266408458483,0
7393,1.3002266408458483,0
7394,1.3002266408458483,1
7395,1.3002266408458483,0
7396,1.3002266408458483,0
7397,1.3002266408458483,0
7398,1.3002266408458483,0
7399,1.3002266408458483,0
7400,1.3002266408458483,0
7401,1.3002266408458483,0
7402,1.3002266408458483,0
7403,1.3002266408458483,0
7404,1.3002266408458483,0
7405,1.3002266408458483,0
7406,27.417264645588,1
7407,27.417264645588,1
7408,27.417264645588,1
7409,27.417264645588,0
7410,27.417264645588,0
7411,27.417264645588,0
7412,27.417264645588,0
7413,27.417264645588,0
7414,27.417264645588,0
7415,27.417264645588,0
7416,27.417264645588,0
7417,27.417264645588,0
7418,27.417264645588,0
7419,27.417264645588,0
7420,27.417264645588,1
7421,27.417264645588,1
7422,27.417264645588,0
7423,27.417264645588,0
7424,27.417264645588,0
7425,27.417264645588,0
7426,27.417264645588,1
7427,27.417264645588,0
7428,27.417264645588,1
7429,27.417264645588,1
7430,27.417264645588,0
7431,27.417264645588,0
7432,27.417264645588,0
7433,27.417264645588,0
7434,27.417264645588,0
7435,27.417264645588,1
7436,27.417264645588,1
7437,27.417264645588,1
7438,27.417264645588,0
7439,27.417264645588,1
7440,27.417264645588,1
7441,27.417264645588,0
7442,27.417264645588,1
7443,27.417264645588,0
7444,1.5167518551689272,0
7445,1.5167518551689272,0
7446,1.5167518551689272,0
7447,1.5167518551689272,0
7448,1.5167518551689272,0
7449,1.5167518551689272,0
7450,1.5167518551689272,0
7451,1.5167518551689272,1
7452,1.5167518551689272,0
7453,1.5167518551689272,0
7454,1.5167518551689272,1
7455,1.5167518551689272,0
7456,1.5167518551689272,0
7457,1.5167518551689272,0
7458,1.5167518551689272,1
7459,1.5167518551689272,0
7460,1.5167518551689272,0
7461,1.5167518551689272,0
7462,1.5167518551689272,0
7463,1.5167518551689272,0
7464,1.5167518551689272,1
7465,1.5167518551689272,0
7466,1.5167518551689272,0
7467,1.5167518551689272,0
7468,1.5167518551689272,0
7469,1.5167518551689272,0
7470,1.5167518551689272,0
7471,1.5167518551689272,0
7472,1.5167518551689272,0
7473,1.5167518551689272,0
7474,1.5167518551689272,0
7475,1.5167518551689272,1
7476,1.5167518551689272,0
7477,1.5167518551689272,1
7478,1.5167518551689272,0
7479,1.5167518551689272,0
7480,1.5167518551689272,0
7481,1.5167518551689272,0
7482,1.5167518551689272,0
7483,1.5167518551689272,0
7484,1.5167518551689272,0
7485,1.5167518551689272,0
7486,1.5167518551689272,0
7487,3.689298368958139,0
7488,3.689298368958139,0
7489,3.689298368958139,1
7490,3.689298368958139,0
7491,3.689298368958139,0
7492,3.689298368958139,1
7493,3.689298368958139,0
7494,3.689298368958139,0
7495,3.689298368958139,1
7496,3.689298368958139,0
7497,3.689298368958139,0
7498,3.689298368958139,1
7499,3.689298368958139,0
7500,3.689298368958139,0
7501,3.689298368958139,0
7502,3.689298368958139,0
7503,3.689298368958139,0
7504,3.689298368958139,1
7505,3.689298368958139,1
7506,19.762476323897385,0
7507,19.762476323897385,0
7508,19.762476323897385,0
7509,19.762476323897385,0
7510,19.762476323897385,0
7511,19.762476323897385,0
7512,19.762476323897385,0
7513,19.762476323897385,0
7514,19.762476323897385,0
7515,19.762476323897385,0
7516,19.762476323897385,0
7517,19.762476323897385,0
7518,19.762476323897385,0
7519,19.762476323897385,0
7520,19.762476323897385,0
7521,19.762476323897385,0
7522,19.762476323897385,0
7523,19.762476323897385,0
7524,19.762476323897385,0
7525,19.762476323897385,0
7526,19.762476323897385,0
7527,19.762476323897385,0
7528,19.762476323897385,0
7529,19.762476323897385,0
7530,19.762476323897385,0
7531,19.762476323897385,0
7532,19.762476323897385,0
7533,19.762476323897385,0
7534,19.762476323897385,0
7535,19.762476323897385,0
7536,19.762476323897385,0
7537,19.762476323897385,0
7538,203.00394195747273,0
7539,203.00394195747273,0
7540,203.00394195747273,0
7541,203.00394195747273,0
7542,203.00394195747273,0
7543,203.00394195747273,0
7544,203.00394195747273,0
7545,203.00394195747273,0
7546,203.00394195747273,1
7547,203.00394195747273,0
7548,203.00394195747273,1
7549,203.00394195747273,0
7550,203.00394195747273,1
7551,203.00394195747273,0
7552,203.00394195747273,1
7553,203.00394195747273,1
7554,203.00394195747273,0
7555,203.00394195747273,0
7556,203.00394195747273,0
7557,203.00394195747273,0
7558,203.00394195747273,1
7559,203.00394195747273,1
7560,203.00394195747273,0
7561,203.00394195747273,0
7562,203.00394195747273,0
7563,203.00394195747273,0
7564,203.00394195747273,0
7565,203.00394195747273,1
7566,203.00394195747273,0
7567,203.00394195747273,0
7568,203.00394195747273,0
7569,203.00394195747273,0
7570,203.00394195747273,0
7571,203.00394195747273,1
7572,203.00394195747273,0
7573,203.00394195747273,0
7574,203.00394195747273,0
7575,203.00394195747273,0
7576,203.00394195747273,0
7577,1.9750588863179563,0
7578,1.9750588863179563,0
7579,1.9750588863179563,0
7580,1.9750588863179563,0
7581,1.9750588863179563,0
7582,1.9750588863179563,1
7583,1.9750588863179563,0
7584,1.9750588863179563,0
7585,1.9750588863179563,0
7586,1.9750588863179563,0
7587,1.9750588863179563,0
7588,1.9750588863179563,0
7589,1.9750588863179563,0
7590,1.9750588863179563,0
7591,1.9750588863179563,0
7592,1.9750588863179563,0
7593,1.9750588863179563,0
7594,1.9750588863179563,0
7595,1.9750588863179563,0
7596,1.9750588863179563,0
7597,1.9750588863179563,0
7598,1.9750588863179563,0
7599,1.9750588863179563,0
7600,1.9750588863179563,0
7601,1.9750588863179563,0
7602,1.9750588863179563,0
7603,1.9750588863179563,0
7604,1.9750588863179563,0
7605,1.9750588863179563,0
7606,1.9750588863179563,0
7607,1.9750588863179563,0
7608,1.9750588863179563,1
7609,1.9750588863179563,0
7610,1.9750588863179563,0
7611,1.9750588863179563,0
7612,1.9750588863179563,1
7613,1.9750588863179563,0
7614,1.9750588863179563,0
7615,1.9750588863179563,0
7616,1.9750588863179563,0
7617,1.9750588863179563,0
7618,1.9750588863179563,0
7619,32.41275706639857,0
7620,32.41275706639857,0
7621,32.41275706639857,0
7622,32.41275706639857,0
7623,32.41275706639857,0
7624,32.41275706639857,0
7625,32.41275706639857,0
7626,32.41275706639857,0
7627,32.41275706639857,0
7628,32.41275706639857,0
7629,32.41275706639857,0
7630,32.41275706639857,0
7631,32.41275706639857,0
7632,32.41275706639857,0
7633,32.41275706639857,0
7634,32.41275706639857,0
7635,32.41275706639857,0
7636,32.41275706639857,0
7637,32.41275706639857,0
7638,32.41275706639857,0
7639,32.41275706639857,0
7640,32.41275706639857,0
7641,32.41275706639857,0
7642,32.41275706639857,0
7643,32.41275706639857,0
7644,32.41275706639857,0
7645,32.41275706639857,0
7646,32.41275706639857,0
7647,43.890290562184,0
7648,43.890290562184,0
7649,43.890290562184,1
7650,43.890290562184,0
7651,43.890290562184,0
7652,43.890290562184,0
7653,43.890290562184,0
7654,43.890290562184,0
7655,43.890290562184,0
7656,43.890290562184,0
7657,43.890290562184,0
7658,43.890290562184,0
7659,43.890290562184,0
7660,43.890290562184,0
7661,43.890290562184,0
7662,43.890290562184,0
7663,43.890290562184,0
7664,43.890290562184,0
7665,43.890290562184,0
7666,43.890290562184,0
7667,43.890290562184,0
7668,43.890290562184,0
7669,43.890290562184,0
7670,43.890290562184,0
7671,43.890290562184,0
7672,43.890290562184,0
7673,43.890290562184,0
7674,43.890290562184,0
7675,43.890290562184,0
7676,43.890290562184,0
7677,0.7245420225370898,0
7678,0.7245420225370898,0
7679,0.7245420225370898,0
7680,0.7245420225370898,0
7681,0.7245420225370898,0
7682,0.7245420225370898,0
7683,0.7245420225370898,0
7684,0.7245420225370898,0
7685,0.7245420225370898,0
7686,0.7245420225370898,0
7687,0.7245420225370898,0
7688,0.7245420225370898,0
7689,0.7245420225370898,0
7690,0.7245420225370898,0
7691,0.7245420225370898,0
7692,0.7245420225370898,0
7693,0.7245420225370898,0
7694,0.7245420225370898,0
7695,0.7245420225370898,0
7696,0.7245420225370898,0
7697,0.7245420225370898,0
7698,0.7245420225370898,0
7699,0.7245420225370898,1
7700,0.7245420225370898,0
7701,0.7245420225370898,0
7702,0.7245420225370898,1
7703,0.7245420225370898,0
7704,0.7245420225370898,1
7705,0.7245420225370898,0
7706,0.7245420225370898,0
7707,0.7245420225370898,0
7708,0.7245420225370898,1
7709,0.7245420225370898,0
7710,0.7245420225370898,0
7711,0.7245420225370898,1
7712,0.7245420225370898,0
7713,0.7245420225370898,0
7714,0.7245420225370898,0
7715,0.7245420225370898,0
7716,0.7245420225370898,0
7717,0.7245420225370898,0
7718,0.7245420225370898,0
7719,0.7245420225370898,1
7720,0.7245420225370898,0
7721,45.76215250278103,0
7722,45.76215250278103,0
7723,45.76215250278103,0
7724,45.76215250278103,0
7725,45.76215250278103,0
7726,45.76215250278103,0
7727,45.76215250278103,0
7728,45.76215250278103,0
7729,45.76215250278103,0
7730,45.76215250278103,0
7731,45.76215250278103,0
7732,45.76215250278103,0
7733,45.76215250278103,0
7734,45.76215250278103,0
7735,45.76215250278103,0
7736,45.76215250278103,0
7737,45.76215250278103,0
7738,45.76215250278103,0
7739,45.76215250278103,0
7740,45.76215250278103,0
7741,45.76215250278103,0
7742,45.76215250278103,0
7743,45.76215250278103,0
7744,45.76215250278103,0
7745,45.76215250278103,0
7746,45.76215250278103,0
7747,45.76215250278103,0
7748,45.76215250278103,0
7749,45.76215250278103,0
7750,45.76215250278103,0
7751,45.76215250278103,0
7752,45.76215250278103,0
7753,45.76215250278103,0
7754,45.76215250278103,0
7755,45.76215250278103,0
7756,45.76215250278103,0
7757,45.76215250278103,0
7758,45.76215250278103,0
7759,45.76215250278103,0
7760,45.76215250278103,0
7761,45.76215250278103,0
7762,45.76215250278103,0
7763,45.76215250278103,0
7764,45.76215250278103,0
7765,45.76215250278103,0
7766,45.76215250278103,0
7767,45.76215250278103,0
7768,45.76215250278103,0
7769,0.5774491124652239,0
7770,0.5774491124652239,0
7771,0.5774491124652239,0
7772,0.5774491124652239,0
7773,0.5774491124652239,0
7774,0.5774491124652239,1
7775,0.5774491124652239,1
7776,0.5774491124652239,0
7777,0.5774491124652239,0
7778,0.5774491124652239,0
7779,0.5774491124652239,0
7780,0.5774491124652239,0
7781,0.5774491124652239,0
7782,0.5774491124652239,0
7783,0.5774491124652239,0
7784,0.5774491124652239,0
7785,0.5774491124652239,0
7786,0.5774491124652239,0
7787,0.5774491124652239,0
7788,0.5774491124652239,1
7789,0.5774491124652239,1
7790,0.5774491124652239,0
7791,0.5774491124652239,0
7792,0.5774491124652239,1
7793,0.5774491124652239,0
7794,0.5774491124652239,0
7795,0.5774491124652239,0
7796,0.5774491124652239,0
7797,0.5774491124652239,0
7798,0.5774491124652239,0
7799,0.5774491124652239,0
7800,0.5774491124652239,1
7801,0.5774491124652239,0
7802,0.5774491124652239,1
7803,0.5774491124652239,0
7804,0.5774491124652239,0
7805,0.5774491124652239,0
7806,0.5774491124652239,0
7807,0.5774491124652239,0
7808,0.580529064463007,0
7809,0.580529064463007,0
7810,0.580529064463007,0
7811,0.580529064463007,0
7812,0.580529064463007,0
7813,0.580529064463007,0
7814,0.580529064463007,0
7815,0.580529064463007,0
7816,0.580529064463007,0
7817,0.580529064463007,0
7818,0.580529064463007,0
7819,0.580529064463007,0
7820,0.580529064463007,0
7821,0.580529064463007,0
7822,0.580529064463007,0
7823,0.580529064463007,0
7824,0.580529064463007,0
7825,0.580529064463007,0
7826,0.580529064463007,0
7827,0.580529064463007,0
7828,0.580529064463007,0
7829,0.580529064463007,0
7830,0.580529064463007,0
7831,0.580529064463007,0
7832,0.580529064463007,0
7833,0.580529064463007,0
7834,0.580529064463007,0
7835,0.580529064463007,0
7836,0.580529064463007,0
7837,0.580529064463007,0
7838,0.580529064463007,0
7839,0.580529064463007,0
7840,0.580529064463007,1
7841,0.580529064463007,0
7842,0.580529064463007,0
7843,0.580529064463007,0
7844,0.580529064463007,0
7845,0.580529064463007,0
7846,0.580529064463007,0
7847,0.580529064463007,0
7848,0.580529064463007,0
7849,0.580529064463007,0
7850,0.580529064463007,0
7851,0.580529064463007,0
7852,0.580529064463007,0
7853,0.580529064463007,0
7854,0.580529064463007,0
7855,0.580529064463007,0
7856,0.580529064463007,0
7857,0.580529064463007,0
7858,0.580529064463007,0
7859,0.580529064463007,0
7860,0.580529064463007,0
7861,0.580529064463007,0
7862,0.580529064463007,0
7863,0.580529064463007,0
7864,0.580529064463007,1
7865,0.580529064463007,0
7866,0.580529064463007,0
7867,0.580529064463007,0
7868,0.580529064463007,0
7869,0.580529064463007,0
7870,10.078475389020465,0
7871,10.078475389020465,0
7872,10.078475389020465,0
7873,10.078475389020465,0
7874,10.078475389020465,0
7875,10.078475389020465,0
7876,10.078475389020465,0
7877,10.078475389020465,0
7878,10.078475389020465,0
7879,10.078475389020465,0
7880,10.078475389020465,0
7881,10.078475389020465,0
7882,10.078475389020465,0
7883,10.078475389020465,0
7884,10.078475389020465,0
7885,10.078475389020465,0
7886,10.078475389020465,0
7887,10.078475389020465,0
7888,10.078475389020465,0
7889,10.078475389020465,0
7890,10.078475389020465,0
7891,10.078475389020465,0
7892,10.078475389020465,0
7893,10.078475389020465,0
7894,4.1111904093459,0
7895,4.1111904093459,1
7896,4.1111904093459,0
7897,4.1111904093459,0
7898,4.1111904093459,0
7899,4.1111904093459,0
7900,4.1111904093459,0
7901,4.1111904093459,0
7902,4.1111904093459,0
7903,4.1111904093459,0
7904,4.1111904093459,0
7905,4.1111904093459,0
7906,4.1111904093459,0
7907,4.1111904093459,0
7908,4.1111904093459,0
7909,4.1111904093459,0
7910,4.1111904093459,0
7911,4.1111904093459,0
7912,4.1111904093459,0
7913,4.1111904093459,0
7914,4.1111904093459,0
7915,4.1111904093459,0
7916,4.1111904093459,0
7917,4.1111904093459,0
7918,4.1111904093459,0
7919,1.5656266944967263,0
7920,1.5656266944967263,1
7921,1.5656266944967263,0
7922,1.5656266944967263,0
7923,1.5656266944967263,0
7924,1.5656266944967263,0
7925,1.5656266944967263,0
7926,1.5656266944967263,0
7927,1.5656266944967263,0
7928,1.5656266944967263,0
7929,1.5656266944967263,0
7930,1.5656266944967263,0
7931,1.5656266944967263,0
7932,1.5656266944967263,0
7933,1.5656266944967263,0
7934,1.5656266944967263,0
7935,1.5656266944967263,0
7936,1.5656266944967263,0
7937,1.5656266944967263,0
7938,1.5656266944967263,0
7939,1.5656266944967263,0
7940,1.5656266944967263,0
7941,1.5656266944967263,0
7942,1.5656266944967263,1
7943,1.5656266944967263,0
7944,1.5656266944967263,0
7945,1.5656266944967263,0
7946,4.130462389346606,0
7947,4.130462389346606,0
7948,4.130462389346606,0
7949,4.130462389346606,0
7950,4.130462389346606,0
7951,4.130462389346606,0
7952,4.130462389346606,0
7953,4.130462389346606,1
7954,4.130462389346606,0
7955,4.130462389346606,0
7956,4.130462389346606,0
7957,4.130462389346606,0
7958,4.130462389346606,0
7959,4.130462389346606,0
7960,4.130462389346606,0
7961,4.130462389346606,1
7962,4.130462389346606,0
7963,4.130462389346606,0
7964,4.130462389346606,0
7965,4.130462389346606,0
7966,4.130462389346606,0
7967,4.130462389346606,0
7968,4.130462389346606,0
7969,4.130462389346606,0
7970,4.130462389346606,0
7971,4.130462389346606,0
7972,4.130462389346606,0
7973,4.130462389346606,0
7974,4.130462389346606,0
7975,4.130462389346606,0
7976,4.130462389346606,0
7977,4.130462389346606,1
7978,4.130462389346606,0
7979,4.130462389346606,0
7980,4.130462389346606,0
7981,4.130462389346606,0
7982,4.130462389346606,0
7983,4.130462389346606,0
7984,4.130462389346606,1
7985,25.981953726101487,0
7986,25.981953726101487,0
7987,25.981953726101487,0
7988,25.981953726101487,0
7989,25.981953726101487,0
7990,25.981953726101487,0
7991,25.981953726101487,0
7992,25.981953726101487,0
7993,25.981953726101487,0
7994,25.981953726101487,0
7995,25.981953726101487,0
7996,25.981953726101487,0
7997,25.981953726101487,0
7998,25.981953726101487,0
7999,25.981953726101487,0
8000,25.981953726101487,0
8001,25.981953726101487,0
8002,25.981953726101487,0
8003,25.981953726101487,0
8004,25.981953726101487,0
8005,25.981953726101487,0
8006,25.981953726101487,0
8007,25.981953726101487,0
8008,25.981953726101487,1
8009,25.981953726101487,0
8010,25.981953726101487,0
8011,25.981953726101487,0
8012,24.003727045492344,0
8013,24.003727045492344,0
8014,24.003727045492344,0
8015,24.003727045492344,0
8016,24.003727045492344,0
8017,24.003727045492344,1
8018,24.003727045492344,0
8019,24.003727045492344,0
8020,24.003727045492344,0
8021,24.003727045492344,1
8022,24.003727045492344,0
8023,24.003727045492344,0
8024,24.003727045492344,0
8025,24.003727045492344,0
8026,24.003727045492344,0
8027,24.003727045492344,0
8028,24.003727045492344,0
8029,24.003727045492344,0
8030,24.003727045492344,0
8031,24.003727045492344,0
8032,24.003727045492344,0
8033,24.003727045492344,0
8034,24.003727045492344,0
8035,24.003727045492344,0
8036,24.003727045492344,0
8037,24.003727045492344,0
8038,24.003727045492344,0
8039,24.003727045492344,1
8040,0.3914490818869823,0
8041,0.3914490818869823,0
8042,0.3914490818869823,0
8043,0.3914490818869823,0
8044,0.3914490818869823,0
8045,0.3914490818869823,0
8046,0.3914490818869823,0
8047,0.3914490818869823,0
8048,0.3914490818869823,0
8049,0.3914490818869823,0
8050,0.3914490818869823,0
8051,0.3914490818869823,0
8052,0.3914490818869823,0
8053,0.3914490818869823,1
8054,0.3914490818869823,0
8055,0.3914490818869823,0
8056,0.3914490818869823,0
8057,0.3914490818869823,0
8058,0.3914490818869823,0
8059,0.3914490818869823,0
8060,0.3914490818869823,0
8061,0.3914490818869823,1
8062,0.3914490818869823,0
8063,0.3914490818869823,0
8064,0.3914490818869823,0
8065,0.3914490818869823,0
8066,0.3914490818869823,0
8067,0.3914490818869823,0
8068,0.3914490818869823,0
8069,0.3914490818869823,0
8070,0.3914490818869823,0
8071,0.3914490818869823,0
8072,0.3914490818869823,0
8073,0.3914490818869823,0
8074,0.3914490818869823,0
8075,0.3914490818869823,0
8076,5.9875156927404465,0
8077,5.9875156927404465,0
8078,5.9875156927404465,0
8079,5.9875156927404465,0
8080,5.9875156927404465,0
8081,5.9875156927404465,0
8082,5.9875156927404465,0
8083,5.9875156927404465,0
8084,5.9875156927404465,0
8085,5.9875156927404465,0
8086,5.9875156927404465,0
8087,5.9875156927404465,0
8088,5.9875156927404465,0
8089,5.9875156927404465,0
8090,5.9875156927404465,0
8091,5.9875156927404465,0
8092,5.9875156927404465,0
8093,5.9875156927404465,0
8094,5.9875156927404465,0
8095,5.9875156927404465,0
8096,5.9875156927404465,1
8097,5.9875156927404465,0
8098,5.9875156927404465,0
8099,5.9875156927404465,0
8100,5.9875156927404465,0
8101,5.9875156927404465,0
8102,5.9875156927404465,0
8103,5.9875156927404465,0
8104,5.9875156927404465,0
8105,5.9875156927404465,0
8106,5.9875156927404465,0
8107,5.9875156927404465,0
8108,14.155936262138345,0
8109,14.155936262138345,0
8110,14.155936262138345,0
8111,14.155936262138345,0
8112,14.155936262138345,0
8113,14.155936262138345,0
8114,14.155936262138345,0
8115,14.155936262138345,0
8116,14.155936262138345,0
8117,14.155936262138345,0
8118,14.155936262138345,0
8119,14.155936262138345,0
8120,14.155936262138345,0
8121,14.155936262138345,0
8122,14.155936262138345,0
8123,14.155936262138345,0
8124,14.155936262138345,0
8125,14.155936262138345,0
8126,14.155936262138345,0
8127,14.155936262138345,0
8128,14.155936262138345,0
8129,14.155936262138345,1
8130,14.155936262138345,0
8131,14.155936262138345,0
8132,14.155936262138345,0
8133,14.155936262138345,0
8134,14.155936262138345,0
8135,14.155936262138345,0
8136,14.155936262138345,0
8137,14.155936262138345,0
8138,14.155936262138345,0
8139,14.155936262138345,0
8140,14.155936262138345,0
8141,14.155936262138345,0
8142,14.155936262138345,0
8143,14.155936262138345,0
8144,14.155936262138345,0
8145,14.155936262138345,0
8146,14.155936262138345,0
8147,14.155936262138345,0
8148,14.155936262138345,0
8149,1.6436602066286092,1
8150,1.6436602066286092,0
8151,1.6436602066286092,0
8152,1.6436602066286092,0
8153,1.6436602066286092,1
8154,1.6436602066286092,1
8155,1.6436602066286092,1
8156,1.6436602066286092,0
8157,1.6436602066286092,0
8158,1.6436602066286092,0
8159,1.6436602066286092,0
8160,1.6436602066286092,1
8161,1.6436602066286092,0
8162,1.6436602066286092,0
8163,1.6436602066286092,0
8164,1.6436602066286092,0
8165,1.6436602066286092,0
8166,1.6436602066286092,0
8167,1.6436602066286092,0
8168,1.6436602066286092,0
8169,1.6436602066286092,0
8170,1.6436602066286092,0
8171,1.6436602066286092,0
8172,1.6436602066286092,0
8173,1.6436602066286092,0
8174,1.6436602066286092,1
8175,1.6436602066286092,1
8176,1.6436602066286092,0
8177,1.6436602066286092,0
8178,1.6436602066286092,0
8179,1.6436602066286092,1
8180,1.6436602066286092,0
8181,1.6436602066286092,0
8182,1.6436602066286092,0
8183,1.6436602066286092,0
8184,1.6436602066286092,0
8185,1.6436602066286092,0
8186,1.6436602066286092,1
8187,1.6436602066286092,0
8188,1.6436602066286092,1
8189,1.6436602066286092,0
8190,1.6436602066286092,0
8191,1.6436602066286092,0
8192,1.6436602066286092,0
8193,1.6436602066286092,0
8194,1.6436602066286092,1
8195,1.6436602066286092,0
8196,1.6436602066286092,0
8197,1.6436602066286092,0
8198,1.6436602066286092,0
8199,19.672108626527486,0
8200,19.672108626527486,0
8201,19.672108626527486,0
8202,19.672108626527486,0
8203,19.672108626527486,0
8204,19.672108626527486,0
8205,19.672108626527486,0
8206,19.672108626527486,0
8207,19.672108626527486,0
8208,19.672108626527486,0
8209,19.672108626527486,0
8210,19.672108626527486,0
8211,19.672108626527486,0
8212,19.672108626527486,0
8213,19.672108626527486,0
8214,19.672108626527486,0
8215,19.672108626527486,0
8216,19.672108626527486,0
8217,19.672108626527486,0
8218,19.672108626527486,0
8219,19.672108626527486,0
8220,19.672108626527486,0
8221,82.2861299522867,0
8222,82.2861299522867,0
8223,82.2861299522867,0
8224,82.2861299522867,0
8225,82.2861299522867,0
8226,82.2861299522867,0
8227,82.2861299522867,0
8228,82.2861299522867,0
8229,82.2861299522867,0
8230,82.2861299522867,0
8231,82.2861299522867,0
8232,82.2861299522867,0
8233,82.2861299522867,0
8234,82.2861299522867,0
8235,82.2861299522867,0
8236,82.2861299522867,0
8237,82.2861299522867,1
8238,82.2861299522867,0
8239,82.2861299522867,0
8240,82.2861299522867,0
8241,82.2861299522867,0
8242,82.2861299522867,0
8243,82.2861299522867,0
8244,82.2861299522867,0
8245,82.2861299522867,0
8246,82.2861299522867,0
8247,82.2861299522867,0
8248,82.2861299522867,0
8249,82.2861299522867,0
8250,82.2861299522867,0
8251,82.2861299522867,0
8252,82.2861299522867,0
8253,82.2861299522867,0
8254,82.2861299522867,0
8255,82.2861299522867,0
8256,82.2861299522867,0
8257,82.2861299522867,1
8258,82.2861299522867,0
8259,82.2861299522867,0
8260,82.2861299522867,0
8261,82.2861299522867,0
8262,5.290241386630726,1
8263,5.290241386630726,1
8264,5.290241386630726,0
8265,5.290241386630726,1
8266,5.290241386630726,1
8267,5.290241386630726,0
8268,5.290241386630726,0
8269,5.290241386630726,1
8270,5.290241386630726,1
8271,5.290241386630726,0
8272,5.290241386630726,0
8273,5.290241386630726,0
8274,5.290241386630726,0
8275,5.290241386630726,0
8276,5.290241386630726,0
8277,5.290241386630726,1
8278,5.290241386630726,0
8279,5.290241386630726,0
8280,5.290241386630726,0
8281,5.290241386630726,0
8282,5.290241386630726,0
8283,5.290241386630726,0
8284,5.290241386630726,0
8285,5.290241386630726,0
8286,5.290241386630726,1
8287,5.290241386630726,0
8288,5.290241386630726,0
8289,5.290241386630726,0
8290,5.290241386630726,1
8291,5.290241386630726,0
8292,5.290241386630726,1
8293,5.290241386630726,0
8294,5.290241386630726,0
8295,5.290241386630726,0
8296,5.290241386630726,0
8297,5.290241386630726,0
8298,5.290241386630726,0
8299,5.290241386630726,0
8300,5.290241386630726,0
8301,5.290241386630726,0
8302,5.290241386630726,0
8303,5.290241386630726,0
8304,53.87976559718655,0
8305,53.87976559718655,0
8306,53.87976559718655,0
8307,53.87976559718655,0
8308,53.87976559718655,0
8309,53.87976559718655,0
8310,53.87976559718655,0
8311,53.87976559718655,0
8312,53.87976559718655,0
8313,53.87976559718655,0
8314,53.87976559718655,0
8315,53.87976559718655,0
8316,53.87976559718655,0
8317,53.87976559718655,0
8318,53.87976559718655,0
8319,53.87976559718655,0
8320,53.87976559718655,0
8321,53.87976559718655,0
8322,53.87976559718655,0
8323,53.87976559718655,0
8324,53.87976559718655,0
8325,53.87976559718655,0
8326,53.87976559718655,0
8327,53.87976559718655,0
8328,53.87976559718655,0
8329,53.87976559718655,0
8330,53.87976559718655,0
8331,53.87976559718655,0
8332,53.87976559718655,0
8333,53.87976559718655,0
8334,0.2874021965083169,0
8335,0.2874021965083169,0
8336,0.2874021965083169,0
8337,0.2874021965083169,0
8338,0.2874021965083169,0
8339,0.2874021965083169,0
8340,0.2874021965083169,0
8341,0.2874021965083169,0
8342,0.2874021965083169,0
8343,0.2874021965083169,0
8344,0.2874021965083169,0
8345,0.2874021965083169,0
8346,0.2874021965083169,0
8347,0.2874021965083169,0
8348,0.2874021965083169,0
8349,0.2874021965083169,0
8350,0.2874021965083169,0
8351,0.2874021965083169,0
8352,0.2874021965083169,0
8353,0.2874021965083169,0
8354,0.2874021965083169,0
8355,0.2874021965083169,0
8356,0.2874021965083169,0
8357,0.2874021965083169,1
8358,0.2874021965083169,0
8359,0.2874021965083169,0
8360,0.2874021965083169,0
8361,0.2874021965083169,0
8362,0.2874021965083169,0
8363,0.2874021965083169,0
8364,0.2874021965083169,0
8365,0.2874021965083169,0
8366,0.2874021965083169,0
8367,0.2874021965083169,0
8368,0.2874021965083169,0
8369,0.2874021965083169,0
8370,0.2874021965083169,0
8371,0.2874021965083169,0
8372,0.2874021965083169,0
8373,0.2874021965083169,0
8374,0.2874021965083169,0
8375,0.2874021965083169,0
8376,0.2874021965083169,0
8377,0.2874021965083169,0
8378,0.2874021965083169,0
8379,0.2874021965083169,0
8380,0.2874021965083169,0
8381,0.2874021965083169,0
8382,0.2874021965083169,0
8383,0.2874021965083169,0
8384,0.2874021965083169,0
8385,2.03113010134274,0
8386,2.03113010134274,1
8387,2.03113010134274,0
8388,2.03113010134274,1
8389,2.03113010134274,0
8390,2.03113010134274,0
8391,2.03113010134274,0
8392,2.03113010134274,0
8393,2.03113010134274,1
8394,2.03113010134274,0
8395,2.03113010134274,0
8396,2.03113010134274,1
8397,2.03113010134274,0
8398,2.03113010134274,0
8399,2.03113010134274,0
8400,2.03113010134274,0
8401,2.03113010134274,0
8402,2.03113010134274,0
8403,2.03113010134274,0
8404,2.03113010134274,0
8405,2.03113010134274,0
8406,2.03113010134274,0
8407,2.03113010134274,0
8408,2.03113010134274,0
8409,2.03113010134274,0
8410,2.03113010134274,0
8411,2.03113010134274,1
8412,2.03113010134274,0
8413,2.03113010134274,0
8414,2.03113010134274,0
8415,2.03113010134274,0
8416,2.03113010134274,1
8417,2.03113010134274,1
8418,2.03113010134274,0
8419,2.03113010134274,0
8420,2.03113010134274,0
8421,2.03113010134274,0
8422,2.03113010134274,0
8423,2.03113010134274,1
8424,2.03113010134274,1
8425,2.03113010134274,0
8426,2.03113010134274,0
8427,45.631767135708955,0
8428,45.631767135708955,0
8429,45.631767135708955,0
8430,45.631767135708955,1
8431,45.631767135708955,0
8432,45.631767135708955,0
8433,45.631767135708955,0
8434,45.631767135708955,0
8435,45.631767135708955,0
8436,45.631767135708955,0
8437,45.631767135708955,0
8438,45.631767135708955,0
8439,45.631767135708955,0
8440,45.631767135708955,0
8441,45.631767135708955,0
8442,45.631767135708955,0
8443,45.631767135708955,0
8444,45.631767135708955,0
8445,45.631767135708955,0
8446,45.631767135708955,0
8447,45.631767135708955,1
8448,45.631767135708955,0
8449,45.631767135708955,0
8450,45.631767135708955,0
8451,45.631767135708955,0
8452,45.631767135708955,0
8453,45.631767135708955,0
8454,45.631767135708955,0
8455,45.631767135708955,0
8456,45.631767135708955,0
8457,45.631767135708955,0
8458,45.631767135708955,0
8459,45.631767135708955,0
8460,45.631767135708955,0
8461,45.631767135708955,0
8462,45.631767135708955,0
8463,45.631767135708955,0
8464,45.631767135708955,0
8465,45.631767135708955,0
8466,45.631767135708955,0
8467,45.631767135708955,0
8468,45.631767135708955,0
8469,45.631767135708955,0
8470,62.38423904921808,1
8471,62.38423904921808,1
8472,62.38423904921808,0
8473,62.38423904921808,0
8474,62.38423904921808,0
8475,62.38423904921808,0
8476,62.38423904921808,1
8477,62.38423904921808,0
8478,62.38423904921808,0
8479,62.38423904921808,0
8480,62.38423904921808,0
8481,62.38423904921808,1
8482,62.38423904921808,1
8483,62.38423904921808,1
8484,62.38423904921808,0
8485,62.38423904921808,0
8486,62.38423904921808,1
8487,62.38423904921808,1
8488,62.38423904921808,1
8489,62.38423904921808,0
8490,62.38423904921808,1
8491,62.38423904921808,0
8492,62.38423904921808,0
8493,62.38423904921808,0
8494,62.38423904921808,1
8495,62.38423904921808,1
8496,62.38423904921808,0
8497,62.38423904921808,0
8498,62.38423904921808,0
8499,62.38423904921808,1
8500,62.38423904921808,0
8501,62.38423904921808,0
8502,62.38423904921808,0
8503,62.38423904921808,1
8504,62.38423904921808,1
8505,62.38423904921808,0
8506,70.8187393602838,0
8507,70.8187393602838,0
8508,70.8187393602838,0
8509,70.8187393602838,0
8510,70.8187393602838,0
8511,70.8187393602838,0
8512,70.8187393602838,0
8513,70.8187393602838,0
8514,70.8187393602838,0
8515,70.8187393602838,0
8516,70.8187393602838,0
8517,70.8187393602838,0
8518,70.8187393602838,0
8519,70.8187393602838,0
8520,70.8187393602838,0
8521,70.8187393602838,0
8522,70.8187393602838,0
8523,70.8187393602838,0
8524,70.8187393602838,0
8525,70.8187393602838,0
8526,70.8187393602838,0
8527,70.8187393602838,0
8528,70.8187393602838,0
8529,70.8187393602838,0
8530,70.8187393602838,0
8531,70.8187393602838,0
8532,70.8187393602838,0
8533,70.8187393602838,0
8534,70.8187393602838,0
8535,70.8187393602838,0
8536,70.8187393602838,0
8537,70.8187393602838,0
8538,70.8187393602838,0
8539,70.8187393602838,0
8540,70.8187393602838,0
8541,70.8187393602838,0
8542,70.8187393602838,0
8543,70.8187393602838,0
8544,70.8187393602838,0
8545,1.5027332938878166,0
8546,1.5027332938878166,0
8547,1.5027332938878166,0
8548,1.5027332938878166,0
8549,1.5027332938878166,0
8550,1.5027332938878166,0
8551,1.5027332938878166,0
8552,1.5027332938878166,0
8553,1.5027332938878166,0
8554,1.5027332938878166,0
8555,1.5027332938878166,0
8556,1.5027332938878166,0
8557,1.5027332938878166,0
8558,1.5027332938878166,0
8559,1.5027332938878166,0
8560,1.5027332938878166,0
8561,1.5027332938878166,0
8562,1.5027332938878166,0
8563,1.5027332938878166,0
8564,1.5027332938878166,0
8565,1.5027332938878166,0
8566,1.5027332938878166,0
8567,1.5027332938878166,0
8568,1.5027332938878166,0
8569,1.5027332938878166,0
8570,1.5027332938878166,0
8571,1.5027332938878166,0
8572,1.5027332938878166,0
8573,1.5027332938878166,0
8574,1.5027332938878166,0
8575,1.5027332938878166,0
8576,1.5027332938878166,0
8577,1.5027332938878166,0
8578,1.5027332938878166,0
8579,1.5027332938878166,0
8580,1.5027332938878166,0
8581,1.5027332938878166,0
8582,1.5027332938878166,0
8583,1.5027332938878166,0
8584,1.5027332938878166,0
8585,1.5027332938878166,0
8586,1.5027332938878166,0
8587,1.5027332938878166,0
8588,1.5027332938878166,0
8589,1.5027332938878166,0
8590,1.5027332938878166,0
8591,1.5027332938878166,0
8592,1.5027332938878166,0
8593,1.5027332938878166,0
8594,1.5027332938878166,0
8595,1.5027332938878166,0
8596,1.5027332938878166,0
8597,1.5027332938878166,0
8598,1.5027332938878166,0
8599,85.46645547770018,1
8600,85.46645547770018,0
8601,85.46645547770018,1
8602,85.46645547770018,1
8603,85.46645547770018,1
8604,85.46645547770018,0
8605,85.46645547770018,0
8606,85.46645547770018,0
8607,85.46645547770018,0
8608,85.46645547770018,1
8609,85.46645547770018,0
8610,85.46645547770018,1
8611,85.46645547770018,0
8612,85.46645547770018,0
8613,85.46645547770018,0
8614,85.46645547770018,1
8615,85.46645547770018,0
8616,85.46645547770018,1
8617,85.46645547770018,0
8618,85.46645547770018,0
8619,85.46645547770018,0
8620,85.46645547770018,1
8621,85.46645547770018,1
8622,85.46645547770018,0
8623,85.46645547770018,0
8624,85.46645547770018,1
8625,85.46645547770018,0
8626,85.46645547770018,0
8627,85.46645547770018,0
8628,85.46645547770018,0
8629,85.46645547770018,0
8630,85.46645547770018,0
8631,85.46645547770018,0
8632,85.46645547770018,0
8633,85.46645547770018,1
8634,85.46645547770018,0
8635,85.46645547770018,0
8636,85.46645547770018,0
8637,48.379218139134984,1
8638,48.379218139134984,0
8639,48.379218139134984,0
8640,48.379218139134984,0
8641,48.379218139134984,0
8642,48.379218139134984,0
8643,48.379218139134984,0
8644,48.379218139134984,0
8645,48.379218139134984,0
8646,48.379218139134984,0
8647,48.379218139134984,1
8648,48.379218139134984,0
8649,48.379218139134984,0
8650,48.379218139134984,0
8651,48.379218139134984,0
8652,48.379218139134984,0
8653,48.379218139134984,0
8654,48.379218139134984,0
8655,48.379218139134984,0
8656,48.379218139134984,0
8657,48.379218139134984,0
8658,48.379218139134984,0
8659,48.379218139134984,0
8660,48.379218139134984,0
8661,48.379218139134984,0
8662,48.379218139134984,0
8663,48.379218139134984,0
8664,48.379218139134984,0
8665,48.379218139134984,0
8666,48.379218139134984,1
8667,48.379218139134984,0
8668,48.379218139134984,0
8669,48.379218139134984,0
8670,48.379218139134984,1
8671,48.379218139134984,0
8672,48.379218139134984,0
8673,48.379218139134984,0
8674,48.379218139134984,0
8675,48.379218139134984,0
8676,48.379218139134984,0
8677,48.379218139134984,0
8678,48.379218139134984,1
8679,3.7467719986304537,0
8680,3.7467719986304537,0
8681,3.7467719986304537,0
8682,3.7467719986304537,0
8683,3.7467719986304537,0
8684,3.7467719986304537,0
8685,3.7467719986304537,0
8686,3.7467719986304537,0
8687,3.7467719986304537,0
8688,3.7467719986304537,0
8689,3.7467719986304537,0
8690,3.7467719986304537,0
8691,3.7467719986304537,0
8692,3.7467719986304537,1
8693,3.7467719986304537,0
8694,3.7467719986304537,0
8695,3.7467719986304537,0
8696,3.7467719986304537,0
8697,3.7467719986304537,0
8698,3.7467719986304537,0
8699,3.7467719986304537,0
8700,3.7467719986304537,0
8701,3.7467719986304537,0
8702,3.7467719986304537,0
8703,3.7467719986304537,0
8704,3.7467719986304537,0
8705,3.7467719986304537,0
8706,3.7467719986304537,0
8707,3.7467719986304537,0
8708,3.7467719986304537,0
8709,3.7467719986304537,0
8710,3.7467719986304537,0
8711,3.7467719986304537,0
8712,3.7467719986304537,0
8713,3.7467719986304537,0
8714,3.7467719986304537,0
8715,2.409708653450608,0
8716,2.409708653450608,0
8717,2.409708653450608,0
8718,2.409708653450608,0
8719,2.409708653450608,0
8720,2.409708653450608,1
8721,2.409708653450608,0
8722,2.409708653450608,0
8723,2.409708653450608,0
8724,2.409708653450608,0
8725,2.409708653450608,0
8726,2.409708653450608,0
8727,2.409708653450608,0
8728,2.409708653450608,0
8729,2.409708653450608,0
8730,2.409708653450608,0
8731,2.409708653450608,0
8732,2.409708653450608,1
8733,2.409708653450608,0
8734,2.409708653450608,1
8735,2.409708653450608,0
8736,2.409708653450608,0
8737,2.409708653450608,0
8738,2.409708653450608,0
8739,2.409708653450608,1
8740,2.409708653450608,0
8741,2.409708653450608,1
8742,2.409708653450608,0
8743,2.409708653450608,0
8744,2.409708653450608,0
8745,2.409708653450608,0
8746,2.409708653450608,1
8747,2.409708653450608,0
8748,2.409708653450608,0
8749,2.409708653450608,0
8750,2.409708653450608,0
8751,2.409708653450608,0
8752,2.409708653450608,0
8753,2.409708653450608,0
8754,2.409708653450608,0
8755,2.409708653450608,0
8756,2.409708653450608,0
8757,2.409708653450608,0
8758,2.409708653450608,0
8759,2.409708653450608,0
8760,2.409708653450608,0
8761,2.409708653450608,0
8762,2.409708653450608,0
8763,2.409708653450608,0
8764,2.409708653450608,0
8765,64.27241552117496,0
8766,64.27241552117496,0
8767,64.27241552117496,0
8768,64.27241552117496,0
8769,64.27241552117496,0
8770,64.27241552117496,0
8771,64.27241552117496,0
8772,64.27241552117496,1
8773,64.27241552117496,0
8774,64.27241552117496,0
8775,64.27241552117496,0
8776,64.27241552117496,0
8777,64.27241552117496,0
8778,64.27241552117496,0
8779,64.27241552117496,0
8780,64.27241552117496,0
8781,64.27241552117496,0
8782,64.27241552117496,0
8783,64.27241552117496,0
8784,64.27241552117496,0
8785,64.27241552117496,0
8786,64.27241552117496,0
8787,38.50753991861171,0
8788,38.50753991861171,0
8789,38.50753991861171,0
8790,38.50753991861171,0
8791,38.50753991861171,0
8792,38.50753991861171,0
8793,38.50753991861171,0
8794,38.50753991861171,0
8795,38.50753991861171,0
8796,38.50753991861171,0
8797,38.50753991861171,0
8798,38.50753991861171,0
8799,38.50753991861171,0
8800,38.50753991861171,0
8801,38.50753991861171,0
8802,38.50753991861171,0
8803,38.50753991861171,0
8804,38.50753991861171,0
8805,38.50753991861171,0
8806,38.50753991861171,0
8807,38.50753991861171,0
8808,38.50753991861171,0
8809,38.50753991861171,0
8810,38.50753991861171,0
8811,38.50753991861171,0
8812,155.45206512385104,0
8813,155.45206512385104,0
8814,155.45206512385104,0
8815,155.45206512385104,0
8816,155.45206512385104,0
8817,155.45206512385104,0
8818,155.45206512385104,0
8819,155.45206512385104,0
8820,155.45206512385104,0
8821,155.45206512385104,0
8822,155.45206512385104,0
8823,155.45206512385104,0
8824,155.45206512385104,0
8825,155.45206512385104,0
8826,155.45206512385104,0
8827,155.45206512385104,0
8828,155.45206512385104,0
8829,155.45206512385104,0
8830,155.45206512385104,1
8831,155.45206512385104,0
8832,155.45206512385104,0
8833,155.45206512385104,0
8834,155.45206512385104,0
8835,155.45206512385104,1
8836,155.45206512385104,0
8837,155.45206512385104,1
8838,155.45206512385104,1
8839,155.45206512385104,0
8840,155.45206512385104,0
8841,2.1156230921168726,0
8842,2.1156230921168726,0
8843,2.1156230921168726,0
8844,2.1156230921168726,1
8845,2.1156230921168726,0
8846,2.1156230921168726,0
8847,2.1156230921168726,1
8848,2.1156230921168726,0
8849,2.1156230921168726,0
8850,2.1156230921168726,0
8851,2.1156230921168726,0
8852,2.1156230921168726,0
8853,2.1156230921168726,0
8854,2.1156230921168726,0
8855,2.1156230921168726,0
8856,2.1156230921168726,1
8857,2.1156230921168726,0
8858,2.1156230921168726,0
8859,2.1156230921168726,1
8860,2.1156230921168726,0
8861,2.1156230921168726,0
8862,2.1156230921168726,0
8863,2.1156230921168726,0
8864,2.1156230921168726,0
8865,2.1156230921168726,1
8866,2.1156230921168726,0
8867,2.1156230921168726,0
8868,2.1156230921168726,0
8869,2.1156230921168726,0
8870,2.1156230921168726,0
8871,2.1156230921168726,0
8872,2.1156230921168726,0
8873,2.1156230921168726,0
8874,2.1156230921168726,0
8875,2.1156230921168726,0
8876,2.1156230921168726,0
8877,2.1156230921168726,0
8878,2.1156230921168726,1
8879,2.1156230921168726,0
8880,2.1156230921168726,0
8881,2.1156230921168726,0
8882,2.1156230921168726,0
8883,2.1156230921168726,0
8884,2.1156230921168726,0
8885,2.1156230921168726,0
8886,2.1156230921168726,0
8887,2.338917591516191,0
8888,2.338917591516191,0
8889,2.338917591516191,0
8890,2.338917591516191,0
8891,2.338917591516191,0
8892,2.338917591516191,0
8893,2.338917591516191,0
8894,2.338917591516191,0
8895,2.338917591516191,0
8896,2.338917591516191,0
8897,2.338917591516191,0
8898,2.338917591516191,0
8899,2.338917591516191,0
8900,2.338917591516191,0
8901,2.338917591516191,0
8902,2.338917591516191,0
8903,2.338917591516191,0
8904,2.338917591516191,0
8905,2.338917591516191,0
8906,2.338917591516191,0
8907,2.338917591516191,0
8908,2.338917591516191,0
8909,2.338917591516191,0
8910,2.338917591516191,0
8911,2.338917591516191,0
8912,2.338917591516191,0
8913,2.338917591516191,0
8914,2.338917591516191,0
8915,2.338917591516191,0
8916,2.338917591516191,0
8917,2.338917591516191,0
8918,2.338917591516191,0
8919,2.338917591516191,0
8920,2.338917591516191,0
8921,2.338917591516191,0
8922,1.3469325423191505,0
8923,1.3469325423191505,0
8924,1.3469325423191505,0
8925,1.3469325423191505,0
8926,1.3469325423191505,0
8927,1.3469325423191505,0
8928,1.3469325423191505,0
8929,1.3469325423191505,0
8930,1.3469325423191505,0
8931,1.3469325423191505,0
8932,1.3469325423191505,0
8933,1.3469325423191505,0
8934,1.3469325423191505,0
8935,1.3469325423191505,0
8936,1.3469325423191505,0
8937,1.3469325423191505,0
8938,1.3469325423191505,0
8939,1.3469325423191505,0
8940,1.3469325423191505,0
8941,1.3469325423191505,0
8942,1.3469325423191505,1
8943,1.3469325423191505,0
8944,1.3469325423191505,0
8945,1.3469325423191505,0
8946,1.3469325423191505,0
8947,1.3469325423191505,0
8948,1.3469325423191505,0
8949,1.3469325423191505,0
8950,1.3469325423191505,0
8951,1.3469325423191505,1
8952,1.3469325423191505,1
8953,1.3469325423191505,0
8954,1.3469325423191505,0
8955,1.3469325423191505,0
8956,1.3469325423191505,0
8957,29.24472250209053,0
8958,29.24472250209053,0
8959,29.24472250209053,0
8960,29.24472250209053,0
8961,29.24472250209053,0
8962,29.24472250209053,0
8963,29.24472250209053,0
8964,29.24472250209053,0
8965,29.24472250209053,0
8966,29.24472250209053,0
8967,29.24472250209053,1
8968,29.24472250209053,0
8969,29.24472250209053,0
8970,29.24472250209053,0
8971,29.24472250209053,0
8972,29.24472250209053,0
8973,29.24472250209053,0
8974,29.24472250209053,0
8975,29.24472250209053,0
8976,29.24472250209053,0
8977,29.24472250209053,0
8978,29.24472250209053,0
8979,29.24472250209053,0
8980,29.24472250209053,0
8981,29.24472250209053,0
8982,29.24472250209053,0
8983,29.24472250209053,0
8984,29.24472250209053,0
8985,29.24472250209053,0
8986,29.24472250209053,0
8987,29.24472250209053,0
8988,29.24472250209053,0
8989,29.24472250209053,0
8990,29.24472250209053,0
8991,29.24472250209053,0
8992,29.24472250209053,0
8993,29.24472250209053,1
8994,29.24472250209053,0
8995,29.24472250209053,0
8996,29.24472250209053,0
8997,4.1733857864611945,0
8998,4.1733857864611945,0
8999,4.1733857864611945,0
9000,4.1733857864611945,0
9001,4.1733857864611945,0
9002,4.1733857864611945,0
9003,4.1733857864611945,0
9004,4.1733857864611945,0
9005,4.1733857864611945,0
9006,4.1733857864611945,0
9007,4.1733857864611945,0
9008,4.1733857864611945,0
9009,4.1733857864611945,0
9010,4.1733857864611945,0
9011,4.1733857864611945,0
9012,4.1733857864611945,0
9013,4.1733857864611945,1
9014,4.1733857864611945,0
9015,4.1733857864611945,0
9016,4.1733857864611945,0
9017,4.1733857864611945,0
9018,4.1733857864611945,0
9019,4.1733857864611945,0
9020,4.1733857864611945,0
9021,4.1733857864611945,1
9022,4.1733857864611945,0
9023,4.1733857864611945,0
9024,4.1733857864611945,1
9025,4.1733857864611945,0
9026,4.1733857864611945,0
9027,4.1733857864611945,0
9028,4.1733857864611945,0
9029,4.1733857864611945,0
9030,4.1733857864611945,0
9031,4.1733857864611945,0
9032,4.1733857864611945,1
9033,4.1733857864611945,0
9034,4.1733857864611945,0
9035,4.1733857864611945,0
9036,4.1733857864611945,0
9037,4.1733857864611945,1
9038,4.1733857864611945,0
9039,5.983162445026956,0
9040,5.983162445026956,0
9041,5.983162445026956,0
9042,5.983162445026956,0
9043,5.983162445026956,1
9044,5.983162445026956,0
9045,5.983162445026956,0
9046,5.983162445026956,0
9047,5.983162445026956,0
9048,5.983162445026956,0
9049,5.983162445026956,0
9050,5.983162445026956,0
9051,5.983162445026956,0
9052,5.983162445026956,0
9053,5.983162445026956,0
9054,5.983162445026956,0
9055,5.983162445026956,0
9056,5.983162445026956,0
9057,5.983162445026956,0
9058,5.983162445026956,0
9059,5.983162445026956,0
9060,5.983162445026956,0
9061,5.983162445026956,0
9062,5.983162445026956,0
9063,5.983162445026956,0
9064,5.983162445026956,0
9065,5.983162445026956,0
9066,5.983162445026956,0
9067,5.983162445026956,0
9068,5.983162445026956,0
9069,5.983162445026956,0
9070,5.983162445026956,1
9071,5.983162445026956,0
9072,5.983162445026956,0
9073,5.983162445026956,0
9074,5.983162445026956,0
9075,5.983162445026956,0
9076,5.983162445026956,0
9077,5.983162445026956,0
9078,5.983162445026956,0
9079,33.93277890104712,0
9080,33.93277890104712,0
9081,33.93277890104712,0
9082,33.93277890104712,0
9083,33.93277890104712,1
9084,33.93277890104712,0
9085,33.93277890104712,0
9086,33.93277890104712,0
9087,33.93277890104712,0
9088,33.93277890104712,0
9089,33.93277890104712,0
9090,33.93277890104712,0
9091,33.93277890104712,0
9092,33.93277890104712,0
9093,33.93277890104712,0
9094,33.93277890104712,1
9095,33.93277890104712,0
9096,33.93277890104712,0
9097,33.93277890104712,0
9098,33.93277890104712,1
9099,33.93277890104712,0
9100,33.93277890104712,0
9101,33.93277890104712,0
9102,33.93277890104712,0
9103,33.93277890104712,0
9104,33.93277890104712,0
9105,33.93277890104712,0
9106,33.93277890104712,0
9107,33.93277890104712,0
9108,33.93277890104712,0
9109,33.93277890104712,0
9110,33.93277890104712,0
9111,33.93277890104712,0
9112,47.33123264870874,1
9113,47.33123264870874,0
9114,47.33123264870874,1
9115,47.33123264870874,0
9116,47.33123264870874,0
9117,47.33123264870874,0
9118,47.33123264870874,1
9119,47.33123264870874,0
9120,47.33123264870874,1
9121,47.33123264870874,0
9122,47.33123264870874,1
9123,47.33123264870874,0
9124,47.33123264870874,1
9125,47.33123264870874,0
9126,47.33123264870874,0
9127,47.33123264870874,0
9128,47.33123264870874,0
9129,47.33123264870874,0
9130,47.33123264870874,1
9131,47.33123264870874,0
9132,47.33123264870874,0
9133,47.33123264870874,0
9134,47.33123264870874,0
9135,47.33123264870874,0
9136,47.33123264870874,0
9137,47.33123264870874,0
9138,47.33123264870874,1
9139,47.33123264870874,0
9140,34.393901363687156,0
9141,34.393901363687156,0
9142,34.393901363687156,0
9143,34.393901363687156,0
9144,34.393901363687156,0
9145,34.393901363687156,0
9146,34.393901363687156,0
9147,34.393901363687156,0
9148,34.393901363687156,0
9149,34.393901363687156,0
9150,34.393901363687156,0
9151,34.393901363687156,0
9152,34.393901363687156,0
9153,34.393901363687156,0
9154,34.393901363687156,0
9155,34.393901363687156,0
9156,34.393901363687156,0
9157,34.393901363687156,0
9158,34.393901363687156,0
9159,34.393901363687156,0
9160,34.393901363687156,0
9161,34.393901363687156,0
9162,34.393901363687156,0
9163,34.393901363687156,0
9164,34.393901363687156,0
9165,34.393901363687156,0
9166,34.393901363687156,0
9167,34.393901363687156,0
9168,34.393901363687156,1
9169,60.78559376222345,0
9170,60.78559376222345,0
9171,60.78559376222345,0
9172,60.78559376222345,0
9173,60.78559376222345,0
9174,60.78559376222345,0
9175,60.78559376222345,0
9176,60.78559376222345,0
9177,60.78559376222345,0
9178,60.78559376222345,0
9179,60.78559376222345,0
9180,60.78559376222345,0
9181,60.78559376222345,0
9182,60.78559376222345,0
9183,60.78559376222345,0
9184,60.78559376222345,0
9185,60.78559376222345,0
9186,60.78559376222345,1
9187,60.78559376222345,0
9188,60.78559376222345,0
9189,60.78559376222345,0
9190,60.78559376222345,0
9191,60.78559376222345,0
9192,60.78559376222345,0
9193,60.78559376222345,0
9194,60.78559376222345,0
9195,60.78559376222345,0
9196,60.78559376222345,0
9197,60.78559376222345,0
9198,60.78559376222345,0
9199,60.78559376222345,0
9200,60.78559376222345,0
9201,60.78559376222345,0
9202,60.78559376222345,0
9203,60.78559376222345,0
9204,60.78559376222345,0
9205,60.78559376222345,0
9206,60.78559376222345,0
9207,60.78559376222345,0
9208,60.78559376222345,0
9209,67.61217982616594,0
9210,67.61217982616594,0
9211,67.61217982616594,0
9212,67.61217982616594,1
9213,67.61217982616594,1
9214,67.61217982616594,1
9215,67.61217982616594,0
9216,67.61217982616594,0
9217,67.61217982616594,0
9218,67.61217982616594,1
9219,67.61217982616594,0
9220,67.61217982616594,0
9221,67.61217982616594,0
9222,67.61217982616594,0
9223,67.61217982616594,0
9224,67.61217982616594,1
9225,67.61217982616594,0
9226,67.61217982616594,0
9227,67.61217982616594,0
9228,67.61217982616594,0
9229,67.61217982616594,0
9230,67.61217982616594,1
9231,67.61217982616594,1
9232,67.61217982616594,0
9233,67.61217982616594,0
9234,67.61217982616594,0
9235,67.61217982616594,0
9236,67.61217982616594,0
9237,54.05574838122615,0
9238,54.05574838122615,0
9239,54.05574838122615,0
9240,54.05574838122615,0
9241,54.05574838122615,0
9242,54.05574838122615,0
9243,54.05574838122615,0
9244,54.05574838122615,0
9245,54.05574838122615,0
9246,54.05574838122615,0
9247,54.05574838122615,0
9248,54.05574838122615,0
9249,54.05574838122615,0
9250,54.05574838122615,0
9251,54.05574838122615,0
9252,54.05574838122615,0
9253,54.05574838122615,0
9254,54.05574838122615,0
9255,54.05574838122615,0
9256,54.05574838122615,0
9257,54.05574838122615,0
9258,54.05574838122615,0
9259,1.727533233260848,0
9260,1.727533233260848,0
9261,1.727533233260848,0
9262,1.727533233260848,1
9263,1.727533233260848,1
9264,1.727533233260848,0
9265,1.727533233260848,0
9266,1.727533233260848,1
9267,1.727533233260848,0
9268,1.727533233260848,0
9269,1.727533233260848,0
9270,1.727533233260848,0
9271,1.727533233260848,0
9272,1.727533233260848,0
9273,1.727533233260848,0
9274,1.727533233260848,0
9275,1.727533233260848,0
9276,1.727533233260848,0
9277,1.727533233260848,0
9278,1.727533233260848,0
9279,1.727533233260848,0
9280,1.727533233260848,1
9281,1.727533233260848,0
9282,1.727533233260848,0
9283,1.727533233260848,1
9284,1.727533233260848,0
9285,1.727533233260848,0
9286,1.727533233260848,0
9287,1.727533233260848,0
9288,1.727533233260848,0
9289,1.727533233260848,0
9290,1.727533233260848,0
9291,1.727533233260848,0
9292,1.727533233260848,0
9293,1.727533233260848,0
9294,1.727533233260848,0
9295,1.727533233260848,0
9296,103.10378823495986,0
9297,103.10378823495986,1
9298,103.10378823495986,0
9299,103.10378823495986,0
9300,103.10378823495986,0
9301,103.10378823495986,0
9302,103.10378823495986,0
9303,103.10378823495986,0
9304,103.10378823495986,0
9305,103.10378823495986,0
9306,103.10378823495986,0
9307,103.10378823495986,0
9308,103.10378823495986,0
9309,103.10378823495986,0
9310,103.10378823495986,0
9311,103.10378823495986,0
9312,103.10378823495986,0
9313,103.10378823495986,0
9314,103.10378823495986,0
9315,103.10378823495986,0
9316,103.10378823495986,0
9317,103.10378823495986,0
9318,103.10378823495986,0
9319,103.10378823495986,0
9320,103.10378823495986,0
9321,103.10378823495986,0
9322,103.10378823495986,0
9323,103.10378823495986,0
9324,103.10378823495986,0
9325,103.10378823495986,1
9326,103.10378823495986,0
9327,103.10378823495986,0
9328,22.306717379454504,1
9329,22.306717379454504,0
9330,22.306717379454504,0
9331,22.306717379454504,1
9332,22.306717379454504,1
9333,22.306717379454504,1
9334,22.306717379454504,0
9335,22.306717379454504,0
9336,22.306717379454504,0
9337,22.306717379454504,0
9338,22.306717379454504,0
9339,22.306717379454504,0
9340,22.306717379454504,0
9341,22.306717379454504,0
9342,22.306717379454504,1
9343,22.306717379454504,0
9344,22.306717379454504,0
9345,22.306717379454504,0
9346,22.306717379454504,0
9347,22.306717379454504,0
9348,22.306717379454504,0
9349,22.306717379454504,0
9350,22.306717379454504,0
9351,22.306717379454504,0
9352,22.306717379454504,1
9353,22.306717379454504,0
9354,22.306717379454504,0
9355,22.306717379454504,0
9356,22.306717379454504,0
9357,22.306717379454504,0
9358,22.306717379454504,0
9359,22.306717379454504,0
9360,22.306717379454504,0
9361,22.306717379454504,0
9362,22.306717379454504,0
9363,22.306717379454504,0
9364,22.306717379454504,0
9365,22.306717379454504,0
9366,22.306717379454504,0
9367,22.306717379454504,0
9368,4.709711868721419,0
9369,4.709711868721419,0
9370,4.709711868721419,0
9371,4.709711868721419,0
9372,4.709711868721419,0
9373,4.709711868721419,0
9374,4.709711868721419,0
9375,4.709711868721419,0
9376,4.709711868721419,0
9377,4.709711868721419,0
9378,4.709711868721419,0
9379,4.709711868721419,0
9380,4.709711868721419,0
9381,4.709711868721419,0
9382,4.709711868721419,0
9383,4.709711868721419,0
9384,4.709711868721419,0
9385,4.709711868721419,0
9386,4.709711868721419,0
9387,4.709711868721419,0
9388,4.709711868721419,0
9389,4.709711868721419,0
9390,4.709711868721419,0
9391,4.709711868721419,0
9392,4.709711868721419,0
9393,4.709711868721419,0
9394,4.709711868721419,0
9395,4.709711868721419,0
9396,4.709711868721419,0
9397,4.709711868721419,0
9398,4.709711868721419,0
9399,4.709711868721419,0
9400,4.709711868721419,0
9401,4.709711868721419,0
9402,4.709711868721419,0
9403,4.709711868721419,0
9404,4.709711868721419,0
9405,4.709711868721419,0
9406,0.9475005064992953,0
9407,0.9475005064992953,0
9408,0.9475005064992953,0
9409,0.9475005064992953,0
9410,0.9475005064992953,0
9411,0.9475005064992953,0
9412,0.9475005064992953,0
9413,0.9475005064992953,0
9414,0.9475005064992953,0
9415,0.9475005064992953,0
9416,0.9475005064992953,0
9417,0.9475005064992953,1
9418,0.9475005064992953,0
9419,0.9475005064992953,0
9420,0.9475005064992953,0
9421,0.9475005064992953,1
9422,0.9475005064992953,0
9423,0.9475005064992953,0
9424,0.9475005064992953,0
9425,0.9475005064992953,0
9426,0.9475005064992953,0
9427,0.9475005064992953,0
9428,0.9475005064992953,0
9429,0.9475005064992953,0
9430,0.9475005064992953,0
9431,0.9475005064992953,0
9432,0.9475005064992953,0
9433,0.9475005064992953,1
9434,0.9475005064992953,0
9435,0.9475005064992953,0
9436,0.9475005064992953,0
9437,0.9475005064992953,0
9438,0.9475005064992953,0
9439,0.9475005064992953,0
9440,0.9475005064992953,0
9441,0.9475005064992953,0
9442,0.9475005064992953,0
9443,0.9475005064992953,0
9444,0.9475005064992953,0
9445,0.9475005064992953,0
9446,0.9475005064992953,0
9447,0.9475005064992953,0
9448,0.9475005064992953,1
9449,0.9475005064992953,0
9450,0.9475005064992953,0
9451,0.9475005064992953,0
9452,18.532356910630213,0
9453,18.532356910630213,0
9454,18.532356910630213,0
9455,18.532356910630213,0
9456,18.532356910630213,0
9457,18.532356910630213,0
9458,18.532356910630213,0
9459,18.532356910630213,0
9460,18.532356910630213,0
9461,18.532356910630213,0
9462,18.532356910630213,0
9463,18.532356910630213,0
9464,18.532356910630213,0
9465,18.532356910630213,0
9466,18.532356910630213,0
9467,18.532356910630213,0
9468,18.532356910630213,0
9469,18.532356910630213,0
9470,18.532356910630213,0
9471,18.532356910630213,0
9472,18.532356910630213,0
9473,18.532356910630213,0
9474,18.532356910630213,0
9475,18.532356910630213,0
9476,18.532356910630213,0
9477,18.532356910630213,0
9478,18.532356910630213,0
9479,18.532356910630213,0
9480,59.8356369925963,0
9481,59.8356369925963,0
9482,59.8356369925963,0
9483,59.8356369925963,0
9484,59.8356369925963,0
9485,59.8356369925963,0
9486,59.8356369925963,0
9487,59.8356369925963,0
9488,59.8356369925963,0
9489,59.8356369925963,0
9490,59.8356369925963,0
9491,59.8356369925963,0
9492,59.8356369925963,0
9493,59.8356369925963,0
9494,59.8356369925963,0
9495,59.8356369925963,0
9496,59.8356369925963,0
9497,1.5404985231402741,1
9498,1.5404985231402741,0
9499,1.5404985231402741,0
9500,1.5404985231402741,1
9501,1.5404985231402741,0
9502,1.5404985231402741,1
9503,1.5404985231402741,1
9504,1.5404985231402741,0
9505,1.5404985231402741,0
9506,1.5404985231402741,0
9507,1.5404985231402741,0
9508,1.5404985231402741,0
9509,1.5404985231402741,1
9510,1.5404985231402741,0
9511,1.5404985231402741,1
9512,1.5404985231402741,1
9513,1.5404985231402741,0
9514,1.5404985231402741,0
9515,1.5404985231402741,1
9516,1.5404985231402741,0
9517,1.5404985231402741,0
9518,1.5404985231402741,1
9519,1.5404985231402741,0
9520,1.5404985231402741,1
9521,1.5404985231402741,1
9522,1.5404985231402741,0
9523,1.5404985231402741,0
9524,1.5404985231402741,0
9525,1.5404985231402741,0
9526,1.5404985231402741,1
9527,1.5404985231402741,1
9528,1.5404985231402741,0
9529,1.5404985231402741,0
9530,1.5404985231402741,0
9531,1.5404985231402741,0
9532,1.5404985231402741,0
9533,7.852422655367831,1
9534,7.852422655367831,0
9535,7.852422655367831,0
9536,7.852422655367831,0
9537,7.852422655367831,0
9538,7.852422655367831,0
9539,7.852422655367831,0
9540,7.852422655367831,0
9541,7.852422655367831,0
9542,7.852422655367831,0
9543,7.852422655367831,0
9544,7.852422655367831,0
9545,7.852422655367831,0
9546,7.852422655367831,0
9547,7.852422655367831,0
9548,7.852422655367831,0
9549,7.852422655367831,0
9550,7.852422655367831,0
9551,7.852422655367831,0
9552,7.852422655367831,0
9553,7.852422655367831,1
9554,7.852422655367831,0
9555,7.852422655367831,0
9556,7.852422655367831,0
9557,7.852422655367831,1
9558,7.852422655367831,1
9559,7.852422655367831,0
9560,7.852422655367831,0
9561,7.852422655367831,0
9562,7.852422655367831,1
9563,7.852422655367831,0
9564,7.852422655367831,0
9565,7.852422655367831,0
9566,39.390006001360135,0
9567,39.390006001360135,0
9568,39.390006001360135,0
9569,39.390006001360135,0
9570,39.390006001360135,0
9571,39.390006001360135,0
9572,39.390006001360135,0
9573,39.390006001360135,0
9574,39.390006001360135,0
9575,39.390006001360135,0
9576,39.390006001360135,0
9577,39.390006001360135,0
9578,39.390006001360135,0
9579,39.390006001360135,0
9580,39.390006001360135,0
9581,39.390006001360135,0
9582,39.390006001360135,0
9583,39.390006001360135,0
9584,39.390006001360135,0
9585,39.390006001360135,0
9586,39.390006001360135,0
9587,39.390006001360135,0
9588,39.390006001360135,0
9589,39.390006001360135,0
9590,39.390006001360135,0
9591,39.390006001360135,0
9592,39.390006001360135,0
9593,39.390006001360135,0
9594,39.390006001360135,0
9595,39.390006001360135,0
9596,39.390006001360135,0
9597,39.390006001360135,0
9598,39.390006001360135,0
9599,39.390006001360135,0
9600,39.390006001360135,0
9601,35.63185096744711,0
9602,35.63185096744711,1
9603,35.63185096744711,0
9604,35.63185096744711,0
9605,35.63185096744711,0
9606,35.63185096744711,0
9607,35.63185096744711,0
9608,35.63185096744711,0
9609,35.63185096744711,0
9610,35.63185096744711,0
9611,35.63185096744711,1
9612,35.63185096744711,0
9613,35.63185096744711,0
9614,35.63185096744711,0
9615,35.63185096744711,0
9616,35.63185096744711,0
9617,35.63185096744711,0
9618,35.63185096744711,0
9619,35.63185096744711,0
9620,35.63185096744711,0
9621,35.63185096744711,0
9622,35.63185096744711,0
9623,35.63185096744711,1
9624,35.63185096744711,0
9625,35.63185096744711,0
9626,35.63185096744711,0
9627,35.63185096744711,0
9628,35.63185096744711,0
9629,35.63185096744711,0
9630,35.63185096744711,0
9631,35.63185096744711,0
9632,35.63185096744711,0
9633,35.63185096744711,0
9634,35.63185096744711,0
9635,33.40058005346203,0
9636,33.40058005346203,0
9637,33.40058005346203,0
9638,33.40058005346203,0
9639,33.40058005346203,0
9640,33.40058005346203,0
9641,33.40058005346203,0
9642,33.40058005346203,0
9643,33.40058005346203,0
9644,33.40058005346203,0
9645,33.40058005346203,0
9646,33.40058005346203,0
9647,33.40058005346203,0
9648,33.40058005346203,0
9649,33.40058005346203,0
9650,33.40058005346203,0
9651,7.082651369012288,0
9652,7.082651369012288,0
9653,7.082651369012288,1
9654,7.082651369012288,0
9655,7.082651369012288,0
9656,7.082651369012288,0
9657,7.082651369012288,1
9658,7.082651369012288,0
9659,7.082651369012288,0
9660,7.082651369012288,0
9661,7.082651369012288,0
9662,7.082651369012288,0
9663,7.082651369012288,0
9664,7.082651369012288,0
9665,7.082651369012288,0
9666,7.082651369012288,0
9667,7.082651369012288,0
9668,7.082651369012288,0
9669,7.082651369012288,0
9670,7.082651369012288,0
9671,7.082651369012288,0
9672,7.082651369012288,0
9673,7.082651369012288,0
9674,7.082651369012288,0
9675,7.082651369012288,0
9676,7.082651369012288,0
9677,7.082651369012288,0
9678,7.082651369012288,0
9679,7.082651369012288,0
9680,7.082651369012288,0
9681,7.082651369012288,0
9682,7.082651369012288,0
9683,5.712577445287802,0
9684,5.712577445287802,0
9685,5.712577445287802,0
9686,5.712577445287802,0
9687,5.712577445287802,0
9688,5.712577445287802,0
9689,5.712577445287802,0
9690,5.712577445287802,0
9691,5.712577445287802,1
9692,5.712577445287802,0
9693,5.712577445287802,0
9694,5.712577445287802,0
9695,5.712577445287802,0
9696,5.712577445287802,1
9697,5.712577445287802,0
9698,5.712577445287802,0
9699,5.712577445287802,0
9700,5.712577445287802,0
9701,5.712577445287802,0
9702,5.712577445287802,0
9703,5.712577445287802,0
9704,5.712577445287802,0
9705,5.712577445287802,1
9706,5.712577445287802,0
9707,5.712577445287802,0
9708,5.712577445287802,0
9709,5.712577445287802,0
9710,5.712577445287802,0
9711,5.712577445287802,0
9712,5.712577445287802,0
9713,5.712577445287802,0
9714,5.712577445287802,0
9715,0.6356771208057782,0
9716,0.6356771208057782,0
9717,0.6356771208057782,0
9718,0.6356771208057782,0
9719,0.6356771208057782,0
9720,0.6356771208057782,0
9721,0.6356771208057782,0
9722,0.6356771208057782,0
9723,0.6356771208057782,0
9724,0.6356771208057782,0
9725,0.6356771208057782,0
9726,0.6356771208057782,0
9727,0.6356771208057782,0
9728,0.6356771208057782,0
9729,0.6356771208057782,0
9730,0.6356771208057782,0
9731,0.6356771208057782,0
9732,0.6356771208057782,0
9733,0.6356771208057782,0
9734,0.6356771208057782,0
9735,0.6356771208057782,0
9736,0.6356771208057782,0
9737,0.6356771208057782,0
9738,0.6356771208057782,0
9739,0.6356771208057782,0
9740,0.6356771208057782,0
9741,0.6356771208057782,0
9742,0.6356771208057782,0
9743,0.6356771208057782,0
9744,0.6356771208057782,0
9745,0.6356771208057782,0
9746,0.6356771208057782,0
9747,0.6356771208057782,0
9748,0.6356771208057782,0
9749,0.6356771208057782,0
9750,0.6356771208057782,0
9751,0.6356771208057782,0
9752,0.6356771208057782,0
9753,0.6356771208057782,0
9754,30.71899052651069,0
9755,30.71899052651069,0
9756,30.71899052651069,0
9757,30.71899052651069,0
9758,30.71899052651069,0
9759,30.71899052651069,0
9760,30.71899052651069,0
9761,30.71899052651069,0
9762,30.71899052651069,0
9763,30.71899052651069,0
9764,30.71899052651069,0
9765,30.71899052651069,0
9766,30.71899052651069,0
9767,30.71899052651069,0
9768,30.71899052651069,1
9769,30.71899052651069,0
9770,30.71899052651069,0
9771,30.71899052651069,0
9772,30.71899052651069,0
9773,30.71899052651069,0
9774,30.71899052651069,0
9775,30.71899052651069,0
9776,30.71899052651069,0
9777,30.71899052651069,0
9778,30.71899052651069,0
9779,30.71899052651069,0
9780,30.71899052651069,0
9781,30.71899052651069,0
9782,30.71899052651069,0
9783,30.71899052651069,1
9784,30.71899052651069,0
9785,30.71899052651069,0
9786,30.71899052651069,0
9787,30.71899052651069,0
9788,30.71899052651069,0
9789,1.1346601606176758,0
9790,1.1346601606176758,0
9791,1.1346601606176758,0
9792,1.1346601606176758,0
9793,1.1346601606176758,0
9794,1.1346601606176758,0
9795,1.1346601606176758,0
9796,1.1346601606176758,0
9797,1.1346601606176758,0
9798,1.1346601606176758,0
9799,1.1346601606176758,0
9800,1.1346601606176758,0
9801,1.1346601606176758,0
9802,1.1346601606176758,0
9803,1.1346601606176758,0
9804,1.1346601606176758,0
9805,1.1346601606176758,0
9806,1.1346601606176758,0
9807,1.1346601606176758,0
9808,1.1346601606176758,0
9809,1.1346601606176758,0
9810,1.1346601606176758,0
9811,1.1346601606176758,0
9812,1.1346601606176758,0
9813,1.1346601606176758,1
9814,1.1346601606176758,0
9815,1.1346601606176758,0
9816,1.1346601606176758,0
9817,1.1346601606176758,0
9818,1.1346601606176758,0
9819,1.1346601606176758,0
9820,1.1346601606176758,0
9821,1.1346601606176758,0
9822,1.1346601606176758,0
9823,1.1346601606176758,0
9824,2.656264373452355,0
9825,2.656264373452355,0
9826,2.656264373452355,1
9827,2.656264373452355,1
9828,2.656264373452355,1
9829,2.656264373452355,0
9830,2.656264373452355,0
9831,2.656264373452355,0
9832,2.656264373452355,1
9833,2.656264373452355,1
9834,2.656264373452355,0
9835,2.656264373452355,0
9836,2.656264373452355,1
9837,2.656264373452355,0
9838,2.656264373452355,1
9839,2.656264373452355,0
9840,2.656264373452355,0
9841,2.656264373452355,0
9842,2.656264373452355,0
9843,2.656264373452355,0
9844,2.656264373452355,0
9845,2.656264373452355,0
9846,2.656264373452355,1
9847,2.656264373452355,0
9848,2.656264373452355,0
9849,2.656264373452355,0
9850,2.656264373452355,0
9851,2.656264373452355,0
9852,2.656264373452355,0
9853,2.656264373452355,0
9854,2.656264373452355,0
9855,2.656264373452355,1
9856,2.656264373452355,0
9857,2.656264373452355,1
9858,2.656264373452355,0
9859,2.656264373452355,0
9860,2.656264373452355,0
9861,2.656264373452355,0
9862,2.656264373452355,0
9863,2.656264373452355,1
9864,2.656264373452355,1
9865,2.656264373452355,0
9866,2.656264373452355,0
9867,2.656264373452355,1
9868,2.656264373452355,0
9869,2.656264373452355,0
9870,2.656264373452355,1
9871,2.656264373452355,0
9872,2.656264373452355,0
9873,2.656264373452355,0
9874,2.656264373452355,0
9875,2.656264373452355,0
9876,2.656264373452355,0
9877,2.656264373452355,0
9878,2.656264373452355,0
9879,2.656264373452355,0
9880,2.656264373452355,1
9881,42.70967587450657,0
9882,42.70967587450657,0
9883,42.70967587450657,0
9884,42.70967587450657,0
9885,42.70967587450657,0
9886,42.70967587450657,0
9887,42.70967587450657,0
9888,42.70967587450657,0
9889,42.70967587450657,0
9890,42.70967587450657,0
9891,42.70967587450657,0
9892,42.70967587450657,0
9893,42.70967587450657,0
9894,42.70967587450657,0
9895,42.70967587450657,0
9896,42.70967587450657,0
9897,42.70967587450657,0
9898,42.70967587450657,1
9899,42.70967587450657,0
9900,42.70967587450657,0
9901,42.70967587450657,0
9902,42.70967587450657,0
9903,42.70967587450657,0
9904,42.70967587450657,0
9905,42.70967587450657,0
9906,42.70967587450657,0
9907,42.70967587450657,0
9908,42.70967587450657,0
9909,42.70967587450657,0
9910,42.70967587450657,0
9911,42.70967587450657,0
9912,42.70967587450657,0
9913,13.372345038365902,0
9914,13.372345038365902,0
9915,13.372345038365902,0
9916,13.372345038365902,0
9917,13.372345038365902,0
9918,13.372345038365902,0
9919,13.372345038365902,0
9920,13.372345038365902,0
9921,13.372345038365902,0
9922,13.372345038365902,0
9923,13.372345038365902,0
9924,13.372345038365902,0
9925,13.372345038365902,0
9926,13.372345038365902,0
9927,13.372345038365902,0
9928,13.372345038365902,1
9929,13.372345038365902,0
9930,13.372345038365902,1
9931,13.372345038365902,0
9932,13.372345038365902,0
9933,13.372345038365902,0
9934,13.372345038365902,0
9935,13.372345038365902,0
9936,13.372345038365902,0
9937,13.372345038365902,0
9938,13.372345038365902,0
9939,13.372345038365902,0
9940,13.372345038365902,0
9941,13.372345038365902,0
9942,13.372345038365902,1
9943,13.372345038365902,0
9944,13.372345038365902,0
9945,13.372345038365902,0
9946,12.360684039071678,0
9947,12.360684039071678,0
9948,12.360684039071678,0
9949,12.360684039071678,0
9950,12.360684039071678,0
9951,12.360684039071678,0
9952,12.360684039071678,0
9953,12.360684039071678,0
9954,12.360684039071678,0
9955,12.360684039071678,0
9956,12.360684039071678,0
9957,12.360684039071678,0
9958,12.360684039071678,0
9959,12.360684039071678,0
9960,12.360684039071678,0
9961,12.360684039071678,0
9962,12.360684039071678,0
9963,12.360684039071678,0
9964,12.360684039071678,0
9965,12.360684039071678,0
9966,12.360684039071678,0
9967,12.360684039071678,0
9968,12.360684039071678,0
9969,12.360684039071678,0
9970,12.360684039071678,0
9971,12.360684039071678,0
9972,12.360684039071678,0
9973,12.360684039071678,0
9974,12.360684039071678,0
9975,12.360684039071678,0
9976,12.360684039071678,0
9977,12.360684039071678,0
9978,12.360684039071678,0
9979,12.360684039071678,0
9980,12.360684039071678,0
9981,12.360684039071678,0
9982,12.360684039071678,0
9983,12.360684039071678,0
9984,12.360684039071678,0
9985,61.53140207396485,0
9986,61.53140207396485,0
9987,61.53140207396485,0
9988,61.53140207396485,0
9989,61.53140207396485,0
9990,61.53140207396485,0
9991,61.53140207396485,0
9992,61.53140207396485,0
9993,61.53140207396485,0
9994,61.53140207396485,0
9995,61.53140207396485,0
9996,61.53140207396485,0
9997,61.53140207396485,0
9998,61.53140207396485,0
9999,61.53140207396485,0
10000,61.53140207396485,1
10001,61.53140207396485,0
10002,61.53140207396485,0
10003,61.53140207396485,0
10004,61.53140207396485,0
10005,61.53140207396485,0
10006,61.53140207396485,0
10007,61.53140207396485,1
10008,61.53140207396485,0
10009,61.53140207396485,0
10010,61.53140207396485,0
10011,61.53140207396485,0
10012,61.53140207396485,0
10013,61.53140207396485,0
10014,61.53140207396485,0
10015,61.53140207396485,0
10016,61.53140207396485,0
10017,14.110396616675533,0
10018,14.110396616675533,0
10019,14.110396616675533,0
10020,14.110396616675533,0
10021,14.110396616675533,0
10022,14.110396616675533,0
10023,14.110396616675533,0
10024,14.110396616675533,0
10025,14.110396616675533,0
10026,14.110396616675533,0
10027,14.110396616675533,0
10028,14.110396616675533,0
10029,14.110396616675533,0
10030,14.110396616675533,0
10031,14.110396616675533,0
10032,14.110396616675533,0
10033,14.110396616675533,0
10034,14.110396616675533,0
10035,14.110396616675533,0
10036,14.110396616675533,0
10037,14.110396616675533,0
10038,14.110396616675533,0
10039,14.110396616675533,0
10040,14.110396616675533,0
10041,14.110396616675533,0
10042,14.110396616675533,0
10043,14.110396616675533,0
10044,14.110396616675533,0
10045,14.110396616675533,0
10046,14.110396616675533,0
10047,14.110396616675533,0
10048,14.110396616675533,0
10049,14.110396616675533,0
10050,14.110396616675533,0
10051,1.7602865502970308,0
10052,1.7602865502970308,0
10053,1.7602865502970308,0
10054,1.7602865502970308,0
10055,1.7602865502970308,0
10056,1.7602865502970308,0
10057,1.7602865502970308,0
10058,1.7602865502970308,0
10059,1.7602865502970308,0
10060,1.7602865502970308,0
10061,1.7602865502970308,0
10062,1.7602865502970308,0
10063,1.7602865502970308,0
10064,1.7602865502970308,0
10065,1.7602865502970308,1
10066,1.7602865502970308,0
10067,1.7602865502970308,1
10068,1.7602865502970308,0
10069,1.7602865502970308,0
10070,1.7602865502970308,0
10071,1.7602865502970308,0
10072,1.7602865502970308,0
10073,1.7602865502970308,0
10074,1.7602865502970308,0
10075,1.7602865502970308,0
10076,1.7602865502970308,0
10077,1.7602865502970308,0
10078,1.7602865502970308,0
10079,1.7602865502970308,0
10080,1.7602865502970308,0
10081,1.7602865502970308,0
10082,1.7602865502970308,0
10083,1.7602865502970308,0
10084,1.7602865502970308,0
10085,1.7602865502970308,1
10086,1.7602865502970308,0
10087,1.7602865502970308,0
10088,1.7602865502970308,1
10089,1.7602865502970308,0
10090,1.7602865502970308,1
10091,1.7602865502970308,0
10092,1.7602865502970308,0
10093,1.7602865502970308,0
10094,1.7602865502970308,0
10095,1.7602865502970308,0
10096,1.7602865502970308,0
10097,81.80187693332016,0
10098,81.80187693332016,0
10099,81.80187693332016,0
10100,81.80187693332016,0
10101,81.80187693332016,0
10102,81.80187693332016,0
10103,81.80187693332016,0
10104,81.80187693332016,0
10105,81.80187693332016,0
10106,81.80187693332016,1
10107,81.80187693332016,0
10108,81.80187693332016,0
10109,81.80187693332016,0
10110,81.80187693332016,0
10111,81.80187693332016,0
10112,81.80187693332016,1
10113,81.80187693332016,0
10114,81.80187693332016,0
10115,81.80187693332016,0
10116,81.80187693332016,0
10117,81.80187693332016,0
10118,81.80187693332016,0
10119,81.80187693332016,0
10120,81.80187693332016,0
10121,81.80187693332016,0
10122,81.80187693332016,0
10123,81.80187693332016,0
10124,81.80187693332016,0
10125,81.80187693332016,0
10126,81.80187693332016,0
10127,81.80187693332016,0
10128,81.80187693332016,0
10129,81.80187693332016,0
10130,28.710861586106613,0
10131,28.710861586106613,0
10132,28.710861586106613,0
10133,28.710861586106613,0
10134,28.710861586106613,0
10135,28.710861586106613,0
10136,28.710861586106613,0
10137,28.710861586106613,0
10138,28.710861586106613,0
10139,28.710861586106613,0
10140,28.710861586106613,0
10141,28.710861586106613,0
10142,28.710861586106613,0
10143,28.710861586106613,0
10144,28.710861586106613,0
10145,28.710861586106613,0
10146,28.710861586106613,0
10147,28.710861586106613,1
10148,28.710861586106613,0
10149,28.710861586106613,0
10150,28.710861586106613,0
10151,28.710861586106613,1
10152,28.710861586106613,0
10153,28.710861586106613,0
10154,28.710861586106613,0
10155,28.710861586106613,0
10156,28.710861586106613,0
10157,28.710861586106613,0
10158,28.710861586106613,1
10159,28.710861586106613,0
10160,28.710861586106613,0
10161,28.710861586106613,0
10162,28.710861586106613,0
10163,28.710861586106613,1
10164,28.710861586106613,1
10165,81.62884562366585,0
10166,81.62884562366585,0
10167,81.62884562366585,0
10168,81.62884562366585,0
10169,81.62884562366585,0
10170,81.62884562366585,0
10171,81.62884562366585,0
10172,81.62884562366585,0
10173,81.62884562366585,0
10174,81.62884562366585,1
10175,81.62884562366585,0
10176,81.62884562366585,0
10177,81.62884562366585,1
10178,81.62884562366585,0
10179,81.62884562366585,0
10180,81.62884562366585,0
10181,81.62884562366585,0
10182,81.62884562366585,0
10183,81.62884562366585,0
10184,81.62884562366585,0
10185,81.62884562366585,0
10186,81.62884562366585,1
10187,81.62884562366585,0
10188,81.62884562366585,0
10189,81.62884562366585,0
10190,81.62884562366585,0
10191,81.62884562366585,0
10192,81.62884562366585,0
10193,81.62884562366585,0
10194,81.62884562366585,0
10195,81.62884562366585,0
10196,0.5854213725135473,0
10197,0.5854213725135473,0
10198,0.5854213725135473,0
10199,0.5854213725135473,0
10200,0.5854213725135473,0
10201,0.5854213725135473,0
10202,0.5854213725135473,0
10203,0.5854213725135473,0
10204,0.5854213725135473,0
10205,0.5854213725135473,0
10206,0.5854213725135473,0
10207,0.5854213725135473,1
10208,0.5854213725135473,0
10209,0.5854213725135473,1
10210,0.5854213725135473,0
10211,0.5854213725135473,0
10212,0.5854213725135473,0
10213,0.5854213725135473,0
10214,0.5854213725135473,0
10215,0.5854213725135473,0
10216,0.5854213725135473,0
10217,0.5854213725135473,1
10218,0.5854213725135473,0
10219,0.5854213725135473,0
10220,0.5854213725135473,0
10221,0.5854213725135473,0
10222,0.5854213725135473,1
10223,0.5854213725135473,0
10224,0.5854213725135473,0
10225,0.5854213725135473,0
10226,0.5854213725135473,1
10227,0.5854213725135473,0
10228,0.5854213725135473,0
10229,0.5854213725135473,0
10230,1.7715945235718709,0
10231,1.7715945235718709,0
10232,1.7715945235718709,0
10233,1.7715945235718709,0
10234,1.7715945235718709,0
10235,1.7715945235718709,0
10236,1.7715945235718709,0
10237,1.7715945235718709,0
10238,1.7715945235718709,0
10239,1.7715945235718709,0
10240,1.7715945235718709,0
10241,1.7715945235718709,0
10242,1.7715945235718709,0
10243,1.7715945235718709,0
10244,1.7715945235718709,0
10245,1.7715945235718709,0
10246,1.7715945235718709,0
10247,1.7715945235718709,0
10248,1.7715945235718709,0
10249,1.7715945235718709,0
10250,1.7715945235718709,0
10251,1.7715945235718709,0
10252,1.7715945235718709,0
10253,1.7715945235718709,0
10254,1.7715945235718709,0
10255,1.7715945235718709,0
10256,1.7715945235718709,0
10257,1.7715945235718709,0
10258,1.7715945235718709,0
10259,1.7715945235718709,0
10260,1.7715945235718709,0
10261,1.7715945235718709,0
10262,1.7715945235718709,0
10263,1.7715945235718709,0
10264,1.7715945235718709,0
10265,1.7715945235718709,0
10266,1.7715945235718709,0
10267,1.7715945235718709,0
10268,1.7715945235718709,0
10269,1.7715945235718709,0
10270,1.7715945235718709,0
10271,1.7715945235718709,0
10272,11.683738963589853,0
10273,11.683738963589853,0
10274,11.683738963589853,0
10275,11.683738963589853,0
10276,11.683738963589853,0
10277,11.683738963589853,0
10278,11.683738963589853,0
10279,11.683738963589853,0
10280,11.683738963589853,0
10281,11.683738963589853,0
10282,11.683738963589853,0
10283,11.683738963589853,0
10284,11.683738963589853,0
10285,11.683738963589853,0
10286,11.683738963589853,0
10287,11.683738963589853,0
10288,11.683738963589853,0
10289,11.683738963589853,0
10290,11.683738963589853,0
10291,11.683738963589853,0
10292,11.683738963589853,0
10293,11.683738963589853,0
10294,11.683738963589853,0
10295,11.683738963589853,0
10296,11.683738963589853,0
10297,11.683738963589853,0
10298,11.683738963589853,0
10299,11.683738963589853,0
10300,11.683738963589853,0
10301,11.683738963589853,0
10302,11.683738963589853,0
10303,11.683738963589853,0
10304,11.683738963589853,0
10305,11.683738963589853,0
10306,11.683738963589853,0
10307,11.683738963589853,0
10308,1.3822889147399706,0
10309,1.3822889147399706,0
10310,1.3822889147399706,0
10311,1.3822889147399706,0
10312,1.3822889147399706,0
10313,1.3822889147399706,0
10314,1.3822889147399706,0
10315,1.3822889147399706,0
10316,1.3822889147399706,0
10317,1.3822889147399706,0
10318,1.3822889147399706,0
10319,1.3822889147399706,0
10320,1.3822889147399706,0
10321,1.3822889147399706,0
10322,1.3822889147399706,0
10323,1.3822889147399706,0
10324,1.3822889147399706,0
10325,1.3822889147399706,0
10326,1.3822889147399706,0
10327,1.3822889147399706,0
10328,1.3822889147399706,0
10329,1.3822889147399706,0
10330,1.3822889147399706,0
10331,1.3822889147399706,0
10332,1.3822889147399706,0
10333,1.3822889147399706,0
10334,1.3822889147399706,0
10335,1.3822889147399706,0
10336,1.3822889147399706,0
10337,1.3822889147399706,0
10338,1.3822889147399706,0
10339,1.3822889147399706,0
10340,1.3822889147399706,0
10341,1.3822889147399706,0
10342,3.328778954919442,0
10343,3.328778954919442,0
10344,3.328778954919442,0
10345,3.328778954919442,0
10346,3.328778954919442,0
10347,3.328778954919442,0
10348,3.328778954919442,0
10349,3.328778954919442,0
10350,3.328778954919442,0
10351,3.328778954919442,0
10352,3.328778954919442,0
10353,3.328778954919442,0
10354,3.328778954919442,0
10355,3.328778954919442,0
10356,3.328778954919442,0
10357,3.328778954919442,0
10358,3.328778954919442,0
10359,3.328778954919442,0
10360,3.328778954919442,0
10361,3.328778954919442,0
10362,3.328778954919442,0
10363,3.328778954919442,0
10364,3.328778954919442,0
10365,3.328778954919442,0
10366,3.328778954919442,0
10367,3.328778954919442,0
10368,3.328778954919442,0
10369,3.328778954919442,0
10370,3.328778954919442,0
10371,3.328778954919442,0
10372,3.328778954919442,0
10373,3.328778954919442,0
10374,3.328778954919442,0
10375,3.328778954919442,0
10376,3.328778954919442,0
10377,3.328778954919442,0
10378,3.328778954919442,1
10379,3.328778954919442,0
10380,3.328778954919442,0
10381,3.328778954919442,1
10382,8.772098643486187,0
10383,8.772098643486187,0
10384,8.772098643486187,0
10385,8.772098643486187,1
10386,8.772098643486187,0
10387,8.772098643486187,1
10388,8.772098643486187,0
10389,8.772098643486187,0
10390,8.772098643486187,1
10391,8.772098643486187,0
10392,8.772098643486187,0
10393,8.772098643486187,1
10394,8.772098643486187,0
10395,8.772098643486187,0
10396,8.772098643486187,1
10397,8.772098643486187,1
10398,8.772098643486187,0
10399,8.772098643486187,0
10400,8.772098643486187,1
10401,8.772098643486187,0
10402,8.772098643486187,0
10403,8.772098643486187,0
10404,8.772098643486187,0
10405,8.772098643486187,0
10406,8.772098643486187,0
10407,8.772098643486187,0
10408,8.772098643486187,1
10409,8.772098643486187,0
10410,8.772098643486187,0
10411,8.772098643486187,0
10412,8.772098643486187,0
10413,8.772098643486187,1
10414,8.772098643486187,0
10415,8.772098643486187,0
10416,8.772098643486187,0
10417,8.772098643486187,0
10418,8.772098643486187,0
10419,8.772098643486187,0
10420,8.772098643486187,0
10421,8.772098643486187,1
10422,8.772098643486187,0
10423,8.772098643486187,0
10424,8.772098643486187,0
10425,10.957645588540224,0
10426,10.957645588540224,0
10427,10.957645588540224,0
10428,10.957645588540224,0
10429,10.957645588540224,0
10430,10.957645588540224,0
10431,10.957645588540224,0
10432,10.957645588540224,0
10433,10.957645588540224,0
10434,10.957645588540224,1
10435,10.957645588540224,0
10436,10.957645588540224,0
10437,10.957645588540224,0
10438,10.957645588540224,0
10439,10.957645588540224,0
10440,10.957645588540224,0
10441,10.957645588540224,0
10442,10.957645588540224,0
10443,10.957645588540224,1
10444,10.957645588540224,0
10445,10.957645588540224,0
10446,10.957645588540224,0
10447,10.957645588540224,1
10448,10.957645588540224,1
10449,10.957645588540224,1
10450,10.957645588540224,0
10451,10.957645588540224,0
10452,10.957645588540224,0
10453,10.957645588540224,0
10454,10.957645588540224,1
10455,10.957645588540224,1
10456,10.957645588540224,0
10457,10.957645588540224,0
10458,10.957645588540224,1
10459,10.957645588540224,0
10460,10.957645588540224,0
10461,10.957645588540224,0
10462,10.957645588540224,0
10463,10.957645588540224,0
10464,10.957645588540224,0
10465,10.957645588540224,0
10466,10.957645588540224,0
10467,10.957645588540224,0
10468,10.957645588540224,0
10469,10.957645588540224,0
10470,10.957645588540224,0
10471,10.957645588540224,0
10472,10.957645588540224,0
10473,117.5244224301781,0
10474,117.5244224301781,1
10475,117.5244224301781,1
10476,117.5244224301781,0
10477,117.5244224301781,0
10478,117.5244224301781,0
10479,117.5244224301781,0
10480,117.5244224301781,0
10481,117.5244224301781,0
10482,117.5244224301781,0
10483,117.5244224301781,0
10484,117.5244224301781,0
10485,117.5244224301781,0
10486,117.5244224301781,0
10487,117.5244224301781,0
10488,117.5244224301781,1
10489,117.5244224301781,0
10490,117.5244224301781,0
10491,117.5244224301781,0
10492,117.5244224301781,1
10493,117.5244224301781,0
10494,117.5244224301781,0
10495,117.5244224301781,0
10496,117.5244224301781,0
10497,117.5244224301781,0
10498,117.5244224301781,0
10499,117.5244224301781,0
10500,117.5244224301781,0
10501,117.5244224301781,0
10502,117.5244224301781,0
10503,117.5244224301781,0
10504,117.5244224301781,0
10505,32.714049048783124,0
10506,32.714049048783124,0
10507,32.714049048783124,0
10508,32.714049048783124,0
10509,32.714049048783124,0
10510,32.714049048783124,0
10511,32.714049048783124,0
10512,32.714049048783124,0
10513,32.714049048783124,0
10514,32.714049048783124,1
10515,32.714049048783124,0
10516,32.714049048783124,0
10517,32.714049048783124,1
10518,32.714049048783124,0
10519,32.714049048783124,0
10520,32.714049048783124,0
10521,32.714049048783124,0
10522,32.714049048783124,0
10523,32.714049048783124,0
10524,32.714049048783124,0
10525,32.714049048783124,0
10526,32.714049048783124,0
10527,32.714049048783124,0
10528,32.714049048783124,0
10529,32.714049048783124,0
10530,32.714049048783124,0
10531,32.714049048783124,0
10532,32.714049048783124,1
10533,32.714049048783124,0
10534,32.714049048783124,0
10535,32.714049048783124,0
10536,32.714049048783124,0
10537,3.6214048165663493,0
10538,3.6214048165663493,0
10539,3.6214048165663493,0
10540,3.6214048165663493,0
10541,3.6214048165663493,0
10542,3.6214048165663493,0
10543,3.6214048165663493,0
10544,3.6214048165663493,0
10545,3.6214048165663493,0
10546,3.6214048165663493,0
10547,3.6214048165663493,0
10548,3.6214048165663493,0
10549,3.6214048165663493,0
10550,3.6214048165663493,0
10551,3.6214048165663493,1
10552,3.6214048165663493,0
10553,3.6214048165663493,0
10554,3.6214048165663493,0
10555,3.6214048165663493,0
10556,3.6214048165663493,1
10557,3.6214048165663493,0
10558,3.6214048165663493,0
10559,3.6214048165663493,0
10560,3.6214048165663493,0
10561,3.6214048165663493,0
10562,3.6214048165663493,0
10563,3.6214048165663493,0
10564,3.6214048165663493,0
10565,3.6214048165663493,0
10566,3.6214048165663493,0
10567,3.6214048165663493,0
10568,3.6214048165663493,0
10569,3.6214048165663493,0
10570,3.6214048165663493,0
10571,3.6214048165663493,0
10572,3.6214048165663493,0
10573,3.6214048165663493,0
10574,3.6214048165663493,0
10575,3.6214048165663493,0
10576,3.6214048165663493,0
10577,43.36368387022526,0
10578,43.36368387022526,0
10579,43.36368387022526,0
10580,43.36368387022526,0
10581,43.36368387022526,1
10582,43.36368387022526,0
10583,43.36368387022526,0
10584,43.36368387022526,0
10585,43.36368387022526,0
10586,43.36368387022526,0
10587,43.36368387022526,0
10588,43.36368387022526,0
10589,43.36368387022526,0
10590,43.36368387022526,0
10591,43.36368387022526,0
10592,43.36368387022526,0
10593,43.36368387022526,1
10594,43.36368387022526,1
10595,43.36368387022526,1
10596,43.36368387022526,1
10597,43.36368387022526,0
10598,43.36368387022526,1
10599,43.36368387022526,0
10600,43.36368387022526,0
10601,43.36368387022526,0
10602,43.36368387022526,0
10603,43.36368387022526,0
10604,43.36368387022526,0
10605,43.36368387022526,0
10606,43.36368387022526,1
10607,43.36368387022526,0
10608,43.36368387022526,1
10609,43.36368387022526,0
10610,43.36368387022526,0
10611,43.36368387022526,1
10612,43.36368387022526,0
10613,43.36368387022526,1
10614,43.36368387022526,0
10615,1.0086234957568243,0
10616,1.0086234957568243,0
10617,1.0086234957568243,0
10618,1.0086234957568243,0
10619,1.0086234957568243,0
10620,1.0086234957568243,0
10621,1.0086234957568243,0
10622,1.0086234957568243,0
10623,1.0086234957568243,0
10624,1.0086234957568243,0
10625,1.0086234957568243,0
10626,1.0086234957568243,0
10627,1.0086234957568243,0
10628,1.0086234957568243,0
10629,1.0086234957568243,0
10630,1.0086234957568243,0
10631,1.0086234957568243,0
10632,1.0086234957568243,0
10633,1.0086234957568243,0
10634,1.0086234957568243,0
10635,1.0086234957568243,0
10636,1.0086234957568243,0
10637,1.0086234957568243,0
10638,1.0086234957568243,0
10639,1.0086234957568243,0
10640,1.0086234957568243,0
10641,1.0086234957568243,0
10642,1.0086234957568243,0
10643,1.0086234957568243,0
10644,7.106230453498302,0
10645,7.106230453498302,0
10646,7.106230453498302,0
10647,7.106230453498302,0
10648,7.106230453498302,0
10649,7.106230453498302,0
10650,7.106230453498302,0
10651,7.106230453498302,0
10652,7.106230453498302,0
10653,7.106230453498302,0
10654,7.106230453498302,0
10655,7.106230453498302,0
10656,7.106230453498302,0
10657,7.106230453498302,0
10658,7.106230453498302,0
10659,7.106230453498302,0
10660,7.106230453498302,0
10661,7.106230453498302,0
10662,7.106230453498302,0
10663,7.106230453498302,0
10664,7.106230453498302,0
10665,7.106230453498302,0
10666,7.106230453498302,0
10667,7.106230453498302,0
10668,7.106230453498302,0
10669,7.106230453498302,0
10670,7.106230453498302,0
10671,7.106230453498302,0
10672,7.106230453498302,0
10673,7.106230453498302,0
10674,7.106230453498302,0
10675,7.106230453498302,0
10676,67.12106588092085,0
10677,67.12106588092085,0
10678,67.12106588092085,0
10679,67.12106588092085,0
10680,67.12106588092085,0
10681,67.12106588092085,0
10682,67.12106588092085,0
10683,67.12106588092085,0
10684,67.12106588092085,0
10685,67.12106588092085,0
10686,67.12106588092085,0
10687,67.12106588092085,0
10688,67.12106588092085,0
10689,67.12106588092085,0
10690,67.12106588092085,0
10691,67.12106588092085,0
10692,67.12106588092085,1
10693,67.12106588092085,0
10694,67.12106588092085,0
10695,67.12106588092085,0
10696,67.12106588092085,0
10697,67.12106588092085,0
10698,67.12106588092085,0
10699,67.12106588092085,0
10700,67.12106588092085,0
10701,67.12106588092085,0
10702,67.12106588092085,1
10703,67.12106588092085,0
10704,67.12106588092085,0
10705,67.12106588092085,0
10706,67.12106588092085,0
10707,67.12106588092085,0
10708,67.12106588092085,0
10709,67.12106588092085,0
10710,67.12106588092085,0
10711,67.12106588092085,0
10712,67.12106588092085,0
10713,67.12106588092085,0
10714,67.12106588092085,0
10715,67.12106588092085,0
10716,67.12106588092085,0
10717,67.12106588092085,0
10718,67.12106588092085,0
10719,4.1176290278886105,0
10720,4.1176290278886105,1
10721,4.1176290278886105,0
10722,4.1176290278886105,0
10723,4.1176290278886105,0
10724,4.1176290278886105,0
10725,4.1176290278886105,0
10726,4.1176290278886105,0
10727,4.1176290278886105,0
10728,4.1176290278886105,0
10729,4.1176290278886105,1
10730,4.1176290278886105,0
10731,4.1176290278886105,1
10732,4.1176290278886105,0
10733,4.1176290278886105,0
10734,4.1176290278886105,0
10735,4.1176290278886105,0
10736,4.1176290278886105,0
10737,4.1176290278886105,0
10738,4.1176290278886105,0
10739,4.1176290278886105,0
10740,4.1176290278886105,1
10741,4.1176290278886105,0
10742,4.1176290278886105,0
10743,4.1176290278886105,1
10744,4.1176290278886105,0
10745,4.1176290278886105,1
10746,4.1176290278886105,0
10747,4.1176290278886105,0
10748,4.1176290278886105,1
10749,4.1176290278886105,0
10750,3.378504389835268,0
10751,3.378504389835268,0
10752,3.378504389835268,1
10753,3.378504389835268,0
10754,3.378504389835268,0
10755,3.378504389835268,0
10756,3.378504389835268,0
10757,3.378504389835268,0
10758,3.378504389835268,0
10759,3.378504389835268,0
10760,3.378504389835268,0
10761,3.378504389835268,0
10762,3.378504389835268,0
10763,3.378504389835268,0
10764,3.378504389835268,0
10765,3.378504389835268,0
10766,3.378504389835268,0
10767,3.378504389835268,0
10768,3.378504389835268,0
10769,3.378504389835268,0
10770,3.378504389835268,0
10771,3.378504389835268,0
10772,3.378504389835268,0
10773,3.378504389835268,0
10774,3.378504389835268,0
10775,3.378504389835268,0
10776,3.378504389835268,0
10777,3.378504389835268,0
10778,3.378504389835268,0
10779,9.643789277561254,0
10780,9.643789277561254,1
10781,9.643789277561254,0
10782,9.643789277561254,1
10783,9.643789277561254,0
10784,9.643789277561254,0
10785,9.643789277561254,0
10786,9.643789277561254,0
10787,9.643789277561254,0
10788,9.643789277561254,1
10789,9.643789277561254,0
10790,9.643789277561254,0
10791,9.643789277561254,0
10792,9.643789277561254,0
10793,9.643789277561254,0
10794,9.643789277561254,0
10795,9.643789277561254,0
10796,9.643789277561254,1
10797,9.643789277561254,0
10798,9.643789277561254,0
10799,9.643789277561254,0
10800,9.643789277561254,0
10801,9.643789277561254,0
10802,9.643789277561254,0
10803,9.643789277561254,0
10804,9.643789277561254,0
10805,9.643789277561254,1
10806,9.643789277561254,0
10807,9.643789277561254,1
10808,9.643789277561254,0
10809,6.594240001625816,1
10810,6.594240001625816,0
10811,6.594240001625816,0
10812,6.594240001625816,0
10813,6.594240001625816,0
10814,6.594240001625816,1
10815,6.594240001625816,1
10816,6.594240001625816,0
10817,6.594240001625816,0
10818,6.594240001625816,0
10819,6.594240001625816,0
10820,6.594240001625816,0
10821,6.594240001625816,0
10822,6.594240001625816,0
10823,6.594240001625816,0
10824,6.594240001625816,0
10825,6.594240001625816,0
10826,6.594240001625816,1
10827,6.594240001625816,0
10828,6.594240001625816,0
10829,6.594240001625816,1
10830,6.594240001625816,0
10831,6.594240001625816,0
10832,6.594240001625816,0
10833,6.594240001625816,1
10834,6.594240001625816,0
10835,6.594240001625816,0
10836,6.594240001625816,0
10837,6.594240001625816,0
10838,6.594240001625816,1
10839,6.594240001625816,0
10840,6.594240001625816,0
10841,6.594240001625816,0
10842,6.594240001625816,0
10843,6.594240001625816,0
10844,6.594240001625816,0
10845,6.594240001625816,1
10846,6.594240001625816,0
10847,1.0599504210914483,0
10848,1.0599504210914483,0
10849,1.0599504210914483,0
10850,1.0599504210914483,0
10851,1.0599504210914483,0
10852,1.0599504210914483,0
10853,1.0599504210914483,1
10854,1.0599504210914483,0
10855,1.0599504210914483,0
10856,1.0599504210914483,0
10857,1.0599504210914483,1
10858,1.0599504210914483,0
10859,1.0599504210914483,0
10860,1.0599504210914483,0
10861,1.0599504210914483,0
10862,1.0599504210914483,0
10863,1.0599504210914483,0
10864,1.0599504210914483,0
10865,1.0599504210914483,0
10866,1.0599504210914483,1
10867,1.0599504210914483,0
10868,1.0599504210914483,0
10869,1.0599504210914483,0
10870,1.0599504210914483,0
10871,1.0599504210914483,0
10872,1.0599504210914483,0
10873,1.0599504210914483,0
10874,1.0599504210914483,0
10875,1.0599504210914483,0
10876,1.0599504210914483,0
10877,1.0599504210914483,0
10878,1.0599504210914483,0
10879,59.879683767916426,0
10880,59.879683767916426,0
10881,59.879683767916426,0
10882,59.879683767916426,0
10883,59.879683767916426,0
10884,59.879683767916426,0
10885,59.879683767916426,0
10886,59.879683767916426,0
10887,59.879683767916426,0
10888,59.879683767916426,0
10889,59.879683767916426,0
10890,59.879683767916426,0
10891,59.879683767916426,0
10892,59.879683767916426,0
10893,59.879683767916426,0
10894,59.879683767916426,0
10895,59.879683767916426,0
10896,59.879683767916426,0
10897,59.879683767916426,0
10898,59.879683767916426,0
10899,59.879683767916426,0
10900,59.879683767916426,0
10901,59.879683767916426,0
10902,59.879683767916426,0
10903,59.879683767916426,0
10904,21.087782798305703,0
10905,21.087782798305703,0
10906,21.087782798305703,0
10907,21.087782798305703,0
10908,21.087782798305703,0
10909,21.087782798305703,0
10910,21.087782798305703,0
10911,21.087782798305703,0
10912,21.087782798305703,0
10913,21.087782798305703,0
10914,21.087782798305703,0
10915,21.087782798305703,1
10916,21.087782798305703,0
10917,21.087782798305703,0
10918,21.087782798305703,0
10919,21.087782798305703,0
10920,21.087782798305703,0
10921,21.087782798305703,0
10922,21.087782798305703,0
10923,21.087782798305703,0
10924,21.087782798305703,0
10925,21.087782798305703,0
10926,21.087782798305703,0
10927,21.087782798305703,0
10928,21.087782798305703,0
10929,21.087782798305703,0
10930,21.087782798305703,0
10931,21.087782798305703,0
10932,21.087782798305703,0
10933,21.087782798305703,0
10934,21.087782798305703,0
10935,21.087782798305703,0
10936,21.087782798305703,0
10937,21.087782798305703,0
10938,21.087782798305703,0
10939,21.087782798305703,0
10940,21.087782798305703,0
10941,21.087782798305703,0
10942,21.087782798305703,0
10943,21.087782798305703,0
10944,21.087782798305703,0
10945,21.087782798305703,0
10946,17.49785476242247,1
10947,17.49785476242247,1
10948,17.49785476242247,1
10949,17.49785476242247,1
10950,17.49785476242247,0
10951,17.49785476242247,0
10952,17.49785476242247,0
10953,17.49785476242247,0
10954,17.49785476242247,0
10955,17.49785476242247,0
10956,17.49785476242247,0
10957,17.49785476242247,1
10958,17.49785476242247,0
10959,17.49785476242247,1
10960,17.49785476242247,0
10961,17.49785476242247,0
10962,17.49785476242247,1
10963,17.49785476242247,1
10964,17.49785476242247,0
10965,17.49785476242247,0
10966,17.49785476242247,0
10967,17.49785476242247,0
10968,17.49785476242247,1
10969,17.49785476242247,1
10970,17.49785476242247,0
10971,17.49785476242247,0
10972,17.49785476242247,1
10973,17.49785476242247,0
10974,17.49785476242247,0
10975,17.49785476242247,0
10976,17.49785476242247,0
10977,17.49785476242247,0
10978,17.49785476242247,0
10979,164.71511847037422,0
10980,164.71511847037422,0
10981,164.71511847037422,0
10982,164.71511847037422,0
10983,164.71511847037422,0
10984,164.71511847037422,0
10985,164.71511847037422,0
10986,164.71511847037422,0
10987,164.71511847037422,0
10988,164.71511847037422,0
10989,164.71511847037422,0
10990,164.71511847037422,0
10991,164.71511847037422,0
10992,164.71511847037422,0
10993,164.71511847037422,0
10994,164.71511847037422,0
10995,164.71511847037422,1
10996,164.71511847037422,0
10997,164.71511847037422,0
10998,164.71511847037422,0
10999,164.71511847037422,0
11000,164.71511847037422,0
11001,164.71511847037422,0
11002,164.71511847037422,0
11003,164.71511847037422,0
11004,164.71511847037422,0
11005,164.71511847037422,0
11006,164.71511847037422,0
11007,164.71511847037422,0
11008,164.71511847037422,0
11009,164.71511847037422,1
11010,64.3362014333394,0
11011,64.3362014333394,0
11012,64.3362014333394,0
11013,64.3362014333394,0
11014,64.3362014333394,0
11015,64.3362014333394,0
11016,64.3362014333394,0
11017,64.3362014333394,0
11018,64.3362014333394,0
11019,64.3362014333394,0
11020,64.3362014333394,0
11021,64.3362014333394,0
11022,64.3362014333394,0
11023,64.3362014333394,0
11024,64.3362014333394,0
11025,64.3362014333394,0
11026,64.3362014333394,0
11027,64.3362014333394,0
11028,64.3362014333394,0
11029,64.3362014333394,0
11030,64.3362014333394,0
11031,64.3362014333394,0
11032,64.3362014333394,0
11033,64.3362014333394,0
11034,64.3362014333394,0
11035,64.3362014333394,0
11036,64.3362014333394,0
11037,3.309466940754424,0
11038,3.309466940754424,0
11039,3.309466940754424,0
11040,3.309466940754424,1
11041,3.309466940754424,1
11042,3.309466940754424,0
11043,3.309466940754424,0
11044,3.309466940754424,0
11045,3.309466940754424,0
11046,3.309466940754424,1
11047,3.309466940754424,0
11048,3.309466940754424,0
11049,3.309466940754424,0
11050,3.309466940754424,0
11051,3.309466940754424,0
11052,3.309466940754424,0
11053,3.309466940754424,0
11054,3.309466940754424,0
11055,3.309466940754424,0
11056,3.309466940754424,0
11057,3.309466940754424,0
11058,3.309466940754424,0
11059,3.309466940754424,1
11060,3.309466940754424,0
11061,3.309466940754424,0
11062,3.309466940754424,0
11063,3.309466940754424,0
11064,3.309466940754424,0
11065,3.309466940754424,0
11066,3.309466940754424,0
11067,3.309466940754424,0
11068,3.309466940754424,0
11069,3.309466940754424,0
11070,3.309466940754424,0
11071,3.309466940754424,0
11072,3.309466940754424,0
11073,3.309466940754424,0
11074,3.309466940754424,0
11075,3.309466940754424,0
11076,16.000555071678335,0
11077,16.000555071678335,0
11078,16.000555071678335,0
11079,16.000555071678335,0
11080,16.000555071678335,0
11081,16.000555071678335,1
11082,16.000555071678335,0
11083,16.000555071678335,0
11084,16.000555071678335,0
11085,16.000555071678335,0
11086,16.000555071678335,0
11087,16.000555071678335,0
11088,16.000555071678335,0
11089,16.000555071678335,0
11090,16.000555071678335,0
11091,16.000555071678335,0
11092,16.000555071678335,0
11093,16.000555071678335,0
11094,16.000555071678335,0
11095,16.000555071678335,0
11096,16.000555071678335,0
11097,16.000555071678335,0
11098,16.000555071678335,0
11099,16.000555071678335,0
11100,16.000555071678335,0
11101,16.000555071678335,0
11102,16.000555071678335,0
11103,16.000555071678335,0
11104,16.000555071678335,1
11105,16.000555071678335,1
11106,16.000555071678335,1
11107,16.000555071678335,0
11108,16.000555071678335,0
11109,16.000555071678335,0
11110,16.000555071678335,1
11111,16.000555071678335,0
11112,16.000555071678335,0
11113,16.000555071678335,0
11114,16.000555071678335,0
11115,16.000555071678335,0
11116,16.000555071678335,0
11117,16.000555071678335,0
11118,16.000555071678335,0
11119,16.000555071678335,0
11120,16.000555071678335,0
11121,16.000555071678335,0
11122,16.000555071678335,0
11123,16.000555071678335,0
11124,16.000555071678335,0
11125,16.000555071678335,1
11126,3.2623046559541287,0
11127,3.2623046559541287,0
11128,3.2623046559541287,0
11129,3.2623046559541287,0
11130,3.2623046559541287,0
11131,3.2623046559541287,0
11132,3.2623046559541287,0
11133,3.2623046559541287,0
11134,3.2623046559541287,1
11135,3.2623046559541287,0
11136,3.2623046559541287,0
11137,3.2623046559541287,0
11138,3.2623046559541287,0
11139,3.2623046559541287,0
11140,3.2623046559541287,0
11141,3.2623046559541287,0
11142,3.2623046559541287,0
11143,3.2623046559541287,0
11144,3.2623046559541287,0
11145,3.2623046559541287,0
11146,3.2623046559541287,0
11147,3.2623046559541287,0
11148,3.2623046559541287,0
11149,3.2623046559541287,0
11150,3.2623046559541287,0
11151,3.2623046559541287,1
11152,3.2623046559541287,0
11153,3.2623046559541287,0
11154,3.2623046559541287,0
11155,20.22836199115036,0
11156,20.22836199115036,0
11157,20.22836199115036,0
11158,20.22836199115036,0
11159,20.22836199115036,0
11160,20.22836199115036,0
11161,20.22836199115036,0
11162,20.22836199115036,0
11163,20.22836199115036,0
11164,20.22836199115036,0
11165,20.22836199115036,0
11166,20.22836199115036,0
11167,20.22836199115036,0
11168,20.22836199115036,0
11169,20.22836199115036,0
11170,20.22836199115036,0
11171,20.22836199115036,0
11172,20.22836199115036,0
11173,20.22836199115036,0
11174,20.22836199115036,0
11175,20.22836199115036,0
11176,20.22836199115036,0
11177,20.22836199115036,0
11178,20.22836199115036,1
11179,20.22836199115036,0
11180,20.22836199115036,0
11181,20.22836199115036,0
11182,20.22836199115036,0
11183,20.22836199115036,0
11184,5.299731849108349,0
11185,5.299731849108349,0
11186,5.299731849108349,1
11187,5.299731849108349,1
11188,5.299731849108349,1
11189,5.299731849108349,1
11190,5.299731849108349,0
11191,5.299731849108349,0
11192,5.299731849108349,0
11193,5.299731849108349,0
11194,5.299731849108349,0
11195,5.299731849108349,0
11196,5.299731849108349,0
11197,5.299731849108349,0
11198,5.299731849108349,0
11199,5.299731849108349,0
11200,5.299731849108349,0
11201,5.299731849108349,0
11202,5.299731849108349,0
11203,5.299731849108349,1
11204,5.299731849108349,0
11205,5.299731849108349,0
11206,5.299731849108349,0
11207,5.299731849108349,0
11208,5.299731849108349,0
11209,5.299731849108349,0
11210,5.299731849108349,1
11211,5.299731849108349,1
11212,5.299731849108349,1
11213,5.299731849108349,0
11214,5.299731849108349,1
11215,5.299731849108349,0
11216,5.299731849108349,0
11217,5.299731849108349,0
11218,5.299731849108349,0
11219,5.299731849108349,0
11220,5.299731849108349,1
11221,5.299731849108349,0
11222,5.299731849108349,0
11223,5.299731849108349,1
11224,5.299731849108349,0
11225,77.13316651228321,0
11226,77.13316651228321,0
11227,77.13316651228321,0
11228,77.13316651228321,0
11229,77.13316651228321,0
11230,77.13316651228321,0
11231,77.13316651228321,0
11232,77.13316651228321,0
11233,77.13316651228321,0
11234,77.13316651228321,0
11235,77.13316651228321,0
11236,77.13316651228321,0
11237,77.13316651228321,0
11238,77.13316651228321,0
11239,77.13316651228321,0
11240,77.13316651228321,0
11241,77.13316651228321,0
11242,77.13316651228321,0
11243,77.13316651228321,0
11244,77.13316651228321,0
11245,77.13316651228321,0
11246,77.13316651228321,0
11247,77.13316651228321,0
11248,77.13316651228321,0
11249,77.13316651228321,0
11250,77.13316651228321,0
11251,77.13316651228321,0
11252,77.13316651228321,0
11253,77.13316651228321,0
11254,27.52031470294538,0
11255,27.52031470294538,0
11256,27.52031470294538,1
11257,27.52031470294538,0
11258,27.52031470294538,0
11259,27.52031470294538,1
11260,27.52031470294538,1
11261,27.52031470294538,0
11262,27.52031470294538,0
11263,27.52031470294538,0
11264,27.52031470294538,0
11265,27.52031470294538,0
11266,27.52031470294538,0
11267,27.52031470294538,0
11268,27.52031470294538,0
11269,27.52031470294538,0
11270,27.52031470294538,0
11271,27.52031470294538,0
11272,27.52031470294538,0
11273,27.52031470294538,0
11274,27.52031470294538,0
11275,27.52031470294538,0
11276,27.52031470294538,0
11277,27.52031470294538,0
11278,27.52031470294538,0
11279,27.52031470294538,1
11280,27.52031470294538,1
11281,27.52031470294538,0
11282,27.52031470294538,1
11283,27.52031470294538,0
11284,27.52031470294538,0
11285,27.52031470294538,0
11286,27.52031470294538,0
11287,27.52031470294538,0
11288,27.52031470294538,0
11289,27.52031470294538,1
11290,27.52031470294538,0
11291,27.52031470294538,0
11292,27.52031470294538,0
11293,27.52031470294538,0
11294,27.52031470294538,0
11295,27.52031470294538,1
11296,27.52031470294538,1
11297,27.52031470294538,1
11298,27.52031470294538,0
11299,27.52031470294538,0
11300,27.52031470294538,0
11301,27.52031470294538,0
11302,27.52031470294538,0
11303,27.52031470294538,0
11304,27.52031470294538,0
11305,27.52031470294538,0
11306,27.52031470294538,0
11307,27.52031470294538,0
11308,27.52031470294538,0
11309,27.52031470294538,1
11310,27.52031470294538,1
11311,27.52031470294538,0
11312,27.52031470294538,0
11313,27.52031470294538,0
11314,27.52031470294538,0
11315,27.52031470294538,0
11316,27.52031470294538,1
11317,27.52031470294538,0
11318,27.52031470294538,0
11319,1.6781588906444416,0
11320,1.6781588906444416,0
11321,1.6781588906444416,0
11322,1.6781588906444416,0
11323,1.6781588906444416,0
11324,1.6781588906444416,0
11325,1.6781588906444416,0
11326,1.6781588906444416,0
11327,1.6781588906444416,0
11328,1.6781588906444416,0
11329,1.6781588906444416,1
11330,1.6781588906444416,0
11331,1.6781588906444416,0
11332,1.6781588906444416,0
11333,1.6781588906444416,0
11334,1.6781588906444416,1
11335,1.6781588906444416,0
11336,1.6781588906444416,1
11337,1.6781588906444416,0
11338,1.6781588906444416,0
11339,1.6781588906444416,0
11340,1.6781588906444416,0
11341,1.6781588906444416,0
11342,1.6781588906444416,0
11343,1.6781588906444416,0
11344,1.6781588906444416,0
11345,1.6781588906444416,0
11346,1.6781588906444416,0
11347,1.6781588906444416,0
11348,1.6781588906444416,0
11349,1.6781588906444416,0
11350,1.6781588906444416,0
11351,1.6781588906444416,0
11352,1.6781588906444416,0
11353,1.6781588906444416,0
11354,1.6781588906444416,1
11355,1.6781588906444416,0
11356,1.6781588906444416,0
11357,1.6781588906444416,0
11358,1.7843040877111578,0
11359,1.7843040877111578,0
11360,1.7843040877111578,0
11361,1.7843040877111578,0
11362,1.7843040877111578,1
11363,1.7843040877111578,1
11364,1.7843040877111578,0
11365,1.7843040877111578,0
11366,1.7843040877111578,0
11367,1.7843040877111578,0
11368,1.7843040877111578,0
11369,1.7843040877111578,0
11370,1.7843040877111578,0
11371,1.7843040877111578,0
11372,1.7843040877111578,0
11373,1.7843040877111578,0
11374,1.7843040877111578,0
11375,1.7843040877111578,0
11376,1.7843040877111578,0
11377,1.7843040877111578,0
11378,1.7843040877111578,0
11379,1.7843040877111578,0
11380,1.7843040877111578,0
11381,1.7843040877111578,0
11382,1.7843040877111578,1
11383,1.7843040877111578,0
11384,1.7843040877111578,0
11385,1.7843040877111578,0
11386,1.7843040877111578,0
11387,1.7843040877111578,0
11388,1.7843040877111578,0
11389,1.7843040877111578,0
11390,1.7843040877111578,0
11391,1.7843040877111578,0
11392,1.7843040877111578,0
11393,1.7843040877111578,0
11394,1.7843040877111578,0
11395,1.7843040877111578,0
11396,1.7843040877111578,0
11397,1.7843040877111578,0
11398,1.7843040877111578,1
11399,1.7843040877111578,0
11400,1.7843040877111578,0
11401,1.7843040877111578,1
11402,1.7843040877111578,0
11403,1.7843040877111578,0
11404,1.7843040877111578,0
11405,1.7843040877111578,0
11406,1.7843040877111578,0
11407,1.7843040877111578,0
11408,1.5495346956258347,0
11409,1.5495346956258347,0
11410,1.5495346956258347,0
11411,1.5495346956258347,0
11412,1.5495346956258347,0
11413,1.5495346956258347,0
11414,1.5495346956258347,0
11415,1.5495346956258347,0
11416,1.5495346956258347,0
11417,1.5495346956258347,0
11418,1.5495346956258347,0
11419,1.5495346956258347,0
11420,1.5495346956258347,0
11421,1.5495346956258347,0
11422,1.5495346956258347,0
11423,1.5495346956258347,0
11424,1.5495346956258347,0
11425,1.5495346956258347,0
11426,1.5495346956258347,0
11427,1.5495346956258347,0
11428,1.5495346956258347,0
11429,1.5495346956258347,0
11430,1.5495346956258347,0
11431,1.5495346956258347,0
11432,1.5495346956258347,0
11433,1.5495346956258347,0
11434,1.5495346956258347,0
11435,1.4601072021601857,0
11436,1.4601072021601857,0
11437,1.4601072021601857,0
11438,1.4601072021601857,0
11439,1.4601072021601857,1
11440,1.4601072021601857,0
11441,1.4601072021601857,1
11442,1.4601072021601857,0
11443,1.4601072021601857,1
11444,1.4601072021601857,1
11445,1.4601072021601857,1
11446,1.4601072021601857,0
11447,1.4601072021601857,1
11448,1.4601072021601857,1
11449,1.4601072021601857,0
11450,1.4601072021601857,1
11451,1.4601072021601857,0
11452,1.4601072021601857,1
11453,1.4601072021601857,0
11454,1.4601072021601857,0
11455,1.4601072021601857,0
11456,1.4601072021601857,0
11457,1.4601072021601857,0
11458,1.4601072021601857,0
11459,1.4601072021601857,0
11460,1.4601072021601857,1
11461,1.4601072021601857,0
11462,1.4601072021601857,0
11463,1.4601072021601857,0
11464,1.4601072021601857,0
11465,1.4601072021601857,0
11466,1.4601072021601857,1
11467,1.4601072021601857,0
11468,1.4601072021601857,0
11469,1.4601072021601857,0
11470,1.4601072021601857,0
11471,1.4601072021601857,0
11472,1.4601072021601857,0
11473,1.4601072021601857,1
11474,1.4601072021601857,1
11475,1.4601072021601857,0
11476,1.4601072021601857,1
11477,1.4601072021601857,1
11478,1.4601072021601857,1
11479,1.4601072021601857,1
11480,1.4601072021601857,1
11481,1.4601072021601857,0
11482,1.4601072021601857,0
11483,1.4601072021601857,1
11484,1.4601072021601857,0
11485,1.4601072021601857,1
11486,1.4601072021601857,0
11487,1.4601072021601857,0
11488,1.4601072021601857,0
11489,1.4601072021601857,0
11490,1.4601072021601857,0
11491,1.4601072021601857,0
11492,1.4601072021601857,0
11493,1.4601072021601857,0
11494,1.2921165143699336,0
11495,1.2921165143699336,0
11496,1.2921165143699336,0
11497,1.2921165143699336,0
11498,1.2921165143699336,1
11499,1.2921165143699336,1
11500,1.2921165143699336,0
11501,1.2921165143699336,0
11502,1.2921165143699336,0
11503,1.2921165143699336,0
11504,1.2921165143699336,0
11505,1.2921165143699336,0
11506,1.2921165143699336,0
11507,1.2921165143699336,0
11508,1.2921165143699336,0
11509,1.2921165143699336,0
11510,1.2921165143699336,0
11511,1.2921165143699336,0
11512,1.2921165143699336,0
11513,1.2921165143699336,1
11514,1.2921165143699336,0
11515,1.2921165143699336,0
11516,1.2921165143699336,0
11517,1.2921165143699336,0
11518,1.2921165143699336,0
11519,1.2921165143699336,0
11520,1.2921165143699336,0
11521,1.2921165143699336,0
11522,1.2921165143699336,1
11523,1.2921165143699336,0
11524,1.2921165143699336,0
11525,1.2921165143699336,0
11526,1.2921165143699336,1
11527,1.2921165143699336,0
11528,1.2921165143699336,0
11529,1.2921165143699336,0
11530,1.2921165143699336,0
11531,1.2921165143699336,0
11532,1.2921165143699336,1
11533,1.2921165143699336,0
11534,68.70292613448292,0
11535,68.70292613448292,1
11536,68.70292613448292,0
11537,68.70292613448292,1
11538,68.70292613448292,0
11539,68.70292613448292,0
11540,68.70292613448292,0
11541,68.70292613448292,0
11542,68.70292613448292,0
11543,68.70292613448292,0
11544,68.70292613448292,0
11545,68.70292613448292,0
11546,68.70292613448292,0
11547,68.70292613448292,0
11548,68.70292613448292,0
11549,68.70292613448292,1
11550,68.70292613448292,0
11551,68.70292613448292,0
11552,68.70292613448292,0
11553,68.70292613448292,0
11554,68.70292613448292,0
11555,68.70292613448292,0
11556,68.70292613448292,0
11557,68.70292613448292,1
11558,68.70292613448292,0
11559,68.70292613448292,1
11560,68.70292613448292,0
11561,68.70292613448292,1
11562,68.70292613448292,0
11563,68.70292613448292,0
11564,68.70292613448292,0
11565,68.70292613448292,0
11566,68.70292613448292,0
11567,68.70292613448292,0
11568,6.1442944611734935,0
11569,6.1442944611734935,0
11570,6.1442944611734935,0
11571,6.1442944611734935,0
11572,6.1442944611734935,0
11573,6.1442944611734935,1
11574,6.1442944611734935,0
11575,6.1442944611734935,0
11576,6.1442944611734935,0
11577,6.1442944611734935,1
11578,6.1442944611734935,0
11579,6.1442944611734935,0
11580,6.1442944611734935,0
11581,6.1442944611734935,1
11582,6.1442944611734935,0
11583,6.1442944611734935,0
11584,6.1442944611734935,1
11585,6.1442944611734935,0
11586,6.1442944611734935,0
11587,6.1442944611734935,0
11588,6.1442944611734935,0
11589,6.1442944611734935,0
11590,6.1442944611734935,0
11591,6.1442944611734935,0
11592,6.1442944611734935,0
11593,6.1442944611734935,0
11594,6.1442944611734935,0
11595,6.1442944611734935,0
11596,6.1442944611734935,0
11597,6.1442944611734935,0
11598,6.1442944611734935,0
11599,6.1442944611734935,0
11600,6.1442944611734935,0
11601,6.1442944611734935,0
11602,6.1442944611734935,0
11603,6.1442944611734935,0
11604,6.1442944611734935,0
11605,6.1442944611734935,0
11606,6.1442944611734935,0
11607,6.1442944611734935,0
11608,6.1442944611734935,0
11609,6.1442944611734935,0
11610,1.9454247213534657,0
11611,1.9454247213534657,0
11612,1.9454247213534657,0
11613,1.9454247213534657,0
11614,1.9454247213534657,0
11615,1.9454247213534657,0
11616,1.9454247213534657,0
11617,1.9454247213534657,0
11618,1.9454247213534657,0
11619,1.9454247213534657,0
11620,1.9454247213534657,0
11621,1.9454247213534657,1
11622,1.9454247213534657,0
11623,1.9454247213534657,0
11624,1.9454247213534657,0
11625,1.9454247213534657,1
11626,1.9454247213534657,0
11627,1.9454247213534657,0
11628,1.9454247213534657,0
11629,1.9454247213534657,0
11630,1.9454247213534657,0
11631,1.9454247213534657,0
11632,1.9454247213534657,0
11633,1.9454247213534657,0
11634,1.9454247213534657,0
11635,1.9454247213534657,0
11636,1.9454247213534657,0
11637,1.9454247213534657,1
11638,1.9454247213534657,0
11639,1.9454247213534657,0
11640,1.9454247213534657,0
11641,1.9454247213534657,0
11642,1.9454247213534657,0
11643,1.9454247213534657,0
11644,1.9454247213534657,0
11645,1.9454247213534657,0
11646,1.9454247213534657,0
11647,1.9454247213534657,0
11648,1.9454247213534657,1
11649,1.9454247213534657,0
11650,1.9454247213534657,0
11651,1.9454247213534657,0
11652,4.2094607155488655,0
11653,4.2094607155488655,0
11654,4.2094607155488655,0
11655,4.2094607155488655,1
11656,4.2094607155488655,1
11657,4.2094607155488655,0
11658,4.2094607155488655,0
11659,4.2094607155488655,1
11660,4.2094607155488655,0
11661,4.2094607155488655,0
11662,4.2094607155488655,0
11663,4.2094607155488655,0
11664,4.2094607155488655,0
11665,4.2094607155488655,1
11666,4.2094607155488655,1
11667,4.2094607155488655,0
11668,4.2094607155488655,0
11669,4.2094607155488655,0
11670,4.2094607155488655,0
11671,4.2094607155488655,0
11672,4.2094607155488655,0
11673,4.2094607155488655,0
11674,4.2094607155488655,0
11675,4.2094607155488655,0
11676,4.2094607155488655,1
11677,4.2094607155488655,0
11678,4.2094607155488655,0
11679,4.2094607155488655,0
11680,4.2094607155488655,0
11681,4.2094607155488655,0
11682,4.2094607155488655,0
11683,4.2094607155488655,0
11684,4.2094607155488655,1
11685,4.2094607155488655,1
11686,4.2094607155488655,0
11687,4.2094607155488655,0
11688,4.2094607155488655,0
11689,4.2094607155488655,1
11690,4.2094607155488655,0
11691,4.2094607155488655,1
11692,22.83065286891353,0
11693,22.83065286891353,0
11694,22.83065286891353,0
11695,22.83065286891353,0
11696,22.83065286891353,0
11697,22.83065286891353,0
11698,22.83065286891353,0
11699,22.83065286891353,0
11700,22.83065286891353,0
11701,22.83065286891353,0
11702,22.83065286891353,0
11703,22.83065286891353,0
11704,22.83065286891353,0
11705,22.83065286891353,0
11706,22.83065286891353,0
11707,22.83065286891353,0
11708,22.83065286891353,0
11709,22.83065286891353,0
11710,22.83065286891353,0
11711,22.83065286891353,0
11712,22.83065286891353,0
11713,22.83065286891353,0
11714,22.83065286891353,0
11715,22.83065286891353,0
11716,30.033725957535804,1
11717,30.033725957535804,1
11718,30.033725957535804,1
11719,30.033725957535804,0
11720,30.033725957535804,0
11721,30.033725957535804,0
11722,30.033725957535804,0
11723,30.033725957535804,0
11724,30.033725957535804,0
11725,30.033725957535804,0
11726,30.033725957535804,0
11727,30.033725957535804,1
11728,30.033725957535804,0
11729,30.033725957535804,0
11730,30.033725957535804,1
11731,30.033725957535804,0
11732,30.033725957535804,1
11733,30.033725957535804,0
11734,30.033725957535804,0
11735,112.56707158523142,0
11736,112.56707158523142,0
11737,112.56707158523142,0
11738,112.56707158523142,0
11739,112.56707158523142,0
11740,112.56707158523142,0
11741,112.56707158523142,0
11742,112.56707158523142,0
11743,112.56707158523142,0
11744,112.56707158523142,0
11745,112.56707158523142,0
11746,112.56707158523142,0
11747,112.56707158523142,0
11748,112.56707158523142,0
11749,112.56707158523142,0
11750,112.56707158523142,0
11751,112.56707158523142,0
11752,112.56707158523142,0
11753,112.56707158523142,0
11754,112.56707158523142,0
11755,112.56707158523142,0
11756,112.56707158523142,0
11757,112.56707158523142,0
11758,112.56707158523142,0
11759,27.903452712263867,0
11760,27.903452712263867,1
11761,27.903452712263867,0
11762,27.903452712263867,1
11763,27.903452712263867,1
11764,27.903452712263867,1
11765,27.903452712263867,1
11766,27.903452712263867,0
11767,27.903452712263867,0
11768,27.903452712263867,1
11769,27.903452712263867,0
11770,27.903452712263867,0
11771,27.903452712263867,0
11772,27.903452712263867,0
11773,27.903452712263867,1
11774,27.903452712263867,0
11775,27.903452712263867,0
11776,27.903452712263867,1
11777,27.903452712263867,0
11778,27.903452712263867,1
11779,27.903452712263867,0
11780,27.903452712263867,0
11781,27.903452712263867,0
11782,27.903452712263867,1
11783,27.903452712263867,0
11784,27.903452712263867,0
11785,27.903452712263867,1
11786,27.903452712263867,1
11787,27.903452712263867,0
11788,2.27889147194001,0
11789,2.27889147194001,0
11790,2.27889147194001,0
11791,2.27889147194001,0
11792,2.27889147194001,0
11793,2.27889147194001,0
11794,2.27889147194001,1
11795,2.27889147194001,0
11796,2.27889147194001,0
11797,2.27889147194001,0
11798,2.27889147194001,0
11799,2.27889147194001,0
11800,2.27889147194001,0
11801,2.27889147194001,0
11802,2.27889147194001,0
11803,2.27889147194001,0
11804,2.27889147194001,1
11805,2.27889147194001,0
11806,2.27889147194001,0
11807,2.27889147194001,1
11808,2.27889147194001,0
11809,2.27889147194001,0
11810,2.27889147194001,0
11811,2.27889147194001,0
11812,2.27889147194001,0
11813,2.27889147194001,0
11814,2.27889147194001,0
11815,2.27889147194001,1
11816,2.27889147194001,0
11817,2.27889147194001,0
11818,2.27889147194001,0
11819,2.27889147194001,0
11820,2.27889147194001,0
11821,2.27889147194001,0
11822,2.27889147194001,0
11823,2.27889147194001,1
11824,2.27889147194001,1
11825,2.27889147194001,0
11826,2.27889147194001,0
11827,2.27889147194001,0
11828,2.27889147194001,0
11829,2.27889147194001,0
11830,2.27889147194001,1
11831,2.27889147194001,0
11832,2.27889147194001,1
11833,57.608623205867666,0
11834,57.608623205867666,0
11835,57.608623205867666,0
11836,57.608623205867666,0
11837,57.608623205867666,0
11838,57.608623205867666,0
11839,57.608623205867666,0
11840,57.608623205867666,0
11841,57.608623205867666,0
11842,57.608623205867666,0
11843,57.608623205867666,0
11844,57.608623205867666,0
11845,57.608623205867666,0
11846,57.608623205867666,0
11847,57.608623205867666,0
11848,57.608623205867666,0
11849,57.608623205867666,0
11850,57.608623205867666,0
11851,57.608623205867666,0
11852,57.608623205867666,0
11853,57.608623205867666,0
11854,57.608623205867666,0
11855,57.608623205867666,0
11856,57.608623205867666,0
11857,57.608623205867666,0
11858,57.608623205867666,0
11859,57.608623205867666,0
11860,11.534591075752418,0
11861,11.534591075752418,0
11862,11.534591075752418,0
11863,11.534591075752418,0
11864,11.534591075752418,0
11865,11.534591075752418,0
11866,11.534591075752418,0
11867,11.534591075752418,0
11868,11.534591075752418,0
11869,11.534591075752418,0
11870,11.534591075752418,0
11871,11.534591075752418,0
11872,11.534591075752418,0
11873,11.534591075752418,0
11874,11.534591075752418,0
11875,11.534591075752418,0
11876,11.534591075752418,0
11877,11.534591075752418,0
11878,11.534591075752418,1
11879,11.534591075752418,0
11880,11.534591075752418,0
11881,11.534591075752418,0
11882,11.534591075752418,0
11883,11.534591075752418,0
11884,11.534591075752418,0
11885,11.534591075752418,0
11886,11.534591075752418,0
11887,11.534591075752418,0
11888,11.534591075752418,0
11889,11.534591075752418,0
11890,11.534591075752418,0
11891,40.443368100624106,0
11892,40.443368100624106,0
11893,40.443368100624106,0
11894,40.443368100624106,0
11895,40.443368100624106,0
11896,40.443368100624106,0
11897,40.443368100624106,0
11898,40.443368100624106,0
11899,40.443368100624106,0
11900,40.443368100624106,0
11901,40.443368100624106,0
11902,40.443368100624106,0
11903,40.443368100624106,0
11904,40.443368100624106,0
11905,40.443368100624106,0
11906,40.443368100624106,0
11907,40.443368100624106,0
11908,40.443368100624106,0
11909,40.443368100624106,0
11910,40.443368100624106,0
11911,40.443368100624106,0
11912,40.443368100624106,0
11913,40.443368100624106,0
11914,40.443368100624106,0
11915,40.443368100624106,0
11916,40.443368100624106,0
11917,40.443368100624106,0
11918,40.443368100624106,0
11919,40.443368100624106,0
11920,40.443368100624106,1
11921,40.443368100624106,0
11922,40.443368100624106,0
11923,40.443368100624106,0
11924,40.443368100624106,0
11925,40.443368100624106,0
11926,40.443368100624106,0
11927,40.443368100624106,1
11928,8.066281900015591,0
11929,8.066281900015591,0
11930,8.066281900015591,0
11931,8.066281900015591,0
11932,8.066281900015591,0
11933,8.066281900015591,0
11934,8.066281900015591,0
11935,8.066281900015591,0
11936,8.066281900015591,0
11937,8.066281900015591,0
11938,8.066281900015591,1
11939,8.066281900015591,0
11940,8.066281900015591,0
11941,8.066281900015591,0
11942,8.066281900015591,0
11943,8.066281900015591,0
11944,8.066281900015591,0
11945,8.066281900015591,0
11946,8.066281900015591,0
11947,8.066281900015591,0
11948,8.066281900015591,0
11949,8.066281900015591,0
11950,8.066281900015591,0
11951,8.066281900015591,0
11952,8.066281900015591,0
11953,8.066281900015591,0
11954,8.066281900015591,0
11955,8.066281900015591,0
11956,8.066281900015591,0
11957,8.066281900015591,0
11958,8.066281900015591,0
11959,45.185612857826754,0
11960,45.185612857826754,1
11961,45.185612857826754,0
11962,45.185612857826754,1
11963,45.185612857826754,0
11964,45.185612857826754,1
11965,45.185612857826754,0
11966,45.185612857826754,0
11967,45.185612857826754,0
11968,45.185612857826754,1
11969,45.185612857826754,0
11970,45.185612857826754,0
11971,45.185612857826754,1
11972,45.185612857826754,0
11973,45.185612857826754,0
11974,45.185612857826754,0
11975,45.185612857826754,0
11976,45.185612857826754,0
11977,26.00704090674426,0
11978,26.00704090674426,0
11979,26.00704090674426,0
11980,26.00704090674426,0
11981,26.00704090674426,0
11982,26.00704090674426,0
11983,26.00704090674426,0
11984,26.00704090674426,0
11985,26.00704090674426,0
11986,26.00704090674426,0
11987,26.00704090674426,0
11988,26.00704090674426,0
11989,26.00704090674426,0
11990,26.00704090674426,0
11991,26.00704090674426,0
11992,26.00704090674426,0
11993,26.00704090674426,0
11994,26.00704090674426,0
11995,26.00704090674426,0
11996,26.00704090674426,0
11997,26.00704090674426,0
11998,26.00704090674426,0
11999,26.00704090674426,0
12000,26.00704090674426,0
12001,26.00704090674426,0
12002,26.00704090674426,0
12003,26.00704090674426,0
12004,26.00704090674426,0
12005,26.00704090674426,0
12006,26.00704090674426,0
12007,26.00704090674426,0
12008,26.00704090674426,0
12009,26.00704090674426,0
12010,26.00704090674426,0
12011,26.00704090674426,0
12012,26.00704090674426,0
12013,26.00704090674426,0
12014,26.00704090674426,0
12015,26.00704090674426,0
12016,1.1801314898814719,0
12017,1.1801314898814719,0
12018,1.1801314898814719,0
12019,1.1801314898814719,0
12020,1.1801314898814719,0
12021,1.1801314898814719,0
12022,1.1801314898814719,1
12023,1.1801314898814719,0
12024,1.1801314898814719,0
12025,1.1801314898814719,0
12026,1.1801314898814719,0
12027,1.1801314898814719,0
12028,1.1801314898814719,0
12029,1.1801314898814719,0
12030,1.1801314898814719,1
12031,1.1801314898814719,0
12032,1.1801314898814719,1
12033,1.1801314898814719,0
12034,1.1801314898814719,0
12035,1.1801314898814719,0
12036,1.1801314898814719,0
12037,1.1801314898814719,0
12038,1.1801314898814719,0
12039,1.1801314898814719,0
12040,1.1801314898814719,0
12041,1.1801314898814719,0
12042,1.1801314898814719,1
12043,1.1801314898814719,0
12044,1.1801314898814719,0
12045,1.1801314898814719,0
12046,1.1801314898814719,0
12047,1.1801314898814719,0
12048,1.1801314898814719,0
12049,1.1801314898814719,0
12050,1.1801314898814719,0
12051,1.1801314898814719,1
12052,1.1801314898814719,0
12053,1.1801314898814719,0
12054,1.1801314898814719,0
12055,1.1801314898814719,0
12056,1.1801314898814719,0
12057,29.07160391833291,1
12058,29.07160391833291,1
12059,29.07160391833291,0
12060,29.07160391833291,0
12061,29.07160391833291,1
12062,29.07160391833291,0
12063,29.07160391833291,1
12064,29.07160391833291,0
12065,29.07160391833291,1
12066,29.07160391833291,0
12067,29.07160391833291,0
12068,29.07160391833291,1
12069,29.07160391833291,0
12070,29.07160391833291,0
12071,29.07160391833291,0
12072,29.07160391833291,0
12073,29.07160391833291,1
12074,29.07160391833291,1
12075,29.07160391833291,0
12076,29.07160391833291,0
12077,29.07160391833291,0
12078,29.07160391833291,1
12079,29.07160391833291,0
12080,29.07160391833291,1
12081,29.07160391833291,0
12082,29.07160391833291,0
12083,29.07160391833291,0
12084,29.07160391833291,0
12085,29.07160391833291,0
12086,29.07160391833291,1
12087,29.07160391833291,1
12088,0.9312769524770923,0
12089,0.9312769524770923,0
12090,0.9312769524770923,0
12091,0.9312769524770923,0
12092,0.9312769524770923,0
12093,0.9312769524770923,0
12094,0.9312769524770923,0
12095,0.9312769524770923,0
12096,0.9312769524770923,0
12097,0.9312769524770923,0
12098,0.9312769524770923,0
12099,0.9312769524770923,0
12100,0.9312769524770923,0
12101,0.9312769524770923,0
12102,0.9312769524770923,1
12103,0.9312769524770923,0
12104,0.9312769524770923,0
12105,0.9312769524770923,0
12106,0.9312769524770923,0
12107,0.9312769524770923,0
12108,0.9312769524770923,0
12109,0.9312769524770923,0
12110,0.9312769524770923,0
12111,0.9312769524770923,0
12112,0.9312769524770923,0
12113,0.9312769524770923,0
12114,0.9312769524770923,0
12115,0.9312769524770923,0
12116,0.9312769524770923,0
12117,0.9312769524770923,0
12118,0.9312769524770923,0
12119,0.9312769524770923,0
12120,0.9312769524770923,0
12121,0.9312769524770923,1
12122,0.9312769524770923,0
12123,0.9312769524770923,0
12124,0.9312769524770923,0
12125,0.9312769524770923,0
12126,0.9312769524770923,0
12127,0.9312769524770923,0
12128,2.9115731860215344,0
12129,2.9115731860215344,0
12130,2.9115731860215344,0
12131,2.9115731860215344,0
12132,2.9115731860215344,0
12133,2.9115731860215344,0
12134,2.9115731860215344,0
12135,2.9115731860215344,0
12136,2.9115731860215344,0
12137,2.9115731860215344,0
12138,2.9115731860215344,0
12139,2.9115731860215344,0
12140,2.9115731860215344,0
12141,2.9115731860215344,0
12142,2.9115731860215344,0
12143,2.9115731860215344,0
12144,2.9115731860215344,0
12145,2.9115731860215344,0
12146,2.9115731860215344,0
12147,2.9115731860215344,0
12148,2.9115731860215344,0
12149,2.9115731860215344,0
12150,2.9115731860215344,0
12151,2.9115731860215344,0
12152,2.9115731860215344,0
12153,2.9115731860215344,0
12154,2.9115731860215344,0
12155,2.9115731860215344,0
12156,2.9115731860215344,0
12157,2.9115731860215344,0
12158,2.9115731860215344,0
12159,2.9115731860215344,0
12160,2.9115731860215344,0
12161,2.44723061654712,0
12162,2.44723061654712,0
12163,2.44723061654712,0
12164,2.44723061654712,0
12165,2.44723061654712,0
12166,2.44723061654712,0
12167,2.44723061654712,0
12168,2.44723061654712,0
12169,2.44723061654712,0
12170,2.44723061654712,0
12171,2.44723061654712,0
12172,2.44723061654712,0
12173,2.44723061654712,0
12174,2.44723061654712,0
12175,2.44723061654712,0
12176,2.44723061654712,0
12177,2.44723061654712,0
12178,2.44723061654712,0
12179,2.44723061654712,0
12180,2.44723061654712,0
12181,2.44723061654712,1
12182,2.44723061654712,0
12183,2.44723061654712,0
12184,2.44723061654712,0
12185,2.44723061654712,0
12186,2.44723061654712,0
12187,2.44723061654712,0
12188,2.44723061654712,0
12189,2.44723061654712,0
12190,2.44723061654712,0
12191,2.44723061654712,0
12192,2.44723061654712,0
12193,2.44723061654712,0
12194,2.44723061654712,0
12195,2.44723061654712,0
12196,2.44723061654712,0
12197,2.44723061654712,0
12198,2.44723061654712,0
12199,31.370313233360662,0
12200,31.370313233360662,0
12201,31.370313233360662,0
12202,31.370313233360662,0
12203,31.370313233360662,0
12204,31.370313233360662,0
12205,31.370313233360662,0
12206,31.370313233360662,0
12207,31.370313233360662,0
12208,31.370313233360662,0
12209,31.370313233360662,0
12210,31.370313233360662,0
12211,31.370313233360662,0
12212,31.370313233360662,0
12213,31.370313233360662,0
12214,31.370313233360662,0
12215,31.370313233360662,0
12216,31.370313233360662,0
12217,31.370313233360662,0
12218,31.370313233360662,0
12219,31.370313233360662,0
12220,31.370313233360662,0
12221,31.370313233360662,0
12222,31.370313233360662,0
12223,31.370313233360662,0
12224,31.370313233360662,0
12225,31.370313233360662,0
12226,31.370313233360662,0
12227,31.370313233360662,0
12228,31.370313233360662,1
12229,31.370313233360662,0
12230,31.370313233360662,1
12231,31.370313233360662,0
12232,31.370313233360662,0
12233,31.370313233360662,0
12234,31.370313233360662,0
12235,31.370313233360662,0
12236,23.357821734287143,0
12237,23.357821734287143,0
12238,23.357821734287143,0
12239,23.357821734287143,0
12240,23.357821734287143,0
12241,23.357821734287143,0
12242,23.357821734287143,0
12243,23.357821734287143,0
12244,23.357821734287143,0
12245,23.357821734287143,0
12246,23.357821734287143,0
12247,23.357821734287143,0
12248,23.357821734287143,0
12249,23.357821734287143,0
12250,23.357821734287143,0
12251,23.357821734287143,0
12252,23.357821734287143,0
12253,23.357821734287143,0
12254,23.357821734287143,0
12255,23.357821734287143,0
12256,23.357821734287143,0
12257,23.357821734287143,0
12258,23.357821734287143,0
12259,23.357821734287143,0
12260,23.357821734287143,0
12261,23.357821734287143,0
12262,23.357821734287143,0
12263,23.357821734287143,0
12264,41.30007906257235,0
12265,41.30007906257235,0
12266,41.30007906257235,0
12267,41.30007906257235,0
12268,41.30007906257235,1
12269,41.30007906257235,0
12270,41.30007906257235,0
12271,41.30007906257235,0
12272,41.30007906257235,0
12273,41.30007906257235,0
12274,41.30007906257235,0
12275,41.30007906257235,0
12276,41.30007906257235,0
12277,41.30007906257235,0
12278,41.30007906257235,0
12279,41.30007906257235,0
12280,41.30007906257235,0
12281,41.30007906257235,0
12282,41.30007906257235,0
12283,41.30007906257235,0
12284,41.30007906257235,0
12285,41.30007906257235,0
12286,41.30007906257235,0
12287,41.30007906257235,0
12288,41.30007906257235,0
12289,41.30007906257235,0
12290,41.30007906257235,0
12291,41.30007906257235,0
12292,41.30007906257235,0
12293,41.30007906257235,0
12294,41.30007906257235,0
12295,41.30007906257235,0
12296,41.30007906257235,0
12297,41.30007906257235,0
12298,41.30007906257235,0
12299,41.30007906257235,0
12300,3.9839406979190417,0
12301,3.9839406979190417,0
12302,3.9839406979190417,0
12303,3.9839406979190417,0
12304,3.9839406979190417,0
12305,3.9839406979190417,0
12306,3.9839406979190417,0
12307,3.9839406979190417,0
12308,3.9839406979190417,0
12309,3.9839406979190417,0
12310,3.9839406979190417,0
12311,3.9839406979190417,0
12312,3.9839406979190417,0
12313,3.9839406979190417,0
12314,3.9839406979190417,0
12315,3.9839406979190417,0
12316,3.9839406979190417,0
12317,3.9839406979190417,0
12318,3.9839406979190417,0
12319,3.9839406979190417,0
12320,3.9839406979190417,0
12321,3.9839406979190417,0
12322,3.9839406979190417,0
12323,3.9839406979190417,0
12324,3.9839406979190417,0
12325,3.9839406979190417,0
12326,3.9839406979190417,0
12327,3.9839406979190417,0
12328,3.9839406979190417,0
12329,3.9839406979190417,0
12330,3.9839406979190417,0
12331,3.9839406979190417,0
12332,3.9839406979190417,0
12333,3.9839406979190417,0
12334,3.9839406979190417,0
12335,3.9839406979190417,0
12336,3.9839406979190417,0
12337,3.9839406979190417,0
12338,3.9839406979190417,0
12339,3.9839406979190417,0
12340,3.9839406979190417,0
12341,17.197294330290656,0
12342,17.197294330290656,0
12343,17.197294330290656,0
12344,17.197294330290656,0
12345,17.197294330290656,0
12346,17.197294330290656,0
12347,17.197294330290656,0
12348,17.197294330290656,0
12349,17.197294330290656,0
12350,17.197294330290656,0
12351,17.197294330290656,0
12352,17.197294330290656,0
12353,17.197294330290656,0
12354,17.197294330290656,0
12355,17.197294330290656,0
12356,17.197294330290656,0
12357,17.197294330290656,0
12358,17.197294330290656,0
12359,17.197294330290656,0
12360,17.197294330290656,0
12361,17.197294330290656,0
12362,17.197294330290656,0
12363,17.197294330290656,0
12364,17.197294330290656,0
12365,17.197294330290656,0
12366,17.197294330290656,0
12367,17.197294330290656,0
12368,17.197294330290656,0
12369,17.197294330290656,0
12370,17.197294330290656,0
12371,17.197294330290656,0
12372,17.197294330290656,0
12373,17.197294330290656,0
12374,17.197294330290656,0
12375,17.197294330290656,0
12376,17.197294330290656,0
12377,17.197294330290656,0
12378,17.197294330290656,0
12379,17.197294330290656,0
12380,17.197294330290656,0
12381,17.197294330290656,0
12382,17.197294330290656,0
12383,17.197294330290656,0
12384,17.197294330290656,0
12385,17.197294330290656,0
12386,17.197294330290656,0
12387,17.197294330290656,0
12388,17.197294330290656,0
12389,17.197294330290656,0
12390,17.197294330290656,0
12391,17.197294330290656,0
12392,17.197294330290656,0
12393,17.197294330290656,0
12394,17.197294330290656,0
12395,30.74726870457752,1
12396,30.74726870457752,0
12397,30.74726870457752,0
12398,30.74726870457752,0
12399,30.74726870457752,0
12400,30.74726870457752,0
12401,30.74726870457752,0
12402,30.74726870457752,0
12403,30.74726870457752,0
12404,30.74726870457752,0
12405,30.74726870457752,0
12406,30.74726870457752,0
12407,30.74726870457752,0
12408,30.74726870457752,0
12409,30.74726870457752,0
12410,30.74726870457752,0
12411,30.74726870457752,0
12412,30.74726870457752,1
12413,30.74726870457752,0
12414,30.74726870457752,0
12415,30.74726870457752,1
12416,30.74726870457752,0
12417,30.74726870457752,0
12418,30.74726870457752,0
12419,30.74726870457752,0
12420,30.74726870457752,0
12421,30.74726870457752,0
12422,30.74726870457752,0
12423,30.74726870457752,0
12424,30.74726870457752,1
12425,30.74726870457752,0
12426,53.212541382383684,1
12427,53.212541382383684,0
12428,53.212541382383684,0
12429,53.212541382383684,0
12430,53.212541382383684,1
12431,53.212541382383684,0
12432,53.212541382383684,0
12433,53.212541382383684,0
12434,53.212541382383684,0
12435,53.212541382383684,1
12436,53.212541382383684,0
12437,53.212541382383684,1
12438,53.212541382383684,0
12439,53.212541382383684,0
12440,53.212541382383684,0
12441,53.212541382383684,1
12442,53.212541382383684,0
12443,53.212541382383684,0
12444,53.212541382383684,0
12445,53.212541382383684,0
12446,53.212541382383684,0
12447,53.212541382383684,0
12448,53.212541382383684,0
12449,53.212541382383684,0
12450,53.212541382383684,0
12451,53.212541382383684,0
12452,53.212541382383684,0
12453,53.212541382383684,0
12454,53.212541382383684,0
12455,53.212541382383684,0
12456,53.212541382383684,0
12457,13.221459405962952,0
12458,13.221459405962952,0
12459,13.221459405962952,0
12460,13.221459405962952,1
12461,13.221459405962952,0
12462,13.221459405962952,0
12463,13.221459405962952,0
12464,13.221459405962952,0
12465,13.221459405962952,0
12466,13.221459405962952,0
12467,13.221459405962952,1
12468,13.221459405962952,0
12469,13.221459405962952,0
12470,13.221459405962952,0
12471,13.221459405962952,0
12472,13.221459405962952,1
12473,13.221459405962952,0
12474,13.221459405962952,0
12475,13.221459405962952,0
12476,13.221459405962952,0
12477,13.221459405962952,0
12478,13.221459405962952,0
12479,13.221459405962952,0
12480,13.221459405962952,0
12481,13.221459405962952,0
12482,13.221459405962952,0
12483,13.221459405962952,0
12484,13.221459405962952,0
12485,13.221459405962952,0
12486,13.221459405962952,0
12487,13.221459405962952,0
12488,13.221459405962952,0
12489,13.221459405962952,0
12490,13.221459405962952,0
12491,1.3699879491409137,1
12492,1.3699879491409137,0
12493,1.3699879491409137,0
12494,1.3699879491409137,1
12495,1.3699879491409137,0
12496,1.3699879491409137,1
12497,1.3699879491409137,0
12498,1.3699879491409137,0
12499,1.3699879491409137,0
12500,1.3699879491409137,0
12501,1.3699879491409137,0
12502,1.3699879491409137,0
12503,1.3699879491409137,0
12504,1.3699879491409137,0
12505,1.3699879491409137,1
12506,1.3699879491409137,1
12507,1.3699879491409137,0
12508,1.3699879491409137,0
12509,1.3699879491409137,0
12510,1.3699879491409137,0
12511,1.3699879491409137,0
12512,1.3699879491409137,0
12513,1.3699879491409137,0
12514,1.3699879491409137,0
12515,1.3699879491409137,0
12516,1.3699879491409137,0
12517,1.3699879491409137,0
12518,1.3699879491409137,0
12519,1.3699879491409137,0
12520,1.3699879491409137,0
12521,1.3699879491409137,0
12522,1.3699879491409137,0
12523,1.3699879491409137,0
12524,1.3699879491409137,0
12525,1.3699879491409137,0
12526,1.3699879491409137,0
12527,1.3699879491409137,0
12528,1.3699879491409137,0
12529,1.3699879491409137,0
12530,1.3699879491409137,0
12531,1.3699879491409137,1
12532,1.3699879491409137,1
12533,1.3699879491409137,0
12534,1.3699879491409137,0
12535,1.3699879491409137,0
12536,1.3699879491409137,0
12537,1.3699879491409137,0
12538,3.8000949385959,0
12539,3.8000949385959,0
12540,3.8000949385959,0
12541,3.8000949385959,0
12542,3.8000949385959,0
12543,3.8000949385959,0
12544,3.8000949385959,0
12545,3.8000949385959,0
12546,3.8000949385959,0
12547,3.8000949385959,0
12548,3.8000949385959,0
12549,3.8000949385959,0
12550,3.8000949385959,0
12551,3.8000949385959,0
12552,3.8000949385959,0
12553,3.8000949385959,0
12554,3.8000949385959,1
12555,3.8000949385959,0
12556,3.8000949385959,0
12557,3.8000949385959,0
12558,3.8000949385959,0
12559,3.8000949385959,0
12560,3.8000949385959,0
12561,3.8000949385959,0
12562,3.8000949385959,0
12563,3.8000949385959,0
12564,3.8000949385959,0
12565,3.8000949385959,0
12566,3.8000949385959,0
12567,3.8000949385959,0
12568,3.8000949385959,0
12569,3.8000949385959,0
12570,3.8000949385959,0
12571,3.8000949385959,0
12572,3.8000949385959,0
12573,3.8000949385959,0
12574,43.23552753347178,0
12575,43.23552753347178,0
12576,43.23552753347178,0
12577,43.23552753347178,0
12578,43.23552753347178,0
12579,43.23552753347178,0
12580,43.23552753347178,0
12581,43.23552753347178,0
12582,43.23552753347178,0
12583,43.23552753347178,0
12584,43.23552753347178,0
12585,43.23552753347178,0
12586,43.23552753347178,0
12587,43.23552753347178,0
12588,43.23552753347178,0
12589,43.23552753347178,0
12590,43.23552753347178,0
12591,43.23552753347178,0
12592,43.23552753347178,1
12593,43.23552753347178,0
12594,43.23552753347178,0
12595,43.23552753347178,0
12596,43.23552753347178,0
12597,43.23552753347178,0
12598,43.23552753347178,0
12599,43.23552753347178,0
12600,43.23552753347178,0
12601,43.23552753347178,0
12602,43.23552753347178,0
12603,43.23552753347178,0
12604,43.23552753347178,0
12605,43.23552753347178,0
12606,43.23552753347178,0
12607,2.0879831369686217,0
12608,2.0879831369686217,0
12609,2.0879831369686217,0
12610,2.0879831369686217,0
12611,2.0879831369686217,0
12612,2.0879831369686217,0
12613,2.0879831369686217,0
12614,2.0879831369686217,0
12615,2.0879831369686217,0
12616,2.0879831369686217,0
12617,2.0879831369686217,0
12618,2.0879831369686217,0
12619,2.0879831369686217,0
12620,2.0879831369686217,0
12621,2.0879831369686217,0
12622,2.0879831369686217,0
12623,2.0879831369686217,0
12624,2.0879831369686217,0
12625,2.0879831369686217,0
12626,2.0879831369686217,0
12627,2.0879831369686217,0
12628,2.0879831369686217,0
12629,2.0879831369686217,0
12630,2.0879831369686217,0
12631,2.0879831369686217,0
12632,2.0879831369686217,0
12633,2.0879831369686217,0
12634,196.74613894667328,1
12635,196.74613894667328,0
12636,196.74613894667328,0
12637,196.74613894667328,0
12638,196.74613894667328,0
12639,196.74613894667328,0
12640,196.74613894667328,0
12641,196.74613894667328,0
12642,196.74613894667328,0
12643,196.74613894667328,0
12644,196.74613894667328,0
12645,196.74613894667328,0
12646,196.74613894667328,0
12647,196.74613894667328,0
12648,196.74613894667328,0
12649,196.74613894667328,0
12650,196.74613894667328,0
12651,196.74613894667328,1
12652,196.74613894667328,0
12653,196.74613894667328,0
12654,196.74613894667328,0
12655,196.74613894667328,0
12656,196.74613894667328,1
12657,196.74613894667328,0
12658,196.74613894667328,0
12659,196.74613894667328,0
12660,196.74613894667328,1
12661,196.74613894667328,0
12662,196.74613894667328,0
12663,2.0233230518914396,0
12664,2.0233230518914396,0
12665,2.0233230518914396,0
12666,2.0233230518914396,0
12667,2.0233230518914396,0
12668,2.0233230518914396,0
12669,2.0233230518914396,0
12670,2.0233230518914396,0
12671,2.0233230518914396,0
12672,2.0233230518914396,0
12673,2.0233230518914396,0
12674,2.0233230518914396,0
12675,2.0233230518914396,0
12676,2.0233230518914396,0
12677,2.0233230518914396,0
12678,2.0233230518914396,0
12679,2.0233230518914396,0
12680,2.0233230518914396,0
12681,2.0233230518914396,0
12682,2.0233230518914396,0
12683,2.0233230518914396,0
12684,2.0233230518914396,0
12685,2.0233230518914396,0
12686,2.0233230518914396,0
12687,2.0233230518914396,0
12688,2.0233230518914396,0
12689,2.0233230518914396,0
12690,2.0233230518914396,0
12691,2.0233230518914396,0
12692,2.0233230518914396,1
12693,2.0233230518914396,0
12694,2.0233230518914396,0
12695,2.0233230518914396,0
12696,2.0233230518914396,0
12697,2.0233230518914396,0
12698,2.0233230518914396,1
12699,2.0233230518914396,0
12700,25.49434459499525,0
12701,25.49434459499525,0
12702,25.49434459499525,0
12703,25.49434459499525,0
12704,25.49434459499525,0
12705,25.49434459499525,0
12706,25.49434459499525,0
12707,25.49434459499525,0
12708,25.49434459499525,0
12709,25.49434459499525,0
12710,25.49434459499525,0
12711,25.49434459499525,0
12712,25.49434459499525,0
12713,25.49434459499525,0
12714,25.49434459499525,0
12715,25.49434459499525,0
12716,25.49434459499525,0
12717,25.49434459499525,0
12718,25.49434459499525,0
12719,25.49434459499525,0
12720,25.49434459499525,0
12721,25.49434459499525,0
12722,25.49434459499525,0
12723,25.49434459499525,0
12724,25.49434459499525,0
12725,25.49434459499525,0
12726,25.49434459499525,0
12727,25.49434459499525,0
12728,25.49434459499525,0
12729,25.49434459499525,0
12730,25.49434459499525,0
12731,25.49434459499525,0
12732,3.485705945738842,0
12733,3.485705945738842,0
12734,3.485705945738842,0
12735,3.485705945738842,0
12736,3.485705945738842,0
12737,3.485705945738842,0
12738,3.485705945738842,0
12739,3.485705945738842,0
12740,3.485705945738842,0
12741,3.485705945738842,0
12742,3.485705945738842,0
12743,3.485705945738842,0
12744,3.485705945738842,0
12745,3.485705945738842,0
12746,3.485705945738842,0
12747,3.485705945738842,0
12748,3.485705945738842,1
12749,3.485705945738842,0
12750,3.485705945738842,0
12751,3.485705945738842,0
12752,3.485705945738842,0
12753,3.485705945738842,1
12754,3.485705945738842,0
12755,3.485705945738842,0
12756,3.485705945738842,0
12757,3.485705945738842,0
12758,3.485705945738842,0
12759,3.485705945738842,0
12760,3.485705945738842,0
12761,3.485705945738842,0
12762,3.485705945738842,0
12763,3.485705945738842,0
12764,3.485705945738842,0
12765,3.485705945738842,0
12766,3.485705945738842,0
12767,3.485705945738842,0
12768,3.485705945738842,0
12769,3.7927260764291684,0
12770,3.7927260764291684,0
12771,3.7927260764291684,0
12772,3.7927260764291684,0
12773,3.7927260764291684,0
12774,3.7927260764291684,0
12775,3.7927260764291684,0
12776,3.7927260764291684,0
12777,3.7927260764291684,0
12778,3.7927260764291684,0
12779,3.7927260764291684,0
12780,3.7927260764291684,0
12781,3.7927260764291684,0
12782,3.7927260764291684,0
12783,3.7927260764291684,0
12784,3.7927260764291684,0
12785,3.7927260764291684,0
12786,3.7927260764291684,0
12787,3.7927260764291684,0
12788,3.7927260764291684,0
12789,3.7927260764291684,0
12790,3.7927260764291684,0
12791,3.7927260764291684,0
12792,3.7927260764291684,0
12793,3.7927260764291684,0
12794,3.7927260764291684,0
12795,3.7927260764291684,0
12796,3.7927260764291684,0
12797,3.7927260764291684,0
12798,3.7927260764291684,0
12799,3.7927260764291684,0
12800,3.7927260764291684,0
12801,3.7927260764291684,0
12802,3.7927260764291684,0
12803,3.7927260764291684,1
12804,3.7927260764291684,0
12805,3.7927260764291684,0
12806,3.7927260764291684,0
12807,3.7927260764291684,0
12808,3.7927260764291684,0
12809,3.7927260764291684,0
12810,3.7927260764291684,0
12811,3.7927260764291684,0
12812,141.40292117269897,0
12813,141.40292117269897,0
12814,141.40292117269897,0
12815,141.40292117269897,0
12816,141.40292117269897,0
12817,141.40292117269897,0
12818,141.40292117269897,0
12819,141.40292117269897,0
12820,141.40292117269897,0
12821,141.40292117269897,0
12822,141.40292117269897,0
12823,141.40292117269897,0
12824,141.40292117269897,0
12825,141.40292117269897,0
12826,141.40292117269897,0
12827,141.40292117269897,0
12828,141.40292117269897,0
12829,141.40292117269897,1
12830,141.40292117269897,0
12831,141.40292117269897,0
12832,141.40292117269897,0
12833,141.40292117269897,0
12834,141.40292117269897,0
12835,141.40292117269897,0
12836,141.40292117269897,0
12837,141.40292117269897,0
12838,141.40292117269897,0
12839,141.40292117269897,1
12840,141.40292117269897,0
12841,141.40292117269897,0
12842,141.40292117269897,0
12843,141.40292117269897,0
12844,141.40292117269897,0
12845,1.5690677707357326,0
12846,1.5690677707357326,0
12847,1.5690677707357326,0
12848,1.5690677707357326,0
12849,1.5690677707357326,0
12850,1.5690677707357326,0
12851,1.5690677707357326,0
12852,1.5690677707357326,0
12853,1.5690677707357326,0
12854,1.5690677707357326,0
12855,1.5690677707357326,0
12856,1.5690677707357326,1
12857,1.5690677707357326,0
12858,1.5690677707357326,0
12859,1.5690677707357326,0
12860,1.5690677707357326,0
12861,1.5690677707357326,0
12862,1.5690677707357326,0
12863,1.5690677707357326,0
12864,1.5690677707357326,0
12865,1.5690677707357326,0
12866,1.5690677707357326,0
12867,1.5690677707357326,0
12868,1.5690677707357326,0
12869,1.5690677707357326,0
12870,1.5690677707357326,1
12871,1.5690677707357326,0
12872,1.5690677707357326,0
12873,1.5690677707357326,0
12874,1.5690677707357326,0
12875,1.5690677707357326,0
12876,1.5690677707357326,0
12877,1.5690677707357326,0
12878,1.5690677707357326,0
12879,1.5690677707357326,0
12880,1.5690677707357326,0
12881,1.5690677707357326,0
12882,1.5690677707357326,0
12883,1.5690677707357326,0
12884,1.5690677707357326,0
12885,1.5690677707357326,1
12886,1.5690677707357326,0
12887,1.5690677707357326,1
12888,1.5690677707357326,0
12889,1.5690677707357326,1
12890,1.5690677707357326,1
12891,1.5690677707357326,0
12892,1.5690677707357326,0
12893,12.67061074003976,1
12894,12.67061074003976,0
12895,12.67061074003976,1
12896,12.67061074003976,0
12897,12.67061074003976,0
12898,12.67061074003976,1
12899,12.67061074003976,0
12900,12.67061074003976,0
12901,12.67061074003976,1
12902,12.67061074003976,0
12903,12.67061074003976,0
12904,12.67061074003976,0
12905,12.67061074003976,1
12906,12.67061074003976,0
12907,12.67061074003976,0
12908,12.67061074003976,0
12909,12.67061074003976,1
12910,12.67061074003976,0
12911,12.67061074003976,1
12912,12.67061074003976,0
12913,12.67061074003976,0
12914,12.67061074003976,1
12915,12.67061074003976,1
12916,12.67061074003976,0
12917,12.67061074003976,1
12918,12.67061074003976,0
12919,12.67061074003976,1
12920,12.67061074003976,0
12921,12.67061074003976,0
12922,12.67061074003976,1
12923,12.67061074003976,0
12924,12.67061074003976,0
12925,12.67061074003976,0
12926,30.104826290602535,0
12927,30.104826290602535,0
12928,30.104826290602535,0
12929,30.104826290602535,0
12930,30.104826290602535,0
12931,30.104826290602535,0
12932,30.104826290602535,0
12933,30.104826290602535,0
12934,30.104826290602535,0
12935,30.104826290602535,0
12936,30.104826290602535,0
12937,30.104826290602535,1
12938,30.104826290602535,0
12939,30.104826290602535,0
12940,30.104826290602535,0
12941,30.104826290602535,0
12942,30.104826290602535,0
12943,30.104826290602535,0
12944,30.104826290602535,0
12945,30.104826290602535,0
12946,30.104826290602535,0
12947,30.104826290602535,0
12948,30.104826290602535,0
12949,30.104826290602535,0
12950,30.104826290602535,0
12951,30.104826290602535,0
12952,30.104826290602535,0
12953,30.104826290602535,0
12954,30.104826290602535,0
12955,30.104826290602535,0
12956,30.104826290602535,0
12957,30.104826290602535,0
12958,30.104826290602535,0
12959,30.104826290602535,0
12960,30.104826290602535,0
12961,30.104826290602535,0
12962,30.104826290602535,0
12963,30.104826290602535,0
12964,30.104826290602535,0
12965,30.104826290602535,0
12966,30.104826290602535,0
12967,30.104826290602535,0
12968,9.858696792179462,0
12969,9.858696792179462,0
12970,9.858696792179462,0
12971,9.858696792179462,0
12972,9.858696792179462,0
12973,9.858696792179462,0
12974,9.858696792179462,0
12975,9.858696792179462,0
12976,9.858696792179462,0
12977,9.858696792179462,0
12978,9.858696792179462,0
12979,9.858696792179462,0
12980,9.858696792179462,0
12981,9.858696792179462,0
12982,9.858696792179462,0
12983,9.858696792179462,0
12984,53.68597500032638,0
12985,53.68597500032638,0
12986,53.68597500032638,0
12987,53.68597500032638,0
12988,53.68597500032638,0
12989,53.68597500032638,0
12990,53.68597500032638,1
12991,53.68597500032638,0
12992,53.68597500032638,0
12993,53.68597500032638,0
12994,53.68597500032638,0
12995,53.68597500032638,0
12996,53.68597500032638,0
12997,53.68597500032638,0
12998,53.68597500032638,0
12999,53.68597500032638,0
13000,53.68597500032638,0
13001,53.68597500032638,0
13002,53.68597500032638,0
13003,53.68597500032638,0
13004,0.8084959909394577,1
13005,0.8084959909394577,0
13006,0.8084959909394577,0
13007,0.8084959909394577,1
13008,0.8084959909394577,0
13009,0.8084959909394577,1
13010,0.8084959909394577,0
13011,0.8084959909394577,0
13012,0.8084959909394577,0
13013,0.8084959909394577,0
13014,0.8084959909394577,0
13015,0.8084959909394577,1
13016,0.8084959909394577,0
13017,0.8084959909394577,1
13018,0.8084959909394577,0
13019,0.8084959909394577,0
13020,0.8084959909394577,0
13021,0.8084959909394577,0
13022,0.8084959909394577,0
13023,0.8084959909394577,0
13024,0.8084959909394577,0
13025,0.8084959909394577,0
13026,0.8084959909394577,0
13027,0.8084959909394577,0
13028,0.8084959909394577,0
13029,0.8084959909394577,0
13030,0.8084959909394577,0
13031,0.8084959909394577,0
13032,0.8084959909394577,0
13033,0.8084959909394577,0
13034,0.8084959909394577,0
13035,0.8084959909394577,0
13036,0.8084959909394577,0
13037,0.8084959909394577,0
13038,0.8084959909394577,0
13039,0.8084959909394577,0
13040,0.8084959909394577,0
13041,0.8084959909394577,0
13042,0.8084959909394577,0
13043,0.8084959909394577,0
13044,0.8084959909394577,0
13045,0.8084959909394577,0
13046,0.8084959909394577,0
13047,0.8084959909394577,1
13048,0.8084959909394577,0
13049,35.94112456803679,0
13050,35.94112456803679,0
13051,35.94112456803679,0
13052,35.94112456803679,0
13053,35.94112456803679,0
13054,35.94112456803679,0
13055,35.94112456803679,0
13056,35.94112456803679,0
13057,35.94112456803679,0
13058,35.94112456803679,0
13059,35.94112456803679,0
13060,35.94112456803679,0
13061,35.94112456803679,0
13062,35.94112456803679,1
13063,35.94112456803679,0
13064,35.94112456803679,0
13065,35.94112456803679,0
13066,35.94112456803679,0
13067,35.94112456803679,0
13068,35.94112456803679,0
13069,35.94112456803679,0
13070,35.94112456803679,0
13071,35.94112456803679,1
13072,35.94112456803679,0
13073,35.94112456803679,0
13074,35.94112456803679,0
13075,35.94112456803679,0
13076,35.94112456803679,0
13077,35.94112456803679,0
13078,35.94112456803679,0
13079,11.221657174445216,0
13080,11.221657174445216,0
13081,11.221657174445216,0
13082,11.221657174445216,0
13083,11.221657174445216,0
13084,11.221657174445216,0
13085,11.221657174445216,0
13086,11.221657174445216,0
13087,11.221657174445216,0
13088,11.221657174445216,0
13089,11.221657174445216,0
13090,11.221657174445216,0
13091,11.221657174445216,0
13092,11.221657174445216,0
13093,11.221657174445216,0
13094,11.221657174445216,0
13095,11.221657174445216,0
13096,11.221657174445216,0
13097,11.221657174445216,0
13098,11.221657174445216,0
13099,11.221657174445216,0
13100,11.221657174445216,0
13101,11.221657174445216,0
13102,11.221657174445216,0
13103,11.221657174445216,0
13104,18.44113417632734,0
13105,18.44113417632734,0
13106,18.44113417632734,0
13107,18.44113417632734,0
13108,18.44113417632734,0
13109,18.44113417632734,1
13110,18.44113417632734,0
13111,18.44113417632734,0
13112,18.44113417632734,0
13113,18.44113417632734,0
13114,18.44113417632734,0
13115,18.44113417632734,0
13116,18.44113417632734,0
13117,18.44113417632734,0
13118,18.44113417632734,0
13119,18.44113417632734,0
13120,18.44113417632734,0
13121,18.44113417632734,0
13122,18.44113417632734,1
13123,18.44113417632734,0
13124,18.44113417632734,0
13125,18.44113417632734,0
13126,18.44113417632734,0
13127,18.44113417632734,0
13128,18.44113417632734,0
13129,18.44113417632734,0
13130,18.44113417632734,0
13131,18.44113417632734,0
13132,18.44113417632734,0
13133,18.44113417632734,0
13134,18.44113417632734,0
13135,18.44113417632734,0
13136,18.44113417632734,0
13137,18.44113417632734,0
13138,18.44113417632734,0
13139,1.1635326409335878,0
13140,1.1635326409335878,0
13141,1.1635326409335878,0
13142,1.1635326409335878,0
13143,1.1635326409335878,0
13144,1.1635326409335878,0
13145,1.1635326409335878,0
13146,1.1635326409335878,0
13147,1.1635326409335878,0
13148,1.1635326409335878,0
13149,1.1635326409335878,1
13150,1.1635326409335878,0
13151,1.1635326409335878,0
13152,1.1635326409335878,0
13153,1.1635326409335878,0
13154,1.1635326409335878,0
13155,1.1635326409335878,0
13156,1.1635326409335878,0
13157,1.1635326409335878,0
13158,1.1635326409335878,0
13159,1.1635326409335878,0
13160,1.1635326409335878,0
13161,1.1635326409335878,0
13162,1.1635326409335878,0
13163,1.1635326409335878,0
13164,1.1635326409335878,0
13165,1.1635326409335878,0
13166,1.1635326409335878,0
13167,1.1635326409335878,0
13168,1.1635326409335878,0
13169,1.1635326409335878,0
13170,1.1635326409335878,0
13171,1.1635326409335878,0
13172,1.1635326409335878,0
13173,1.1635326409335878,0
13174,1.1635326409335878,0
13175,1.1635326409335878,0
13176,1.1635326409335878,0
13177,1.1635326409335878,0
13178,1.1635326409335878,0
13179,1.1635326409335878,0
13180,1.1635326409335878,0
13181,1.1635326409335878,0
13182,1.1635326409335878,0
13183,1.1635326409335878,0
13184,1.1635326409335878,0
13185,1.1635326409335878,0
13186,1.1635326409335878,0
13187,1.1635326409335878,0
13188,1.1635326409335878,0
13189,1.1635326409335878,0
13190,156.8033794240996,0
13191,156.8033794240996,0
13192,156.8033794240996,0
13193,156.8033794240996,0
13194,156.8033794240996,0
13195,156.8033794240996,0
13196,156.8033794240996,0
13197,156.8033794240996,0
13198,156.8033794240996,0
13199,156.8033794240996,0
13200,156.8033794240996,0
13201,156.8033794240996,0
13202,156.8033794240996,0
13203,156.8033794240996,0
13204,156.8033794240996,0
13205,156.8033794240996,0
13206,156.8033794240996,0
13207,156.8033794240996,0
13208,156.8033794240996,0
13209,156.8033794240996,0
13210,156.8033794240996,0
13211,156.8033794240996,0
13212,156.8033794240996,0
13213,156.8033794240996,0
13214,156.8033794240996,0
13215,156.8033794240996,0
13216,156.8033794240996,0
13217,156.8033794240996,0
13218,156.8033794240996,0
13219,156.8033794240996,0
13220,156.8033794240996,0
13221,44.46281567206114,0
13222,44.46281567206114,0
13223,44.46281567206114,0
13224,44.46281567206114,0
13225,44.46281567206114,0
13226,44.46281567206114,0
13227,44.46281567206114,0
13228,44.46281567206114,0
13229,44.46281567206114,0
13230,44.46281567206114,0
13231,44.46281567206114,0
13232,44.46281567206114,0
13233,44.46281567206114,0
13234,44.46281567206114,0
13235,44.46281567206114,0
13236,44.46281567206114,0
13237,44.46281567206114,0
13238,44.46281567206114,0
13239,44.46281567206114,0
13240,44.46281567206114,0
13241,44.46281567206114,0
13242,44.46281567206114,0
13243,44.46281567206114,0
13244,44.46281567206114,0
13245,44.46281567206114,0
13246,44.46281567206114,0
13247,44.46281567206114,0
13248,44.46281567206114,0
13249,44.46281567206114,0
13250,44.46281567206114,0
13251,44.46281567206114,0
13252,44.46281567206114,0
13253,44.46281567206114,0
13254,44.46281567206114,0
13255,44.46281567206114,0
13256,44.46281567206114,0
13257,44.46281567206114,0
13258,44.46281567206114,0
13259,44.46281567206114,0
13260,44.46281567206114,0
13261,44.46281567206114,0
13262,44.46281567206114,0
13263,44.46281567206114,0
13264,44.46281567206114,0
13265,44.46281567206114,0
13266,1.9781044266401209,0
13267,1.9781044266401209,0
13268,1.9781044266401209,0
13269,1.9781044266401209,0
13270,1.9781044266401209,0
13271,1.9781044266401209,0
13272,1.9781044266401209,0
13273,1.9781044266401209,0
13274,1.9781044266401209,0
13275,1.9781044266401209,0
13276,1.9781044266401209,0
13277,1.9781044266401209,0
13278,1.9781044266401209,1
13279,1.9781044266401209,0
13280,1.9781044266401209,0
13281,1.9781044266401209,0
13282,1.9781044266401209,0
13283,1.9781044266401209,0
13284,1.9781044266401209,0
13285,1.9781044266401209,0
13286,1.9781044266401209,0
13287,1.9781044266401209,0
13288,1.9781044266401209,0
13289,1.9781044266401209,0
13290,1.9781044266401209,0
13291,1.9781044266401209,0
13292,1.9781044266401209,0
13293,1.9781044266401209,0
13294,1.9781044266401209,0
13295,1.9781044266401209,0
13296,1.9781044266401209,0
13297,27.89833126860518,0
13298,27.89833126860518,0
13299,27.89833126860518,0
13300,27.89833126860518,0
13301,27.89833126860518,0
13302,27.89833126860518,0
13303,27.89833126860518,1
13304,27.89833126860518,0
13305,27.89833126860518,0
13306,27.89833126860518,0
13307,27.89833126860518,0
13308,27.89833126860518,0
13309,27.89833126860518,0
13310,27.89833126860518,0
13311,27.89833126860518,0
13312,27.89833126860518,0
13313,27.89833126860518,0
13314,27.89833126860518,0
13315,27.89833126860518,0
13316,27.89833126860518,0
13317,27.89833126860518,0
13318,27.89833126860518,0
13319,27.89833126860518,1
13320,27.89833126860518,0
13321,27.89833126860518,0
13322,27.89833126860518,1
13323,27.89833126860518,0
13324,27.89833126860518,0
13325,27.89833126860518,0
13326,27.89833126860518,0
13327,27.89833126860518,0
13328,27.89833126860518,0
13329,27.89833126860518,0
13330,27.89833126860518,0
13331,27.89833126860518,0
13332,27.89833126860518,0
13333,27.89833126860518,0
13334,27.89833126860518,0
13335,27.89833126860518,0
13336,27.89833126860518,0
13337,27.89833126860518,0
13338,55.764825429163984,0
13339,55.764825429163984,0
13340,55.764825429163984,0
13341,55.764825429163984,0
13342,55.764825429163984,0
13343,55.764825429163984,0
13344,55.764825429163984,0
13345,55.764825429163984,0
13346,55.764825429163984,0
13347,55.764825429163984,0
13348,55.764825429163984,0
13349,55.764825429163984,0
13350,55.764825429163984,0
13351,55.764825429163984,0
13352,55.764825429163984,0
13353,55.764825429163984,0
13354,55.764825429163984,0
13355,55.764825429163984,0
13356,55.764825429163984,0
13357,55.764825429163984,0
13358,55.764825429163984,0
13359,55.764825429163984,0
13360,55.764825429163984,0
13361,55.764825429163984,0
13362,55.764825429163984,0
13363,55.764825429163984,0
13364,55.764825429163984,0
13365,55.764825429163984,0
13366,75.41635343225174,0
13367,75.41635343225174,0
13368,75.41635343225174,0
13369,75.41635343225174,0
13370,75.41635343225174,0
13371,75.41635343225174,0
13372,75.41635343225174,0
13373,75.41635343225174,0
13374,75.41635343225174,0
13375,75.41635343225174,0
13376,75.41635343225174,1
13377,75.41635343225174,0
13378,75.41635343225174,0
13379,75.41635343225174,0
13380,75.41635343225174,0
13381,75.41635343225174,0
13382,75.41635343225174,0
13383,75.41635343225174,0
13384,75.41635343225174,0
13385,75.41635343225174,0
13386,75.41635343225174,0
13387,75.41635343225174,0
13388,75.41635343225174,0
13389,75.41635343225174,0
13390,75.41635343225174,0
13391,75.41635343225174,0
13392,75.41635343225174,0
13393,75.41635343225174,0
13394,75.41635343225174,0
13395,75.41635343225174,0
13396,75.41635343225174,0
13397,75.41635343225174,0
13398,75.41635343225174,0
13399,75.41635343225174,0
13400,75.41635343225174,0
13401,75.41635343225174,0
13402,75.41635343225174,0
13403,75.41635343225174,0
13404,52.646686318699544,0
13405,52.646686318699544,0
13406,52.646686318699544,0
13407,52.646686318699544,0
13408,52.646686318699544,0
13409,52.646686318699544,0
13410,52.646686318699544,0
13411,52.646686318699544,0
13412,52.646686318699544,0
13413,52.646686318699544,0
13414,52.646686318699544,0
13415,52.646686318699544,0
13416,52.646686318699544,1
13417,52.646686318699544,0
13418,52.646686318699544,0
13419,52.646686318699544,0
13420,52.646686318699544,0
13421,52.646686318699544,0
13422,52.646686318699544,0
13423,52.646686318699544,0
13424,52.646686318699544,0
13425,52.646686318699544,0
13426,52.646686318699544,0
13427,52.646686318699544,0
13428,52.646686318699544,0
13429,52.646686318699544,0
13430,52.646686318699544,0
13431,52.646686318699544,0
13432,52.646686318699544,0
13433,52.646686318699544,0
13434,52.646686318699544,0
13435,52.646686318699544,0
13436,52.646686318699544,0
13437,52.646686318699544,0
13438,52.646686318699544,0
13439,52.646686318699544,0
13440,1.685051714217224,0
13441,1.685051714217224,0
13442,1.685051714217224,0
13443,1.685051714217224,0
13444,1.685051714217224,0
13445,1.685051714217224,0
13446,1.685051714217224,0
13447,1.685051714217224,0
13448,1.685051714217224,0
13449,1.685051714217224,0
13450,1.685051714217224,0
13451,1.685051714217224,0
13452,1.685051714217224,0
13453,1.685051714217224,0
13454,1.685051714217224,0
13455,1.685051714217224,0
13456,1.685051714217224,0
13457,1.685051714217224,0
13458,1.685051714217224,0
13459,1.685051714217224,0
13460,1.685051714217224,0
13461,1.685051714217224,0
13462,1.685051714217224,0
13463,1.685051714217224,0
13464,1.685051714217224,0
13465,1.685051714217224,0
13466,1.685051714217224,0
13467,1.685051714217224,0
13468,1.685051714217224,0
13469,1.685051714217224,0
13470,1.685051714217224,0
13471,1.685051714217224,0
13472,1.685051714217224,0
13473,1.685051714217224,0
13474,1.685051714217224,0
13475,1.685051714217224,0
13476,1.685051714217224,0
13477,1.685051714217224,0
13478,1.685051714217224,0
13479,1.685051714217224,0
13480,24.62545783785119,0
13481,24.62545783785119,0
13482,24.62545783785119,0
13483,24.62545783785119,0
13484,24.62545783785119,0
13485,24.62545783785119,0
13486,24.62545783785119,0
13487,24.62545783785119,0
13488,24.62545783785119,0
13489,24.62545783785119,0
13490,24.62545783785119,0
13491,24.62545783785119,0
13492,24.62545783785119,0
13493,24.62545783785119,0
13494,24.62545783785119,0
13495,24.62545783785119,0
13496,24.62545783785119,0
13497,24.62545783785119,0
13498,24.62545783785119,0
13499,24.62545783785119,0
13500,24.62545783785119,0
13501,24.62545783785119,0
13502,24.62545783785119,0
13503,24.62545783785119,0
13504,24.62545783785119,0
13505,24.62545783785119,0
13506,37.82755274041855,0
13507,37.82755274041855,1
13508,37.82755274041855,0
13509,37.82755274041855,0
13510,37.82755274041855,0
13511,37.82755274041855,0
13512,37.82755274041855,0
13513,37.82755274041855,0
13514,37.82755274041855,0
13515,37.82755274041855,0
13516,37.82755274041855,0
13517,37.82755274041855,0
13518,37.82755274041855,0
13519,37.82755274041855,0
13520,37.82755274041855,0
13521,37.82755274041855,0
13522,37.82755274041855,0
13523,37.82755274041855,0
13524,37.82755274041855,0
13525,37.82755274041855,1
13526,37.82755274041855,0
13527,37.82755274041855,0
13528,37.82755274041855,0
13529,37.82755274041855,0
13530,37.82755274041855,0
13531,37.82755274041855,0
13532,37.82755274041855,0
13533,12.803719728239017,0
13534,12.803719728239017,0
13535,12.803719728239017,0
13536,12.803719728239017,0
13537,12.803719728239017,0
13538,12.803719728239017,0
13539,12.803719728239017,0
13540,12.803719728239017,0
13541,12.803719728239017,0
13542,12.803719728239017,0
13543,12.803719728239017,0
13544,12.803719728239017,0
13545,12.803719728239017,0
13546,12.803719728239017,0
13547,12.803719728239017,0
13548,12.803719728239017,0
13549,12.803719728239017,0
13550,12.803719728239017,0
13551,12.803719728239017,0
13552,12.803719728239017,0
13553,12.803719728239017,0
13554,12.803719728239017,0
13555,12.803719728239017,0
13556,12.803719728239017,0
13557,12.803719728239017,0
13558,12.803719728239017,0
13559,12.803719728239017,0
13560,12.803719728239017,0
13561,12.803719728239017,0
13562,12.803719728239017,0
13563,12.803719728239017,0
13564,5.776292412972031,1
13565,5.776292412972031,0
13566,5.776292412972031,0
13567,5.776292412972031,0
13568,5.776292412972031,0
13569,5.776292412972031,0
13570,5.776292412972031,0
13571,5.776292412972031,0
13572,5.776292412972031,0
13573,5.776292412972031,0
13574,5.776292412972031,1
13575,5.776292412972031,1
13576,5.776292412972031,0
13577,5.776292412972031,0
13578,5.776292412972031,0
13579,5.776292412972031,1
13580,5.776292412972031,0
13581,5.776292412972031,0
13582,5.776292412972031,0
13583,5.776292412972031,0
13584,5.776292412972031,0
13585,5.776292412972031,0
13586,5.776292412972031,0
13587,5.776292412972031,0
13588,5.776292412972031,0
13589,5.776292412972031,0
13590,5.776292412972031,0
13591,5.776292412972031,0
13592,5.776292412972031,0
13593,5.776292412972031,0
13594,5.776292412972031,0
13595,5.776292412972031,0
13596,5.776292412972031,0
13597,5.776292412972031,0
13598,5.776292412972031,0
13599,5.776292412972031,0
13600,5.776292412972031,0
13601,5.776292412972031,0
13602,5.776292412972031,0
13603,5.776292412972031,0
13604,5.776292412972031,0
13605,5.776292412972031,0
13606,5.776292412972031,0
13607,5.776292412972031,0
13608,1.9203658268280075,0
13609,1.9203658268280075,0
13610,1.9203658268280075,0
13611,1.9203658268280075,0
13612,1.9203658268280075,0
13613,1.9203658268280075,0
13614,1.9203658268280075,0
13615,1.9203658268280075,0
13616,1.9203658268280075,0
13617,1.9203658268280075,0
13618,1.9203658268280075,0
13619,1.9203658268280075,0
13620,1.9203658268280075,0
13621,1.9203658268280075,0
13622,1.9203658268280075,0
13623,1.9203658268280075,0
13624,1.9203658268280075,0
13625,1.9203658268280075,0
13626,1.9203658268280075,0
13627,1.9203658268280075,0
13628,1.9203658268280075,0
13629,1.9203658268280075,0
13630,1.9203658268280075,0
13631,1.9203658268280075,0
13632,1.9203658268280075,0
13633,1.9203658268280075,0
13634,1.9203658268280075,0
13635,1.9203658268280075,0
13636,1.9203658268280075,0
13637,1.9203658268280075,0
13638,1.9203658268280075,0
13639,1.9203658268280075,0
13640,1.9203658268280075,0
13641,1.9203658268280075,0
13642,1.9203658268280075,0
13643,1.9203658268280075,0
13644,1.9203658268280075,0
13645,1.9203658268280075,1
13646,1.9203658268280075,0
13647,1.9203658268280075,0
13648,1.9203658268280075,0
13649,1.9203658268280075,0
13650,1.9203658268280075,0
13651,1.9203658268280075,0
13652,1.9203658268280075,0
13653,1.9203658268280075,0
13654,1.9203658268280075,0
13655,24.596066539494274,0
13656,24.596066539494274,0
13657,24.596066539494274,0
13658,24.596066539494274,0
13659,24.596066539494274,0
13660,24.596066539494274,0
13661,24.596066539494274,0
13662,24.596066539494274,0
13663,24.596066539494274,0
13664,24.596066539494274,0
13665,24.596066539494274,0
13666,24.596066539494274,0
13667,24.596066539494274,0
13668,24.596066539494274,0
13669,24.596066539494274,0
13670,24.596066539494274,0
13671,24.596066539494274,0
13672,24.596066539494274,0
13673,24.596066539494274,0
13674,24.596066539494274,0
13675,24.596066539494274,0
13676,24.596066539494274,0
13677,24.596066539494274,0
13678,24.596066539494274,0
13679,24.596066539494274,0
13680,24.596066539494274,0
13681,24.596066539494274,0
13682,24.596066539494274,0
13683,24.596066539494274,0
13684,24.596066539494274,0
13685,24.596066539494274,0
13686,24.596066539494274,0
13687,0.8219651447055523,1
13688,0.8219651447055523,0
13689,0.8219651447055523,0
13690,0.8219651447055523,0
13691,0.8219651447055523,1
13692,0.8219651447055523,0
13693,0.8219651447055523,0
13694,0.8219651447055523,0
13695,0.8219651447055523,0
13696,0.8219651447055523,0
13697,0.8219651447055523,0
13698,0.8219651447055523,0
13699,0.8219651447055523,0
13700,0.8219651447055523,0
13701,0.8219651447055523,0
13702,0.8219651447055523,0
13703,0.8219651447055523,0
13704,0.8219651447055523,0
13705,0.8219651447055523,0
13706,0.8219651447055523,0
13707,0.8219651447055523,0
13708,0.8219651447055523,0
13709,0.8219651447055523,0
13710,0.8219651447055523,0
13711,0.8219651447055523,1
13712,0.8219651447055523,0
13713,0.8219651447055523,0
13714,0.8219651447055523,0
13715,0.8219651447055523,1
13716,0.8219651447055523,1
13717,0.8219651447055523,0
13718,0.8219651447055523,0
13719,0.8219651447055523,0
13720,0.8219651447055523,0
13721,0.8219651447055523,0
13722,0.8219651447055523,0
13723,105.34892220203405,0
13724,105.34892220203405,0
13725,105.34892220203405,0
13726,105.34892220203405,1
13727,105.34892220203405,0
13728,105.34892220203405,0
13729,105.34892220203405,0
13730,105.34892220203405,0
13731,105.34892220203405,0
13732,105.34892220203405,0
13733,105.34892220203405,0
13734,105.34892220203405,0
13735,105.34892220203405,0
13736,105.34892220203405,0
13737,105.34892220203405,0
13738,105.34892220203405,0
13739,105.34892220203405,0
13740,105.34892220203405,0
13741,105.34892220203405,0
13742,105.34892220203405,0
13743,105.34892220203405,0
13744,105.34892220203405,0
13745,105.34892220203405,0
13746,105.34892220203405,0
13747,105.34892220203405,0
13748,105.34892220203405,0
13749,105.34892220203405,0
13750,105.34892220203405,0
13751,105.34892220203405,0
13752,105.34892220203405,0
13753,105.34892220203405,0
13754,105.34892220203405,0
13755,105.34892220203405,0
13756,105.34892220203405,0
13757,105.34892220203405,0
13758,105.34892220203405,1
13759,105.34892220203405,0
13760,133.3267896966632,0
13761,133.3267896966632,0
13762,133.3267896966632,0
13763,133.3267896966632,0
13764,133.3267896966632,0
13765,133.3267896966632,1
13766,133.3267896966632,0
13767,133.3267896966632,0
13768,133.3267896966632,0
13769,133.3267896966632,0
13770,133.3267896966632,0
13771,133.3267896966632,0
13772,133.3267896966632,0
13773,133.3267896966632,0
13774,133.3267896966632,0
13775,133.3267896966632,0
13776,133.3267896966632,0
13777,133.3267896966632,0
13778,133.3267896966632,0
13779,133.3267896966632,0
13780,133.3267896966632,0
13781,133.3267896966632,0
13782,133.3267896966632,0
13783,133.3267896966632,0
13784,133.3267896966632,0
13785,133.3267896966632,0
13786,133.3267896966632,0
13787,133.3267896966632,0
13788,133.3267896966632,0
13789,133.3267896966632,1
13790,1.0735439723956444,0
13791,1.0735439723956444,0
13792,1.0735439723956444,0
13793,1.0735439723956444,1
13794,1.0735439723956444,0
13795,1.0735439723956444,0
13796,1.0735439723956444,0
13797,1.0735439723956444,0
13798,1.0735439723956444,0
13799,1.0735439723956444,0
13800,1.0735439723956444,0
13801,1.0735439723956444,0
13802,1.0735439723956444,0
13803,1.0735439723956444,0
13804,1.0735439723956444,0
13805,1.0735439723956444,0
13806,1.0735439723956444,0
13807,1.0735439723956444,0
13808,1.0735439723956444,0
13809,1.0735439723956444,0
13810,1.0735439723956444,0
13811,1.0735439723956444,0
13812,1.0735439723956444,0
13813,1.0735439723956444,0
13814,1.0735439723956444,0
13815,1.0735439723956444,0
13816,1.0735439723956444,0
13817,1.0735439723956444,0
13818,1.0735439723956444,0
13819,1.0735439723956444,0
13820,1.0735439723956444,0
13821,1.0735439723956444,0
13822,1.0735439723956444,0
13823,1.0735439723956444,0
13824,1.0735439723956444,0
13825,1.0735439723956444,0
13826,1.0735439723956444,0
13827,1.0735439723956444,1
13828,1.0735439723956444,0
13829,16.57686338660647,0
13830,16.57686338660647,0
13831,16.57686338660647,0
13832,16.57686338660647,0
13833,16.57686338660647,0
13834,16.57686338660647,0
13835,16.57686338660647,0
13836,16.57686338660647,0
13837,16.57686338660647,0
13838,16.57686338660647,0
13839,16.57686338660647,0
13840,16.57686338660647,0
13841,16.57686338660647,0
13842,16.57686338660647,0
13843,16.57686338660647,1
13844,16.57686338660647,0
13845,16.57686338660647,0
13846,16.57686338660647,1
13847,16.57686338660647,0
13848,16.57686338660647,0
13849,16.57686338660647,0
13850,16.57686338660647,0
13851,16.57686338660647,0
13852,16.57686338660647,0
13853,16.57686338660647,0
13854,16.57686338660647,0
13855,16.57686338660647,0
13856,52.37998703226782,0
13857,52.37998703226782,0
13858,52.37998703226782,1
13859,52.37998703226782,0
13860,52.37998703226782,1
13861,52.37998703226782,1
13862,52.37998703226782,1
13863,52.37998703226782,0
13864,52.37998703226782,0
13865,52.37998703226782,1
13866,52.37998703226782,0
13867,52.37998703226782,1
13868,52.37998703226782,1
13869,52.37998703226782,1
13870,52.37998703226782,1
13871,52.37998703226782,1
13872,52.37998703226782,1
13873,52.37998703226782,1
13874,52.37998703226782,1
13875,52.37998703226782,0
13876,52.37998703226782,0
13877,52.37998703226782,0
13878,52.37998703226782,0
13879,52.37998703226782,0
13880,52.37998703226782,0
13881,52.37998703226782,0
13882,52.37998703226782,0
13883,52.37998703226782,0
13884,52.37998703226782,0
13885,52.37998703226782,0
13886,52.37998703226782,1
13887,52.37998703226782,0
13888,52.37998703226782,0
13889,52.37998703226782,1
13890,52.37998703226782,0
13891,52.37998703226782,0
13892,52.37998703226782,0
13893,131.3642133275915,0
13894,131.3642133275915,0
13895,131.3642133275915,0
13896,131.3642133275915,0
13897,131.3642133275915,0
13898,131.3642133275915,0
13899,131.3642133275915,0
13900,131.3642133275915,1
13901,131.3642133275915,0
13902,131.3642133275915,0
13903,131.3642133275915,0
13904,131.3642133275915,0
13905,131.3642133275915,1
13906,131.3642133275915,0
13907,131.3642133275915,1
13908,131.3642133275915,0
13909,131.3642133275915,0
13910,131.3642133275915,0
13911,131.3642133275915,0
13912,131.3642133275915,0
13913,131.3642133275915,0
13914,131.3642133275915,0
13915,131.3642133275915,0
13916,131.3642133275915,0
13917,131.3642133275915,0
13918,131.3642133275915,0
13919,131.3642133275915,0
13920,131.3642133275915,0
13921,131.3642133275915,0
13922,131.3642133275915,1
13923,131.3642133275915,0
13924,131.3642133275915,0
13925,131.3642133275915,1
13926,131.3642133275915,0
13927,131.3642133275915,0
13928,131.3642133275915,0
13929,131.3642133275915,0
13930,131.3642133275915,0
13931,131.3642133275915,0
13932,26.591284706105917,0
13933,26.591284706105917,0
13934,26.591284706105917,0
13935,26.591284706105917,0
13936,26.591284706105917,0
13937,26.591284706105917,0
13938,26.591284706105917,0
13939,26.591284706105917,0
13940,26.591284706105917,0
13941,26.591284706105917,0
13942,26.591284706105917,0
13943,26.591284706105917,0
13944,26.591284706105917,0
13945,26.591284706105917,0
13946,26.591284706105917,0
13947,26.591284706105917,0
13948,26.591284706105917,0
13949,26.591284706105917,0
13950,26.591284706105917,0
13951,26.591284706105917,0
13952,26.591284706105917,0
13953,26.591284706105917,0
13954,26.591284706105917,0
13955,26.591284706105917,0
13956,26.591284706105917,0
13957,26.591284706105917,0
13958,26.591284706105917,0
13959,26.591284706105917,0
13960,26.591284706105917,0
13961,26.591284706105917,0
13962,26.591284706105917,0
13963,26.591284706105917,0
13964,26.591284706105917,0
13965,26.591284706105917,0
13966,26.591284706105917,0
13967,26.591284706105917,0
13968,26.591284706105917,0
13969,26.591284706105917,0
13970,26.591284706105917,0
13971,26.591284706105917,0
13972,26.591284706105917,0
13973,26.591284706105917,0
13974,26.591284706105917,0
13975,26.591284706105917,0
13976,26.591284706105917,0
13977,83.17687477503584,0
13978,83.17687477503584,0
13979,83.17687477503584,0
13980,83.17687477503584,0
13981,83.17687477503584,0
13982,83.17687477503584,0
13983,83.17687477503584,0
13984,83.17687477503584,0
13985,83.17687477503584,0
13986,83.17687477503584,0
13987,83.17687477503584,0
13988,83.17687477503584,0
13989,83.17687477503584,0
13990,83.17687477503584,0
13991,83.17687477503584,1
13992,83.17687477503584,0
13993,83.17687477503584,0
13994,83.17687477503584,1
13995,83.17687477503584,1
13996,83.17687477503584,0
13997,83.17687477503584,0
13998,83.17687477503584,0
13999,83.17687477503584,0
14000,83.17687477503584,0
14001,83.17687477503584,0
14002,83.17687477503584,0
14003,83.17687477503584,1
14004,83.17687477503584,0
14005,83.17687477503584,0
14006,83.17687477503584,0
14007,83.17687477503584,0
14008,83.17687477503584,0
14009,83.17687477503584,0
14010,83.17687477503584,0
14011,83.17687477503584,0
14012,83.17687477503584,0
14013,83.17687477503584,1
14014,83.17687477503584,0
14015,35.84188716837392,0
14016,35.84188716837392,0
14017,35.84188716837392,0
14018,35.84188716837392,0
14019,35.84188716837392,0
14020,35.84188716837392,0
14021,35.84188716837392,0
14022,35.84188716837392,0
14023,35.84188716837392,0
14024,35.84188716837392,0
14025,35.84188716837392,0
14026,35.84188716837392,0
14027,35.84188716837392,0
14028,35.84188716837392,0
14029,35.84188716837392,0
14030,35.84188716837392,0
14031,35.84188716837392,0
14032,35.84188716837392,0
14033,35.84188716837392,0
14034,35.84188716837392,0
14035,35.84188716837392,0
14036,35.84188716837392,0
14037,35.84188716837392,0
14038,35.84188716837392,0
14039,35.84188716837392,0
14040,35.84188716837392,0
14041,35.84188716837392,0
14042,35.84188716837392,0
14043,35.84188716837392,0
14044,35.84188716837392,0
14045,35.84188716837392,0
14046,35.84188716837392,0
14047,35.84188716837392,0
14048,35.84188716837392,0
14049,35.84188716837392,0
14050,1.3826413038292154,0
14051,1.3826413038292154,0
14052,1.3826413038292154,0
14053,1.3826413038292154,0
14054,1.3826413038292154,0
14055,1.3826413038292154,0
14056,1.3826413038292154,0
14057,1.3826413038292154,0
14058,1.3826413038292154,0
14059,1.3826413038292154,0
14060,1.3826413038292154,0
14061,1.3826413038292154,0
14062,1.3826413038292154,0
14063,1.3826413038292154,0
14064,1.3826413038292154,0
14065,1.3826413038292154,0
14066,1.3826413038292154,0
14067,1.3826413038292154,0
14068,1.3826413038292154,0
14069,1.3826413038292154,0
14070,1.3826413038292154,1
14071,1.3826413038292154,0
14072,1.3826413038292154,0
14073,1.3826413038292154,0
14074,1.3826413038292154,0
14075,1.3826413038292154,0
14076,1.3826413038292154,0
14077,1.3826413038292154,0
14078,1.3826413038292154,0
14079,1.3826413038292154,0
14080,1.3826413038292154,0
14081,1.3826413038292154,0
14082,1.3826413038292154,0
14083,1.3826413038292154,0
14084,1.3826413038292154,0
14085,1.3826413038292154,0
14086,1.3826413038292154,0
14087,1.8247614988784324,0
14088,1.8247614988784324,0
14089,1.8247614988784324,0
14090,1.8247614988784324,0
14091,1.8247614988784324,0
14092,1.8247614988784324,0
14093,1.8247614988784324,0
14094,1.8247614988784324,0
14095,1.8247614988784324,0
14096,1.8247614988784324,0
14097,1.8247614988784324,1
14098,1.8247614988784324,0
14099,1.8247614988784324,0
14100,1.8247614988784324,0
14101,1.8247614988784324,0
14102,1.8247614988784324,0
14103,1.8247614988784324,0
14104,1.8247614988784324,0
14105,1.8247614988784324,0
14106,1.8247614988784324,0
14107,1.8247614988784324,0
14108,1.8247614988784324,0
14109,1.8247614988784324,0
14110,1.8247614988784324,0
14111,1.8247614988784324,0
14112,1.8247614988784324,0
14113,1.8247614988784324,0
14114,1.8247614988784324,0
14115,1.8247614988784324,0
14116,1.8247614988784324,1
14117,1.8247614988784324,0
14118,1.8247614988784324,0
14119,1.8247614988784324,0
14120,1.8247614988784324,0
14121,1.8247614988784324,0
14122,1.8247614988784324,1
14123,1.8247614988784324,0
14124,1.8930638838382041,0
14125,1.8930638838382041,0
14126,1.8930638838382041,0
14127,1.8930638838382041,0
14128,1.8930638838382041,0
14129,1.8930638838382041,0
14130,1.8930638838382041,0
14131,1.8930638838382041,0
14132,1.8930638838382041,0
14133,1.8930638838382041,0
14134,1.8930638838382041,0
14135,1.8930638838382041,0
14136,1.8930638838382041,1
14137,1.8930638838382041,0
14138,1.8930638838382041,0
14139,1.8930638838382041,0
14140,1.8930638838382041,0
14141,1.8930638838382041,0
14142,1.8930638838382041,0
14143,1.8930638838382041,0
14144,1.8930638838382041,0
14145,1.8930638838382041,0
14146,1.8930638838382041,0
14147,1.8930638838382041,0
14148,1.8930638838382041,0
14149,1.8930638838382041,0
14150,1.8930638838382041,0
14151,1.8930638838382041,0
14152,1.8930638838382041,0
14153,1.8930638838382041,1
14154,1.8930638838382041,0
14155,1.8930638838382041,0
14156,21.365486804827736,0
14157,21.365486804827736,0
14158,21.365486804827736,0
14159,21.365486804827736,0
14160,21.365486804827736,0
14161,21.365486804827736,0
14162,21.365486804827736,0
14163,21.365486804827736,0
14164,21.365486804827736,0
14165,21.365486804827736,0
14166,21.365486804827736,0
14167,21.365486804827736,0
14168,21.365486804827736,0
14169,21.365486804827736,0
14170,21.365486804827736,0
14171,21.365486804827736,0
14172,21.365486804827736,0
14173,21.365486804827736,0
14174,21.365486804827736,1
14175,21.365486804827736,0
14176,21.365486804827736,0
14177,21.365486804827736,0
14178,21.365486804827736,0
14179,21.365486804827736,0
14180,21.365486804827736,0
14181,21.365486804827736,0
14182,21.365486804827736,0
14183,21.365486804827736,0
14184,21.365486804827736,0
14185,21.365486804827736,0
14186,21.365486804827736,0
14187,21.365486804827736,0
14188,21.365486804827736,0
14189,21.365486804827736,0
14190,21.365486804827736,0
14191,21.365486804827736,0
14192,21.365486804827736,0
14193,21.365486804827736,0
14194,21.365486804827736,0
14195,21.365486804827736,0
14196,21.365486804827736,0
14197,21.365486804827736,0
14198,21.365486804827736,0
14199,21.365486804827736,0
14200,21.365486804827736,0
14201,21.365486804827736,0
14202,21.365486804827736,0
14203,21.365486804827736,0
14204,21.365486804827736,0
14205,3.114808495543982,0
14206,3.114808495543982,0
14207,3.114808495543982,0
14208,3.114808495543982,0
14209,3.114808495543982,0
14210,3.114808495543982,0
14211,3.114808495543982,0
14212,3.114808495543982,0
14213,3.114808495543982,1
14214,3.114808495543982,0
14215,3.114808495543982,0
14216,3.114808495543982,0
14217,3.114808495543982,0
14218,3.114808495543982,0
14219,3.114808495543982,0
14220,3.114808495543982,0
14221,3.114808495543982,0
14222,3.114808495543982,0
14223,3.114808495543982,0
14224,3.114808495543982,0
14225,3.114808495543982,0
14226,3.114808495543982,0
14227,3.114808495543982,0
14228,3.114808495543982,0
14229,3.114808495543982,0
14230,3.114808495543982,0
14231,3.114808495543982,0
14232,3.114808495543982,0
14233,3.114808495543982,0
14234,3.114808495543982,0
14235,3.114808495543982,0
14236,3.114808495543982,0
14237,3.114808495543982,0
14238,3.114808495543982,0
14239,3.114808495543982,0
14240,3.114808495543982,0
14241,3.114808495543982,0
14242,3.114808495543982,0
14243,3.114808495543982,0
14244,3.114808495543982,0
14245,3.114808495543982,0
14246,3.114808495543982,0
14247,3.114808495543982,0
14248,3.114808495543982,0
14249,3.2622765700494765,0
14250,3.2622765700494765,0
14251,3.2622765700494765,0
14252,3.2622765700494765,0
14253,3.2622765700494765,0
14254,3.2622765700494765,0
14255,3.2622765700494765,0
14256,3.2622765700494765,0
14257,3.2622765700494765,0
14258,3.2622765700494765,0
14259,3.2622765700494765,0
14260,3.2622765700494765,0
14261,3.2622765700494765,0
14262,3.2622765700494765,0
14263,3.2622765700494765,0
14264,3.2622765700494765,0
14265,3.2622765700494765,0
14266,3.2622765700494765,0
14267,3.2622765700494765,0
14268,3.2622765700494765,0
14269,3.2622765700494765,1
14270,3.2622765700494765,1
14271,3.2622765700494765,0
14272,3.2622765700494765,0
14273,3.2622765700494765,0
14274,3.2622765700494765,0
14275,3.2622765700494765,0
14276,3.2622765700494765,0
14277,3.2622765700494765,1
14278,3.2622765700494765,0
14279,3.2622765700494765,0
14280,3.2622765700494765,0
14281,3.2622765700494765,0
14282,3.2622765700494765,0
14283,3.2622765700494765,0
14284,3.2622765700494765,0
14285,85.90274671196987,0
14286,85.90274671196987,0
14287,85.90274671196987,0
14288,85.90274671196987,0
14289,85.90274671196987,0
14290,85.90274671196987,0
14291,85.90274671196987,0
14292,85.90274671196987,0
14293,85.90274671196987,0
14294,85.90274671196987,0
14295,85.90274671196987,0
14296,85.90274671196987,0
14297,85.90274671196987,0
14298,85.90274671196987,0
14299,85.90274671196987,0
14300,85.90274671196987,0
14301,85.90274671196987,0
14302,85.90274671196987,0
14303,85.90274671196987,0
14304,85.90274671196987,0
14305,85.90274671196987,0
14306,85.90274671196987,0
14307,85.90274671196987,0
14308,85.90274671196987,0
14309,85.90274671196987,0
14310,85.90274671196987,0
14311,85.90274671196987,0
14312,85.90274671196987,0
14313,85.90274671196987,0
14314,85.90274671196987,0
14315,85.90274671196987,0
14316,85.90274671196987,0
14317,85.90274671196987,0
14318,85.90274671196987,0
14319,85.90274671196987,0
14320,85.90274671196987,0
14321,85.90274671196987,0
14322,85.90274671196987,0
14323,85.90274671196987,0
14324,85.90274671196987,0
14325,85.90274671196987,0
14326,40.295731402174816,0
14327,40.295731402174816,0
14328,40.295731402174816,0
14329,40.295731402174816,0
14330,40.295731402174816,0
14331,40.295731402174816,0
14332,40.295731402174816,0
14333,40.295731402174816,0
14334,40.295731402174816,0
14335,40.295731402174816,0
14336,40.295731402174816,0
14337,40.295731402174816,0
14338,40.295731402174816,0
14339,40.295731402174816,0
14340,40.295731402174816,0
14341,40.295731402174816,0
14342,40.295731402174816,0
14343,40.295731402174816,0
14344,40.295731402174816,0
14345,40.295731402174816,0
14346,40.295731402174816,0
14347,40.295731402174816,1
14348,40.295731402174816,0
14349,40.295731402174816,0
14350,2.5798585950294353,1
14351,2.5798585950294353,0
14352,2.5798585950294353,0
14353,2.5798585950294353,0
14354,2.5798585950294353,0
14355,2.5798585950294353,0
14356,2.5798585950294353,0
14357,2.5798585950294353,0
14358,2.5798585950294353,0
14359,2.5798585950294353,0
14360,2.5798585950294353,0
14361,2.5798585950294353,0
14362,2.5798585950294353,1
14363,2.5798585950294353,0
14364,2.5798585950294353,0
14365,2.5798585950294353,0
14366,2.5798585950294353,1
14367,2.5798585950294353,0
14368,2.5798585950294353,1
14369,2.5798585950294353,0
14370,2.5798585950294353,0
14371,2.5798585950294353,0
14372,2.5798585950294353,0
14373,2.5798585950294353,0
14374,2.5798585950294353,0
14375,2.5798585950294353,0
14376,2.5798585950294353,0
14377,2.5798585950294353,1
14378,2.5798585950294353,0
14379,2.5798585950294353,0
14380,12.47714584380099,0
14381,12.47714584380099,1
14382,12.47714584380099,0
14383,12.47714584380099,0
14384,12.47714584380099,0
14385,12.47714584380099,1
14386,12.47714584380099,1
14387,12.47714584380099,0
14388,12.47714584380099,0
14389,12.47714584380099,1
14390,12.47714584380099,0
14391,12.47714584380099,1
14392,12.47714584380099,1
14393,12.47714584380099,1
14394,12.47714584380099,0
14395,12.47714584380099,0
14396,12.47714584380099,0
14397,12.47714584380099,1
14398,12.47714584380099,0
14399,12.47714584380099,0
14400,12.47714584380099,0
14401,12.47714584380099,0
14402,12.47714584380099,0
14403,12.47714584380099,0
14404,12.47714584380099,1
14405,12.47714584380099,0
14406,12.47714584380099,0
14407,12.47714584380099,0
14408,12.47714584380099,0
14409,12.47714584380099,0
14410,12.47714584380099,1
14411,12.47714584380099,1
14412,12.47714584380099,1
14413,12.47714584380099,1
14414,85.4316175111395,0
14415,85.4316175111395,0
14416,85.4316175111395,0
14417,85.4316175111395,0
14418,85.4316175111395,0
14419,85.4316175111395,0
14420,85.4316175111395,0
14421,85.4316175111395,1
14422,85.4316175111395,0
14423,85.4316175111395,0
14424,85.4316175111395,0
14425,85.4316175111395,0
14426,85.4316175111395,0
14427,85.4316175111395,0
14428,85.4316175111395,0
14429,85.4316175111395,0
14430,85.4316175111395,0
14431,85.4316175111395,0
14432,85.4316175111395,0
14433,85.4316175111395,0
14434,85.4316175111395,1
14435,85.4316175111395,0
14436,85.4316175111395,0
14437,85.4316175111395,0
14438,85.4316175111395,0
14439,85.4316175111395,0
14440,85.4316175111395,0
14441,85.4316175111395,0
14442,85.4316175111395,1
14443,85.4316175111395,0
14444,85.4316175111395,0
14445,85.4316175111395,0
14446,85.4316175111395,0
14447,85.4316175111395,0
14448,85.4316175111395,0
14449,85.4316175111395,1
14450,85.4316175111395,0
14451,85.4316175111395,0
14452,85.4316175111395,0
14453,85.4316175111395,1
14454,85.4316175111395,0
14455,85.4316175111395,0
14456,30.607028948734115,0
14457,30.607028948734115,0
14458,30.607028948734115,0
14459,30.607028948734115,0
14460,30.607028948734115,0
14461,30.607028948734115,0
14462,30.607028948734115,0
14463,30.607028948734115,0
14464,30.607028948734115,0
14465,30.607028948734115,0
14466,30.607028948734115,0
14467,30.607028948734115,0
14468,30.607028948734115,0
14469,30.607028948734115,0
14470,30.607028948734115,0
14471,30.607028948734115,0
14472,30.607028948734115,0
14473,30.607028948734115,0
14474,30.607028948734115,0
14475,30.607028948734115,0
14476,30.607028948734115,0
14477,30.607028948734115,0
14478,30.607028948734115,0
14479,30.607028948734115,0
14480,30.607028948734115,0
14481,30.607028948734115,0
14482,30.607028948734115,0
14483,30.607028948734115,0
14484,30.607028948734115,0
14485,30.607028948734115,0
14486,116.17211390527747,1
14487,116.17211390527747,1
14488,116.17211390527747,0
14489,116.17211390527747,0
14490,116.17211390527747,0
14491,116.17211390527747,0
14492,116.17211390527747,0
14493,116.17211390527747,0
14494,116.17211390527747,0
14495,116.17211390527747,0
14496,116.17211390527747,0
14497,116.17211390527747,0
14498,116.17211390527747,0
14499,116.17211390527747,0
14500,116.17211390527747,0
14501,116.17211390527747,1
14502,116.17211390527747,0
14503,116.17211390527747,1
14504,116.17211390527747,1
14505,116.17211390527747,1
14506,116.17211390527747,0
14507,116.17211390527747,1
14508,116.17211390527747,0
14509,116.17211390527747,0
14510,116.17211390527747,0
14511,116.17211390527747,0
14512,116.17211390527747,0
14513,116.17211390527747,0
14514,116.17211390527747,0
14515,116.17211390527747,1
14516,116.17211390527747,0
14517,116.17211390527747,0
14518,116.17211390527747,0
14519,116.17211390527747,0
14520,116.17211390527747,0
14521,116.17211390527747,0
14522,10.45504122720418,0
14523,10.45504122720418,0
14524,10.45504122720418,0
14525,10.45504122720418,0
14526,10.45504122720418,0
14527,10.45504122720418,0
14528,10.45504122720418,0
14529,10.45504122720418,0
14530,10.45504122720418,0
14531,10.45504122720418,0
14532,10.45504122720418,0
14533,10.45504122720418,0
14534,10.45504122720418,0
14535,10.45504122720418,0
14536,10.45504122720418,0
14537,10.45504122720418,0
14538,10.45504122720418,0
14539,10.45504122720418,0
14540,10.45504122720418,0
14541,10.45504122720418,0
14542,10.45504122720418,0
14543,10.45504122720418,0
14544,10.45504122720418,0
14545,10.45504122720418,0
14546,10.45504122720418,0
14547,10.45504122720418,0
14548,10.45504122720418,0
14549,10.45504122720418,0
14550,3.940974724592218,1
14551,3.940974724592218,0
14552,3.940974724592218,0
14553,3.940974724592218,1
14554,3.940974724592218,0
14555,3.940974724592218,1
14556,3.940974724592218,0
14557,3.940974724592218,0
14558,3.940974724592218,0
14559,3.940974724592218,0
14560,3.940974724592218,0
14561,3.940974724592218,1
14562,3.940974724592218,0
14563,3.940974724592218,0
14564,3.940974724592218,1
14565,3.940974724592218,0
14566,3.940974724592218,0
14567,3.940974724592218,0
14568,3.940974724592218,0
14569,3.940974724592218,0
14570,3.940974724592218,0
14571,3.940974724592218,1
14572,3.940974724592218,0
14573,3.940974724592218,0
14574,3.940974724592218,0
14575,3.940974724592218,0
14576,3.940974724592218,0
14577,3.940974724592218,0
14578,3.940974724592218,0
14579,3.940974724592218,1
14580,3.940974724592218,0
14581,3.940974724592218,0
14582,3.940974724592218,0
14583,3.940974724592218,0
14584,3.940974724592218,0
14585,3.940974724592218,0
14586,3.940974724592218,0
14587,17.598273139645833,0
14588,17.598273139645833,0
14589,17.598273139645833,0
14590,17.598273139645833,0
14591,17.598273139645833,0
14592,17.598273139645833,0
14593,17.598273139645833,0
14594,17.598273139645833,0
14595,17.598273139645833,0
14596,17.598273139645833,0
14597,17.598273139645833,0
14598,17.598273139645833,0
14599,17.598273139645833,0
14600,17.598273139645833,0
14601,17.598273139645833,0
14602,17.598273139645833,0
14603,17.598273139645833,0
14604,17.598273139645833,0
14605,17.598273139645833,0
14606,17.598273139645833,0
14607,17.598273139645833,0
14608,17.598273139645833,0
14609,17.598273139645833,0
14610,17.598273139645833,0
14611,17.598273139645833,0
14612,17.598273139645833,0
14613,17.598273139645833,0
14614,17.598273139645833,0
14615,17.598273139645833,0
14616,17.598273139645833,0
14617,17.598273139645833,0
14618,17.598273139645833,0
14619,17.598273139645833,0
14620,17.598273139645833,0
14621,33.336004008157914,1
14622,33.336004008157914,1
14623,33.336004008157914,0
14624,33.336004008157914,0
14625,33.336004008157914,0
14626,33.336004008157914,0
14627,33.336004008157914,0
14628,33.336004008157914,0
14629,33.336004008157914,0
14630,33.336004008157914,0
14631,33.336004008157914,0
14632,33.336004008157914,0
14633,33.336004008157914,0
14634,33.336004008157914,0
14635,33.336004008157914,0
14636,33.336004008157914,0
14637,33.336004008157914,0
14638,33.336004008157914,0
14639,33.336004008157914,0
14640,33.336004008157914,0
14641,33.336004008157914,0
14642,33.336004008157914,0
14643,33.336004008157914,0
14644,33.336004008157914,0
14645,33.336004008157914,0
14646,33.336004008157914,0
14647,33.336004008157914,0
14648,33.336004008157914,0
14649,33.336004008157914,1
14650,33.336004008157914,0
14651,33.336004008157914,0
14652,33.336004008157914,0
14653,33.336004008157914,1
14654,33.336004008157914,0
14655,33.336004008157914,0
14656,33.336004008157914,0
14657,33.336004008157914,0
14658,33.336004008157914,0
14659,33.336004008157914,0
14660,33.336004008157914,0
14661,33.336004008157914,1
14662,33.336004008157914,0
14663,33.336004008157914,1
14664,33.336004008157914,0
14665,33.336004008157914,0
14666,33.336004008157914,0
14667,33.336004008157914,0
14668,33.336004008157914,0
14669,33.336004008157914,0
14670,33.336004008157914,1
14671,33.336004008157914,0
14672,101.26217856713173,0
14673,101.26217856713173,0
14674,101.26217856713173,0
14675,101.26217856713173,0
14676,101.26217856713173,0
14677,101.26217856713173,0
14678,101.26217856713173,1
14679,101.26217856713173,0
14680,101.26217856713173,0
14681,101.26217856713173,0
14682,101.26217856713173,0
14683,101.26217856713173,0
14684,101.26217856713173,0
14685,101.26217856713173,0
14686,101.26217856713173,0
14687,101.26217856713173,0
14688,101.26217856713173,0
14689,101.26217856713173,0
14690,101.26217856713173,0
14691,101.26217856713173,0
14692,101.26217856713173,0
14693,101.26217856713173,0
14694,101.26217856713173,0
14695,101.26217856713173,0
14696,101.26217856713173,0
14697,101.26217856713173,0
14698,101.26217856713173,0
14699,101.26217856713173,0
14700,101.26217856713173,0
14701,101.26217856713173,0
14702,101.26217856713173,0
14703,101.26217856713173,0
14704,101.26217856713173,1
14705,101.26217856713173,0
14706,101.26217856713173,0
14707,101.26217856713173,0
14708,101.26217856713173,0
14709,101.26217856713173,0
14710,101.26217856713173,0
14711,101.26217856713173,0
14712,101.26217856713173,1
14713,101.26217856713173,0
14714,46.28804452658212,0
14715,46.28804452658212,0
14716,46.28804452658212,0
14717,46.28804452658212,0
14718,46.28804452658212,0
14719,46.28804452658212,0
14720,46.28804452658212,0
14721,46.28804452658212,0
14722,46.28804452658212,0
14723,46.28804452658212,0
14724,46.28804452658212,0
14725,46.28804452658212,0
14726,46.28804452658212,0
14727,46.28804452658212,0
14728,46.28804452658212,0
14729,46.28804452658212,0
14730,46.28804452658212,0
14731,46.28804452658212,0
14732,46.28804452658212,0
14733,46.28804452658212,0
14734,46.28804452658212,0
14735,46.28804452658212,0
14736,46.28804452658212,0
14737,46.28804452658212,0
14738,46.28804452658212,0
14739,46.28804452658212,0
14740,46.28804452658212,0
14741,46.28804452658212,0
14742,46.28804452658212,0
14743,46.28804452658212,0
14744,46.28804452658212,0
14745,46.28804452658212,0
14746,46.28804452658212,0
14747,46.28804452658212,0
14748,46.28804452658212,0
14749,46.28804452658212,0
14750,3.3158866673605925,0
14751,3.3158866673605925,0
14752,3.3158866673605925,0
14753,3.3158866673605925,1
14754,3.3158866673605925,0
14755,3.3158866673605925,0
14756,3.3158866673605925,0
14757,3.3158866673605925,0
14758,3.3158866673605925,0
14759,3.3158866673605925,0
14760,3.3158866673605925,0
14761,3.3158866673605925,0
14762,3.3158866673605925,1
14763,3.3158866673605925,0
14764,3.3158866673605925,0
14765,3.3158866673605925,0
14766,3.3158866673605925,0
14767,3.3158866673605925,0
14768,3.3158866673605925,0
14769,3.3158866673605925,0
14770,3.3158866673605925,0
14771,3.3158866673605925,0
14772,3.3158866673605925,0
14773,3.3158866673605925,0
14774,3.3158866673605925,0
14775,3.3158866673605925,0
14776,3.3158866673605925,0
14777,3.3158866673605925,0
14778,3.3158866673605925,0
14779,3.3158866673605925,0
14780,3.3158866673605925,0
14781,3.3158866673605925,0
14782,3.3158866673605925,0
14783,3.3158866673605925,0
14784,3.3158866673605925,0
14785,3.3158866673605925,0
14786,3.3158866673605925,0
14787,3.3158866673605925,0
14788,3.3158866673605925,0
14789,3.3158866673605925,0
14790,3.3158866673605925,0
14791,3.3158866673605925,0
14792,3.3158866673605925,0
14793,3.3158866673605925,0
14794,3.3158866673605925,1
14795,8.636136340691607,0
14796,8.636136340691607,0
14797,8.636136340691607,0
14798,8.636136340691607,0
14799,8.636136340691607,0
14800,8.636136340691607,0
14801,8.636136340691607,0
14802,8.636136340691607,0
14803,8.636136340691607,0
14804,8.636136340691607,0
14805,8.636136340691607,0
14806,8.636136340691607,0
14807,8.636136340691607,0
14808,8.636136340691607,0
14809,8.636136340691607,0
14810,8.636136340691607,0
14811,8.636136340691607,0
14812,8.636136340691607,0
14813,8.636136340691607,0
14814,8.636136340691607,0
14815,8.636136340691607,0
14816,8.636136340691607,0
14817,8.636136340691607,0
14818,8.636136340691607,0
14819,8.636136340691607,1
14820,8.636136340691607,0
14821,8.636136340691607,0
14822,8.636136340691607,0
14823,8.636136340691607,0
14824,8.636136340691607,0
14825,8.636136340691607,0
14826,8.636136340691607,0
14827,8.636136340691607,0
14828,8.636136340691607,0
14829,8.636136340691607,0
14830,8.636136340691607,0
14831,8.636136340691607,0
14832,8.636136340691607,0
14833,8.636136340691607,0
14834,8.636136340691607,0
14835,8.636136340691607,0
14836,8.636136340691607,0
14837,8.636136340691607,0
14838,1.6909916530053124,0
14839,1.6909916530053124,0
14840,1.6909916530053124,0
14841,1.6909916530053124,1
14842,1.6909916530053124,0
14843,1.6909916530053124,0
14844,1.6909916530053124,0
14845,1.6909916530053124,0
14846,1.6909916530053124,0
14847,1.6909916530053124,0
14848,1.6909916530053124,0
14849,1.6909916530053124,0
14850,1.6909916530053124,0
14851,1.6909916530053124,0
14852,1.6909916530053124,0
14853,1.6909916530053124,0
14854,1.6909916530053124,0
14855,1.6909916530053124,0
14856,1.6909916530053124,0
14857,1.6909916530053124,0
14858,1.6909916530053124,0
14859,1.6909916530053124,0
14860,1.6909916530053124,0
14861,1.6909916530053124,0
14862,1.6909916530053124,0
14863,1.6909916530053124,0
14864,1.6909916530053124,0
14865,1.6909916530053124,0
14866,1.6909916530053124,0
14867,1.6909916530053124,0
14868,1.6909916530053124,0
14869,1.6909916530053124,0
14870,1.6909916530053124,0
14871,1.8227422916490188,0
14872,1.8227422916490188,0
14873,1.8227422916490188,1
14874,1.8227422916490188,1
14875,1.8227422916490188,0
14876,1.8227422916490188,1
14877,1.8227422916490188,0
14878,1.8227422916490188,1
14879,1.8227422916490188,0
14880,1.8227422916490188,0
14881,1.8227422916490188,0
14882,1.8227422916490188,1
14883,1.8227422916490188,0
14884,1.8227422916490188,0
14885,1.8227422916490188,0
14886,1.8227422916490188,1
14887,1.8227422916490188,0
14888,1.8227422916490188,0
14889,1.8227422916490188,0
14890,1.8227422916490188,1
14891,1.8227422916490188,0
14892,1.8227422916490188,0
14893,1.8227422916490188,0
14894,1.8227422916490188,1
14895,1.8227422916490188,1
14896,1.8227422916490188,0
14897,1.8227422916490188,0
14898,1.8227422916490188,0
14899,1.8227422916490188,0
14900,1.8227422916490188,0
14901,1.8227422916490188,0
14902,1.8227422916490188,0
14903,1.8227422916490188,0
14904,1.8227422916490188,0
14905,1.8227422916490188,0
14906,1.8227422916490188,1
14907,1.8227422916490188,0
14908,1.8227422916490188,0
14909,1.8227422916490188,0
14910,1.8227422916490188,1
14911,1.8227422916490188,0
14912,1.8227422916490188,0
14913,1.8227422916490188,0
14914,47.7484620838552,0
14915,47.7484620838552,0
14916,47.7484620838552,0
14917,47.7484620838552,0
14918,47.7484620838552,0
14919,47.7484620838552,0
14920,47.7484620838552,0
14921,47.7484620838552,0
14922,47.7484620838552,0
14923,47.7484620838552,0
14924,47.7484620838552,0
14925,47.7484620838552,0
14926,47.7484620838552,0
14927,47.7484620838552,0
14928,47.7484620838552,0
14929,47.7484620838552,0
14930,47.7484620838552,0
14931,47.7484620838552,0
14932,47.7484620838552,0
14933,47.7484620838552,0
14934,47.7484620838552,0
14935,47.7484620838552,0
14936,47.7484620838552,0
14937,47.7484620838552,0
14938,47.7484620838552,0
14939,47.7484620838552,0
14940,29.030196507859362,0
14941,29.030196507859362,0
14942,29.030196507859362,0
14943,29.030196507859362,0
14944,29.030196507859362,0
14945,29.030196507859362,0
14946,29.030196507859362,0
14947,29.030196507859362,0
14948,29.030196507859362,0
14949,29.030196507859362,0
14950,29.030196507859362,0
14951,29.030196507859362,0
14952,29.030196507859362,0
14953,29.030196507859362,0
14954,29.030196507859362,0
14955,29.030196507859362,0
14956,29.030196507859362,0
14957,29.030196507859362,0
14958,29.030196507859362,0
14959,29.030196507859362,0
14960,29.030196507859362,0
14961,29.030196507859362,0
14962,29.030196507859362,0
14963,29.030196507859362,0
14964,29.030196507859362,0
14965,29.030196507859362,0
14966,29.030196507859362,0
14967,29.030196507859362,0
14968,29.030196507859362,0
14969,29.030196507859362,0
14970,29.030196507859362,0
14971,29.030196507859362,0
14972,29.030196507859362,0
14973,29.030196507859362,0
14974,7.354955905773059,0
14975,7.354955905773059,0
14976,7.354955905773059,1
14977,7.354955905773059,1
14978,7.354955905773059,0
14979,7.354955905773059,1
14980,7.354955905773059,0
14981,7.354955905773059,1
14982,7.354955905773059,0
14983,7.354955905773059,0
14984,7.354955905773059,0
14985,7.354955905773059,0
14986,7.354955905773059,0
14987,7.354955905773059,0
14988,7.354955905773059,0
14989,7.354955905773059,1
14990,7.354955905773059,0
14991,7.354955905773059,0
14992,7.354955905773059,0
14993,7.354955905773059,0
14994,7.354955905773059,0
14995,7.354955905773059,0
14996,7.354955905773059,0
14997,7.354955905773059,0
14998,7.354955905773059,0
14999,7.354955905773059,0
15000,7.354955905773059,0
15001,7.354955905773059,0
15002,7.354955905773059,0
15003,7.354955905773059,0
15004,7.354955905773059,0
15005,7.354955905773059,0
15006,7.354955905773059,0
15007,7.354955905773059,0
15008,7.354955905773059,0
15009,7.354955905773059,0
15010,7.354955905773059,0
15011,7.354955905773059,0
15012,7.354955905773059,0
15013,7.354955905773059,0
15014,7.354955905773059,0
15015,7.354955905773059,0
15016,7.354955905773059,0
15017,7.354955905773059,0
15018,7.354955905773059,0
15019,7.354955905773059,0
15020,7.354955905773059,0
15021,7.354955905773059,1
15022,7.354955905773059,0
15023,54.56546453651709,0
15024,54.56546453651709,0
15025,54.56546453651709,0
15026,54.56546453651709,0
15027,54.56546453651709,0
15028,54.56546453651709,0
15029,54.56546453651709,0
15030,54.56546453651709,0
15031,54.56546453651709,0
15032,54.56546453651709,0
15033,54.56546453651709,0
15034,54.56546453651709,0
15035,54.56546453651709,0
15036,54.56546453651709,0
15037,54.56546453651709,0
15038,54.56546453651709,0
15039,54.56546453651709,0
15040,54.56546453651709,0
15041,54.56546453651709,0
15042,54.56546453651709,0
15043,54.56546453651709,0
15044,54.56546453651709,0
15045,54.56546453651709,0
15046,54.56546453651709,0
15047,54.56546453651709,0
15048,54.56546453651709,0
15049,54.56546453651709,0
15050,54.56546453651709,0
15051,54.56546453651709,0
15052,54.56546453651709,1
15053,54.56546453651709,0
15054,54.56546453651709,0
15055,54.56546453651709,0
15056,54.56546453651709,0
15057,54.56546453651709,0
15058,1.5361511858826316,0
15059,1.5361511858826316,1
15060,1.5361511858826316,0
15061,1.5361511858826316,0
15062,1.5361511858826316,0
15063,1.5361511858826316,0
15064,1.5361511858826316,1
15065,1.5361511858826316,0
15066,1.5361511858826316,1
15067,1.5361511858826316,0
15068,1.5361511858826316,0
15069,1.5361511858826316,0
15070,1.5361511858826316,0
15071,1.5361511858826316,0
15072,1.5361511858826316,0
15073,1.5361511858826316,0
15074,1.5361511858826316,0
15075,1.5361511858826316,0
15076,1.5361511858826316,1
15077,1.5361511858826316,0
15078,1.5361511858826316,0
15079,1.5361511858826316,0
15080,1.5361511858826316,0
15081,1.5361511858826316,0
15082,1.5361511858826316,0
15083,1.5361511858826316,0
15084,1.5361511858826316,0
15085,1.5361511858826316,0
15086,1.5361511858826316,0
15087,1.5361511858826316,0
15088,1.5361511858826316,0
15089,1.5361511858826316,0
15090,1.5361511858826316,0
15091,1.5361511858826316,0
15092,1.5361511858826316,0
15093,1.5361511858826316,1
15094,1.5361511858826316,1
15095,1.5361511858826316,1
15096,1.5361511858826316,1
15097,3.0776517280884197,0
15098,3.0776517280884197,0
15099,3.0776517280884197,0
15100,3.0776517280884197,0
15101,3.0776517280884197,0
15102,3.0776517280884197,0
15103,3.0776517280884197,0
15104,3.0776517280884197,0
15105,3.0776517280884197,0
15106,3.0776517280884197,0
15107,3.0776517280884197,0
15108,3.0776517280884197,0
15109,3.0776517280884197,0
15110,3.0776517280884197,0
15111,3.0776517280884197,0
15112,3.0776517280884197,0
15113,3.0776517280884197,0
15114,3.0776517280884197,0
15115,3.0776517280884197,0
15116,3.0776517280884197,0
15117,3.0776517280884197,0
15118,3.0776517280884197,0
15119,3.0776517280884197,0
15120,3.0776517280884197,0
15121,3.0776517280884197,0
15122,3.0776517280884197,0
15123,3.0776517280884197,0
15124,3.0776517280884197,0
15125,3.0776517280884197,0
15126,3.0776517280884197,0
15127,3.0776517280884197,0
15128,3.0776517280884197,0
15129,3.0776517280884197,0
15130,3.0776517280884197,0
15131,3.0776517280884197,0
15132,3.0776517280884197,0
15133,3.0776517280884197,0
15134,3.0776517280884197,0
15135,3.0776517280884197,0
15136,3.0776517280884197,0
15137,3.0776517280884197,0
15138,3.0776517280884197,1
15139,3.0776517280884197,0
15140,3.0776517280884197,0
15141,3.0776517280884197,0
15142,3.0776517280884197,1
15143,3.0776517280884197,0
15144,3.0776517280884197,0
15145,3.0776517280884197,0
15146,3.0776517280884197,0
15147,3.0776517280884197,0
15148,3.0776517280884197,0
15149,3.076030076079799,1
15150,3.076030076079799,0
15151,3.076030076079799,0
15152,3.076030076079799,0
15153,3.076030076079799,0
15154,3.076030076079799,0
15155,3.076030076079799,1
15156,3.076030076079799,0
15157,3.076030076079799,0
15158,3.076030076079799,0
15159,3.076030076079799,1
15160,3.076030076079799,0
15161,3.076030076079799,0
15162,3.076030076079799,0
15163,3.076030076079799,0
15164,3.076030076079799,0
15165,3.076030076079799,0
15166,3.076030076079799,0
15167,3.076030076079799,0
15168,3.076030076079799,0
15169,20.868470284349034,0
15170,20.868470284349034,0
15171,20.868470284349034,0
15172,20.868470284349034,0
15173,20.868470284349034,0
15174,20.868470284349034,0
15175,20.868470284349034,0
15176,20.868470284349034,0
15177,20.868470284349034,0
15178,20.868470284349034,0
15179,20.868470284349034,0
15180,20.868470284349034,0
15181,20.868470284349034,0
15182,20.868470284349034,0
15183,20.868470284349034,0
15184,20.868470284349034,0
15185,20.868470284349034,0
15186,20.868470284349034,0
15187,20.868470284349034,0
15188,20.868470284349034,0
15189,20.868470284349034,0
15190,20.868470284349034,0
15191,20.868470284349034,0
15192,20.868470284349034,0
15193,20.868470284349034,1
15194,20.868470284349034,0
15195,20.868470284349034,0
15196,20.868470284349034,0
15197,20.868470284349034,0
15198,20.868470284349034,0
15199,20.868470284349034,0
15200,20.868470284349034,0
15201,20.868470284349034,0
15202,20.868470284349034,1
15203,20.868470284349034,0
15204,23.932203659327286,0
15205,23.932203659327286,0
15206,23.932203659327286,0
15207,23.932203659327286,0
15208,23.932203659327286,0
15209,23.932203659327286,0
15210,23.932203659327286,0
15211,23.932203659327286,0
15212,23.932203659327286,0
15213,23.932203659327286,0
15214,23.932203659327286,0
15215,23.932203659327286,0
15216,23.932203659327286,0
15217,23.932203659327286,0
15218,23.932203659327286,0
15219,23.932203659327286,0
15220,23.932203659327286,0
15221,23.932203659327286,0
15222,23.932203659327286,0
15223,23.932203659327286,0
15224,23.932203659327286,0
15225,23.932203659327286,0
15226,23.932203659327286,0
15227,23.932203659327286,0
15228,23.932203659327286,0
15229,23.932203659327286,0
15230,23.932203659327286,0
15231,23.932203659327286,0
15232,23.932203659327286,0
15233,23.932203659327286,0
15234,23.932203659327286,0
15235,12.532055238728091,0
15236,12.532055238728091,0
15237,12.532055238728091,0
15238,12.532055238728091,1
15239,12.532055238728091,0
15240,12.532055238728091,0
15241,12.532055238728091,0
15242,12.532055238728091,0
15243,12.532055238728091,0
15244,12.532055238728091,0
15245,12.532055238728091,0
15246,12.532055238728091,0
15247,12.532055238728091,0
15248,12.532055238728091,0
15249,12.532055238728091,0
15250,12.532055238728091,0
15251,12.532055238728091,0
15252,12.532055238728091,1
15253,12.532055238728091,0
15254,12.532055238728091,0
15255,12.532055238728091,0
15256,12.532055238728091,0
15257,12.532055238728091,0
15258,12.532055238728091,1
15259,12.532055238728091,0
15260,12.532055238728091,0
15261,12.532055238728091,0
15262,12.532055238728091,0
15263,12.532055238728091,0
15264,12.532055238728091,0
15265,5.208829352695758,0
15266,5.208829352695758,0
15267,5.208829352695758,0
15268,5.208829352695758,0
15269,5.208829352695758,0
15270,5.208829352695758,0
15271,5.208829352695758,0
15272,5.208829352695758,0
15273,5.208829352695758,0
15274,5.208829352695758,0
15275,5.208829352695758,0
15276,5.208829352695758,0
15277,5.208829352695758,0
15278,5.208829352695758,0
15279,5.208829352695758,0
15280,5.208829352695758,0
15281,5.208829352695758,0
15282,5.208829352695758,0
15283,5.208829352695758,0
15284,5.208829352695758,0
15285,5.208829352695758,0
15286,5.208829352695758,0
15287,5.208829352695758,0
15288,5.208829352695758,0
15289,5.208829352695758,0
15290,5.208829352695758,0
15291,5.208829352695758,0
15292,5.208829352695758,0
15293,5.208829352695758,0
15294,5.208829352695758,0
15295,5.208829352695758,1
15296,5.208829352695758,0
15297,36.26235125476849,0
15298,36.26235125476849,0
15299,36.26235125476849,0
15300,36.26235125476849,0
15301,36.26235125476849,0
15302,36.26235125476849,0
15303,36.26235125476849,0
15304,36.26235125476849,0
15305,36.26235125476849,0
15306,36.26235125476849,0
15307,36.26235125476849,0
15308,36.26235125476849,0
15309,36.26235125476849,0
15310,36.26235125476849,1
15311,36.26235125476849,0
15312,36.26235125476849,0
15313,36.26235125476849,0
15314,2.7352784875485114,1
15315,2.7352784875485114,0
15316,2.7352784875485114,0
15317,2.7352784875485114,0
15318,2.7352784875485114,0
15319,2.7352784875485114,0
15320,2.7352784875485114,1
15321,2.7352784875485114,0
15322,2.7352784875485114,0
15323,2.7352784875485114,0
15324,2.7352784875485114,0
15325,2.7352784875485114,1
15326,2.7352784875485114,0
15327,2.7352784875485114,1
15328,2.7352784875485114,0
15329,2.7352784875485114,1
15330,2.7352784875485114,0
15331,2.7352784875485114,0
15332,2.7352784875485114,0
15333,2.7352784875485114,1
15334,2.7352784875485114,0
15335,2.7352784875485114,0
15336,2.7352784875485114,0
15337,2.7352784875485114,0
15338,2.7352784875485114,0
15339,2.7352784875485114,1
15340,2.7352784875485114,0
15341,2.7352784875485114,0
15342,2.7352784875485114,0
15343,45.53235070094645,0
15344,45.53235070094645,0
15345,45.53235070094645,0
15346,45.53235070094645,0
15347,45.53235070094645,0
15348,45.53235070094645,0
15349,45.53235070094645,0
15350,45.53235070094645,0
15351,45.53235070094645,0
15352,45.53235070094645,0
15353,45.53235070094645,0
15354,45.53235070094645,0
15355,45.53235070094645,0
15356,45.53235070094645,0
15357,45.53235070094645,0
15358,45.53235070094645,0
15359,45.53235070094645,0
15360,45.53235070094645,0
15361,29.49971903341274,0
15362,29.49971903341274,0
15363,29.49971903341274,0
15364,29.49971903341274,0
15365,29.49971903341274,0
15366,29.49971903341274,0
15367,29.49971903341274,0
15368,29.49971903341274,0
15369,29.49971903341274,0
15370,29.49971903341274,1
15371,29.49971903341274,0
15372,29.49971903341274,0
15373,29.49971903341274,0
15374,29.49971903341274,0
15375,29.49971903341274,0
15376,29.49971903341274,0
15377,29.49971903341274,0
15378,29.49971903341274,0
15379,29.49971903341274,0
15380,29.49971903341274,0
15381,29.49971903341274,0
15382,29.49971903341274,0
15383,29.49971903341274,0
15384,29.49971903341274,0
15385,29.49971903341274,0
15386,29.49971903341274,0
15387,29.49971903341274,0
15388,29.49971903341274,0
15389,29.49971903341274,0
15390,29.49971903341274,0
15391,0.9733322592730824,0
15392,0.9733322592730824,1
15393,0.9733322592730824,0
15394,0.9733322592730824,0
15395,0.9733322592730824,1
15396,0.9733322592730824,0
15397,0.9733322592730824,0
15398,0.9733322592730824,0
15399,0.9733322592730824,1
15400,0.9733322592730824,0
15401,0.9733322592730824,0
15402,0.9733322592730824,0
15403,0.9733322592730824,0
15404,0.9733322592730824,0
15405,0.9733322592730824,0
15406,0.9733322592730824,1
15407,0.9733322592730824,0
15408,0.9733322592730824,0
15409,0.9733322592730824,1
15410,0.9733322592730824,0
15411,0.9733322592730824,0
15412,0.9733322592730824,0
15413,0.9733322592730824,0
15414,0.9733322592730824,0
15415,0.9733322592730824,0
15416,0.9733322592730824,0
15417,0.9733322592730824,0
15418,0.9733322592730824,0
15419,0.9733322592730824,0
15420,0.9733322592730824,0
15421,0.9733322592730824,1
15422,0.9733322592730824,0
15423,0.9733322592730824,0
15424,0.9733322592730824,0
15425,0.9733322592730824,0
15426,0.9733322592730824,0
15427,0.9733322592730824,0
15428,0.9733322592730824,0
15429,0.9733322592730824,0
15430,0.365345849974315,0
15431,0.365345849974315,0
15432,0.365345849974315,0
15433,0.365345849974315,0
15434,0.365345849974315,0
15435,0.365345849974315,0
15436,0.365345849974315,0
15437,0.365345849974315,0
15438,0.365345849974315,0
15439,0.365345849974315,0
15440,0.365345849974315,0
15441,0.365345849974315,0
15442,0.365345849974315,0
15443,0.365345849974315,0
15444,0.365345849974315,0
15445,0.365345849974315,0
15446,0.365345849974315,1
15447,0.365345849974315,0
15448,0.365345849974315,0
15449,0.365345849974315,0
15450,0.365345849974315,0
15451,0.365345849974315,0
15452,0.365345849974315,0
15453,0.365345849974315,0
15454,0.365345849974315,1
15455,0.365345849974315,0
15456,0.365345849974315,0
15457,0.365345849974315,0
15458,0.365345849974315,0
15459,0.365345849974315,0
15460,0.365345849974315,0
15461,0.365345849974315,0
15462,0.365345849974315,0
15463,0.365345849974315,0
15464,0.365345849974315,0
15465,0.365345849974315,0
15466,0.365345849974315,0
15467,0.365345849974315,0
15468,0.365345849974315,0
15469,0.365345849974315,0
15470,0.365345849974315,0
15471,0.365345849974315,0
15472,0.365345849974315,0
15473,0.365345849974315,0
15474,0.365345849974315,0
15475,33.34657312261835,0
15476,33.34657312261835,0
15477,33.34657312261835,0
15478,33.34657312261835,0
15479,33.34657312261835,1
15480,33.34657312261835,1
15481,33.34657312261835,0
15482,33.34657312261835,1
15483,33.34657312261835,0
15484,33.34657312261835,0
15485,33.34657312261835,0
15486,33.34657312261835,0
15487,33.34657312261835,0
15488,33.34657312261835,0
15489,33.34657312261835,0
15490,33.34657312261835,0
15491,33.34657312261835,0
15492,33.34657312261835,1
15493,33.34657312261835,0
15494,33.34657312261835,0
15495,33.34657312261835,0
15496,33.34657312261835,0
15497,33.34657312261835,0
15498,33.34657312261835,0
15499,33.34657312261835,0
15500,33.34657312261835,0
15501,33.34657312261835,0
15502,33.34657312261835,0
15503,33.34657312261835,0
15504,33.34657312261835,0
15505,33.34657312261835,0
15506,33.34657312261835,0
15507,33.34657312261835,0
15508,33.34657312261835,0
15509,33.34657312261835,0
15510,33.34657312261835,0
15511,33.34657312261835,0
15512,33.34657312261835,0
15513,33.34657312261835,0
15514,33.34657312261835,0
15515,33.34657312261835,0
15516,33.34657312261835,0
15517,33.34657312261835,0
15518,33.34657312261835,0
15519,33.34657312261835,1
15520,33.34657312261835,0
15521,94.87672704408406,0
15522,94.87672704408406,0
15523,94.87672704408406,0
15524,94.87672704408406,1
15525,94.87672704408406,0
15526,94.87672704408406,0
15527,94.87672704408406,0
15528,94.87672704408406,0
15529,94.87672704408406,0
15530,94.87672704408406,0
15531,94.87672704408406,0
15532,94.87672704408406,0
15533,94.87672704408406,0
15534,94.87672704408406,0
15535,94.87672704408406,0
15536,94.87672704408406,0
15537,94.87672704408406,0
15538,94.87672704408406,0
15539,94.87672704408406,0
15540,94.87672704408406,0
15541,94.87672704408406,0
15542,94.87672704408406,0
15543,94.87672704408406,0
15544,94.87672704408406,0
15545,94.87672704408406,0
15546,94.87672704408406,0
15547,94.87672704408406,0
15548,94.87672704408406,0
15549,94.87672704408406,0
15550,94.87672704408406,0
15551,94.87672704408406,0
15552,94.87672704408406,0
15553,94.87672704408406,0
15554,94.87672704408406,0
15555,94.87672704408406,0
15556,94.87672704408406,0
15557,94.87672704408406,0
15558,0.1485128434584376,0
15559,0.1485128434584376,0
15560,0.1485128434584376,0
15561,0.1485128434584376,0
15562,0.1485128434584376,0
15563,0.1485128434584376,0
15564,0.1485128434584376,0
15565,0.1485128434584376,0
15566,0.1485128434584376,0
15567,0.1485128434584376,0
15568,0.1485128434584376,0
15569,0.1485128434584376,0
15570,0.1485128434584376,0
15571,0.1485128434584376,0
15572,0.1485128434584376,0
15573,0.1485128434584376,0
15574,0.1485128434584376,0
15575,0.1485128434584376,0
15576,0.1485128434584376,0
15577,0.1485128434584376,0
15578,0.1485128434584376,0
15579,0.1485128434584376,0
15580,0.1485128434584376,0
15581,0.1485128434584376,0
15582,0.1485128434584376,0
15583,0.1485128434584376,0
15584,0.1485128434584376,0
15585,0.1485128434584376,0
15586,0.1485128434584376,0
15587,0.1485128434584376,0
15588,0.1485128434584376,0
15589,0.1485128434584376,0
15590,0.1485128434584376,0
15591,0.1485128434584376,0
15592,0.1485128434584376,0
15593,0.1485128434584376,0
15594,8.044185383585198,0
15595,8.044185383585198,0
15596,8.044185383585198,0
15597,8.044185383585198,0
15598,8.044185383585198,0
15599,8.044185383585198,0
15600,8.044185383585198,0
15601,8.044185383585198,0
15602,8.044185383585198,0
15603,8.044185383585198,0
15604,8.044185383585198,0
15605,8.044185383585198,0
15606,8.044185383585198,0
15607,8.044185383585198,0
15608,8.044185383585198,0
15609,8.044185383585198,0
15610,8.044185383585198,0
15611,8.044185383585198,0
15612,8.044185383585198,0
15613,8.044185383585198,0
15614,8.044185383585198,0
15615,8.044185383585198,0
15616,8.044185383585198,0
15617,8.044185383585198,0
15618,8.044185383585198,0
15619,8.044185383585198,0
15620,8.044185383585198,0
15621,8.044185383585198,0
15622,8.044185383585198,0
15623,19.163847009917156,0
15624,19.163847009917156,0
15625,19.163847009917156,0
15626,19.163847009917156,0
15627,19.163847009917156,0
15628,19.163847009917156,0
15629,19.163847009917156,1
15630,19.163847009917156,0
15631,19.163847009917156,0
15632,19.163847009917156,0
15633,19.163847009917156,0
15634,19.163847009917156,0
15635,19.163847009917156,0
15636,19.163847009917156,0
15637,19.163847009917156,0
15638,19.163847009917156,0
15639,19.163847009917156,0
15640,19.163847009917156,0
15641,0.5221944005702244,0
15642,0.5221944005702244,0
15643,0.5221944005702244,0
15644,0.5221944005702244,0
15645,0.5221944005702244,0
15646,0.5221944005702244,0
15647,0.5221944005702244,0
15648,0.5221944005702244,0
15649,0.5221944005702244,0
15650,0.5221944005702244,0
15651,0.5221944005702244,0
15652,0.5221944005702244,0
15653,0.5221944005702244,0
15654,0.5221944005702244,0
15655,0.5221944005702244,1
15656,0.5221944005702244,1
15657,0.5221944005702244,1
15658,0.5221944005702244,0
15659,0.5221944005702244,0
15660,0.5221944005702244,0
15661,0.5221944005702244,0
15662,0.5221944005702244,0
15663,0.5221944005702244,0
15664,0.5221944005702244,0
15665,0.5221944005702244,0
15666,0.5221944005702244,0
15667,0.5221944005702244,0
15668,0.5221944005702244,1
15669,0.5221944005702244,0
15670,0.5221944005702244,0
15671,0.5221944005702244,1
15672,88.08135208551097,0
15673,88.08135208551097,0
15674,88.08135208551097,0
15675,88.08135208551097,0
15676,88.08135208551097,0
15677,88.08135208551097,0
15678,88.08135208551097,0
15679,88.08135208551097,0
15680,88.08135208551097,0
15681,88.08135208551097,0
15682,88.08135208551097,0
15683,88.08135208551097,0
15684,88.08135208551097,0
15685,88.08135208551097,0
15686,88.08135208551097,0
15687,88.08135208551097,0
15688,88.08135208551097,0
15689,88.08135208551097,0
15690,88.08135208551097,0
15691,88.08135208551097,0
15692,88.08135208551097,1
15693,88.08135208551097,0
15694,88.08135208551097,0
15695,81.01545248093404,0
15696,81.01545248093404,0
15697,81.01545248093404,0
15698,81.01545248093404,0
15699,81.01545248093404,0
15700,81.01545248093404,0
15701,81.01545248093404,0
15702,81.01545248093404,0
15703,81.01545248093404,0
15704,81.01545248093404,0
15705,81.01545248093404,0
15706,81.01545248093404,0
15707,81.01545248093404,0
15708,81.01545248093404,0
15709,81.01545248093404,0
15710,81.01545248093404,0
15711,81.01545248093404,0
15712,81.01545248093404,0
15713,81.01545248093404,0
15714,81.01545248093404,0
15715,81.01545248093404,0
15716,81.01545248093404,0
15717,81.01545248093404,0
15718,81.01545248093404,0
15719,81.01545248093404,0
15720,81.01545248093404,0
15721,81.01545248093404,0
15722,81.01545248093404,0
15723,81.01545248093404,0
15724,81.01545248093404,0
15725,81.01545248093404,0
15726,81.01545248093404,0
15727,81.01545248093404,0
15728,81.01545248093404,0
15729,81.01545248093404,0
15730,81.01545248093404,0
15731,81.01545248093404,0
15732,81.01545248093404,0
15733,81.01545248093404,0
15734,81.01545248093404,0
15735,81.01545248093404,0
15736,81.01545248093404,0
15737,81.01545248093404,0
15738,81.01545248093404,0
15739,9.487374599371698,0
15740,9.487374599371698,0
15741,9.487374599371698,0
15742,9.487374599371698,0
15743,9.487374599371698,1
15744,9.487374599371698,0
15745,9.487374599371698,0
15746,9.487374599371698,0
15747,9.487374599371698,0
15748,9.487374599371698,0
15749,9.487374599371698,0
15750,9.487374599371698,0
15751,9.487374599371698,0
15752,9.487374599371698,0
15753,9.487374599371698,1
15754,9.487374599371698,0
15755,9.487374599371698,0
15756,9.487374599371698,0
15757,9.487374599371698,0
15758,9.487374599371698,0
15759,9.487374599371698,0
15760,9.487374599371698,0
15761,9.487374599371698,0
15762,9.487374599371698,1
15763,9.487374599371698,0
15764,9.487374599371698,0
15765,9.487374599371698,0
15766,9.487374599371698,0
15767,9.487374599371698,0
15768,9.487374599371698,0
15769,9.487374599371698,0
15770,9.487374599371698,0
15771,9.487374599371698,0
15772,9.487374599371698,0
15773,9.487374599371698,0
15774,9.487374599371698,0
15775,9.487374599371698,0
15776,9.487374599371698,0
15777,9.487374599371698,0
15778,2.777553331324304,0
15779,2.777553331324304,0
15780,2.777553331324304,0
15781,2.777553331324304,0
15782,2.777553331324304,0
15783,2.777553331324304,0
15784,2.777553331324304,0
15785,2.777553331324304,0
15786,2.777553331324304,0
15787,2.777553331324304,0
15788,2.777553331324304,0
15789,2.777553331324304,0
15790,2.777553331324304,0
15791,2.777553331324304,0
15792,2.777553331324304,0
15793,2.777553331324304,0
15794,2.777553331324304,0
15795,2.777553331324304,0
15796,2.777553331324304,0
15797,2.777553331324304,0
15798,2.777553331324304,0
15799,2.777553331324304,0
15800,2.777553331324304,0
15801,2.777553331324304,0
15802,2.777553331324304,0
15803,2.777553331324304,0
15804,2.777553331324304,0
15805,2.777553331324304,0
15806,52.941278675451244,0
15807,52.941278675451244,0
15808,52.941278675451244,0
15809,52.941278675451244,1
15810,52.941278675451244,0
15811,52.941278675451244,0
15812,52.941278675451244,0
15813,52.941278675451244,0
15814,52.941278675451244,0
15815,52.941278675451244,0
15816,52.941278675451244,0
15817,52.941278675451244,1
15818,52.941278675451244,0
15819,52.941278675451244,0
15820,52.941278675451244,0
15821,52.941278675451244,0
15822,52.941278675451244,0
15823,52.941278675451244,0
15824,52.941278675451244,1
15825,52.941278675451244,0
15826,52.941278675451244,0
15827,52.941278675451244,0
15828,52.941278675451244,0
15829,36.914811030868925,0
15830,36.914811030868925,0
15831,36.914811030868925,0
15832,36.914811030868925,0
15833,36.914811030868925,0
15834,36.914811030868925,0
15835,36.914811030868925,0
15836,36.914811030868925,0
15837,36.914811030868925,0
15838,36.914811030868925,0
15839,36.914811030868925,0
15840,36.914811030868925,0
15841,36.914811030868925,0
15842,36.914811030868925,0
15843,36.914811030868925,0
15844,36.914811030868925,0
15845,36.914811030868925,0
15846,36.914811030868925,1
15847,36.914811030868925,0
15848,36.914811030868925,0
15849,36.914811030868925,1
15850,36.914811030868925,0
15851,36.914811030868925,0
15852,36.914811030868925,0
15853,36.914811030868925,0
15854,36.914811030868925,0
15855,36.914811030868925,0
15856,36.914811030868925,0
15857,36.914811030868925,0
15858,36.914811030868925,0
15859,36.914811030868925,0
15860,36.914811030868925,0
15861,36.914811030868925,0
15862,36.914811030868925,0
15863,36.914811030868925,0
15864,36.914811030868925,0
15865,36.914811030868925,0
15866,36.914811030868925,0
15867,36.914811030868925,0
15868,36.914811030868925,0
15869,36.914811030868925,0
15870,36.914811030868925,0
15871,36.914811030868925,0
15872,36.914811030868925,0
15873,36.914811030868925,0
15874,36.914811030868925,0
15875,36.914811030868925,1
15876,19.678268983922994,0
15877,19.678268983922994,0
15878,19.678268983922994,0
15879,19.678268983922994,0
15880,19.678268983922994,0
15881,19.678268983922994,0
15882,19.678268983922994,0
15883,19.678268983922994,0
15884,19.678268983922994,0
15885,19.678268983922994,0
15886,19.678268983922994,0
15887,19.678268983922994,0
15888,19.678268983922994,0
15889,19.678268983922994,0
15890,19.678268983922994,0
15891,19.678268983922994,0
15892,19.678268983922994,0
15893,19.678268983922994,0
15894,19.678268983922994,0
15895,19.678268983922994,0
15896,19.678268983922994,0
15897,19.678268983922994,0
15898,19.678268983922994,0
15899,19.678268983922994,0
15900,19.678268983922994,0
15901,19.678268983922994,0
15902,19.678268983922994,0
15903,19.678268983922994,0
15904,19.678268983922994,0
15905,19.678268983922994,0
15906,19.678268983922994,0
15907,19.678268983922994,0
15908,19.678268983922994,0
15909,19.678268983922994,0
15910,19.678268983922994,0
15911,19.678268983922994,1
15912,19.678268983922994,0
15913,19.678268983922994,0
15914,19.678268983922994,0
15915,19.678268983922994,0
15916,19.678268983922994,0
15917,19.678268983922994,0
15918,39.85443402207369,0
15919,39.85443402207369,0
15920,39.85443402207369,0
15921,39.85443402207369,0
15922,39.85443402207369,0
15923,39.85443402207369,0
15924,39.85443402207369,0
15925,39.85443402207369,0
15926,39.85443402207369,0
15927,39.85443402207369,0
15928,39.85443402207369,0
15929,39.85443402207369,0
15930,39.85443402207369,0
15931,39.85443402207369,0
15932,39.85443402207369,0
15933,39.85443402207369,0
15934,39.85443402207369,0
15935,39.85443402207369,0
15936,39.85443402207369,0
15937,39.85443402207369,0
15938,39.85443402207369,1
15939,39.85443402207369,0
15940,39.85443402207369,1
15941,39.85443402207369,0
15942,39.85443402207369,0
15943,39.85443402207369,0
15944,39.85443402207369,0
15945,39.85443402207369,0
15946,17.723929336926865,0
15947,17.723929336926865,0
15948,17.723929336926865,0
15949,17.723929336926865,0
15950,17.723929336926865,0
15951,17.723929336926865,0
15952,17.723929336926865,0
15953,17.723929336926865,0
15954,17.723929336926865,0
15955,17.723929336926865,0
15956,17.723929336926865,1
15957,17.723929336926865,0
15958,17.723929336926865,0
15959,17.723929336926865,1
15960,17.723929336926865,0
15961,17.723929336926865,0
15962,17.723929336926865,0
15963,17.723929336926865,0
15964,17.723929336926865,0
15965,17.723929336926865,0
15966,17.723929336926865,1
15967,17.723929336926865,0
15968,17.723929336926865,0
15969,17.723929336926865,0
15970,17.723929336926865,0
15971,17.723929336926865,0
15972,17.723929336926865,0
15973,17.723929336926865,0
15974,17.723929336926865,0
15975,17.723929336926865,0
15976,17.723929336926865,0
15977,17.723929336926865,0
15978,17.723929336926865,0
15979,17.723929336926865,0
15980,1.5730253013003528,0
15981,1.5730253013003528,0
15982,1.5730253013003528,0
15983,1.5730253013003528,0
15984,1.5730253013003528,0
15985,1.5730253013003528,0
15986,1.5730253013003528,0
15987,1.5730253013003528,0
15988,1.5730253013003528,0
15989,1.5730253013003528,0
15990,1.5730253013003528,0
15991,1.5730253013003528,0
15992,1.5730253013003528,0
15993,1.5730253013003528,1
15994,1.5730253013003528,0
15995,1.5730253013003528,1
15996,1.5730253013003528,0
15997,1.5730253013003528,0
15998,1.5730253013003528,0
15999,1.5730253013003528,1
16000,1.5730253013003528,0
16001,1.5730253013003528,1
16002,1.5730253013003528,1
16003,1.5730253013003528,0
16004,1.5730253013003528,0
16005,1.5730253013003528,0
16006,1.5730253013003528,0
16007,1.5730253013003528,1
16008,1.5730253013003528,0
16009,1.5730253013003528,0
16010,1.5730253013003528,0
16011,1.5730253013003528,0
16012,1.5730253013003528,0
16013,1.5730253013003528,0
16014,1.5730253013003528,0
16015,1.5730253013003528,0
16016,1.5730253013003528,1
16017,1.5730253013003528,0
16018,1.5730253013003528,0
16019,1.5730253013003528,0
16020,1.5730253013003528,0
16021,9.763341598749419,0
16022,9.763341598749419,0
16023,9.763341598749419,0
16024,9.763341598749419,1
16025,9.763341598749419,0
16026,9.763341598749419,0
16027,9.763341598749419,1
16028,9.763341598749419,0
16029,9.763341598749419,1
16030,9.763341598749419,0
16031,9.763341598749419,0
16032,9.763341598749419,0
16033,9.763341598749419,0
16034,9.763341598749419,1
16035,9.763341598749419,0
16036,9.763341598749419,0
16037,9.763341598749419,0
16038,9.763341598749419,0
16039,9.763341598749419,1
16040,9.763341598749419,0
16041,9.763341598749419,1
16042,9.763341598749419,0
16043,9.763341598749419,0
16044,9.763341598749419,0
16045,9.763341598749419,0
16046,9.763341598749419,0
16047,9.763341598749419,0
16048,9.763341598749419,0
16049,9.763341598749419,0
16050,9.763341598749419,1
16051,9.763341598749419,0
16052,9.763341598749419,0
16053,9.763341598749419,1
16054,9.763341598749419,0
16055,9.763341598749419,0
16056,9.763341598749419,0
16057,9.763341598749419,0
16058,9.763341598749419,1
16059,9.763341598749419,0
16060,9.763341598749419,0
16061,9.763341598749419,0
16062,9.763341598749419,0
16063,9.763341598749419,0
16064,9.763341598749419,0
16065,9.763341598749419,0
16066,9.763341598749419,0
16067,9.763341598749419,0
16068,9.763341598749419,0
16069,9.763341598749419,0
16070,9.763341598749419,0
16071,9.763341598749419,0
16072,9.763341598749419,0
16073,2.6365155436588434,0
16074,2.6365155436588434,0
16075,2.6365155436588434,0
16076,2.6365155436588434,1
16077,2.6365155436588434,0
16078,2.6365155436588434,0
16079,2.6365155436588434,0
16080,2.6365155436588434,0
16081,2.6365155436588434,0
16082,2.6365155436588434,0
16083,2.6365155436588434,0
16084,2.6365155436588434,0
16085,2.6365155436588434,0
16086,2.6365155436588434,0
16087,2.6365155436588434,0
16088,2.6365155436588434,1
16089,2.6365155436588434,0
16090,2.6365155436588434,0
16091,2.6365155436588434,0
16092,2.6365155436588434,0
16093,2.6365155436588434,0
16094,2.6365155436588434,0
16095,2.6365155436588434,0
16096,2.6365155436588434,0
16097,2.6365155436588434,1
16098,2.6365155436588434,0
16099,2.6365155436588434,0
16100,2.6365155436588434,0
16101,2.6365155436588434,0
16102,2.6365155436588434,0
16103,2.6365155436588434,0
16104,2.6365155436588434,0
16105,2.6365155436588434,0
16106,2.6365155436588434,0
16107,2.6365155436588434,0
16108,2.6365155436588434,0
16109,2.6365155436588434,0
16110,2.6365155436588434,1
16111,2.6365155436588434,0
16112,2.6365155436588434,0
16113,2.6365155436588434,0
16114,17.619985933609414,0
16115,17.619985933609414,1
16116,17.619985933609414,0
16117,17.619985933609414,0
16118,17.619985933609414,0
16119,17.619985933609414,0
16120,17.619985933609414,0
16121,17.619985933609414,1
16122,17.619985933609414,0
16123,17.619985933609414,1
16124,17.619985933609414,0
16125,17.619985933609414,0
16126,17.619985933609414,0
16127,17.619985933609414,0
16128,17.619985933609414,0
16129,17.619985933609414,0
16130,17.619985933609414,0
16131,17.619985933609414,0
16132,17.619985933609414,0
16133,17.619985933609414,1
16134,17.619985933609414,0
16135,17.619985933609414,0
16136,17.619985933609414,0
16137,17.619985933609414,0
16138,17.619985933609414,0
16139,17.619985933609414,0
16140,17.619985933609414,0
16141,17.619985933609414,1
16142,17.619985933609414,0
16143,17.619985933609414,0
16144,17.619985933609414,0
16145,13.850728552681154,0
16146,13.850728552681154,0
16147,13.850728552681154,0
16148,13.850728552681154,0
16149,13.850728552681154,0
16150,13.850728552681154,0
16151,13.850728552681154,0
16152,13.850728552681154,0
16153,13.850728552681154,0
16154,13.850728552681154,0
16155,13.850728552681154,0
16156,13.850728552681154,0
16157,13.850728552681154,0
16158,13.850728552681154,0
16159,13.850728552681154,0
16160,13.850728552681154,0
16161,13.850728552681154,0
16162,13.850728552681154,0
16163,13.850728552681154,0
16164,13.850728552681154,0
16165,13.850728552681154,0
16166,13.850728552681154,0
16167,13.850728552681154,0
16168,13.850728552681154,0
16169,13.850728552681154,0
16170,13.850728552681154,0
16171,13.850728552681154,0
16172,13.850728552681154,0
16173,13.850728552681154,0
16174,13.850728552681154,0
16175,13.850728552681154,0
16176,16.35258541090935,0
16177,16.35258541090935,0
16178,16.35258541090935,0
16179,16.35258541090935,0
16180,16.35258541090935,0
16181,16.35258541090935,0
16182,16.35258541090935,0
16183,16.35258541090935,0
16184,16.35258541090935,0
16185,16.35258541090935,0
16186,16.35258541090935,0
16187,16.35258541090935,0
16188,16.35258541090935,0
16189,16.35258541090935,0
16190,16.35258541090935,0
16191,16.35258541090935,0
16192,16.35258541090935,0
16193,16.35258541090935,0
16194,16.35258541090935,0
16195,16.35258541090935,0
16196,16.35258541090935,0
16197,16.35258541090935,0
16198,16.35258541090935,0
16199,16.35258541090935,0
16200,16.35258541090935,0
16201,16.35258541090935,0
16202,16.35258541090935,0
16203,16.35258541090935,0
16204,16.35258541090935,0
16205,16.35258541090935,0
16206,12.873893345407616,0
16207,12.873893345407616,0
16208,12.873893345407616,0
16209,12.873893345407616,0
16210,12.873893345407616,0
16211,12.873893345407616,0
16212,12.873893345407616,0
16213,12.873893345407616,0
16214,12.873893345407616,0
16215,12.873893345407616,0
16216,12.873893345407616,0
16217,12.873893345407616,0
16218,12.873893345407616,0
16219,12.873893345407616,0
16220,12.873893345407616,0
16221,12.873893345407616,0
16222,12.873893345407616,0
16223,12.873893345407616,0
16224,12.873893345407616,0
16225,12.873893345407616,0
16226,12.873893345407616,0
16227,12.873893345407616,0
16228,12.873893345407616,0
16229,12.873893345407616,0
16230,12.873893345407616,0
16231,12.873893345407616,0
16232,12.873893345407616,0
16233,2.9752115451733316,0
16234,2.9752115451733316,0
16235,2.9752115451733316,0
16236,2.9752115451733316,0
16237,2.9752115451733316,0
16238,2.9752115451733316,0
16239,2.9752115451733316,0
16240,2.9752115451733316,0
16241,2.9752115451733316,0
16242,2.9752115451733316,0
16243,2.9752115451733316,0
16244,2.9752115451733316,0
16245,2.9752115451733316,0
16246,2.9752115451733316,0
16247,2.9752115451733316,0
16248,2.9752115451733316,0
16249,2.9752115451733316,0
16250,2.9752115451733316,0
16251,2.9752115451733316,0
16252,2.9752115451733316,0
16253,2.9752115451733316,0
16254,2.9752115451733316,0
16255,2.9752115451733316,0
16256,2.9752115451733316,0
16257,2.9752115451733316,0
16258,2.9752115451733316,0
16259,2.9752115451733316,0
16260,2.9752115451733316,0
16261,2.9752115451733316,0
16262,2.9752115451733316,0
16263,2.9752115451733316,0
16264,2.9752115451733316,0
16265,2.9752115451733316,0
16266,2.9752115451733316,0
16267,2.9752115451733316,0
16268,2.9752115451733316,1
16269,2.9752115451733316,0
16270,2.9752115451733316,0
16271,2.9752115451733316,0
16272,2.9752115451733316,1
16273,2.9752115451733316,1
16274,2.9752115451733316,0
16275,2.9752115451733316,0
16276,2.9752115451733316,0
16277,2.9752115451733316,0
16278,2.9752115451733316,0
16279,2.9752115451733316,0
16280,2.9752115451733316,0
16281,2.9752115451733316,0
16282,2.9752115451733316,1
16283,2.9752115451733316,0
16284,100.4070174227661,0
16285,100.4070174227661,0
16286,100.4070174227661,0
16287,100.4070174227661,0
16288,100.4070174227661,0
16289,100.4070174227661,0
16290,100.4070174227661,0
16291,100.4070174227661,0
16292,100.4070174227661,0
16293,100.4070174227661,0
16294,100.4070174227661,0
16295,100.4070174227661,0
16296,100.4070174227661,0
16297,100.4070174227661,0
16298,100.4070174227661,0
16299,100.4070174227661,0
16300,100.4070174227661,0
16301,100.4070174227661,0
16302,100.4070174227661,0
16303,100.4070174227661,0
16304,100.4070174227661,0
16305,100.4070174227661,0
16306,100.4070174227661,0
16307,100.4070174227661,0
16308,100.4070174227661,0
16309,100.4070174227661,1
16310,100.4070174227661,0
16311,100.4070174227661,0
16312,100.4070174227661,0
16313,6.302529464163458,0
16314,6.302529464163458,0
16315,6.302529464163458,0
16316,6.302529464163458,0
16317,6.302529464163458,0
16318,6.302529464163458,0
16319,6.302529464163458,0
16320,6.302529464163458,0
16321,6.302529464163458,0
16322,6.302529464163458,0
16323,6.302529464163458,0
16324,6.302529464163458,0
16325,6.302529464163458,0
16326,6.302529464163458,0
16327,6.302529464163458,0
16328,6.302529464163458,0
16329,6.302529464163458,0
16330,6.302529464163458,0
16331,6.302529464163458,0
16332,6.302529464163458,0
16333,6.302529464163458,0
16334,6.302529464163458,0
16335,6.302529464163458,0
16336,6.302529464163458,0
16337,6.302529464163458,0
16338,6.302529464163458,0
16339,6.302529464163458,0
16340,16.013845289265966,0
16341,16.013845289265966,0
16342,16.013845289265966,0
16343,16.013845289265966,1
16344,16.013845289265966,0
16345,16.013845289265966,0
16346,16.013845289265966,0
16347,16.013845289265966,0
16348,16.013845289265966,0
16349,16.013845289265966,1
16350,16.013845289265966,0
16351,16.013845289265966,0
16352,16.013845289265966,0
16353,16.013845289265966,0
16354,16.013845289265966,0
16355,16.013845289265966,0
16356,16.013845289265966,0
16357,16.013845289265966,0
16358,16.013845289265966,0
16359,16.013845289265966,0
16360,16.013845289265966,0
16361,16.013845289265966,0
16362,16.013845289265966,0
16363,16.013845289265966,0
16364,16.013845289265966,0
16365,16.013845289265966,0
16366,16.013845289265966,0
16367,16.013845289265966,0
16368,16.013845289265966,0
16369,16.013845289265966,0
16370,16.013845289265966,0
16371,16.013845289265966,0
16372,16.013845289265966,0
16373,16.013845289265966,0
16374,16.013845289265966,0
16375,16.013845289265966,0
16376,16.013845289265966,0
16377,16.013845289265966,0
16378,39.43514771868893,0
16379,39.43514771868893,0
16380,39.43514771868893,0
16381,39.43514771868893,0
16382,39.43514771868893,0
16383,39.43514771868893,0
16384,39.43514771868893,0
16385,39.43514771868893,0
16386,39.43514771868893,0
16387,39.43514771868893,0
16388,39.43514771868893,0
16389,39.43514771868893,0
16390,39.43514771868893,0
16391,39.43514771868893,0
16392,39.43514771868893,0
16393,39.43514771868893,0
16394,39.43514771868893,0
16395,39.43514771868893,0
16396,39.43514771868893,0
16397,39.43514771868893,0
16398,39.43514771868893,0
16399,39.43514771868893,0
16400,39.43514771868893,1
16401,39.43514771868893,0
16402,39.43514771868893,0
16403,39.43514771868893,0
16404,39.43514771868893,1
16405,39.43514771868893,0
16406,51.21105658671711,0
16407,51.21105658671711,0
16408,51.21105658671711,0
16409,51.21105658671711,0
16410,51.21105658671711,0
16411,51.21105658671711,0
16412,51.21105658671711,1
16413,51.21105658671711,0
16414,51.21105658671711,0
16415,51.21105658671711,0
16416,51.21105658671711,0
16417,51.21105658671711,0
16418,51.21105658671711,0
16419,51.21105658671711,1
16420,51.21105658671711,1
16421,51.21105658671711,0
16422,51.21105658671711,0
16423,51.21105658671711,0
16424,51.21105658671711,0
16425,51.21105658671711,0
16426,51.21105658671711,0
16427,51.21105658671711,0
16428,51.21105658671711,0
16429,51.21105658671711,0
16430,51.21105658671711,0
16431,51.21105658671711,0
16432,51.21105658671711,1
16433,51.21105658671711,0
16434,51.21105658671711,0
16435,51.21105658671711,0
16436,51.21105658671711,0
16437,51.21105658671711,0
16438,51.21105658671711,0
16439,51.21105658671711,0
16440,51.21105658671711,0
16441,51.21105658671711,1
16442,51.21105658671711,0
16443,51.21105658671711,0
16444,51.21105658671711,0
16445,51.21105658671711,0
16446,39.58155530815964,0
16447,39.58155530815964,0
16448,39.58155530815964,0
16449,39.58155530815964,0
16450,39.58155530815964,0
16451,39.58155530815964,0
16452,39.58155530815964,0
16453,39.58155530815964,0
16454,39.58155530815964,0
16455,39.58155530815964,0
16456,39.58155530815964,0
16457,39.58155530815964,0
16458,39.58155530815964,0
16459,39.58155530815964,0
16460,39.58155530815964,0
16461,39.58155530815964,0
16462,39.58155530815964,0
16463,39.58155530815964,0
16464,39.58155530815964,0
16465,39.58155530815964,0
16466,39.58155530815964,0
16467,39.58155530815964,0
16468,39.58155530815964,0
16469,39.58155530815964,0
16470,39.58155530815964,0
16471,39.58155530815964,0
16472,39.58155530815964,0
16473,39.58155530815964,0
16474,39.58155530815964,0
16475,39.58155530815964,0
16476,39.58155530815964,0
16477,39.58155530815964,0
16478,39.58155530815964,0
16479,39.58155530815964,0
16480,39.58155530815964,0
16481,39.58155530815964,0
16482,39.58155530815964,0
16483,39.58155530815964,0
16484,39.58155530815964,0
16485,39.58155530815964,0
16486,2.9293660817037614,0
16487,2.9293660817037614,1
16488,2.9293660817037614,0
16489,2.9293660817037614,0
16490,2.9293660817037614,0
16491,2.9293660817037614,0
16492,2.9293660817037614,0
16493,2.9293660817037614,1
16494,2.9293660817037614,1
16495,2.9293660817037614,1
16496,2.9293660817037614,0
16497,2.9293660817037614,0
16498,2.9293660817037614,1
16499,2.9293660817037614,0
16500,2.9293660817037614,1
16501,2.9293660817037614,1
16502,2.9293660817037614,1
16503,2.9293660817037614,0
16504,2.9293660817037614,0
16505,2.9293660817037614,1
16506,2.9293660817037614,0
16507,2.9293660817037614,0
16508,2.9293660817037614,0
16509,2.9293660817037614,1
16510,2.9293660817037614,0
16511,2.9293660817037614,0
16512,2.9293660817037614,0
16513,2.9293660817037614,0
16514,2.9293660817037614,1
16515,2.9293660817037614,0
16516,2.9293660817037614,0
16517,2.9293660817037614,1
16518,2.9293660817037614,1
16519,2.9293660817037614,1
16520,2.9293660817037614,0
16521,1.1615580823478342,0
16522,1.1615580823478342,0
16523,1.1615580823478342,0
16524,1.1615580823478342,0
16525,1.1615580823478342,0
16526,1.1615580823478342,1
16527,1.1615580823478342,0
16528,1.1615580823478342,0
16529,1.1615580823478342,0
16530,1.1615580823478342,0
16531,1.1615580823478342,0
16532,1.1615580823478342,0
16533,1.1615580823478342,0
16534,1.1615580823478342,0
16535,1.1615580823478342,0
16536,1.1615580823478342,0
16537,1.1615580823478342,0
16538,1.1615580823478342,0
16539,1.1615580823478342,0
16540,1.1615580823478342,0
16541,1.1615580823478342,0
16542,1.1615580823478342,0
16543,1.1615580823478342,0
16544,1.1615580823478342,0
16545,1.1615580823478342,0
16546,1.1615580823478342,0
16547,1.1615580823478342,0
16548,1.1615580823478342,0
16549,1.1615580823478342,0
16550,1.1615580823478342,0
16551,1.1615580823478342,0
16552,1.1615580823478342,0
16553,1.1615580823478342,0
16554,1.1615580823478342,0
16555,1.1615580823478342,0
16556,1.1615580823478342,0
16557,1.1615580823478342,0
16558,1.1615580823478342,0
16559,1.1615580823478342,0
16560,1.1615580823478342,0
16561,1.1615580823478342,0
16562,1.1615580823478342,0
16563,1.1615580823478342,0
16564,1.1615580823478342,0
16565,1.1615580823478342,0
16566,1.1615580823478342,0
16567,1.1615580823478342,0
16568,1.1615580823478342,0
16569,1.1615580823478342,0
16570,1.1615580823478342,0
16571,1.1615580823478342,0
16572,1.1615580823478342,0
16573,1.1615580823478342,0
16574,1.1615580823478342,0
16575,22.899401781753067,0
16576,22.899401781753067,0
16577,22.899401781753067,1
16578,22.899401781753067,0
16579,22.899401781753067,0
16580,22.899401781753067,0
16581,22.899401781753067,0
16582,22.899401781753067,0
16583,22.899401781753067,0
16584,22.899401781753067,0
16585,22.899401781753067,0
16586,22.899401781753067,0
16587,22.899401781753067,0
16588,22.899401781753067,1
16589,22.899401781753067,1
16590,22.899401781753067,0
16591,22.899401781753067,1
16592,22.899401781753067,0
16593,22.899401781753067,0
16594,22.899401781753067,0
16595,22.899401781753067,0
16596,22.899401781753067,0
16597,22.899401781753067,0
16598,22.899401781753067,0
16599,22.899401781753067,0
16600,22.899401781753067,0
16601,22.899401781753067,0
16602,65.35469155797927,0
16603,65.35469155797927,1
16604,65.35469155797927,0
16605,65.35469155797927,0
16606,65.35469155797927,0
16607,65.35469155797927,0
16608,65.35469155797927,0
16609,65.35469155797927,0
16610,65.35469155797927,0
16611,65.35469155797927,1
16612,65.35469155797927,0
16613,65.35469155797927,0
16614,65.35469155797927,0
16615,65.35469155797927,0
16616,65.35469155797927,0
16617,65.35469155797927,0
16618,65.35469155797927,0
16619,65.35469155797927,0
16620,65.35469155797927,0
16621,65.35469155797927,0
16622,65.35469155797927,1
16623,65.35469155797927,0
16624,65.35469155797927,0
16625,65.35469155797927,0
16626,65.35469155797927,0
16627,65.35469155797927,0
16628,65.35469155797927,0
16629,65.35469155797927,0
16630,65.35469155797927,0
16631,65.35469155797927,1
16632,65.35469155797927,0
16633,65.35469155797927,0
16634,65.35469155797927,0
16635,65.35469155797927,0
16636,65.35469155797927,1
16637,65.35469155797927,0
16638,1.2160820231231044,0
16639,1.2160820231231044,0
16640,1.2160820231231044,0
16641,1.2160820231231044,1
16642,1.2160820231231044,0
16643,1.2160820231231044,1
16644,1.2160820231231044,0
16645,1.2160820231231044,0
16646,1.2160820231231044,0
16647,1.2160820231231044,0
16648,1.2160820231231044,0
16649,1.2160820231231044,0
16650,1.2160820231231044,1
16651,1.2160820231231044,0
16652,1.2160820231231044,1
16653,1.2160820231231044,0
16654,1.2160820231231044,1
16655,1.2160820231231044,1
16656,1.2160820231231044,1
16657,1.2160820231231044,1
16658,1.2160820231231044,1
16659,1.2160820231231044,0
16660,1.2160820231231044,0
16661,1.2160820231231044,0
16662,1.2160820231231044,1
16663,1.2160820231231044,0
16664,1.2160820231231044,0
16665,1.2160820231231044,0
16666,1.2160820231231044,0
16667,1.2160820231231044,0
16668,1.2160820231231044,0
16669,1.2160820231231044,0
16670,1.2160820231231044,0
16671,1.2160820231231044,1
16672,1.2160820231231044,0
16673,1.2160820231231044,0
16674,1.2160820231231044,1
16675,1.2160820231231044,0
16676,1.2160820231231044,0
16677,1.2160820231231044,1
16678,1.2160820231231044,1
16679,1.2160820231231044,1
16680,1.2160820231231044,0
16681,1.2160820231231044,0
16682,1.2160820231231044,0
16683,1.2160820231231044,0
16684,1.2160820231231044,0
16685,1.2160820231231044,0
16686,1.2160820231231044,0
16687,1.2160820231231044,0
16688,1.2160820231231044,0
16689,1.2160820231231044,0
16690,1.2160820231231044,0
16691,1.2160820231231044,0
16692,1.2160820231231044,0
16693,1.2160820231231044,0
16694,1.2160820231231044,0
16695,1.2160820231231044,0
16696,1.2160820231231044,0
16697,1.2160820231231044,0
16698,1.2160820231231044,0
16699,1.2160820231231044,0
16700,1.2160820231231044,0
16701,1.2160820231231044,0
16702,36.84399518280922,0
16703,36.84399518280922,0
16704,36.84399518280922,0
16705,36.84399518280922,0
16706,36.84399518280922,0
16707,36.84399518280922,0
16708,36.84399518280922,0
16709,36.84399518280922,0
16710,36.84399518280922,0
16711,36.84399518280922,0
16712,36.84399518280922,0
16713,36.84399518280922,0
16714,36.84399518280922,0
16715,36.84399518280922,0
16716,36.84399518280922,0
16717,36.84399518280922,0
16718,36.84399518280922,0
16719,36.84399518280922,0
16720,36.84399518280922,0
16721,36.84399518280922,0
16722,36.84399518280922,0
16723,36.84399518280922,0
16724,36.84399518280922,0
16725,36.84399518280922,0
16726,36.84399518280922,0
16727,36.84399518280922,0
16728,36.84399518280922,0
16729,36.84399518280922,1
16730,36.84399518280922,0
16731,36.84399518280922,0
16732,36.84399518280922,0
16733,36.84399518280922,0
16734,36.84399518280922,0
16735,36.84399518280922,0
16736,36.84399518280922,0
16737,11.140718690982343,0
16738,11.140718690982343,0
16739,11.140718690982343,0
16740,11.140718690982343,1
16741,11.140718690982343,0
16742,11.140718690982343,0
16743,11.140718690982343,0
16744,11.140718690982343,0
16745,11.140718690982343,0
16746,11.140718690982343,0
16747,11.140718690982343,0
16748,11.140718690982343,0
16749,11.140718690982343,0
16750,11.140718690982343,0
16751,11.140718690982343,0
16752,11.140718690982343,0
16753,11.140718690982343,0
16754,11.140718690982343,0
16755,11.140718690982343,0
16756,11.140718690982343,0
16757,11.140718690982343,0
16758,11.140718690982343,0
16759,11.140718690982343,0
16760,11.140718690982343,0
16761,11.140718690982343,0
16762,11.140718690982343,1
16763,11.140718690982343,0
16764,11.140718690982343,0
16765,11.140718690982343,0
16766,11.140718690982343,0
16767,1.6405027570957036,0
16768,1.6405027570957036,0
16769,1.6405027570957036,0
16770,1.6405027570957036,0
16771,1.6405027570957036,0
16772,1.6405027570957036,0
16773,1.6405027570957036,0
16774,1.6405027570957036,0
16775,1.6405027570957036,0
16776,1.6405027570957036,0
16777,1.6405027570957036,0
16778,1.6405027570957036,0
16779,1.6405027570957036,0
16780,1.6405027570957036,0
16781,1.6405027570957036,0
16782,1.6405027570957036,0
16783,1.6405027570957036,1
16784,1.6405027570957036,0
16785,1.6405027570957036,0
16786,1.6405027570957036,0
16787,1.6405027570957036,0
16788,1.6405027570957036,0
16789,1.6405027570957036,0
16790,1.6405027570957036,0
16791,1.6405027570957036,0
16792,1.6405027570957036,0
16793,1.6405027570957036,0
16794,1.6405027570957036,0
16795,1.6405027570957036,0
16796,1.6405027570957036,0
16797,1.6405027570957036,0
16798,1.6405027570957036,0
16799,1.6405027570957036,0
16800,1.6405027570957036,0
16801,0.8893694742424418,0
16802,0.8893694742424418,0
16803,0.8893694742424418,0
16804,0.8893694742424418,0
16805,0.8893694742424418,0
16806,0.8893694742424418,1
16807,0.8893694742424418,0
16808,0.8893694742424418,0
16809,0.8893694742424418,0
16810,0.8893694742424418,0
16811,0.8893694742424418,0
16812,0.8893694742424418,0
16813,0.8893694742424418,0
16814,0.8893694742424418,0
16815,0.8893694742424418,0
16816,0.8893694742424418,0
16817,0.8893694742424418,1
16818,0.8893694742424418,0
16819,0.8893694742424418,0
16820,0.8893694742424418,0
16821,0.8893694742424418,0
16822,0.8893694742424418,0
16823,0.8893694742424418,0
16824,0.8893694742424418,0
16825,0.8893694742424418,0
16826,0.8893694742424418,0
16827,0.8893694742424418,0
16828,0.8893694742424418,0
16829,0.8893694742424418,0
16830,0.8893694742424418,0
16831,0.8893694742424418,1
16832,0.8893694742424418,0
16833,0.8893694742424418,0
16834,0.8893694742424418,0
16835,0.8893694742424418,0
16836,0.8893694742424418,1
16837,0.8893694742424418,1
16838,0.8893694742424418,0
16839,0.8893694742424418,0
16840,0.8893694742424418,0
16841,0.8893694742424418,0
16842,0.8893694742424418,0
16843,0.8893694742424418,0
16844,0.8893694742424418,0
16845,0.8893694742424418,0
16846,11.11270864919147,0
16847,11.11270864919147,0
16848,11.11270864919147,0
16849,11.11270864919147,1
16850,11.11270864919147,0
16851,11.11270864919147,0
16852,11.11270864919147,0
16853,11.11270864919147,1
16854,11.11270864919147,0
16855,11.11270864919147,0
16856,11.11270864919147,0
16857,11.11270864919147,0
16858,11.11270864919147,0
16859,11.11270864919147,0
16860,11.11270864919147,0
16861,11.11270864919147,0
16862,11.11270864919147,0
16863,11.11270864919147,0
16864,11.11270864919147,0
16865,11.11270864919147,0
16866,11.11270864919147,1
16867,11.11270864919147,1
16868,11.11270864919147,0
16869,11.11270864919147,1
16870,11.11270864919147,0
16871,11.11270864919147,0
16872,11.11270864919147,0
16873,7.8370963616594365,0
16874,7.8370963616594365,0
16875,7.8370963616594365,0
16876,7.8370963616594365,0
16877,7.8370963616594365,0
16878,7.8370963616594365,0
16879,7.8370963616594365,0
16880,7.8370963616594365,0
16881,7.8370963616594365,0
16882,7.8370963616594365,0
16883,7.8370963616594365,0
16884,7.8370963616594365,0
16885,7.8370963616594365,1
16886,7.8370963616594365,0
16887,7.8370963616594365,0
16888,7.8370963616594365,0
16889,7.8370963616594365,0
16890,7.8370963616594365,0
16891,7.8370963616594365,0
16892,7.8370963616594365,0
16893,7.8370963616594365,1
16894,7.8370963616594365,0
16895,7.8370963616594365,0
16896,7.8370963616594365,0
16897,7.8370963616594365,0
16898,7.8370963616594365,0
16899,7.8370963616594365,0
16900,7.8370963616594365,0
16901,7.8370963616594365,0
16902,7.8370963616594365,0
16903,7.8370963616594365,0
16904,7.8370963616594365,0
16905,7.8370963616594365,0
16906,7.8370963616594365,0
16907,7.8370963616594365,0
16908,7.8370963616594365,0
16909,7.8370963616594365,0
16910,7.8370963616594365,0
16911,7.8370963616594365,0
16912,7.8370963616594365,0
16913,7.8370963616594365,0
16914,7.8370963616594365,0
16915,7.8370963616594365,0
16916,7.8370963616594365,0
16917,7.8370963616594365,0
16918,7.8370963616594365,0
16919,7.8370963616594365,0
16920,7.8370963616594365,0
16921,46.8255777984132,0
16922,46.8255777984132,0
16923,46.8255777984132,0
16924,46.8255777984132,0
16925,46.8255777984132,0
16926,46.8255777984132,0
16927,46.8255777984132,0
16928,46.8255777984132,0
16929,46.8255777984132,0
16930,46.8255777984132,0
16931,46.8255777984132,0
16932,46.8255777984132,0
16933,46.8255777984132,0
16934,46.8255777984132,0
16935,46.8255777984132,0
16936,46.8255777984132,0
16937,46.8255777984132,0
16938,131.09594510222325,0
16939,131.09594510222325,0
16940,131.09594510222325,0
16941,131.09594510222325,0
16942,131.09594510222325,0
16943,131.09594510222325,0
16944,131.09594510222325,0
16945,131.09594510222325,0
16946,131.09594510222325,0
16947,131.09594510222325,0
16948,131.09594510222325,0
16949,131.09594510222325,0
16950,131.09594510222325,0
16951,131.09594510222325,0
16952,131.09594510222325,0
16953,131.09594510222325,0
16954,131.09594510222325,0
16955,131.09594510222325,0
16956,131.09594510222325,0
16957,131.09594510222325,0
16958,131.09594510222325,0
16959,131.09594510222325,1
16960,131.09594510222325,0
16961,131.09594510222325,0
16962,131.09594510222325,0
16963,131.09594510222325,1
16964,131.09594510222325,0
16965,131.09594510222325,0
16966,131.09594510222325,1
16967,131.09594510222325,0
16968,131.09594510222325,0
16969,131.09594510222325,0
16970,131.09594510222325,0
16971,59.996497408911836,1
16972,59.996497408911836,0
16973,59.996497408911836,1
16974,59.996497408911836,0
16975,59.996497408911836,0
16976,59.996497408911836,0
16977,59.996497408911836,0
16978,59.996497408911836,0
16979,59.996497408911836,1
16980,59.996497408911836,0
16981,59.996497408911836,0
16982,59.996497408911836,1
16983,59.996497408911836,0
16984,59.996497408911836,1
16985,59.996497408911836,0
16986,59.996497408911836,0
16987,59.996497408911836,0
16988,59.996497408911836,0
16989,59.996497408911836,1
16990,59.996497408911836,0
16991,59.996497408911836,1
16992,59.996497408911836,0
16993,59.996497408911836,0
16994,59.996497408911836,0
16995,59.996497408911836,0
16996,31.760941700864024,0
16997,31.760941700864024,0
16998,31.760941700864024,1
16999,31.760941700864024,0
17000,31.760941700864024,0
17001,31.760941700864024,0
17002,31.760941700864024,0
17003,31.760941700864024,0
17004,31.760941700864024,0
17005,31.760941700864024,0
17006,31.760941700864024,0
17007,31.760941700864024,0
17008,31.760941700864024,0
17009,31.760941700864024,0
17010,31.760941700864024,0
17011,31.760941700864024,0
17012,31.760941700864024,1
17013,31.760941700864024,0
17014,31.760941700864024,0
17015,31.760941700864024,0
17016,31.760941700864024,0
17017,31.760941700864024,0
17018,31.760941700864024,0
17019,31.760941700864024,0
17020,31.760941700864024,0
17021,31.760941700864024,0
17022,31.760941700864024,0
17023,31.760941700864024,0
17024,31.760941700864024,0
17025,31.760941700864024,0
17026,31.760941700864024,0
17027,31.760941700864024,0
17028,31.760941700864024,0
17029,31.760941700864024,0
17030,31.760941700864024,0
17031,47.48665387832337,0
17032,47.48665387832337,0
17033,47.48665387832337,0
17034,47.48665387832337,0
17035,47.48665387832337,0
17036,47.48665387832337,0
17037,47.48665387832337,0
17038,47.48665387832337,0
17039,47.48665387832337,0
17040,47.48665387832337,0
17041,47.48665387832337,0
17042,47.48665387832337,0
17043,47.48665387832337,0
17044,47.48665387832337,0
17045,47.48665387832337,0
17046,47.48665387832337,0
17047,47.48665387832337,0
17048,47.48665387832337,0
17049,47.48665387832337,0
17050,47.48665387832337,0
17051,47.48665387832337,0
17052,47.48665387832337,0
17053,47.48665387832337,0
17054,47.48665387832337,0
17055,47.48665387832337,0
17056,47.48665387832337,0
17057,47.48665387832337,0
17058,47.48665387832337,0
17059,47.48665387832337,0
17060,47.48665387832337,0
17061,47.48665387832337,0
17062,47.48665387832337,0
17063,47.48665387832337,0
17064,47.48665387832337,0
17065,2.2701392611119755,0
17066,2.2701392611119755,0
17067,2.2701392611119755,0
17068,2.2701392611119755,0
17069,2.2701392611119755,0
17070,2.2701392611119755,0
17071,2.2701392611119755,0
17072,2.2701392611119755,0
17073,2.2701392611119755,0
17074,2.2701392611119755,0
17075,2.2701392611119755,0
17076,2.2701392611119755,0
17077,2.2701392611119755,0
17078,2.2701392611119755,0
17079,2.2701392611119755,0
17080,2.2701392611119755,0
17081,2.2701392611119755,0
17082,2.2701392611119755,0
17083,2.2701392611119755,0
17084,2.2701392611119755,0
17085,2.2701392611119755,0
17086,2.2701392611119755,0
17087,2.2701392611119755,0
17088,2.2701392611119755,0
17089,2.2701392611119755,0
17090,2.2701392611119755,1
17091,2.2701392611119755,0
17092,2.2701392611119755,0
17093,2.2701392611119755,0
17094,2.2701392611119755,0
17095,2.2701392611119755,0
17096,2.2701392611119755,0
17097,2.2701392611119755,0
17098,2.2701392611119755,0
17099,2.2701392611119755,1
17100,2.2701392611119755,0
17101,2.2701392611119755,0
17102,2.2701392611119755,0
17103,23.806918956816766,0
17104,23.806918956816766,0
17105,23.806918956816766,0
17106,23.806918956816766,0
17107,23.806918956816766,0
17108,23.806918956816766,1
17109,23.806918956816766,0
17110,23.806918956816766,0
17111,23.806918956816766,0
17112,23.806918956816766,0
17113,23.806918956816766,0
17114,23.806918956816766,0
17115,23.806918956816766,0
17116,23.806918956816766,0
17117,23.806918956816766,0
17118,23.806918956816766,0
17119,23.806918956816766,1
17120,23.806918956816766,0
17121,23.806918956816766,1
17122,23.806918956816766,0
17123,23.806918956816766,0
17124,23.806918956816766,1
17125,23.806918956816766,0
17126,23.806918956816766,0
17127,23.806918956816766,0
17128,23.806918956816766,0
17129,23.806918956816766,0
17130,23.806918956816766,0
17131,23.806918956816766,0
17132,23.806918956816766,0
17133,23.806918956816766,0
17134,23.806918956816766,0
17135,23.806918956816766,0
17136,23.806918956816766,1
17137,23.806918956816766,0
17138,25.445568984544476,0
17139,25.445568984544476,0
17140,25.445568984544476,0
17141,25.445568984544476,0
17142,25.445568984544476,1
17143,25.445568984544476,0
17144,25.445568984544476,0
17145,25.445568984544476,0
17146,25.445568984544476,0
17147,25.445568984544476,0
17148,25.445568984544476,0
17149,25.445568984544476,0
17150,25.445568984544476,0
17151,25.445568984544476,0
17152,25.445568984544476,0
17153,25.445568984544476,0
17154,25.445568984544476,0
17155,25.445568984544476,0
17156,25.445568984544476,0
17157,25.445568984544476,0
17158,25.445568984544476,0
17159,25.445568984544476,0
17160,25.445568984544476,0
17161,25.445568984544476,0
17162,25.445568984544476,0
17163,25.445568984544476,0
17164,25.445568984544476,0
17165,25.445568984544476,0
17166,25.445568984544476,0
17167,25.445568984544476,0
17168,25.445568984544476,0
17169,25.445568984544476,1
17170,25.445568984544476,0
17171,50.25665949689716,0
17172,50.25665949689716,0
17173,50.25665949689716,0
17174,50.25665949689716,0
17175,50.25665949689716,0
17176,50.25665949689716,0
17177,50.25665949689716,0
17178,50.25665949689716,0
17179,50.25665949689716,0
17180,50.25665949689716,0
17181,50.25665949689716,0
17182,50.25665949689716,0
17183,50.25665949689716,0
17184,50.25665949689716,0
17185,50.25665949689716,0
17186,50.25665949689716,0
17187,50.25665949689716,0
17188,50.25665949689716,0
17189,50.25665949689716,0
17190,50.25665949689716,0
17191,50.25665949689716,0
17192,50.25665949689716,0
17193,50.25665949689716,0
17194,50.25665949689716,0
17195,50.25665949689716,0
17196,50.25665949689716,0
17197,50.25665949689716,0
17198,0.1756447352600127,0
17199,0.1756447352600127,0
17200,0.1756447352600127,0
17201,0.1756447352600127,0
17202,0.1756447352600127,0
17203,0.1756447352600127,0
17204,0.1756447352600127,0
17205,0.1756447352600127,0
17206,0.1756447352600127,0
17207,0.1756447352600127,0
17208,0.1756447352600127,0
17209,0.1756447352600127,0
17210,0.1756447352600127,0
17211,0.1756447352600127,0
17212,0.1756447352600127,0
17213,0.1756447352600127,0
17214,0.1756447352600127,0
17215,0.1756447352600127,0
17216,0.1756447352600127,0
17217,0.1756447352600127,0
17218,0.1756447352600127,0
17219,0.1756447352600127,0
17220,0.1756447352600127,0
17221,0.1756447352600127,0
17222,0.1756447352600127,0
17223,0.1756447352600127,0
17224,0.1756447352600127,0
17225,0.1756447352600127,0
17226,0.1756447352600127,0
17227,0.1756447352600127,0
17228,0.1756447352600127,0
17229,0.1756447352600127,0
17230,0.1756447352600127,0
17231,80.53555567843267,0
17232,80.53555567843267,1
17233,80.53555567843267,0
17234,80.53555567843267,0
17235,80.53555567843267,0
17236,80.53555567843267,1
17237,80.53555567843267,1
17238,80.53555567843267,1
17239,80.53555567843267,1
17240,80.53555567843267,1
17241,80.53555567843267,0
17242,80.53555567843267,0
17243,80.53555567843267,0
17244,80.53555567843267,1
17245,80.53555567843267,0
17246,80.53555567843267,1
17247,80.53555567843267,0
17248,80.53555567843267,0
17249,80.53555567843267,1
17250,80.53555567843267,1
17251,80.53555567843267,0
17252,80.53555567843267,0
17253,80.53555567843267,0
17254,80.53555567843267,1
17255,80.53555567843267,0
17256,80.53555567843267,0
17257,80.53555567843267,0
17258,80.53555567843267,0
17259,80.53555567843267,0
17260,80.53555567843267,1
17261,80.53555567843267,1
17262,80.53555567843267,0
17263,80.53555567843267,1
17264,80.53555567843267,1
17265,34.96758178962928,0
17266,34.96758178962928,0
17267,34.96758178962928,0
17268,34.96758178962928,0
17269,34.96758178962928,0
17270,34.96758178962928,0
17271,34.96758178962928,0
17272,34.96758178962928,0
17273,34.96758178962928,0
17274,34.96758178962928,0
17275,34.96758178962928,0
17276,34.96758178962928,0
17277,34.96758178962928,0
17278,34.96758178962928,0
17279,34.96758178962928,0
17280,34.96758178962928,0
17281,34.96758178962928,0
17282,34.96758178962928,0
17283,34.96758178962928,0
17284,34.96758178962928,0
17285,34.96758178962928,0
17286,34.96758178962928,0
17287,34.96758178962928,0
17288,34.96758178962928,0
17289,34.96758178962928,0
17290,34.96758178962928,0
17291,34.96758178962928,0
17292,34.96758178962928,0
17293,34.96758178962928,0
17294,34.96758178962928,0
17295,34.96758178962928,0
17296,34.96758178962928,0
17297,34.96758178962928,0
17298,34.96758178962928,0
17299,1.416671290576984,0
17300,1.416671290576984,0
17301,1.416671290576984,0
17302,1.416671290576984,0
17303,1.416671290576984,0
17304,1.416671290576984,0
17305,1.416671290576984,0
17306,1.416671290576984,0
17307,1.416671290576984,0
17308,1.416671290576984,0
17309,1.416671290576984,0
17310,1.416671290576984,0
17311,1.416671290576984,0
17312,1.416671290576984,0
17313,1.416671290576984,0
17314,1.416671290576984,0
17315,1.416671290576984,0
17316,1.416671290576984,0
17317,1.416671290576984,1
17318,1.416671290576984,0
17319,1.416671290576984,0
17320,1.416671290576984,0
17321,1.416671290576984,0
17322,1.416671290576984,0
17323,1.416671290576984,0
17324,1.416671290576984,0
17325,1.416671290576984,0
17326,1.416671290576984,0
17327,1.416671290576984,0
17328,1.416671290576984,0
17329,1.416671290576984,0
17330,1.416671290576984,0
17331,1.416671290576984,0
17332,2.085856052933102,1
17333,2.085856052933102,0
17334,2.085856052933102,0
17335,2.085856052933102,1
17336,2.085856052933102,0
17337,2.085856052933102,0
17338,2.085856052933102,1
17339,2.085856052933102,0
17340,2.085856052933102,1
17341,2.085856052933102,0
17342,2.085856052933102,1
17343,2.085856052933102,1
17344,2.085856052933102,0
17345,2.085856052933102,1
17346,2.085856052933102,0
17347,2.085856052933102,1
17348,2.085856052933102,0
17349,2.085856052933102,0
17350,2.085856052933102,0
17351,2.085856052933102,0
17352,2.085856052933102,0
17353,2.085856052933102,0
17354,2.085856052933102,1
17355,2.085856052933102,1
17356,2.085856052933102,0
17357,2.085856052933102,0
17358,2.085856052933102,0
17359,2.085856052933102,1
17360,2.085856052933102,0
17361,2.085856052933102,0
17362,2.085856052933102,0
17363,2.085856052933102,1
17364,2.085856052933102,0
17365,2.085856052933102,1
17366,2.085856052933102,1
17367,2.085856052933102,0
17368,2.085856052933102,0
17369,2.085856052933102,0
17370,2.085856052933102,0
17371,2.085856052933102,0
17372,2.085856052933102,1
17373,2.085856052933102,0
17374,2.085856052933102,1
17375,2.085856052933102,0
17376,2.085856052933102,0
17377,2.085856052933102,1
17378,2.085856052933102,0
17379,1.8327040622209962,0
17380,1.8327040622209962,0
17381,1.8327040622209962,0
17382,1.8327040622209962,0
17383,1.8327040622209962,0
17384,1.8327040622209962,0
17385,1.8327040622209962,0
17386,1.8327040622209962,0
17387,1.8327040622209962,0
17388,1.8327040622209962,0
17389,1.8327040622209962,0
17390,1.8327040622209962,0
17391,1.8327040622209962,0
17392,1.8327040622209962,0
17393,1.8327040622209962,0
17394,1.8327040622209962,0
17395,1.8327040622209962,0
17396,1.8327040622209962,1
17397,1.8327040622209962,0
17398,1.8327040622209962,0
17399,1.8327040622209962,0
17400,1.8327040622209962,0
17401,1.8327040622209962,0
17402,1.8327040622209962,0
17403,1.8327040622209962,0
17404,1.8327040622209962,0
17405,1.8327040622209962,0
17406,1.8327040622209962,0
17407,1.8327040622209962,0
17408,1.8327040622209962,0
17409,1.8327040622209962,0
17410,1.8327040622209962,0
17411,1.8327040622209962,0
17412,1.8327040622209962,0
17413,1.8327040622209962,0
17414,1.8327040622209962,0
17415,1.8327040622209962,0
17416,1.8327040622209962,0
17417,1.8327040622209962,0
17418,1.8327040622209962,0
17419,1.8327040622209962,0
17420,1.8327040622209962,1
17421,41.884121615114736,0
17422,41.884121615114736,0
17423,41.884121615114736,0
17424,41.884121615114736,1
17425,41.884121615114736,0
17426,41.884121615114736,0
17427,41.884121615114736,0
17428,41.884121615114736,0
17429,41.884121615114736,1
17430,41.884121615114736,0
17431,41.884121615114736,0
17432,41.884121615114736,0
17433,41.884121615114736,0
17434,41.884121615114736,1
17435,41.884121615114736,0
17436,41.884121615114736,1
17437,41.884121615114736,1
17438,41.884121615114736,0
17439,41.884121615114736,0
17440,41.884121615114736,0
17441,41.884121615114736,0
17442,41.884121615114736,0
17443,41.884121615114736,1
17444,41.884121615114736,0
17445,41.884121615114736,0
17446,41.884121615114736,0
17447,41.884121615114736,1
17448,41.884121615114736,0
17449,41.884121615114736,0
17450,41.884121615114736,0
17451,41.884121615114736,0
17452,41.884121615114736,1
17453,41.884121615114736,0
17454,41.884121615114736,0
17455,41.884121615114736,0
17456,41.884121615114736,0
17457,41.884121615114736,0
17458,41.884121615114736,0
17459,41.884121615114736,0
17460,41.884121615114736,0
17461,41.884121615114736,1
17462,41.884121615114736,0
17463,41.884121615114736,1
17464,41.884121615114736,1
17465,41.884121615114736,1
17466,41.884121615114736,0
17467,41.884121615114736,0
17468,41.884121615114736,0
17469,4.249396450688154,0
17470,4.249396450688154,1
17471,4.249396450688154,1
17472,4.249396450688154,0
17473,4.249396450688154,1
17474,4.249396450688154,0
17475,4.249396450688154,0
17476,4.249396450688154,0
17477,4.249396450688154,0
17478,4.249396450688154,0
17479,4.249396450688154,1
17480,4.249396450688154,0
17481,4.249396450688154,0
17482,4.249396450688154,0
17483,4.249396450688154,0
17484,4.249396450688154,0
17485,4.249396450688154,0
17486,4.249396450688154,0
17487,4.249396450688154,0
17488,4.249396450688154,0
17489,4.249396450688154,0
17490,4.249396450688154,0
17491,4.249396450688154,1
17492,4.249396450688154,0
17493,4.249396450688154,0
17494,4.249396450688154,0
17495,4.249396450688154,0
17496,4.249396450688154,0
17497,4.249396450688154,1
17498,4.249396450688154,0
17499,4.249396450688154,0
17500,4.249396450688154,0
17501,4.249396450688154,0
17502,4.249396450688154,0
17503,4.249396450688154,0
17504,4.249396450688154,0
17505,4.249396450688154,0
17506,4.249396450688154,1
17507,4.249396450688154,0
17508,4.249396450688154,0
17509,4.249396450688154,0
17510,16.766571990963822,0
17511,16.766571990963822,0
17512,16.766571990963822,0
17513,16.766571990963822,0
17514,16.766571990963822,0
17515,16.766571990963822,0
17516,16.766571990963822,0
17517,16.766571990963822,0
17518,16.766571990963822,0
17519,16.766571990963822,0
17520,16.766571990963822,0
17521,16.766571990963822,0
17522,16.766571990963822,0
17523,16.766571990963822,0
17524,16.766571990963822,0
17525,16.766571990963822,0
17526,16.766571990963822,0
17527,16.766571990963822,0
17528,16.766571990963822,0
17529,16.766571990963822,0
17530,16.766571990963822,0
17531,16.766571990963822,0
17532,16.766571990963822,0
17533,16.766571990963822,0
17534,16.766571990963822,0
17535,16.766571990963822,0
17536,16.766571990963822,0
17537,16.766571990963822,0
17538,16.766571990963822,0
17539,16.766571990963822,0
17540,16.766571990963822,0
17541,16.766571990963822,0
17542,16.766571990963822,0
17543,16.766571990963822,0
17544,16.766571990963822,0
17545,16.766571990963822,0
17546,16.766571990963822,0
17547,16.766571990963822,0
17548,16.766571990963822,0
17549,28.793320918971013,0
17550,28.793320918971013,0
17551,28.793320918971013,0
17552,28.793320918971013,0
17553,28.793320918971013,0
17554,28.793320918971013,0
17555,28.793320918971013,0
17556,28.793320918971013,0
17557,28.793320918971013,0
17558,28.793320918971013,0
17559,28.793320918971013,0
17560,28.793320918971013,0
17561,28.793320918971013,0
17562,28.793320918971013,0
17563,28.793320918971013,1
17564,28.793320918971013,0
17565,28.793320918971013,0
17566,28.793320918971013,0
17567,28.793320918971013,0
17568,28.793320918971013,0
17569,28.793320918971013,0
17570,28.793320918971013,0
17571,28.793320918971013,0
17572,28.793320918971013,0
17573,28.793320918971013,0
17574,28.793320918971013,0
17575,28.793320918971013,0
17576,28.793320918971013,0
17577,28.793320918971013,0
17578,28.793320918971013,0
17579,28.793320918971013,0
17580,28.793320918971013,0
17581,28.793320918971013,0
17582,10.784373760313915,0
17583,10.784373760313915,0
17584,10.784373760313915,0
17585,10.784373760313915,0
17586,10.784373760313915,0
17587,10.784373760313915,0
17588,10.784373760313915,0
17589,10.784373760313915,0
17590,10.784373760313915,1
17591,10.784373760313915,0
17592,10.784373760313915,0
17593,10.784373760313915,0
17594,10.784373760313915,0
17595,10.784373760313915,0
17596,10.784373760313915,0
17597,10.784373760313915,0
17598,10.784373760313915,0
17599,10.784373760313915,0
17600,10.784373760313915,0
17601,10.784373760313915,0
17602,10.784373760313915,0
17603,10.784373760313915,0
17604,10.784373760313915,0
17605,10.784373760313915,0
17606,10.784373760313915,0
17607,10.784373760313915,0
17608,10.784373760313915,0
17609,10.784373760313915,0
17610,10.784373760313915,0
17611,10.784373760313915,0
17612,0.7939367146635042,1
17613,0.7939367146635042,0
17614,0.7939367146635042,0
17615,0.7939367146635042,0
17616,0.7939367146635042,1
17617,0.7939367146635042,0
17618,0.7939367146635042,0
17619,0.7939367146635042,0
17620,0.7939367146635042,0
17621,0.7939367146635042,0
17622,0.7939367146635042,0
17623,0.7939367146635042,0
17624,0.7939367146635042,0
17625,0.7939367146635042,0
17626,0.7939367146635042,0
17627,0.7939367146635042,0
17628,0.7939367146635042,1
17629,0.7939367146635042,0
17630,0.7939367146635042,0
17631,0.7939367146635042,0
17632,0.7939367146635042,0
17633,0.7939367146635042,0
17634,0.7939367146635042,0
17635,0.7939367146635042,0
17636,0.7939367146635042,0
17637,0.7939367146635042,0
17638,0.7939367146635042,0
17639,0.7939367146635042,0
17640,0.7939367146635042,0
17641,0.7939367146635042,0
17642,0.7939367146635042,0
17643,0.7939367146635042,0
17644,0.7939367146635042,0
17645,3.562099087619769,0
17646,3.562099087619769,0
17647,3.562099087619769,0
17648,3.562099087619769,0
17649,3.562099087619769,0
17650,3.562099087619769,0
17651,3.562099087619769,0
17652,3.562099087619769,0
17653,3.562099087619769,0
17654,3.562099087619769,0
17655,3.562099087619769,1
17656,3.562099087619769,0
17657,3.562099087619769,0
17658,3.562099087619769,0
17659,3.562099087619769,0
17660,3.562099087619769,0
17661,3.562099087619769,0
17662,3.562099087619769,0
17663,3.562099087619769,0
17664,3.562099087619769,1
17665,3.562099087619769,0
17666,3.562099087619769,0
17667,3.562099087619769,0
17668,3.562099087619769,1
17669,3.562099087619769,0
17670,3.562099087619769,0
17671,3.562099087619769,0
17672,3.562099087619769,0
17673,3.562099087619769,0
17674,3.562099087619769,0
17675,3.562099087619769,1
17676,3.562099087619769,0
17677,3.562099087619769,0
17678,3.562099087619769,0
17679,3.562099087619769,0
17680,3.562099087619769,0
17681,3.562099087619769,0
17682,3.562099087619769,0
17683,3.562099087619769,0
17684,3.562099087619769,0
17685,3.562099087619769,0
17686,3.562099087619769,0
17687,3.562099087619769,0
17688,3.562099087619769,0
17689,3.562099087619769,0
17690,3.562099087619769,1
17691,3.562099087619769,0
17692,3.562099087619769,0
17693,3.562099087619769,0
17694,3.562099087619769,0
17695,5.810295697218286,0
17696,5.810295697218286,0
17697,5.810295697218286,0
17698,5.810295697218286,0
17699,5.810295697218286,0
17700,5.810295697218286,0
17701,5.810295697218286,0
17702,5.810295697218286,0
17703,5.810295697218286,0
17704,5.810295697218286,0
17705,5.810295697218286,0
17706,5.810295697218286,0
17707,5.810295697218286,0
17708,5.810295697218286,0
17709,5.810295697218286,0
17710,5.810295697218286,0
17711,5.810295697218286,0
17712,5.810295697218286,0
17713,5.810295697218286,0
17714,5.810295697218286,0
17715,5.810295697218286,0
17716,5.810295697218286,0
17717,5.810295697218286,0
17718,5.810295697218286,0
17719,5.810295697218286,0
17720,5.810295697218286,0
17721,5.810295697218286,0
17722,5.810295697218286,0
17723,5.810295697218286,0
17724,5.810295697218286,0
17725,5.810295697218286,0
17726,5.810295697218286,0
17727,5.810295697218286,0
17728,5.810295697218286,0
17729,5.810295697218286,0
17730,5.810295697218286,0
17731,5.810295697218286,0
17732,5.810295697218286,0
17733,5.810295697218286,0
17734,5.810295697218286,0
17735,5.810295697218286,0
17736,5.810295697218286,0
17737,5.810295697218286,0
17738,5.810295697218286,0
17739,5.810295697218286,0
17740,5.810295697218286,1
17741,5.810295697218286,0
17742,2.0647618937231953,0
17743,2.0647618937231953,0
17744,2.0647618937231953,1
17745,2.0647618937231953,0
17746,2.0647618937231953,0
17747,2.0647618937231953,0
17748,2.0647618937231953,0
17749,2.0647618937231953,0
17750,2.0647618937231953,0
17751,2.0647618937231953,0
17752,2.0647618937231953,0
17753,2.0647618937231953,0
17754,2.0647618937231953,0
17755,2.0647618937231953,0
17756,2.0647618937231953,0
17757,2.0647618937231953,0
17758,2.0647618937231953,0
17759,2.0647618937231953,0
17760,2.0647618937231953,0
17761,2.0647618937231953,0
17762,2.0647618937231953,0
17763,2.0647618937231953,0
17764,2.0647618937231953,0
17765,2.0647618937231953,0
17766,2.0647618937231953,0
17767,2.0647618937231953,0
17768,2.0647618937231953,0
17769,12.59162978552774,0
17770,12.59162978552774,1
17771,12.59162978552774,1
17772,12.59162978552774,0
17773,12.59162978552774,0
17774,12.59162978552774,0
17775,12.59162978552774,0
17776,12.59162978552774,0
17777,12.59162978552774,0
17778,12.59162978552774,0
17779,12.59162978552774,0
17780,12.59162978552774,0
17781,12.59162978552774,1
17782,12.59162978552774,0
17783,12.59162978552774,0
17784,12.59162978552774,0
17785,12.59162978552774,0
17786,12.59162978552774,0
17787,12.59162978552774,0
17788,12.59162978552774,0
17789,12.59162978552774,0
17790,12.59162978552774,0
17791,12.59162978552774,0
17792,12.59162978552774,0
17793,12.59162978552774,0
17794,12.59162978552774,0
17795,12.59162978552774,0
17796,12.59162978552774,0
17797,12.59162978552774,0
17798,12.59162978552774,0
17799,12.59162978552774,0
17800,12.59162978552774,1
17801,12.59162978552774,0
17802,12.59162978552774,0
17803,12.59162978552774,1
17804,12.59162978552774,1
17805,62.837737439396705,0
17806,62.837737439396705,0
17807,62.837737439396705,0
17808,62.837737439396705,0
17809,62.837737439396705,0
17810,62.837737439396705,0
17811,62.837737439396705,0
17812,62.837737439396705,0
17813,62.837737439396705,0
17814,62.837737439396705,0
17815,62.837737439396705,0
17816,62.837737439396705,0
17817,62.837737439396705,0
17818,62.837737439396705,0
17819,62.837737439396705,0
17820,62.837737439396705,0
17821,62.837737439396705,0
17822,62.837737439396705,0
17823,62.837737439396705,0
17824,62.837737439396705,0
17825,62.837737439396705,0
17826,62.837737439396705,0
17827,62.837737439396705,0
17828,62.837737439396705,0
17829,62.837737439396705,0
17830,73.06399565362157,0
17831,73.06399565362157,0
17832,73.06399565362157,0
17833,73.06399565362157,0
17834,73.06399565362157,1
17835,73.06399565362157,0
17836,73.06399565362157,0
17837,73.06399565362157,0
17838,73.06399565362157,0
17839,73.06399565362157,1
17840,73.06399565362157,1
17841,73.06399565362157,0
17842,73.06399565362157,0
17843,73.06399565362157,0
17844,73.06399565362157,0
17845,73.06399565362157,0
17846,73.06399565362157,0
17847,73.06399565362157,0
17848,73.06399565362157,0
17849,73.06399565362157,0
17850,73.06399565362157,0
17851,73.06399565362157,0
17852,73.06399565362157,0
17853,73.06399565362157,0
17854,73.06399565362157,0
17855,73.06399565362157,0
17856,73.06399565362157,0
17857,73.06399565362157,0
17858,73.06399565362157,0
17859,73.06399565362157,0
17860,0.7940262338782168,0
17861,0.7940262338782168,0
17862,0.7940262338782168,1
17863,0.7940262338782168,1
17864,0.7940262338782168,0
17865,0.7940262338782168,0
17866,0.7940262338782168,1
17867,0.7940262338782168,0
17868,0.7940262338782168,0
17869,0.7940262338782168,0
17870,0.7940262338782168,0
17871,0.7940262338782168,0
17872,0.7940262338782168,0
17873,0.7940262338782168,0
17874,0.7940262338782168,0
17875,0.7940262338782168,1
17876,0.7940262338782168,0
17877,0.7940262338782168,0
17878,0.7940262338782168,0
17879,0.7940262338782168,0
17880,0.7940262338782168,0
17881,0.7940262338782168,0
17882,0.7940262338782168,0
17883,0.7940262338782168,0
17884,0.7940262338782168,0
17885,0.7940262338782168,0
17886,0.7940262338782168,0
17887,0.7940262338782168,0
17888,0.7940262338782168,0
17889,0.7940262338782168,0
17890,0.7940262338782168,0
17891,0.7940262338782168,0
17892,0.7940262338782168,0
17893,0.7940262338782168,0
17894,0.7940262338782168,0
17895,0.7940262338782168,0
17896,0.7940262338782168,0
17897,0.7940262338782168,0
17898,0.7940262338782168,0
17899,0.7940262338782168,0
17900,1.5221558704324716,0
17901,1.5221558704324716,0
17902,1.5221558704324716,0
17903,1.5221558704324716,0
17904,1.5221558704324716,0
17905,1.5221558704324716,0
17906,1.5221558704324716,0
17907,1.5221558704324716,0
17908,1.5221558704324716,1
17909,1.5221558704324716,0
17910,1.5221558704324716,0
17911,1.5221558704324716,1
17912,1.5221558704324716,0
17913,1.5221558704324716,0
17914,1.5221558704324716,0
17915,1.5221558704324716,1
17916,1.5221558704324716,0
17917,1.5221558704324716,0
17918,1.5221558704324716,0
17919,1.5221558704324716,0
17920,1.5221558704324716,1
17921,1.5221558704324716,0
17922,1.5221558704324716,0
17923,1.5221558704324716,0
17924,1.5221558704324716,0
17925,1.5221558704324716,1
17926,1.5221558704324716,0
17927,1.5221558704324716,0
17928,1.5221558704324716,0
17929,1.5221558704324716,0
17930,1.5221558704324716,0
17931,1.5221558704324716,0
17932,1.5221558704324716,0
17933,1.5221558704324716,0
17934,1.5221558704324716,0
17935,1.5221558704324716,0
17936,1.5221558704324716,0
17937,1.5221558704324716,0
17938,1.5221558704324716,0
17939,1.5221558704324716,1
17940,1.5221558704324716,0
17941,1.5221558704324716,0
17942,1.5221558704324716,0
17943,74.55506253562278,0
17944,74.55506253562278,0
17945,74.55506253562278,0
17946,74.55506253562278,0
17947,74.55506253562278,0
17948,74.55506253562278,0
17949,74.55506253562278,0
17950,74.55506253562278,0
17951,74.55506253562278,0
17952,74.55506253562278,0
17953,74.55506253562278,0
17954,74.55506253562278,0
17955,74.55506253562278,0
17956,74.55506253562278,0
17957,74.55506253562278,0
17958,74.55506253562278,0
17959,74.55506253562278,0
17960,74.55506253562278,0
17961,74.55506253562278,0
17962,74.55506253562278,0
17963,74.55506253562278,0
17964,74.55506253562278,0
17965,74.55506253562278,0
17966,74.55506253562278,0
17967,74.55506253562278,0
17968,74.55506253562278,0
17969,74.55506253562278,0
17970,74.55506253562278,1
17971,74.55506253562278,0
17972,74.55506253562278,0
17973,74.55506253562278,0
17974,18.455918866886694,0
17975,18.455918866886694,0
17976,18.455918866886694,0
17977,18.455918866886694,0
17978,18.455918866886694,0
17979,18.455918866886694,0
17980,18.455918866886694,0
17981,18.455918866886694,0
17982,18.455918866886694,0
17983,18.455918866886694,0
17984,18.455918866886694,0
17985,18.455918866886694,0
17986,18.455918866886694,0
17987,18.455918866886694,0
17988,18.455918866886694,0
17989,18.455918866886694,0
17990,18.455918866886694,0
17991,18.455918866886694,0
17992,18.455918866886694,0
17993,18.455918866886694,0
17994,18.455918866886694,0
17995,18.455918866886694,0
17996,18.455918866886694,0
17997,18.455918866886694,0
17998,18.455918866886694,0
17999,18.455918866886694,0
18000,18.455918866886694,0
18001,18.455918866886694,0
18002,18.455918866886694,0
18003,3.4129641224549836,0
18004,3.4129641224549836,0
18005,3.4129641224549836,0
18006,3.4129641224549836,0
18007,3.4129641224549836,1
18008,3.4129641224549836,0
18009,3.4129641224549836,1
18010,3.4129641224549836,1
18011,3.4129641224549836,0
18012,3.4129641224549836,0
18013,3.4129641224549836,0
18014,3.4129641224549836,0
18015,3.4129641224549836,0
18016,3.4129641224549836,0
18017,3.4129641224549836,0
18018,3.4129641224549836,0
18019,3.4129641224549836,0
18020,3.4129641224549836,0
18021,3.4129641224549836,1
18022,3.4129641224549836,0
18023,3.4129641224549836,0
18024,3.4129641224549836,0
18025,3.4129641224549836,0
18026,3.4129641224549836,0
18027,3.4129641224549836,0
18028,3.4129641224549836,0
18029,13.063240050088863,0
18030,13.063240050088863,0
18031,13.063240050088863,0
18032,13.063240050088863,0
18033,13.063240050088863,0
18034,13.063240050088863,0
18035,13.063240050088863,0
18036,13.063240050088863,0
18037,13.063240050088863,0
18038,13.063240050088863,0
18039,13.063240050088863,0
18040,13.063240050088863,0
18041,13.063240050088863,0
18042,13.063240050088863,1
18043,13.063240050088863,0
18044,13.063240050088863,1
18045,13.063240050088863,0
18046,13.063240050088863,0
18047,13.063240050088863,0
18048,13.063240050088863,0
18049,13.063240050088863,0
18050,13.063240050088863,1
18051,13.063240050088863,1
18052,13.063240050088863,0
18053,13.063240050088863,0
18054,13.063240050088863,0
18055,13.063240050088863,0
18056,13.063240050088863,0
18057,13.063240050088863,1
18058,13.063240050088863,0
18059,13.063240050088863,0
18060,13.063240050088863,0
18061,13.063240050088863,0
18062,13.063240050088863,0
18063,13.063240050088863,0
18064,13.063240050088863,0
18065,13.063240050088863,0
18066,13.063240050088863,0
18067,13.063240050088863,0
18068,13.063240050088863,0
18069,13.063240050088863,0
18070,13.063240050088863,0
18071,13.063240050088863,0
18072,13.063240050088863,0
18073,13.063240050088863,0
18074,35.375515557059934,1
18075,35.375515557059934,0
18076,35.375515557059934,0
18077,35.375515557059934,0
18078,35.375515557059934,1
18079,35.375515557059934,0
18080,35.375515557059934,0
18081,35.375515557059934,0
18082,35.375515557059934,0
18083,35.375515557059934,0
18084,35.375515557059934,0
18085,35.375515557059934,0
18086,35.375515557059934,0
18087,35.375515557059934,0
18088,35.375515557059934,0
18089,35.375515557059934,0
18090,35.375515557059934,0
18091,35.375515557059934,0
18092,35.375515557059934,0
18093,35.375515557059934,0
18094,35.375515557059934,0
18095,35.375515557059934,0
18096,35.375515557059934,0
18097,35.375515557059934,0
18098,35.375515557059934,0
18099,35.375515557059934,0
18100,35.375515557059934,0
18101,35.375515557059934,0
18102,35.375515557059934,0
18103,35.375515557059934,0
18104,3.2441778545863293,0
18105,3.2441778545863293,0
18106,3.2441778545863293,0
18107,3.2441778545863293,0
18108,3.2441778545863293,0
18109,3.2441778545863293,0
18110,3.2441778545863293,0
18111,3.2441778545863293,0
18112,3.2441778545863293,0
18113,3.2441778545863293,1
18114,3.2441778545863293,0
18115,3.2441778545863293,0
18116,3.2441778545863293,0
18117,3.2441778545863293,0
18118,3.2441778545863293,0
18119,3.2441778545863293,0
18120,3.2441778545863293,0
18121,3.2441778545863293,1
18122,3.2441778545863293,0
18123,3.2441778545863293,0
18124,3.2441778545863293,0
18125,3.2441778545863293,0
18126,3.2441778545863293,0
18127,3.2441778545863293,0
18128,3.2441778545863293,0
18129,3.2441778545863293,0
18130,3.2441778545863293,0
18131,3.2441778545863293,0
18132,3.2441778545863293,0
18133,11.518382234211202,0
18134,11.518382234211202,0
18135,11.518382234211202,0
18136,11.518382234211202,0
18137,11.518382234211202,0
18138,11.518382234211202,0
18139,11.518382234211202,0
18140,18.8779008358386,0
18141,18.8779008358386,0
18142,18.8779008358386,0
18143,18.8779008358386,0
18144,18.8779008358386,0
18145,18.8779008358386,0
18146,18.8779008358386,0
18147,18.8779008358386,0
18148,18.8779008358386,0
18149,18.8779008358386,0
18150,18.8779008358386,0
18151,18.8779008358386,0
18152,18.8779008358386,0
18153,18.8779008358386,0
18154,18.8779008358386,0
18155,18.8779008358386,0
18156,18.8779008358386,0
18157,18.8779008358386,0
18158,18.8779008358386,0
18159,18.8779008358386,0
18160,18.8779008358386,0
18161,18.8779008358386,1
18162,18.8779008358386,0
18163,18.8779008358386,0
18164,18.8779008358386,0
18165,18.8779008358386,0
18166,18.8779008358386,0
18167,18.8779008358386,0
18168,18.8779008358386,0
18169,18.8779008358386,0
18170,18.8779008358386,0
18171,0.3780213531952649,0
18172,0.3780213531952649,0
18173,0.3780213531952649,0
18174,0.3780213531952649,0
18175,0.3780213531952649,0
18176,0.3780213531952649,0
18177,0.3780213531952649,0
18178,0.3780213531952649,0
18179,0.3780213531952649,0
18180,0.3780213531952649,0
18181,0.3780213531952649,0
18182,0.3780213531952649,0
18183,0.3780213531952649,0
18184,0.3780213531952649,0
18185,0.3780213531952649,0
18186,0.3780213531952649,0
18187,0.3780213531952649,0
18188,0.3780213531952649,0
18189,0.3780213531952649,1
18190,0.3780213531952649,0
18191,0.3780213531952649,0
18192,0.3780213531952649,0
18193,0.3780213531952649,0
18194,0.3780213531952649,0
18195,0.3780213531952649,0
18196,0.3780213531952649,0
18197,0.3780213531952649,0
18198,0.3780213531952649,0
18199,0.3780213531952649,0
18200,0.3780213531952649,0
18201,0.3780213531952649,0
18202,0.3780213531952649,1
18203,0.3780213531952649,0
18204,4.08418772379476,0
18205,4.08418772379476,0
18206,4.08418772379476,0
18207,4.08418772379476,0
18208,4.08418772379476,0
18209,4.08418772379476,0
18210,4.08418772379476,0
18211,4.08418772379476,0
18212,4.08418772379476,0
18213,4.08418772379476,0
18214,4.08418772379476,0
18215,4.08418772379476,0
18216,4.08418772379476,0
18217,4.08418772379476,0
18218,4.08418772379476,0
18219,4.08418772379476,0
18220,4.08418772379476,0
18221,4.08418772379476,0
18222,4.08418772379476,0
18223,4.08418772379476,0
18224,4.08418772379476,0
18225,4.08418772379476,0
18226,4.08418772379476,0
18227,4.08418772379476,0
18228,4.08418772379476,0
18229,4.08418772379476,0
18230,4.08418772379476,0
18231,4.08418772379476,0
18232,45.795093587397275,0
18233,45.795093587397275,1
18234,45.795093587397275,0
18235,45.795093587397275,0
18236,45.795093587397275,0
18237,45.795093587397275,0
18238,45.795093587397275,0
18239,45.795093587397275,0
18240,45.795093587397275,0
18241,45.795093587397275,0
18242,45.795093587397275,0
18243,45.795093587397275,0
18244,45.795093587397275,0
18245,45.795093587397275,1
18246,45.795093587397275,0
18247,45.795093587397275,1
18248,45.795093587397275,0
18249,45.795093587397275,0
18250,45.795093587397275,0
18251,45.795093587397275,0
18252,45.795093587397275,1
18253,45.795093587397275,0
18254,45.795093587397275,0
18255,45.795093587397275,0
18256,45.795093587397275,0
18257,45.795093587397275,0
18258,45.795093587397275,0
18259,45.795093587397275,0
18260,45.795093587397275,1
18261,45.795093587397275,1
18262,45.795093587397275,0
18263,45.795093587397275,1
18264,45.795093587397275,1
18265,45.795093587397275,0
18266,45.795093587397275,0
18267,45.795093587397275,0
18268,45.795093587397275,0
18269,45.795093587397275,0
18270,45.795093587397275,0
18271,45.795093587397275,0
18272,45.795093587397275,0
18273,45.795093587397275,0
18274,45.795093587397275,0
18275,45.795093587397275,0
18276,45.795093587397275,0
18277,58.14449738928008,0
18278,58.14449738928008,0
18279,58.14449738928008,0
18280,58.14449738928008,0
18281,58.14449738928008,0
18282,58.14449738928008,0
18283,58.14449738928008,0
18284,58.14449738928008,0
18285,58.14449738928008,0
18286,58.14449738928008,0
18287,58.14449738928008,0
18288,58.14449738928008,0
18289,58.14449738928008,0
18290,58.14449738928008,0
18291,58.14449738928008,0
18292,58.14449738928008,0
18293,58.14449738928008,0
18294,58.14449738928008,0
18295,58.14449738928008,0
18296,58.14449738928008,0
18297,58.14449738928008,0
18298,58.14449738928008,0
18299,58.14449738928008,0
18300,58.14449738928008,0
18301,58.14449738928008,0
18302,58.14449738928008,0
18303,58.14449738928008,0
18304,58.14449738928008,0
18305,58.14449738928008,0
18306,58.14449738928008,0
18307,58.14449738928008,0
18308,58.14449738928008,0
18309,58.14449738928008,0
18310,58.14449738928008,0
18311,4.015946278304369,1
18312,4.015946278304369,0
18313,4.015946278304369,0
18314,4.015946278304369,0
18315,4.015946278304369,0
18316,4.015946278304369,1
18317,4.015946278304369,0
18318,4.015946278304369,0
18319,4.015946278304369,0
18320,4.015946278304369,0
18321,4.015946278304369,1
18322,4.015946278304369,0
18323,4.015946278304369,0
18324,4.015946278304369,0
18325,4.015946278304369,0
18326,4.015946278304369,1
18327,4.015946278304369,0
18328,4.015946278304369,1
18329,4.015946278304369,1
18330,4.015946278304369,0
18331,4.015946278304369,0
18332,18.701441462509834,0
18333,18.701441462509834,0
18334,18.701441462509834,0
18335,18.701441462509834,0
18336,18.701441462509834,0
18337,18.701441462509834,0
18338,18.701441462509834,0
18339,18.701441462509834,0
18340,18.701441462509834,0
18341,18.701441462509834,0
18342,18.701441462509834,0
18343,18.701441462509834,0
18344,18.701441462509834,0
18345,18.701441462509834,0
18346,18.701441462509834,0
18347,18.701441462509834,0
18348,18.701441462509834,0
18349,18.701441462509834,0
18350,18.701441462509834,0
18351,18.701441462509834,0
18352,18.701441462509834,0
18353,18.701441462509834,0
18354,18.701441462509834,0
18355,18.701441462509834,0
18356,18.701441462509834,0
18357,18.701441462509834,0
18358,18.701441462509834,0
18359,0.6948914373868669,0
18360,0.6948914373868669,0
18361,0.6948914373868669,0
18362,0.6948914373868669,0
18363,0.6948914373868669,0
18364,0.6948914373868669,0
18365,0.6948914373868669,0
18366,0.6948914373868669,0
18367,0.6948914373868669,0
18368,0.6948914373868669,0
18369,0.6948914373868669,0
18370,0.6948914373868669,0
18371,0.6948914373868669,0
18372,0.6948914373868669,0
18373,0.6948914373868669,0
18374,0.6948914373868669,0
18375,0.6948914373868669,1
18376,0.6948914373868669,0
18377,0.6948914373868669,0
18378,0.6948914373868669,0
18379,0.6948914373868669,0
18380,0.6948914373868669,0
18381,0.6948914373868669,0
18382,0.6948914373868669,0
18383,0.6948914373868669,0
18384,0.6948914373868669,0
18385,0.6948914373868669,0
18386,0.6948914373868669,0
18387,0.6948914373868669,0
18388,0.6948914373868669,0
18389,0.6948914373868669,0
18390,0.6948914373868669,0
18391,0.6948914373868669,0
18392,0.6948914373868669,0
18393,0.6948914373868669,0
18394,0.6948914373868669,0
18395,0.6948914373868669,0
18396,0.6948914373868669,0
18397,0.6948914373868669,0
18398,0.6948914373868669,0
18399,0.6948914373868669,0
18400,0.6948914373868669,0
18401,0.6948914373868669,0
18402,17.158480916227262,0
18403,17.158480916227262,0
18404,17.158480916227262,0
18405,17.158480916227262,0
18406,17.158480916227262,0
18407,17.158480916227262,0
18408,17.158480916227262,1
18409,17.158480916227262,0
18410,17.158480916227262,0
18411,17.158480916227262,0
18412,17.158480916227262,0
18413,17.158480916227262,0
18414,17.158480916227262,0
18415,17.158480916227262,0
18416,17.158480916227262,0
18417,17.158480916227262,0
18418,17.158480916227262,0
18419,17.158480916227262,0
18420,17.158480916227262,0
18421,17.158480916227262,0
18422,17.158480916227262,0
18423,17.158480916227262,0
18424,17.158480916227262,0
18425,17.158480916227262,0
18426,17.158480916227262,0
18427,17.158480916227262,0
18428,17.158480916227262,0
18429,17.158480916227262,0
18430,17.158480916227262,1
18431,17.158480916227262,0
18432,17.158480916227262,0
18433,45.397989620274394,0
18434,45.397989620274394,0
18435,45.397989620274394,0
18436,45.397989620274394,0
18437,45.397989620274394,0
18438,45.397989620274394,0
18439,45.397989620274394,0
18440,45.397989620274394,0
18441,45.397989620274394,0
18442,45.397989620274394,0
18443,45.397989620274394,0
18444,45.397989620274394,0
18445,45.397989620274394,0
18446,45.397989620274394,0
18447,45.397989620274394,0
18448,45.397989620274394,0
18449,45.397989620274394,0
18450,45.397989620274394,0
18451,45.397989620274394,0
18452,45.397989620274394,0
18453,45.397989620274394,0
18454,45.397989620274394,1
18455,45.397989620274394,0
18456,45.397989620274394,0
18457,45.397989620274394,0
18458,45.397989620274394,0
18459,45.397989620274394,0
18460,45.397989620274394,0
18461,45.397989620274394,0
18462,45.397989620274394,0
18463,45.397989620274394,0
18464,45.397989620274394,0
18465,45.397989620274394,0
18466,45.397989620274394,0
18467,53.39800547961581,0
18468,53.39800547961581,0
18469,53.39800547961581,0
18470,53.39800547961581,0
18471,53.39800547961581,0
18472,53.39800547961581,0
18473,53.39800547961581,0
18474,53.39800547961581,0
18475,53.39800547961581,0
18476,53.39800547961581,0
18477,53.39800547961581,0
18478,53.39800547961581,0
18479,53.39800547961581,0
18480,53.39800547961581,0
18481,53.39800547961581,0
18482,53.39800547961581,0
18483,53.39800547961581,0
18484,53.39800547961581,0
18485,53.39800547961581,0
18486,53.39800547961581,0
18487,53.39800547961581,0
18488,53.39800547961581,0
18489,53.39800547961581,0
18490,53.39800547961581,0
18491,50.30926750380642,0
18492,50.30926750380642,0
18493,50.30926750380642,0
18494,50.30926750380642,0
18495,50.30926750380642,0
18496,50.30926750380642,0
18497,50.30926750380642,0
18498,50.30926750380642,0
18499,50.30926750380642,0
18500,50.30926750380642,0
18501,50.30926750380642,0
18502,50.30926750380642,0
18503,50.30926750380642,0
18504,50.30926750380642,0
18505,50.30926750380642,0
18506,50.30926750380642,0
18507,50.30926750380642,0
18508,50.30926750380642,0
18509,50.30926750380642,0
18510,50.30926750380642,0
18511,50.30926750380642,0
18512,50.30926750380642,0
18513,50.30926750380642,0
18514,50.30926750380642,0
18515,50.30926750380642,0
18516,50.30926750380642,0
18517,50.30926750380642,0
18518,50.30926750380642,0
18519,50.30926750380642,0
18520,50.30926750380642,0
18521,4.946173658933328,0
18522,4.946173658933328,0
18523,4.946173658933328,1
18524,4.946173658933328,0
18525,4.946173658933328,0
18526,4.946173658933328,0
18527,4.946173658933328,0
18528,4.946173658933328,0
18529,4.946173658933328,0
18530,4.946173658933328,0
18531,4.946173658933328,0
18532,4.946173658933328,0
18533,4.946173658933328,0
18534,4.946173658933328,1
18535,4.946173658933328,0
18536,4.946173658933328,0
18537,4.946173658933328,1
18538,4.946173658933328,0
18539,4.946173658933328,0
18540,4.946173658933328,0
18541,4.946173658933328,0
18542,4.946173658933328,0
18543,4.946173658933328,0
18544,4.946173658933328,0
18545,4.946173658933328,0
18546,4.946173658933328,0
18547,4.946173658933328,0
18548,4.946173658933328,0
18549,4.946173658933328,0
18550,4.946173658933328,0
18551,4.946173658933328,0
18552,4.946173658933328,0
18553,4.946173658933328,0
18554,4.946173658933328,0
18555,4.946173658933328,0
18556,4.946173658933328,0
18557,4.946173658933328,0
18558,4.946173658933328,0
18559,4.946173658933328,0
18560,4.946173658933328,0
18561,4.946173658933328,0
18562,4.946173658933328,1
18563,88.36751791561468,0
18564,88.36751791561468,0
18565,88.36751791561468,0
18566,88.36751791561468,0
18567,88.36751791561468,0
18568,88.36751791561468,0
18569,88.36751791561468,0
18570,88.36751791561468,0
18571,88.36751791561468,0
18572,88.36751791561468,1
18573,88.36751791561468,0
18574,88.36751791561468,0
18575,88.36751791561468,0
18576,88.36751791561468,1
18577,88.36751791561468,0
18578,88.36751791561468,0
18579,88.36751791561468,0
18580,88.36751791561468,0
18581,88.36751791561468,0
18582,88.36751791561468,0
18583,88.36751791561468,0
18584,88.36751791561468,0
18585,88.36751791561468,0
18586,88.36751791561468,0
18587,88.36751791561468,0
18588,88.36751791561468,0
18589,88.36751791561468,0
18590,88.36751791561468,0
18591,88.36751791561468,0
18592,88.36751791561468,0
18593,0.23777744407196472,0
18594,0.23777744407196472,0
18595,0.23777744407196472,0
18596,0.23777744407196472,0
18597,0.23777744407196472,0
18598,0.23777744407196472,0
18599,0.23777744407196472,0
18600,0.23777744407196472,0
18601,0.23777744407196472,0
18602,0.23777744407196472,0
18603,0.23777744407196472,0
18604,0.23777744407196472,0
18605,0.23777744407196472,0
18606,0.23777744407196472,0
18607,0.23777744407196472,0
18608,0.23777744407196472,0
18609,0.23777744407196472,0
18610,0.23777744407196472,0
18611,0.23777744407196472,0
18612,0.23777744407196472,0
18613,0.23777744407196472,0
18614,0.23777744407196472,0
18615,0.23777744407196472,0
18616,0.23777744407196472,0
18617,0.23777744407196472,1
18618,0.23777744407196472,0
18619,0.23777744407196472,0
18620,0.23777744407196472,0
18621,0.23777744407196472,0
18622,0.23777744407196472,0
18623,0.23777744407196472,0
18624,0.23777744407196472,0
18625,0.23777744407196472,0
18626,0.23777744407196472,1
18627,0.23777744407196472,0
18628,0.23777744407196472,0
18629,0.23777744407196472,0
18630,0.23777744407196472,0
18631,0.23777744407196472,0
18632,0.23777744407196472,0
18633,0.23777744407196472,0
18634,0.23777744407196472,0
18635,0.23777744407196472,0
18636,0.23777744407196472,1
18637,0.23777744407196472,0
18638,0.23777744407196472,0
18639,0.23777744407196472,0
18640,1.047395116279737,0
18641,1.047395116279737,0
18642,1.047395116279737,0
18643,1.047395116279737,0
18644,1.047395116279737,1
18645,1.047395116279737,0
18646,1.047395116279737,0
18647,1.047395116279737,0
18648,1.047395116279737,1
18649,1.047395116279737,1
18650,1.047395116279737,1
18651,1.047395116279737,0
18652,1.047395116279737,0
18653,1.047395116279737,0
18654,1.047395116279737,0
18655,1.047395116279737,1
18656,1.047395116279737,0
18657,1.047395116279737,0
18658,1.047395116279737,0
18659,1.047395116279737,0
18660,1.047395116279737,0
18661,1.047395116279737,1
18662,1.047395116279737,1
18663,1.047395116279737,0
18664,1.047395116279737,0
18665,1.047395116279737,0
18666,1.047395116279737,0
18667,1.047395116279737,1
18668,1.047395116279737,0
18669,1.047395116279737,1
18670,1.047395116279737,0
18671,1.047395116279737,0
18672,1.047395116279737,0
18673,1.047395116279737,0
18674,1.047395116279737,0
18675,4.028550338353261,0
18676,4.028550338353261,0
18677,4.028550338353261,0
18678,4.028550338353261,0
18679,4.028550338353261,0
18680,4.028550338353261,0
18681,4.028550338353261,0
18682,4.028550338353261,0
18683,4.028550338353261,0
18684,4.028550338353261,0
18685,4.028550338353261,0
18686,4.028550338353261,0
18687,4.028550338353261,0
18688,4.028550338353261,0
18689,4.028550338353261,1
18690,4.028550338353261,0
18691,4.028550338353261,0
18692,4.028550338353261,0
18693,4.028550338353261,0
18694,4.028550338353261,0
18695,4.028550338353261,0
18696,4.028550338353261,0
18697,4.028550338353261,0
18698,4.028550338353261,0
18699,4.028550338353261,1
18700,4.028550338353261,0
18701,4.028550338353261,0
18702,4.028550338353261,0
18703,4.028550338353261,1
18704,4.028550338353261,0
18705,4.028550338353261,0
18706,4.028550338353261,0
18707,4.028550338353261,0
18708,4.028550338353261,0
18709,28.000237627342624,0
18710,28.000237627342624,0
18711,28.000237627342624,0
18712,28.000237627342624,0
18713,28.000237627342624,0
18714,28.000237627342624,1
18715,28.000237627342624,0
18716,28.000237627342624,0
18717,28.000237627342624,0
18718,28.000237627342624,0
18719,28.000237627342624,0
18720,28.000237627342624,0
18721,28.000237627342624,0
18722,28.000237627342624,0
18723,28.000237627342624,0
18724,28.000237627342624,0
18725,28.000237627342624,0
18726,28.000237627342624,0
18727,28.000237627342624,0
18728,28.000237627342624,1
18729,28.000237627342624,0
18730,28.000237627342624,0
18731,28.000237627342624,0
18732,28.000237627342624,0
18733,28.000237627342624,0
18734,28.000237627342624,0
18735,28.000237627342624,0
18736,28.000237627342624,0
18737,28.000237627342624,0
18738,28.000237627342624,1
18739,28.000237627342624,0
18740,28.000237627342624,0
18741,28.000237627342624,0
18742,28.000237627342624,0
18743,28.000237627342624,1
18744,28.000237627342624,1
18745,28.000237627342624,1
18746,28.000237627342624,0
18747,28.000237627342624,0
18748,23.963419961293887,0
18749,23.963419961293887,0
18750,23.963419961293887,0
18751,23.963419961293887,0
18752,23.963419961293887,0
18753,23.963419961293887,0
18754,23.963419961293887,0
18755,23.963419961293887,0
18756,23.963419961293887,0
18757,23.963419961293887,0
18758,23.963419961293887,0
18759,23.963419961293887,0
18760,23.963419961293887,0
18761,23.963419961293887,1
18762,23.963419961293887,0
18763,23.963419961293887,0
18764,23.963419961293887,0
18765,23.963419961293887,0
18766,23.963419961293887,0
18767,23.963419961293887,0
18768,23.963419961293887,0
18769,23.963419961293887,0
18770,23.963419961293887,0
18771,23.963419961293887,0
18772,23.963419961293887,0
18773,23.963419961293887,0
18774,23.963419961293887,0
18775,23.963419961293887,0
18776,23.963419961293887,0
18777,23.963419961293887,0
18778,23.963419961293887,0
18779,18.20390109984807,0
18780,18.20390109984807,0
18781,18.20390109984807,0
18782,18.20390109984807,0
18783,18.20390109984807,0
18784,18.20390109984807,1
18785,18.20390109984807,0
18786,18.20390109984807,0
18787,18.20390109984807,0
18788,18.20390109984807,0
18789,18.20390109984807,0
18790,18.20390109984807,0
18791,18.20390109984807,0
18792,18.20390109984807,0
18793,18.20390109984807,0
18794,18.20390109984807,0
18795,18.20390109984807,0
18796,18.20390109984807,0
18797,18.20390109984807,0
18798,18.20390109984807,0
18799,18.20390109984807,0
18800,18.20390109984807,0
18801,18.20390109984807,0
18802,18.20390109984807,0
18803,18.20390109984807,0
18804,18.20390109984807,0
18805,18.20390109984807,0
18806,18.20390109984807,0
18807,18.20390109984807,0
18808,18.20390109984807,0
18809,18.20390109984807,0
18810,3.0503080534686906,0
18811,3.0503080534686906,0
18812,3.0503080534686906,0
18813,3.0503080534686906,0
18814,3.0503080534686906,0
18815,3.0503080534686906,0
18816,3.0503080534686906,0
18817,3.0503080534686906,0
18818,3.0503080534686906,0
18819,3.0503080534686906,0
18820,3.0503080534686906,0
18821,3.0503080534686906,1
18822,3.0503080534686906,1
18823,3.0503080534686906,0
18824,3.0503080534686906,1
18825,3.0503080534686906,0
18826,3.0503080534686906,0
18827,3.0503080534686906,0
18828,3.0503080534686906,0
18829,3.0503080534686906,0
18830,3.0503080534686906,1
18831,3.0503080534686906,0
18832,3.0503080534686906,1
18833,3.0503080534686906,1
18834,3.0503080534686906,0
18835,3.0503080534686906,0
18836,3.0503080534686906,0
18837,3.0503080534686906,0
18838,3.0503080534686906,1
18839,3.0503080534686906,0
18840,3.0503080534686906,0
18841,3.0503080534686906,0
18842,3.0503080534686906,0
18843,3.0503080534686906,0
18844,3.0503080534686906,1
18845,3.0503080534686906,0
18846,3.0503080534686906,0
18847,3.0503080534686906,0
18848,3.0503080534686906,0
18849,3.0503080534686906,0
18850,3.0503080534686906,0
18851,3.0503080534686906,0
18852,3.0503080534686906,0
18853,3.0503080534686906,1
18854,3.0503080534686906,0
18855,3.0503080534686906,0
18856,3.0503080534686906,1
18857,3.0503080534686906,0
18858,3.0503080534686906,0
18859,14.468068858026784,0
18860,14.468068858026784,0
18861,14.468068858026784,0
18862,14.468068858026784,0
18863,14.468068858026784,0
18864,14.468068858026784,0
18865,14.468068858026784,0
18866,14.468068858026784,1
18867,14.468068858026784,0
18868,14.468068858026784,0
18869,14.468068858026784,1
18870,14.468068858026784,0
18871,14.468068858026784,0
18872,14.468068858026784,0
18873,14.468068858026784,0
18874,14.468068858026784,0
18875,14.468068858026784,0
18876,14.468068858026784,0
18877,14.468068858026784,0
18878,14.468068858026784,0
18879,14.468068858026784,0
18880,14.468068858026784,0
18881,14.468068858026784,0
18882,14.468068858026784,0
18883,14.468068858026784,1
18884,14.468068858026784,1
18885,14.468068858026784,1
18886,14.468068858026784,0
18887,14.468068858026784,0
18888,14.468068858026784,0
18889,14.468068858026784,0
18890,14.468068858026784,0
18891,4.320115907425272,0
18892,4.320115907425272,0
18893,4.320115907425272,0
18894,4.320115907425272,1
18895,4.320115907425272,0
18896,4.320115907425272,0
18897,4.320115907425272,0
18898,4.320115907425272,0
18899,4.320115907425272,0
18900,4.320115907425272,0
18901,4.320115907425272,0
18902,4.320115907425272,1
18903,4.320115907425272,0
18904,4.320115907425272,0
18905,4.320115907425272,0
18906,4.320115907425272,0
18907,4.320115907425272,0
18908,4.320115907425272,0
18909,4.320115907425272,0
18910,4.320115907425272,0
18911,4.320115907425272,0
18912,4.320115907425272,0
18913,4.320115907425272,1
18914,4.320115907425272,0
18915,4.320115907425272,0
18916,4.320115907425272,0
18917,4.320115907425272,0
18918,4.320115907425272,0
18919,4.320115907425272,0
18920,4.320115907425272,0
18921,4.320115907425272,0
18922,4.320115907425272,0
18923,4.320115907425272,0
18924,4.320115907425272,1
18925,4.320115907425272,0
18926,4.320115907425272,0
18927,4.320115907425272,0
18928,4.320115907425272,0
18929,4.320115907425272,0
18930,4.320115907425272,0
18931,144.5494547098821,0
18932,144.5494547098821,0
18933,144.5494547098821,0
18934,144.5494547098821,0
18935,144.5494547098821,0
18936,144.5494547098821,0
18937,144.5494547098821,0
18938,144.5494547098821,0
18939,144.5494547098821,0
18940,144.5494547098821,0
18941,144.5494547098821,0
18942,144.5494547098821,0
18943,144.5494547098821,0
18944,144.5494547098821,0
18945,144.5494547098821,0
18946,144.5494547098821,0
18947,144.5494547098821,0
18948,144.5494547098821,0
18949,144.5494547098821,0
18950,144.5494547098821,0
18951,144.5494547098821,0
18952,144.5494547098821,0
18953,144.5494547098821,0
18954,144.5494547098821,0
18955,144.5494547098821,0
18956,85.9085358881499,0
18957,85.9085358881499,0
18958,85.9085358881499,0
18959,85.9085358881499,0
18960,85.9085358881499,0
18961,85.9085358881499,0
18962,85.9085358881499,0
18963,85.9085358881499,0
18964,85.9085358881499,0
18965,85.9085358881499,0
18966,85.9085358881499,0
18967,85.9085358881499,0
18968,85.9085358881499,0
18969,85.9085358881499,0
18970,85.9085358881499,0
18971,85.9085358881499,0
18972,85.9085358881499,0
18973,85.9085358881499,0
18974,85.9085358881499,0
18975,85.9085358881499,0
18976,85.9085358881499,0
18977,85.9085358881499,0
18978,85.9085358881499,0
18979,85.9085358881499,0
18980,85.9085358881499,0
18981,85.9085358881499,0
18982,85.9085358881499,0
18983,85.9085358881499,1
18984,85.9085358881499,1
18985,85.9085358881499,0
18986,85.9085358881499,0
18987,85.9085358881499,0
18988,85.9085358881499,0
18989,85.9085358881499,0
18990,85.9085358881499,0
18991,85.9085358881499,0
18992,85.9085358881499,0
18993,85.9085358881499,0
18994,85.9085358881499,0
18995,85.9085358881499,0
18996,85.9085358881499,0
18997,85.9085358881499,0
18998,85.9085358881499,0
18999,85.9085358881499,0
19000,85.9085358881499,0
19001,1.7560987632841436,0
19002,1.7560987632841436,0
19003,1.7560987632841436,0
19004,1.7560987632841436,0
19005,1.7560987632841436,0
19006,1.7560987632841436,0
19007,1.7560987632841436,0
19008,1.7560987632841436,0
19009,1.7560987632841436,0
19010,1.7560987632841436,1
19011,1.7560987632841436,0
19012,1.7560987632841436,0
19013,1.7560987632841436,0
19014,1.7560987632841436,0
19015,1.7560987632841436,0
19016,1.7560987632841436,0
19017,1.7560987632841436,0
19018,1.7560987632841436,0
19019,1.7560987632841436,0
19020,1.7560987632841436,0
19021,1.7560987632841436,0
19022,1.7560987632841436,0
19023,1.7560987632841436,0
19024,1.7560987632841436,0
19025,1.7560987632841436,0
19026,1.7560987632841436,0
19027,1.7560987632841436,0
19028,1.7560987632841436,0
19029,1.7560987632841436,0
19030,1.7560987632841436,0
19031,1.7560987632841436,1
19032,1.7560987632841436,0
19033,1.7560987632841436,0
19034,1.7560987632841436,0
19035,1.7560987632841436,1
19036,1.7560987632841436,0
19037,1.7560987632841436,0
19038,1.7560987632841436,0
19039,18.529726879916453,0
19040,18.529726879916453,0
19041,18.529726879916453,0
19042,18.529726879916453,1
19043,18.529726879916453,0
19044,18.529726879916453,1
19045,18.529726879916453,1
19046,18.529726879916453,1
19047,18.529726879916453,1
19048,18.529726879916453,0
19049,18.529726879916453,0
19050,18.529726879916453,1
19051,18.529726879916453,0
19052,18.529726879916453,0
19053,18.529726879916453,1
19054,18.529726879916453,0
19055,18.529726879916453,0
19056,18.529726879916453,1
19057,18.529726879916453,0
19058,18.529726879916453,0
19059,18.529726879916453,0
19060,18.529726879916453,0
19061,18.529726879916453,1
19062,18.529726879916453,0
19063,18.529726879916453,0
19064,18.529726879916453,0
19065,18.529726879916453,1
19066,18.529726879916453,1
19067,18.529726879916453,0
19068,54.14285172525061,0
19069,54.14285172525061,0
19070,54.14285172525061,0
19071,54.14285172525061,0
19072,54.14285172525061,0
19073,54.14285172525061,0
19074,54.14285172525061,0
19075,54.14285172525061,0
19076,54.14285172525061,0
19077,54.14285172525061,0
19078,54.14285172525061,0
19079,54.14285172525061,0
19080,54.14285172525061,0
19081,54.14285172525061,0
19082,54.14285172525061,0
19083,54.14285172525061,0
19084,54.14285172525061,0
19085,54.14285172525061,0
19086,54.14285172525061,0
19087,54.14285172525061,0
19088,54.14285172525061,0
19089,54.14285172525061,0
19090,54.14285172525061,0
19091,54.14285172525061,0
19092,54.14285172525061,0
19093,54.14285172525061,0
19094,54.14285172525061,0
19095,54.14285172525061,1
19096,54.14285172525061,0
19097,54.14285172525061,0
19098,54.14285172525061,0
19099,54.14285172525061,0
19100,54.14285172525061,0
19101,54.14285172525061,0
19102,54.14285172525061,0
19103,54.14285172525061,0
19104,54.14285172525061,0
19105,54.14285172525061,0
19106,54.14285172525061,0
19107,54.14285172525061,0
19108,54.14285172525061,0
19109,0.9200430652128716,0
19110,0.9200430652128716,0
19111,0.9200430652128716,1
19112,0.9200430652128716,0
19113,0.9200430652128716,0
19114,0.9200430652128716,0
19115,0.9200430652128716,0
19116,0.9200430652128716,0
19117,0.9200430652128716,1
19118,0.9200430652128716,1
19119,0.9200430652128716,0
19120,0.9200430652128716,0
19121,0.9200430652128716,1
19122,0.9200430652128716,0
19123,0.9200430652128716,0
19124,0.9200430652128716,0
19125,0.9200430652128716,1
19126,0.9200430652128716,0
19127,0.9200430652128716,0
19128,0.9200430652128716,0
19129,0.9200430652128716,0
19130,0.9200430652128716,0
19131,0.9200430652128716,1
19132,0.9200430652128716,0
19133,0.9200430652128716,0
19134,0.9200430652128716,0
19135,0.9200430652128716,0
19136,0.9200430652128716,0
19137,0.9200430652128716,0
19138,0.9200430652128716,0
19139,0.9200430652128716,0
19140,0.9200430652128716,1
19141,0.9200430652128716,0
19142,0.9200430652128716,1
19143,0.9200430652128716,1
19144,0.9200430652128716,0
19145,0.9200430652128716,1
19146,0.9200430652128716,0
19147,0.9200430652128716,1
19148,0.9200430652128716,0
19149,0.9200430652128716,0
19150,0.9200430652128716,0
19151,0.9200430652128716,0
19152,99.45006466282582,0
19153,99.45006466282582,0
19154,99.45006466282582,0
19155,99.45006466282582,0
19156,99.45006466282582,0
19157,99.45006466282582,0
19158,99.45006466282582,0
19159,99.45006466282582,0
19160,99.45006466282582,0
19161,99.45006466282582,0
19162,99.45006466282582,0
19163,99.45006466282582,0
19164,99.45006466282582,0
19165,99.45006466282582,0
19166,99.45006466282582,0
19167,99.45006466282582,0
19168,99.45006466282582,0
19169,99.45006466282582,0
19170,99.45006466282582,0
19171,99.45006466282582,0
19172,99.45006466282582,0
19173,99.45006466282582,0
19174,99.45006466282582,0
19175,99.45006466282582,0
19176,99.45006466282582,0
19177,99.45006466282582,0
19178,99.45006466282582,0
19179,99.45006466282582,1
19180,99.45006466282582,0
19181,99.45006466282582,0
19182,99.45006466282582,0
19183,99.45006466282582,0
19184,99.45006466282582,0
19185,99.45006466282582,0
19186,14.548068177198815,0
19187,14.548068177198815,0
19188,14.548068177198815,0
19189,14.548068177198815,0
19190,14.548068177198815,0
19191,14.548068177198815,0
19192,14.548068177198815,0
19193,14.548068177198815,0
19194,14.548068177198815,0
19195,14.548068177198815,0
19196,14.548068177198815,0
19197,14.548068177198815,0
19198,14.548068177198815,0
19199,14.548068177198815,0
19200,14.548068177198815,0
19201,14.548068177198815,0
19202,14.548068177198815,0
19203,14.548068177198815,0
19204,14.548068177198815,0
19205,14.548068177198815,0
19206,14.548068177198815,0
19207,14.548068177198815,0
19208,2.674231095276297,0
19209,2.674231095276297,0
19210,2.674231095276297,1
19211,2.674231095276297,0
19212,2.674231095276297,0
19213,2.674231095276297,0
19214,2.674231095276297,0
19215,2.674231095276297,0
19216,2.674231095276297,0
19217,2.674231095276297,1
19218,2.674231095276297,0
19219,2.674231095276297,0
19220,2.674231095276297,0
19221,2.674231095276297,0
19222,2.674231095276297,0
19223,2.674231095276297,0
19224,2.674231095276297,0
19225,2.674231095276297,0
19226,2.674231095276297,0
19227,2.674231095276297,0
19228,2.674231095276297,0
19229,2.674231095276297,0
19230,2.674231095276297,0
19231,2.674231095276297,0
19232,2.674231095276297,0
19233,2.674231095276297,0
19234,2.674231095276297,0
19235,2.674231095276297,0
19236,2.674231095276297,0
19237,2.674231095276297,0
19238,2.674231095276297,0
19239,2.674231095276297,0
19240,2.674231095276297,0
19241,2.674231095276297,0
19242,2.674231095276297,0
19243,2.674231095276297,0
19244,2.674231095276297,0
19245,2.674231095276297,0
19246,2.674231095276297,0
19247,2.674231095276297,0
19248,2.674231095276297,0
19249,2.674231095276297,0
19250,2.674231095276297,0
19251,2.674231095276297,0
19252,3.601401104623315,0
19253,3.601401104623315,0
19254,3.601401104623315,0
19255,3.601401104623315,0
19256,3.601401104623315,0
19257,3.601401104623315,0
19258,3.601401104623315,0
19259,3.601401104623315,0
19260,3.601401104623315,0
19261,3.601401104623315,1
19262,3.601401104623315,0
19263,3.601401104623315,0
19264,3.601401104623315,0
19265,3.601401104623315,0
19266,3.601401104623315,0
19267,3.601401104623315,0
19268,3.601401104623315,0
19269,3.601401104623315,0
19270,3.601401104623315,0
19271,3.601401104623315,0
19272,3.601401104623315,0
19273,3.601401104623315,0
19274,3.601401104623315,1
19275,3.601401104623315,1
19276,3.601401104623315,0
19277,3.601401104623315,1
19278,3.601401104623315,1
19279,3.601401104623315,0
19280,3.601401104623315,0
19281,3.601401104623315,0
19282,3.601401104623315,0
19283,3.601401104623315,0
19284,3.601401104623315,0
19285,3.601401104623315,0
19286,3.601401104623315,0
19287,22.124888426449893,0
19288,22.124888426449893,0
19289,22.124888426449893,0
19290,22.124888426449893,0
19291,22.124888426449893,0
19292,22.124888426449893,0
19293,22.124888426449893,0
19294,22.124888426449893,0
19295,22.124888426449893,0
19296,22.124888426449893,0
19297,22.124888426449893,0
19298,22.124888426449893,0
19299,22.124888426449893,0
19300,22.124888426449893,0
19301,22.124888426449893,0
19302,22.124888426449893,0
19303,22.124888426449893,0
19304,22.124888426449893,0
19305,22.124888426449893,0
19306,22.124888426449893,0
19307,22.124888426449893,0
19308,22.124888426449893,0
19309,22.124888426449893,0
19310,22.124888426449893,0
19311,22.124888426449893,0
19312,22.124888426449893,0
19313,22.124888426449893,0
19314,22.124888426449893,0
19315,22.124888426449893,0
19316,22.124888426449893,0
19317,22.124888426449893,0
19318,22.124888426449893,0
19319,22.124888426449893,0
19320,22.124888426449893,0
19321,22.124888426449893,0
19322,22.124888426449893,0
19323,22.124888426449893,0
19324,22.124888426449893,0
19325,3.5288911202032454,0
19326,3.5288911202032454,0
19327,3.5288911202032454,0
19328,3.5288911202032454,0
19329,3.5288911202032454,0
19330,3.5288911202032454,0
19331,3.5288911202032454,0
19332,3.5288911202032454,0
19333,3.5288911202032454,0
19334,3.5288911202032454,0
19335,3.5288911202032454,0
19336,3.5288911202032454,0
19337,3.5288911202032454,0
19338,3.5288911202032454,0
19339,3.5288911202032454,0
19340,3.5288911202032454,0
19341,3.5288911202032454,0
19342,3.5288911202032454,0
19343,3.5288911202032454,0
19344,3.5288911202032454,0
19345,3.5288911202032454,0
19346,3.5288911202032454,0
19347,3.5288911202032454,0
19348,3.5288911202032454,0
19349,3.5288911202032454,0
19350,3.5288911202032454,0
19351,3.5288911202032454,0
19352,3.5288911202032454,0
19353,3.5288911202032454,0
19354,3.5288911202032454,0
19355,3.5288911202032454,0
19356,3.5288911202032454,0
19357,3.5288911202032454,0
19358,3.5288911202032454,0
19359,3.5288911202032454,0
19360,3.5288911202032454,0
19361,3.5288911202032454,0
19362,3.5288911202032454,0
19363,3.5288911202032454,0
19364,3.5288911202032454,0
19365,3.5288911202032454,0
19366,3.5288911202032454,0
19367,2.8633267827857836,0
19368,2.8633267827857836,0
19369,2.8633267827857836,0
19370,2.8633267827857836,0
19371,2.8633267827857836,0
19372,2.8633267827857836,0
19373,2.8633267827857836,0
19374,2.8633267827857836,0
19375,2.8633267827857836,0
19376,2.8633267827857836,0
19377,2.8633267827857836,1
19378,2.8633267827857836,0
19379,2.8633267827857836,1
19380,2.8633267827857836,0
19381,2.8633267827857836,0
19382,2.8633267827857836,0
19383,2.8633267827857836,0
19384,2.8633267827857836,0
19385,2.8633267827857836,0
19386,2.8633267827857836,0
19387,2.8633267827857836,0
19388,2.8633267827857836,0
19389,2.8633267827857836,0
19390,2.8633267827857836,1
19391,2.8633267827857836,0
19392,2.8633267827857836,0
19393,2.8633267827857836,0
19394,2.8633267827857836,0
19395,2.8633267827857836,0
19396,2.8633267827857836,0
19397,2.8633267827857836,0
19398,2.8633267827857836,0
19399,2.8633267827857836,0
19400,2.8633267827857836,0
19401,2.8633267827857836,0
19402,2.8633267827857836,0
19403,2.8633267827857836,0
19404,2.8633267827857836,0
19405,2.8633267827857836,1
19406,2.8633267827857836,0
19407,2.8633267827857836,0
19408,2.8633267827857836,0
19409,2.8633267827857836,0
19410,2.8633267827857836,0
19411,2.8633267827857836,0
19412,2.8633267827857836,0
19413,2.8633267827857836,0
19414,2.8633267827857836,0
19415,2.8633267827857836,0
19416,2.8633267827857836,0
19417,2.8633267827857836,0
19418,2.8633267827857836,0
19419,2.8633267827857836,0
19420,2.8633267827857836,0
19421,2.8633267827857836,0
19422,2.8633267827857836,0
19423,2.8633267827857836,0
19424,2.8633267827857836,0
19425,2.8633267827857836,1
19426,2.8633267827857836,1
19427,2.8633267827857836,0
19428,2.8633267827857836,0
19429,2.8633267827857836,0
19430,2.8633267827857836,0
19431,2.8633267827857836,0
19432,2.8633267827857836,0
19433,3.4461682717668523,0
19434,3.4461682717668523,0
19435,3.4461682717668523,0
19436,3.4461682717668523,0
19437,3.4461682717668523,0
19438,3.4461682717668523,0
19439,3.4461682717668523,0
19440,3.4461682717668523,0
19441,3.4461682717668523,1
19442,3.4461682717668523,0
19443,3.4461682717668523,0
19444,3.4461682717668523,1
19445,3.4461682717668523,0
19446,3.4461682717668523,1
19447,3.4461682717668523,0
19448,3.4461682717668523,0
19449,3.4461682717668523,0
19450,3.4461682717668523,0
19451,3.4461682717668523,0
19452,3.4461682717668523,0
19453,3.4461682717668523,0
19454,3.4461682717668523,0
19455,3.4461682717668523,0
19456,3.4461682717668523,0
19457,3.4461682717668523,0
19458,3.4461682717668523,0
19459,3.4461682717668523,0
19460,3.4461682717668523,0
19461,3.4461682717668523,0
19462,3.4461682717668523,0
19463,3.4461682717668523,0
19464,3.4461682717668523,0
19465,3.4461682717668523,0
19466,3.4461682717668523,0
19467,3.4461682717668523,0
19468,3.4461682717668523,0
19469,3.4461682717668523,0
19470,3.4461682717668523,0
19471,3.4461682717668523,0
19472,3.4461682717668523,0
19473,3.4461682717668523,0
19474,3.4461682717668523,0
19475,11.05942744630544,0
19476,11.05942744630544,0
19477,11.05942744630544,0
19478,11.05942744630544,0
19479,11.05942744630544,0
19480,11.05942744630544,0
19481,11.05942744630544,0
19482,11.05942744630544,0
19483,11.05942744630544,0
19484,11.05942744630544,0
19485,11.05942744630544,0
19486,11.05942744630544,0
19487,11.05942744630544,0
19488,11.05942744630544,0
19489,11.05942744630544,0
19490,11.05942744630544,0
19491,11.05942744630544,0
19492,11.05942744630544,0
19493,11.05942744630544,0
19494,11.05942744630544,0
19495,11.05942744630544,0
19496,11.05942744630544,0
19497,11.05942744630544,0
19498,11.05942744630544,0
19499,11.05942744630544,0
19500,53.23091945650315,0
19501,53.23091945650315,0
19502,53.23091945650315,0
19503,53.23091945650315,0
19504,53.23091945650315,0
19505,53.23091945650315,0
19506,53.23091945650315,0
19507,53.23091945650315,0
19508,53.23091945650315,0
19509,53.23091945650315,0
19510,53.23091945650315,0
19511,53.23091945650315,0
19512,53.23091945650315,0
19513,53.23091945650315,0
19514,53.23091945650315,0
19515,53.23091945650315,0
19516,53.23091945650315,0
19517,53.23091945650315,0
19518,53.23091945650315,0
19519,53.23091945650315,0
19520,53.23091945650315,0
19521,53.23091945650315,0
19522,53.23091945650315,1
19523,53.23091945650315,0
19524,53.23091945650315,0
19525,53.23091945650315,0
19526,53.23091945650315,0
19527,53.23091945650315,0
19528,53.23091945650315,0
19529,53.23091945650315,0
19530,53.23091945650315,0
19531,53.23091945650315,0
19532,53.23091945650315,0
19533,53.23091945650315,1
19534,53.23091945650315,0
19535,53.23091945650315,0
19536,53.23091945650315,0
19537,78.20485146688519,0
19538,78.20485146688519,0
19539,78.20485146688519,0
19540,78.20485146688519,0
19541,78.20485146688519,0
19542,78.20485146688519,0
19543,78.20485146688519,0
19544,78.20485146688519,0
19545,78.20485146688519,1
19546,78.20485146688519,0
19547,78.20485146688519,0
19548,78.20485146688519,0
19549,78.20485146688519,0
19550,78.20485146688519,1
19551,78.20485146688519,0
19552,78.20485146688519,0
19553,78.20485146688519,0
19554,78.20485146688519,0
19555,78.20485146688519,0
19556,78.20485146688519,0
19557,78.20485146688519,0
19558,78.20485146688519,0
19559,78.20485146688519,0
19560,78.20485146688519,0
19561,78.20485146688519,0
19562,78.20485146688519,0
19563,78.20485146688519,1
19564,78.20485146688519,0
19565,78.20485146688519,0
19566,78.20485146688519,0
19567,78.20485146688519,0
19568,78.20485146688519,0
19569,78.20485146688519,0
19570,78.20485146688519,0
19571,0.44200868063821924,0
19572,0.44200868063821924,0
19573,0.44200868063821924,0
19574,0.44200868063821924,0
19575,0.44200868063821924,0
19576,0.44200868063821924,0
19577,0.44200868063821924,0
19578,0.44200868063821924,0
19579,0.44200868063821924,0
19580,0.44200868063821924,0
19581,0.44200868063821924,0
19582,0.44200868063821924,0
19583,0.44200868063821924,1
19584,0.44200868063821924,0
19585,0.44200868063821924,0
19586,0.44200868063821924,0
19587,0.44200868063821924,0
19588,0.44200868063821924,0
19589,0.44200868063821924,0
19590,0.44200868063821924,0
19591,0.44200868063821924,1
19592,0.44200868063821924,0
19593,0.44200868063821924,0
19594,0.44200868063821924,0
19595,0.44200868063821924,1
19596,0.44200868063821924,0
19597,0.44200868063821924,0
19598,0.44200868063821924,0
19599,0.44200868063821924,0
19600,0.44200868063821924,0
19601,0.44200868063821924,0
19602,0.44200868063821924,0
19603,0.44200868063821924,0
19604,0.44200868063821924,0
19605,0.44200868063821924,0
19606,0.44200868063821924,0
19607,0.44200868063821924,0
19608,0.44200868063821924,0
19609,0.44200868063821924,0
19610,0.44200868063821924,1
19611,0.44200868063821924,0
19612,0.44200868063821924,0
19613,0.44200868063821924,0
19614,0.44200868063821924,0
19615,0.44200868063821924,0
19616,0.44200868063821924,0
19617,0.44200868063821924,0
19618,0.44200868063821924,0
19619,0.44200868063821924,1
19620,0.44200868063821924,0
19621,0.44200868063821924,0
19622,0.44200868063821924,0
19623,0.44200868063821924,0
19624,0.44200868063821924,0
19625,0.44200868063821924,0
19626,2.9713333894542293,0
19627,2.9713333894542293,0
19628,2.9713333894542293,0
19629,2.9713333894542293,0
19630,2.9713333894542293,0
19631,2.9713333894542293,1
19632,2.9713333894542293,0
19633,2.9713333894542293,0
19634,2.9713333894542293,0
19635,2.9713333894542293,0
19636,2.9713333894542293,0
19637,2.9713333894542293,0
19638,2.9713333894542293,0
19639,2.9713333894542293,0
19640,2.9713333894542293,0
19641,2.9713333894542293,0
19642,2.9713333894542293,0
19643,2.9713333894542293,1
19644,2.9713333894542293,0
19645,2.9713333894542293,0
19646,2.9713333894542293,0
19647,2.9713333894542293,0
19648,2.9713333894542293,0
19649,2.9713333894542293,0
19650,2.9713333894542293,0
19651,2.9713333894542293,0
19652,2.9713333894542293,1
19653,2.9713333894542293,0
19654,2.9713333894542293,0
19655,2.9713333894542293,0
19656,2.9713333894542293,0
19657,2.9713333894542293,0
19658,2.9713333894542293,0
19659,2.9713333894542293,0
19660,2.9713333894542293,0
19661,2.9713333894542293,0
19662,2.9713333894542293,0
19663,2.9713333894542293,0
19664,2.9713333894542293,0
19665,2.9713333894542293,0
19666,2.9713333894542293,0
19667,2.9713333894542293,0
19668,22.267569771158904,0
19669,22.267569771158904,1
19670,22.267569771158904,0
19671,22.267569771158904,0
19672,22.267569771158904,0
19673,22.267569771158904,0
19674,22.267569771158904,0
19675,22.267569771158904,0
19676,22.267569771158904,0
19677,22.267569771158904,0
19678,22.267569771158904,0
19679,22.267569771158904,0
19680,22.267569771158904,1
19681,22.267569771158904,1
19682,22.267569771158904,1
19683,22.267569771158904,0
19684,22.267569771158904,0
19685,22.267569771158904,0
19686,22.267569771158904,1
19687,22.267569771158904,0
19688,22.267569771158904,0
19689,22.267569771158904,0
19690,22.267569771158904,0
19691,22.267569771158904,0
19692,22.267569771158904,1
19693,22.267569771158904,1
19694,22.267569771158904,0
19695,22.267569771158904,0
19696,22.267569771158904,1
19697,22.267569771158904,0
19698,22.267569771158904,1
19699,22.267569771158904,1
19700,22.267569771158904,0
19701,22.267569771158904,0
19702,22.267569771158904,0
19703,22.267569771158904,1
19704,22.267569771158904,1
19705,22.267569771158904,1
19706,22.267569771158904,1
19707,22.267569771158904,1
19708,22.267569771158904,0
19709,22.267569771158904,1
19710,22.267569771158904,0
19711,22.267569771158904,0
19712,22.267569771158904,0
19713,22.267569771158904,0
19714,22.267569771158904,0
19715,22.267569771158904,0
19716,22.267569771158904,0
19717,22.267569771158904,1
19718,22.267569771158904,1
19719,22.267569771158904,0
19720,31.264615095961542,0
19721,31.264615095961542,0
19722,31.264615095961542,0
19723,31.264615095961542,0
19724,31.264615095961542,0
19725,31.264615095961542,0
19726,31.264615095961542,0
19727,31.264615095961542,0
19728,31.264615095961542,0
19729,31.264615095961542,0
19730,31.264615095961542,0
19731,31.264615095961542,0
19732,31.264615095961542,0
19733,31.264615095961542,0
19734,31.264615095961542,0
19735,31.264615095961542,0
19736,31.264615095961542,0
19737,31.264615095961542,0
19738,31.264615095961542,0
19739,31.264615095961542,0
19740,31.264615095961542,0
19741,31.264615095961542,1
19742,31.264615095961542,0
19743,31.264615095961542,1
19744,31.264615095961542,0
19745,31.264615095961542,1
19746,31.264615095961542,0
19747,31.264615095961542,1
19748,31.264615095961542,0
19749,31.264615095961542,1
19750,31.264615095961542,0
19751,31.264615095961542,1
19752,31.264615095961542,1
19753,31.264615095961542,0
19754,70.7686852543247,1
19755,70.7686852543247,0
19756,70.7686852543247,0
19757,70.7686852543247,1
19758,70.7686852543247,0
19759,70.7686852543247,1
19760,70.7686852543247,0
19761,70.7686852543247,0
19762,70.7686852543247,1
19763,70.7686852543247,0
19764,70.7686852543247,0
19765,70.7686852543247,0
19766,70.7686852543247,0
19767,70.7686852543247,0
19768,70.7686852543247,1
19769,70.7686852543247,1
19770,70.7686852543247,0
19771,70.7686852543247,0
19772,70.7686852543247,0
19773,4.152099433581124,0
19774,4.152099433581124,0
19775,4.152099433581124,0
19776,4.152099433581124,0
19777,4.152099433581124,0
19778,4.152099433581124,0
19779,4.152099433581124,1
19780,4.152099433581124,0
19781,4.152099433581124,0
19782,4.152099433581124,0
19783,4.152099433581124,0
19784,4.152099433581124,0
19785,4.152099433581124,0
19786,4.152099433581124,0
19787,4.152099433581124,0
19788,4.152099433581124,0
19789,4.152099433581124,0
19790,4.152099433581124,0
19791,4.152099433581124,0
19792,4.152099433581124,0
19793,4.152099433581124,0
19794,4.152099433581124,0
19795,4.152099433581124,0
19796,4.152099433581124,0
19797,4.152099433581124,0
19798,4.152099433581124,0
19799,4.152099433581124,0
19800,4.152099433581124,0
19801,4.152099433581124,0
19802,4.152099433581124,0
19803,4.152099433581124,0
19804,4.152099433581124,0
19805,4.152099433581124,0
19806,4.152099433581124,0
19807,4.152099433581124,0
19808,4.152099433581124,0
19809,4.152099433581124,0
19810,4.152099433581124,0
19811,4.152099433581124,0
19812,4.152099433581124,0
19813,4.152099433581124,0
19814,47.79127948222632,1
19815,47.79127948222632,0
19816,47.79127948222632,0
19817,47.79127948222632,0
19818,47.79127948222632,0
19819,47.79127948222632,0
19820,47.79127948222632,0
19821,47.79127948222632,0
19822,47.79127948222632,0
19823,47.79127948222632,0
19824,47.79127948222632,0
19825,47.79127948222632,0
19826,47.79127948222632,0
19827,47.79127948222632,0
19828,47.79127948222632,0
19829,47.79127948222632,0
19830,47.79127948222632,0
19831,47.79127948222632,0
19832,47.79127948222632,0
19833,47.79127948222632,0
19834,47.79127948222632,0
19835,47.79127948222632,0
19836,47.79127948222632,1
19837,47.79127948222632,0
19838,47.79127948222632,0
19839,47.79127948222632,0
19840,47.79127948222632,0
19841,47.79127948222632,0
19842,47.79127948222632,0
19843,47.79127948222632,0
19844,47.79127948222632,0
19845,47.79127948222632,0
19846,21.35084775310544,0
19847,21.35084775310544,0
19848,21.35084775310544,0
19849,21.35084775310544,0
19850,21.35084775310544,0
19851,21.35084775310544,0
19852,21.35084775310544,0
19853,21.35084775310544,0
19854,21.35084775310544,0
19855,21.35084775310544,0
19856,21.35084775310544,0
19857,21.35084775310544,0
19858,21.35084775310544,0
19859,21.35084775310544,0
19860,21.35084775310544,0
19861,21.35084775310544,0
19862,21.35084775310544,0
19863,21.35084775310544,0
19864,21.35084775310544,0
19865,21.35084775310544,0
19866,21.35084775310544,0
19867,21.35084775310544,0
19868,21.35084775310544,0
19869,21.35084775310544,0
19870,21.35084775310544,0
19871,21.35084775310544,0
19872,21.35084775310544,0
19873,21.35084775310544,0
19874,21.35084775310544,0
19875,21.35084775310544,0
19876,21.35084775310544,0
19877,21.35084775310544,0
19878,21.35084775310544,0
19879,21.35084775310544,0
19880,21.35084775310544,0
19881,21.35084775310544,0
19882,21.35084775310544,0
19883,21.35084775310544,0
19884,21.35084775310544,0
19885,21.35084775310544,0
19886,52.78588511308017,0
19887,52.78588511308017,0
19888,52.78588511308017,0
19889,52.78588511308017,1
19890,52.78588511308017,0
19891,52.78588511308017,0
19892,52.78588511308017,0
19893,52.78588511308017,0
19894,52.78588511308017,0
19895,52.78588511308017,0
19896,52.78588511308017,0
19897,52.78588511308017,0
19898,52.78588511308017,0
19899,52.78588511308017,0
19900,52.78588511308017,0
19901,52.78588511308017,0
19902,52.78588511308017,0
19903,52.78588511308017,0
19904,52.78588511308017,0
19905,52.78588511308017,0
19906,52.78588511308017,0
19907,52.78588511308017,0
19908,52.78588511308017,0
19909,52.78588511308017,1
19910,52.78588511308017,0
19911,52.78588511308017,0
19912,52.78588511308017,0
19913,52.78588511308017,0
19914,52.78588511308017,1
19915,52.78588511308017,0
19916,52.78588511308017,1
19917,52.78588511308017,0
19918,52.78588511308017,0
19919,52.78588511308017,0
19920,52.78588511308017,0
19921,52.78588511308017,0
19922,10.143863430268658,0
19923,10.143863430268658,0
19924,10.143863430268658,0
19925,10.143863430268658,0
19926,10.143863430268658,0
19927,10.143863430268658,0
19928,10.143863430268658,1
19929,10.143863430268658,0
19930,10.143863430268658,0
19931,10.143863430268658,0
19932,10.143863430268658,0
19933,10.143863430268658,0
19934,10.143863430268658,0
19935,10.143863430268658,0
19936,10.143863430268658,0
19937,10.143863430268658,0
19938,10.143863430268658,1
19939,10.143863430268658,0
19940,10.143863430268658,0
19941,10.143863430268658,0
19942,10.143863430268658,0
19943,10.143863430268658,0
19944,10.143863430268658,0
19945,10.143863430268658,0
19946,10.143863430268658,0
19947,10.143863430268658,0
19948,10.143863430268658,0
19949,10.143863430268658,0
19950,10.143863430268658,0
19951,19.4583201555725,0
19952,19.4583201555725,0
19953,19.4583201555725,0
19954,19.4583201555725,0
19955,19.4583201555725,0
19956,19.4583201555725,0
19957,19.4583201555725,0
19958,19.4583201555725,0
19959,19.4583201555725,0
19960,19.4583201555725,0
19961,19.4583201555725,0
19962,19.4583201555725,0
19963,19.4583201555725,0
19964,19.4583201555725,0
19965,19.4583201555725,0
19966,19.4583201555725,0
19967,19.4583201555725,0
19968,19.4583201555725,0
19969,19.4583201555725,0
19970,19.4583201555725,0
19971,19.4583201555725,0
19972,19.4583201555725,0
19973,19.4583201555725,0
19974,19.4583201555725,0
19975,4.268133859585004,0
19976,4.268133859585004,0
19977,4.268133859585004,0
19978,4.268133859585004,0
19979,4.268133859585004,0
19980,4.268133859585004,0
19981,4.268133859585004,0
19982,4.268133859585004,0
19983,4.268133859585004,0
19984,4.268133859585004,0
19985,4.268133859585004,0
19986,4.268133859585004,0
19987,4.268133859585004,0
19988,4.268133859585004,0
19989,4.268133859585004,0
19990,4.268133859585004,0
19991,4.268133859585004,0
19992,4.268133859585004,0
19993,4.268133859585004,0
19994,4.268133859585004,0
19995,4.268133859585004,0
19996,4.268133859585004,0
19997,4.268133859585004,1
19998,4.268133859585004,0
19999,4.268133859585004,1
20000,4.268133859585004,0
20001,4.268133859585004,0
20002,4.268133859585004,0
20003,4.268133859585004,0
20004,4.268133859585004,0
20005,4.268133859585004,0
20006,4.268133859585004,0
20007,4.268133859585004,1
20008,4.268133859585004,1
20009,4.268133859585004,0
20010,4.268133859585004,1
20011,4.268133859585004,0
20012,4.268133859585004,0
20013,4.268133859585004,0
20014,39.18322022032811,0
20015,39.18322022032811,1
20016,39.18322022032811,0
20017,39.18322022032811,0
20018,39.18322022032811,0
20019,39.18322022032811,0
20020,39.18322022032811,0
20021,39.18322022032811,0
20022,39.18322022032811,0
20023,39.18322022032811,0
20024,39.18322022032811,0
20025,39.18322022032811,0
20026,39.18322022032811,0
20027,39.18322022032811,0
20028,39.18322022032811,0
20029,39.18322022032811,0
20030,39.18322022032811,0
20031,39.18322022032811,0
20032,39.18322022032811,0
20033,39.18322022032811,0
20034,39.18322022032811,0
20035,39.18322022032811,0
20036,39.18322022032811,0
20037,39.18322022032811,0
20038,39.18322022032811,0
20039,39.18322022032811,0
20040,39.18322022032811,1
20041,39.18322022032811,0
20042,39.18322022032811,0
20043,39.18322022032811,0
20044,39.18322022032811,0
20045,39.18322022032811,0
20046,39.18322022032811,0
20047,39.18322022032811,0
20048,38.137932306362366,0
20049,38.137932306362366,0
20050,38.137932306362366,0
20051,38.137932306362366,0
20052,38.137932306362366,0
20053,38.137932306362366,0
20054,38.137932306362366,0
20055,38.137932306362366,0
20056,38.137932306362366,0
20057,38.137932306362366,0
20058,38.137932306362366,0
20059,38.137932306362366,0
20060,38.137932306362366,1
20061,38.137932306362366,0
20062,38.137932306362366,0
20063,38.137932306362366,0
20064,38.137932306362366,0
20065,38.137932306362366,0
20066,38.137932306362366,0
20067,38.137932306362366,0
20068,38.137932306362366,0
20069,38.137932306362366,0
20070,38.137932306362366,0
20071,38.137932306362366,0
20072,38.137932306362366,1
20073,38.137932306362366,0
20074,38.137932306362366,0
20075,38.137932306362366,0
20076,38.137932306362366,0
20077,38.137932306362366,0
20078,38.137932306362366,0
20079,38.137932306362366,0
20080,38.137932306362366,0
20081,38.137932306362366,1
20082,37.80569646615168,0
20083,37.80569646615168,0
20084,37.80569646615168,0
20085,37.80569646615168,0
20086,37.80569646615168,0
20087,37.80569646615168,0
20088,37.80569646615168,0
20089,37.80569646615168,0
20090,37.80569646615168,1
20091,37.80569646615168,0
20092,37.80569646615168,0
20093,37.80569646615168,0
20094,37.80569646615168,0
20095,37.80569646615168,0
20096,37.80569646615168,0
20097,37.80569646615168,0
20098,37.80569646615168,0
20099,37.80569646615168,0
20100,37.80569646615168,0
20101,37.80569646615168,0
20102,37.80569646615168,0
20103,37.80569646615168,0
20104,37.80569646615168,0
20105,37.80569646615168,0
20106,37.80569646615168,0
20107,37.80569646615168,1
20108,37.80569646615168,0
20109,37.80569646615168,0
20110,42.89987543611047,0
20111,42.89987543611047,0
20112,42.89987543611047,1
20113,42.89987543611047,0
20114,42.89987543611047,1
20115,42.89987543611047,0
20116,42.89987543611047,0
20117,42.89987543611047,0
20118,42.89987543611047,0
20119,42.89987543611047,0
20120,42.89987543611047,0
20121,42.89987543611047,0
20122,42.89987543611047,0
20123,42.89987543611047,0
20124,42.89987543611047,0
20125,42.89987543611047,1
20126,42.89987543611047,0
20127,42.89987543611047,0
20128,42.89987543611047,0
20129,42.89987543611047,0
20130,42.89987543611047,1
20131,42.89987543611047,0
20132,42.89987543611047,1
20133,42.89987543611047,0
20134,0.7438003534697282,0
20135,0.7438003534697282,0
20136,0.7438003534697282,0
20137,0.7438003534697282,0
20138,0.7438003534697282,0
20139,0.7438003534697282,0
20140,0.7438003534697282,0
20141,0.7438003534697282,1
20142,0.7438003534697282,0
20143,0.7438003534697282,0
20144,0.7438003534697282,1
20145,0.7438003534697282,0
20146,0.7438003534697282,0
20147,0.7438003534697282,0
20148,0.7438003534697282,0
20149,0.7438003534697282,0
20150,0.7438003534697282,0
20151,0.7438003534697282,0
20152,0.7438003534697282,0
20153,0.7438003534697282,0
20154,0.7438003534697282,0
20155,0.7438003534697282,0
20156,0.7438003534697282,0
20157,0.7438003534697282,0
20158,0.7438003534697282,1
20159,0.7438003534697282,0
20160,0.7438003534697282,0
20161,0.7438003534697282,0
20162,0.7438003534697282,1
20163,0.7438003534697282,0
20164,0.7438003534697282,1
20165,28.610122126975856,0
20166,28.610122126975856,0
20167,28.610122126975856,0
20168,28.610122126975856,0
20169,28.610122126975856,0
20170,28.610122126975856,0
20171,28.610122126975856,0
20172,28.610122126975856,0
20173,28.610122126975856,0
20174,28.610122126975856,0
20175,28.610122126975856,0
20176,28.610122126975856,0
20177,28.610122126975856,0
20178,28.610122126975856,0
20179,28.610122126975856,0
20180,28.610122126975856,0
20181,28.610122126975856,0
20182,28.610122126975856,0
20183,28.610122126975856,1
20184,28.610122126975856,0
20185,28.610122126975856,1
20186,28.610122126975856,0
20187,28.610122126975856,0
20188,28.610122126975856,0
20189,28.610122126975856,0
20190,28.610122126975856,0
20191,28.610122126975856,0
20192,28.610122126975856,0
20193,28.610122126975856,0
20194,28.610122126975856,0
20195,28.610122126975856,0
20196,28.610122126975856,0
20197,5.521016456852208,0
20198,5.521016456852208,0
20199,5.521016456852208,0
20200,5.521016456852208,0
20201,5.521016456852208,0
20202,5.521016456852208,0
20203,5.521016456852208,0
20204,5.521016456852208,0
20205,5.521016456852208,0
20206,5.521016456852208,0
20207,5.521016456852208,0
20208,5.521016456852208,0
20209,5.521016456852208,0
20210,5.521016456852208,0
20211,5.521016456852208,0
20212,5.521016456852208,0
20213,5.521016456852208,0
20214,5.521016456852208,0
20215,5.521016456852208,0
20216,5.521016456852208,0
20217,5.521016456852208,0
20218,5.521016456852208,0
20219,5.521016456852208,0
20220,5.521016456852208,0
20221,5.521016456852208,0
20222,2.113247597196525,0
20223,2.113247597196525,0
20224,2.113247597196525,0
20225,2.113247597196525,1
20226,2.113247597196525,0
20227,2.113247597196525,0
20228,2.113247597196525,1
20229,2.113247597196525,1
20230,2.113247597196525,0
20231,2.113247597196525,0
20232,2.113247597196525,0
20233,2.113247597196525,0
20234,2.113247597196525,0
20235,2.113247597196525,0
20236,2.113247597196525,0
20237,2.113247597196525,0
20238,2.113247597196525,1
20239,2.113247597196525,0
20240,2.113247597196525,0
20241,2.113247597196525,0
20242,2.113247597196525,0
20243,2.113247597196525,0
20244,2.113247597196525,0
20245,2.113247597196525,0
20246,2.113247597196525,1
20247,2.113247597196525,0
20248,2.113247597196525,0
20249,2.113247597196525,0
20250,2.113247597196525,0
20251,2.113247597196525,1
20252,2.113247597196525,0
20253,2.113247597196525,0
20254,2.113247597196525,0
20255,2.113247597196525,0
20256,2.113247597196525,0
20257,27.97581452661822,0
20258,27.97581452661822,0
20259,27.97581452661822,0
20260,27.97581452661822,0
20261,27.97581452661822,0
20262,27.97581452661822,0
20263,27.97581452661822,0
20264,27.97581452661822,0
20265,27.97581452661822,0
20266,27.97581452661822,0
20267,27.97581452661822,0
20268,27.97581452661822,0
20269,27.97581452661822,0
20270,27.97581452661822,0
20271,27.97581452661822,0
20272,27.97581452661822,0
20273,27.97581452661822,0
20274,27.97581452661822,0
20275,27.97581452661822,0
20276,27.97581452661822,0
20277,27.97581452661822,0
20278,27.97581452661822,0
20279,27.97581452661822,0
20280,27.97581452661822,0
20281,27.97581452661822,0
20282,27.97581452661822,0
20283,27.97581452661822,0
20284,27.97581452661822,0
20285,27.97581452661822,0
20286,0.9171489060612799,0
20287,0.9171489060612799,0
20288,0.9171489060612799,0
20289,0.9171489060612799,0
20290,0.9171489060612799,0
20291,0.9171489060612799,0
20292,0.9171489060612799,1
20293,0.9171489060612799,0
20294,0.9171489060612799,1
20295,0.9171489060612799,0
20296,0.9171489060612799,0
20297,0.9171489060612799,1
20298,0.9171489060612799,0
20299,0.9171489060612799,1
20300,0.9171489060612799,0
20301,0.9171489060612799,0
20302,0.9171489060612799,0
20303,0.9171489060612799,0
20304,0.9171489060612799,0
20305,0.9171489060612799,0
20306,0.9171489060612799,0
20307,0.9171489060612799,0
20308,0.9171489060612799,0
20309,0.9171489060612799,0
20310,0.9171489060612799,0
20311,0.9171489060612799,0
20312,0.9171489060612799,0
20313,0.9171489060612799,0
20314,1.0310840177919012,0
20315,1.0310840177919012,0
20316,1.0310840177919012,1
20317,1.0310840177919012,0
20318,1.0310840177919012,1
20319,1.0310840177919012,0
20320,1.0310840177919012,0
20321,1.0310840177919012,0
20322,1.0310840177919012,1
20323,1.0310840177919012,0
20324,1.0310840177919012,0
20325,1.0310840177919012,0
20326,1.0310840177919012,0
20327,1.0310840177919012,0
20328,1.0310840177919012,1
20329,1.0310840177919012,0
20330,1.0310840177919012,0
20331,1.0310840177919012,1
20332,1.0310840177919012,1
20333,1.0310840177919012,0
20334,1.0310840177919012,0
20335,1.0310840177919012,0
20336,1.0310840177919012,0
20337,1.0310840177919012,0
20338,1.0310840177919012,0
20339,1.0310840177919012,0
20340,1.0310840177919012,0
20341,1.0310840177919012,0
20342,1.0310840177919012,0
20343,1.0310840177919012,0
20344,1.0310840177919012,1
20345,1.0310840177919012,0
20346,1.0310840177919012,0
20347,1.0310840177919012,0
20348,1.0310840177919012,0
20349,1.0310840177919012,1
20350,1.0310840177919012,1
20351,1.0310840177919012,0
20352,1.0310840177919012,1
20353,1.0310840177919012,0
20354,43.13542250303049,0
20355,43.13542250303049,0
20356,43.13542250303049,0
20357,43.13542250303049,0
20358,43.13542250303049,0
20359,43.13542250303049,0
20360,43.13542250303049,0
20361,43.13542250303049,0
20362,43.13542250303049,0
20363,43.13542250303049,0
20364,43.13542250303049,0
20365,43.13542250303049,0
20366,43.13542250303049,0
20367,43.13542250303049,0
20368,43.13542250303049,0
20369,43.13542250303049,0
20370,43.13542250303049,0
20371,43.13542250303049,0
20372,43.13542250303049,0
20373,43.13542250303049,0
20374,43.13542250303049,0
20375,43.13542250303049,0
20376,43.13542250303049,0
20377,43.13542250303049,0
20378,43.13542250303049,0
20379,43.13542250303049,0
20380,43.13542250303049,0
20381,43.13542250303049,0
20382,43.13542250303049,0
20383,43.13542250303049,0
20384,43.13542250303049,0
20385,43.13542250303049,0
20386,43.13542250303049,0
20387,43.13542250303049,0
20388,43.13542250303049,0
20389,43.13542250303049,0
20390,43.13542250303049,0
20391,43.13542250303049,0
20392,43.13542250303049,0
20393,43.13542250303049,0
20394,43.13542250303049,0
20395,43.13542250303049,1
20396,43.13542250303049,0
20397,43.13542250303049,0
20398,43.13542250303049,0
20399,43.13542250303049,0
20400,43.13542250303049,0
20401,43.13542250303049,0
20402,43.13542250303049,0
20403,43.13542250303049,0
20404,43.13542250303049,0
20405,43.13542250303049,0
20406,43.13542250303049,0
20407,43.13542250303049,0
20408,63.244601276540365,0
20409,63.244601276540365,0
20410,63.244601276540365,0
20411,63.244601276540365,0
20412,63.244601276540365,0
20413,63.244601276540365,0
20414,63.244601276540365,0
20415,63.244601276540365,0
20416,63.244601276540365,0
20417,63.244601276540365,0
20418,63.244601276540365,0
20419,63.244601276540365,0
20420,63.244601276540365,0
20421,63.244601276540365,0
20422,63.244601276540365,0
20423,63.244601276540365,0
20424,63.244601276540365,0
20425,63.244601276540365,0
20426,63.244601276540365,0
20427,63.244601276540365,0
20428,63.244601276540365,0
20429,63.244601276540365,0
20430,63.244601276540365,0
20431,63.244601276540365,0
20432,63.244601276540365,0
20433,63.244601276540365,0
20434,63.244601276540365,0
20435,63.244601276540365,0
20436,63.244601276540365,1
20437,63.244601276540365,0
20438,63.244601276540365,0
20439,9.781103622505984,1
20440,9.781103622505984,0
20441,9.781103622505984,0
20442,9.781103622505984,1
20443,9.781103622505984,0
20444,9.781103622505984,0
20445,9.781103622505984,1
20446,9.781103622505984,1
20447,9.781103622505984,0
20448,9.781103622505984,0
20449,9.781103622505984,1
20450,9.781103622505984,0
20451,9.781103622505984,0
20452,9.781103622505984,1
20453,9.781103622505984,0
20454,9.781103622505984,0
20455,9.781103622505984,1
20456,9.781103622505984,0
20457,9.781103622505984,0
20458,9.781103622505984,1
20459,9.781103622505984,1
20460,9.781103622505984,1
20461,9.781103622505984,0
20462,9.781103622505984,0
20463,9.781103622505984,1
20464,9.781103622505984,0
20465,9.781103622505984,0
20466,9.781103622505984,0
20467,38.72127736934353,0
20468,38.72127736934353,0
20469,38.72127736934353,0
20470,38.72127736934353,0
20471,38.72127736934353,0
20472,38.72127736934353,0
20473,38.72127736934353,0
20474,38.72127736934353,0
20475,38.72127736934353,0
20476,38.72127736934353,0
20477,38.72127736934353,0
20478,38.72127736934353,0
20479,38.72127736934353,0
20480,38.72127736934353,0
20481,38.72127736934353,0
20482,38.72127736934353,0
20483,38.72127736934353,0
20484,38.72127736934353,0
20485,38.72127736934353,0
20486,38.72127736934353,0
20487,38.72127736934353,0
20488,38.72127736934353,0
20489,38.72127736934353,0
20490,38.72127736934353,0
20491,38.72127736934353,0
20492,38.72127736934353,0
20493,38.72127736934353,0
20494,38.72127736934353,0
20495,38.72127736934353,0
20496,38.72127736934353,0
20497,38.72127736934353,0
20498,38.72127736934353,0
20499,38.72127736934353,0
20500,38.72127736934353,0
20501,0.8216990424519097,0
20502,0.8216990424519097,0
20503,0.8216990424519097,0
20504,0.8216990424519097,0
20505,0.8216990424519097,0
20506,0.8216990424519097,0
20507,0.8216990424519097,0
20508,0.8216990424519097,0
20509,0.8216990424519097,0
20510,0.8216990424519097,0
20511,0.8216990424519097,0
20512,0.8216990424519097,0
20513,0.8216990424519097,0
20514,0.8216990424519097,0
20515,0.8216990424519097,0
20516,0.8216990424519097,0
20517,0.8216990424519097,1
20518,0.8216990424519097,0
20519,0.8216990424519097,0
20520,0.8216990424519097,0
20521,0.8216990424519097,0
20522,0.8216990424519097,0
20523,0.8216990424519097,0
20524,0.8216990424519097,0
20525,0.8216990424519097,1
20526,0.8216990424519097,0
20527,0.8216990424519097,1
20528,0.8216990424519097,0
20529,0.8216990424519097,0
20530,0.8216990424519097,0
20531,0.8216990424519097,0
20532,0.8216990424519097,0
20533,0.8216990424519097,0
20534,0.8216990424519097,1
20535,0.8216990424519097,0
20536,0.8216990424519097,0
20537,0.8216990424519097,0
20538,0.8216990424519097,1
20539,0.8216990424519097,0
20540,0.8216990424519097,1
20541,0.8216990424519097,0
20542,0.8216990424519097,0
20543,0.8216990424519097,0
20544,0.8216990424519097,0
20545,0.8216990424519097,0
20546,0.8216990424519097,0
20547,0.8216990424519097,0
20548,0.8216990424519097,0
20549,0.8216990424519097,0
20550,0.8216990424519097,0
20551,0.8216990424519097,0
20552,0.8216990424519097,0
20553,0.8216990424519097,0
20554,42.657152760643804,0
20555,42.657152760643804,0
20556,42.657152760643804,0
20557,42.657152760643804,0
20558,42.657152760643804,0
20559,42.657152760643804,0
20560,42.657152760643804,0
20561,42.657152760643804,0
20562,42.657152760643804,0
20563,42.657152760643804,0
20564,42.657152760643804,0
20565,42.657152760643804,0
20566,42.657152760643804,0
20567,42.657152760643804,0
20568,42.657152760643804,0
20569,42.657152760643804,0
20570,42.657152760643804,0
20571,42.657152760643804,0
20572,42.657152760643804,0
20573,42.657152760643804,0
20574,42.657152760643804,0
20575,42.657152760643804,0
20576,42.657152760643804,0
20577,42.657152760643804,0
20578,42.657152760643804,0
20579,42.657152760643804,0
20580,42.657152760643804,0
20581,42.657152760643804,0
20582,42.657152760643804,1
20583,42.657152760643804,0
20584,42.657152760643804,0
20585,42.657152760643804,0
20586,42.657152760643804,0
20587,42.657152760643804,1
20588,29.35461851652167,0
20589,29.35461851652167,0
20590,29.35461851652167,0
20591,29.35461851652167,0
20592,29.35461851652167,0
20593,29.35461851652167,0
20594,29.35461851652167,0
20595,29.35461851652167,0
20596,29.35461851652167,0
20597,29.35461851652167,0
20598,29.35461851652167,0
20599,29.35461851652167,0
20600,29.35461851652167,0
20601,29.35461851652167,0
20602,29.35461851652167,0
20603,29.35461851652167,0
20604,29.35461851652167,0
20605,29.35461851652167,0
20606,29.35461851652167,0
20607,29.35461851652167,0
20608,29.35461851652167,0
20609,29.35461851652167,0
20610,29.35461851652167,0
20611,29.35461851652167,0
20612,29.35461851652167,0
20613,29.35461851652167,1
20614,29.35461851652167,0
20615,29.35461851652167,0
20616,29.35461851652167,0
20617,29.35461851652167,0
20618,29.35461851652167,0
20619,29.35461851652167,0
20620,29.35461851652167,0
20621,29.35461851652167,0
20622,29.35461851652167,0
20623,29.35461851652167,0
20624,87.38105951639292,0
20625,87.38105951639292,0
20626,87.38105951639292,0
20627,87.38105951639292,0
20628,87.38105951639292,0
20629,87.38105951639292,0
20630,87.38105951639292,0
20631,87.38105951639292,0
20632,87.38105951639292,1
20633,87.38105951639292,0
20634,87.38105951639292,0
20635,87.38105951639292,0
20636,87.38105951639292,0
20637,87.38105951639292,0
20638,87.38105951639292,1
20639,87.38105951639292,0
20640,87.38105951639292,0
20641,87.38105951639292,0
20642,87.38105951639292,0
20643,87.38105951639292,1
20644,87.38105951639292,0
20645,87.38105951639292,0
20646,87.38105951639292,0
20647,87.38105951639292,0
20648,87.38105951639292,0
20649,87.38105951639292,1
20650,87.38105951639292,0
20651,87.38105951639292,0
20652,87.38105951639292,0
20653,87.38105951639292,0
20654,87.38105951639292,0
20655,87.38105951639292,0
20656,87.38105951639292,0
20657,87.38105951639292,0
20658,87.38105951639292,0
20659,87.38105951639292,0
20660,87.38105951639292,0
20661,87.38105951639292,0
20662,87.38105951639292,0
20663,87.38105951639292,0
20664,87.38105951639292,0
20665,87.38105951639292,0
20666,87.38105951639292,0
20667,87.38105951639292,0
20668,87.38105951639292,0
20669,7.440507264041962,0
20670,7.440507264041962,0
20671,7.440507264041962,0
20672,7.440507264041962,0
20673,7.440507264041962,0
20674,7.440507264041962,0
20675,7.440507264041962,0
20676,7.440507264041962,0
20677,7.440507264041962,0
20678,7.440507264041962,0
20679,7.440507264041962,0
20680,7.440507264041962,0
20681,7.440507264041962,0
20682,7.440507264041962,0
20683,7.440507264041962,0
20684,7.440507264041962,0
20685,7.440507264041962,0
20686,7.440507264041962,0
20687,7.440507264041962,0
20688,7.440507264041962,1
20689,7.440507264041962,0
20690,7.440507264041962,0
20691,7.440507264041962,0
20692,7.440507264041962,0
20693,7.440507264041962,0
20694,7.440507264041962,0
20695,7.440507264041962,0
20696,7.440507264041962,0
20697,7.440507264041962,0
20698,7.440507264041962,0
20699,7.440507264041962,0
20700,7.440507264041962,0
20701,7.440507264041962,0
20702,7.440507264041962,0
20703,35.25646308554881,0
20704,35.25646308554881,1
20705,35.25646308554881,0
20706,35.25646308554881,0
20707,35.25646308554881,0
20708,35.25646308554881,0
20709,35.25646308554881,0
20710,35.25646308554881,0
20711,35.25646308554881,0
20712,35.25646308554881,0
20713,35.25646308554881,0
20714,35.25646308554881,0
20715,35.25646308554881,0
20716,35.25646308554881,0
20717,35.25646308554881,0
20718,35.25646308554881,0
20719,35.25646308554881,0
20720,35.25646308554881,0
20721,35.25646308554881,0
20722,35.25646308554881,0
20723,35.25646308554881,0
20724,35.25646308554881,0
20725,35.25646308554881,0
20726,35.25646308554881,0
20727,35.25646308554881,0
20728,35.25646308554881,0
20729,35.25646308554881,0
20730,35.25646308554881,0
20731,35.25646308554881,0
20732,42.67337088013276,0
20733,42.67337088013276,0
20734,42.67337088013276,0
20735,42.67337088013276,0
20736,42.67337088013276,0
20737,42.67337088013276,0
20738,42.67337088013276,0
20739,42.67337088013276,0
20740,42.67337088013276,0
20741,42.67337088013276,0
20742,42.67337088013276,0
20743,42.67337088013276,0
20744,42.67337088013276,0
20745,42.67337088013276,0
20746,42.67337088013276,0
20747,42.67337088013276,0
20748,42.67337088013276,0
20749,42.67337088013276,0
20750,42.67337088013276,0
20751,42.67337088013276,0
20752,42.67337088013276,0
20753,42.67337088013276,0
20754,42.67337088013276,0
20755,42.67337088013276,0
20756,42.67337088013276,0
20757,42.67337088013276,0
20758,42.67337088013276,0
20759,42.67337088013276,0
20760,42.67337088013276,0
20761,42.67337088013276,0
20762,42.67337088013276,0
20763,42.67337088013276,0
20764,42.67337088013276,0
20765,42.67337088013276,0
20766,42.67337088013276,0
20767,0.9316590979694906,0
20768,0.9316590979694906,0
20769,0.9316590979694906,0
20770,0.9316590979694906,0
20771,0.9316590979694906,0
20772,0.9316590979694906,0
20773,0.9316590979694906,0
20774,0.9316590979694906,0
20775,0.9316590979694906,0
20776,0.9316590979694906,0
20777,0.9316590979694906,0
20778,0.9316590979694906,0
20779,0.9316590979694906,0
20780,0.9316590979694906,0
20781,0.9316590979694906,0
20782,0.9316590979694906,0
20783,0.9316590979694906,0
20784,0.9316590979694906,0
20785,0.9316590979694906,0
20786,0.9316590979694906,0
20787,0.9316590979694906,0
20788,0.9316590979694906,0
20789,0.9316590979694906,0
20790,0.9316590979694906,0
20791,0.9316590979694906,0
20792,0.9316590979694906,0
20793,0.9316590979694906,0
20794,0.9316590979694906,0
20795,8.935391092563911,1
20796,8.935391092563911,0
20797,8.935391092563911,0
20798,8.935391092563911,0
20799,8.935391092563911,0
20800,8.935391092563911,0
20801,8.935391092563911,0
20802,8.935391092563911,0
20803,8.935391092563911,0
20804,8.935391092563911,0
20805,8.935391092563911,0
20806,8.935391092563911,0
20807,8.935391092563911,0
20808,8.935391092563911,0
20809,8.935391092563911,0
20810,8.935391092563911,0
20811,8.935391092563911,0
20812,8.935391092563911,0
20813,8.935391092563911,0
20814,8.935391092563911,0
20815,8.935391092563911,0
20816,8.935391092563911,0
20817,8.935391092563911,0
20818,8.935391092563911,0
20819,8.935391092563911,0
20820,8.935391092563911,1
20821,8.935391092563911,0
20822,8.935391092563911,0
20823,8.935391092563911,0
20824,8.935391092563911,0
20825,8.935391092563911,0
20826,8.935391092563911,0
20827,8.935391092563911,0
20828,8.935391092563911,0
20829,8.935391092563911,0
20830,8.935391092563911,1
20831,75.80846080777494,0
20832,75.80846080777494,0
20833,75.80846080777494,0
20834,75.80846080777494,0
20835,75.80846080777494,0
20836,75.80846080777494,1
20837,75.80846080777494,0
20838,75.80846080777494,0
20839,75.80846080777494,0
20840,75.80846080777494,0
20841,75.80846080777494,0
20842,75.80846080777494,0
20843,75.80846080777494,0
20844,75.80846080777494,0
20845,75.80846080777494,0
20846,75.80846080777494,0
20847,75.80846080777494,0
20848,75.80846080777494,0
20849,75.80846080777494,0
20850,75.80846080777494,0
20851,75.80846080777494,0
20852,75.80846080777494,0
20853,75.80846080777494,0
20854,75.80846080777494,0
20855,75.80846080777494,0
20856,75.80846080777494,0
20857,75.80846080777494,0
20858,75.80846080777494,0
20859,75.80846080777494,0
20860,75.80846080777494,0
20861,75.80846080777494,0
20862,75.80846080777494,0
20863,75.80846080777494,0
20864,4.4491861158529735,0
20865,4.4491861158529735,0
20866,4.4491861158529735,1
20867,4.4491861158529735,0
20868,4.4491861158529735,0
20869,4.4491861158529735,0
20870,4.4491861158529735,0
20871,4.4491861158529735,0
20872,4.4491861158529735,0
20873,4.4491861158529735,0
20874,4.4491861158529735,0
20875,4.4491861158529735,0
20876,4.4491861158529735,0
20877,4.4491861158529735,0
20878,4.4491861158529735,0
20879,4.4491861158529735,0
20880,4.4491861158529735,0
20881,4.4491861158529735,0
20882,4.4491861158529735,0
20883,4.4491861158529735,0
20884,4.4491861158529735,0
20885,4.4491861158529735,0
20886,4.4491861158529735,0
20887,4.4491861158529735,0
20888,4.4491861158529735,0
20889,4.4491861158529735,0
20890,4.4491861158529735,0
20891,4.4491861158529735,0
20892,4.4491861158529735,0
20893,4.4491861158529735,0
20894,4.4491861158529735,0
20895,4.4491861158529735,0
20896,4.4491861158529735,0
20897,4.4491861158529735,0
20898,4.4491861158529735,0
20899,4.4491861158529735,0
20900,4.4491861158529735,0
20901,4.4491861158529735,0
20902,4.4491861158529735,0
20903,4.4491861158529735,0
20904,4.4491861158529735,0
20905,4.4491861158529735,0
20906,4.4491861158529735,0
20907,4.4491861158529735,0
20908,4.4491861158529735,0
20909,6.818085053039415,0
20910,6.818085053039415,0
20911,6.818085053039415,0
20912,6.818085053039415,0
20913,6.818085053039415,0
20914,6.818085053039415,0
20915,6.818085053039415,0
20916,6.818085053039415,0
20917,6.818085053039415,0
20918,6.818085053039415,0
20919,6.818085053039415,0
20920,6.818085053039415,0
20921,6.818085053039415,0
20922,6.818085053039415,0
20923,6.818085053039415,0
20924,6.818085053039415,0
20925,6.818085053039415,0
20926,6.818085053039415,0
20927,6.818085053039415,0
20928,6.818085053039415,0
20929,6.818085053039415,0
20930,6.818085053039415,0
20931,6.818085053039415,0
20932,6.818085053039415,0
20933,6.818085053039415,0
20934,6.818085053039415,0
20935,6.818085053039415,0
20936,6.818085053039415,0
20937,6.818085053039415,0
20938,6.818085053039415,0
20939,55.02229834810943,0
20940,55.02229834810943,0
20941,55.02229834810943,0
20942,55.02229834810943,0
20943,55.02229834810943,0
20944,55.02229834810943,0
20945,55.02229834810943,0
20946,55.02229834810943,0
20947,55.02229834810943,0
20948,55.02229834810943,0
20949,55.02229834810943,0
20950,55.02229834810943,1
20951,55.02229834810943,0
20952,55.02229834810943,0
20953,55.02229834810943,0
20954,55.02229834810943,0
20955,55.02229834810943,0
20956,55.02229834810943,0
20957,55.02229834810943,0
20958,55.02229834810943,0
20959,55.02229834810943,0
20960,55.02229834810943,0
20961,55.02229834810943,0
20962,55.02229834810943,0
20963,55.02229834810943,0
20964,55.02229834810943,0
20965,55.02229834810943,0
20966,55.02229834810943,0
20967,55.02229834810943,0
20968,18.800725833411207,0
20969,18.800725833411207,0
20970,18.800725833411207,0
20971,18.800725833411207,0
20972,18.800725833411207,0
20973,18.800725833411207,0
20974,18.800725833411207,0
20975,18.800725833411207,0
20976,18.800725833411207,1
20977,18.800725833411207,0
20978,18.800725833411207,0
20979,18.800725833411207,0
20980,18.800725833411207,0
20981,18.800725833411207,0
20982,18.800725833411207,0
20983,18.800725833411207,0
20984,18.800725833411207,0
20985,18.800725833411207,1
20986,18.800725833411207,1
20987,18.800725833411207,0
20988,18.800725833411207,0
20989,18.800725833411207,0
20990,24.101533570474356,0
20991,24.101533570474356,0
20992,24.101533570474356,0
20993,24.101533570474356,0
20994,24.101533570474356,0
20995,24.101533570474356,0
20996,24.101533570474356,0
20997,24.101533570474356,0
20998,24.101533570474356,0
20999,24.101533570474356,1
21000,24.101533570474356,0
21001,24.101533570474356,0
21002,24.101533570474356,1
21003,24.101533570474356,0
21004,24.101533570474356,0
21005,24.101533570474356,0
21006,24.101533570474356,0
21007,24.101533570474356,0
21008,24.101533570474356,0
21009,24.101533570474356,0
21010,24.101533570474356,0
21011,24.101533570474356,1
21012,24.101533570474356,0
21013,24.101533570474356,0
21014,24.101533570474356,0
21015,24.101533570474356,0
21016,24.101533570474356,1
21017,24.101533570474356,1
21018,24.101533570474356,0
21019,24.101533570474356,0
21020,24.101533570474356,0
21021,24.101533570474356,0
21022,24.101533570474356,0
21023,24.101533570474356,0
21024,24.101533570474356,0
21025,24.101533570474356,0
21026,24.101533570474356,0
21027,24.101533570474356,0
21028,24.101533570474356,0
21029,24.101533570474356,0
21030,24.101533570474356,0
21031,24.101533570474356,0
21032,24.101533570474356,0
21033,24.101533570474356,0
21034,48.2220896715415,0
21035,48.2220896715415,0
21036,48.2220896715415,1
21037,48.2220896715415,0
21038,48.2220896715415,0
21039,48.2220896715415,0
21040,48.2220896715415,0
21041,48.2220896715415,0
21042,48.2220896715415,0
21043,48.2220896715415,0
21044,48.2220896715415,0
21045,48.2220896715415,0
21046,48.2220896715415,0
21047,48.2220896715415,0
21048,48.2220896715415,0
21049,48.2220896715415,0
21050,48.2220896715415,0
21051,48.2220896715415,0
21052,48.2220896715415,0
21053,48.2220896715415,0
21054,48.2220896715415,0
21055,48.2220896715415,0
21056,48.2220896715415,0
21057,48.2220896715415,1
21058,48.2220896715415,0
21059,48.2220896715415,0
21060,48.2220896715415,0
21061,48.2220896715415,0
21062,48.2220896715415,1
21063,48.2220896715415,0
21064,48.2220896715415,0
21065,48.2220896715415,0
21066,48.2220896715415,0
21067,48.2220896715415,0
21068,48.2220896715415,0
21069,48.2220896715415,0
21070,48.2220896715415,0
21071,48.2220896715415,0
21072,0.5715984337700761,0
21073,0.5715984337700761,0
21074,0.5715984337700761,0
21075,0.5715984337700761,0
21076,0.5715984337700761,0
21077,0.5715984337700761,0
21078,0.5715984337700761,0
21079,0.5715984337700761,0
21080,0.5715984337700761,0
21081,0.5715984337700761,0
21082,0.5715984337700761,0
21083,0.5715984337700761,0
21084,0.5715984337700761,0
21085,0.5715984337700761,0
21086,0.5715984337700761,0
21087,0.5715984337700761,0
21088,0.5715984337700761,0
21089,0.5715984337700761,0
21090,0.5715984337700761,0
21091,0.5715984337700761,0
21092,0.5715984337700761,0
21093,0.5715984337700761,0
21094,0.5715984337700761,0
21095,0.5715984337700761,0
21096,0.5715984337700761,0
21097,0.5715984337700761,0
21098,0.5715984337700761,0
21099,0.5715984337700761,0
21100,0.5715984337700761,0
21101,0.5715984337700761,0
21102,0.5715984337700761,0
21103,0.5715984337700761,0
21104,0.5715984337700761,0
21105,0.5715984337700761,0
21106,0.5715984337700761,0
21107,0.5715984337700761,0
21108,38.26577385912565,1
21109,38.26577385912565,0
21110,38.26577385912565,0
21111,38.26577385912565,0
21112,38.26577385912565,0
21113,38.26577385912565,0
21114,38.26577385912565,0
21115,38.26577385912565,0
21116,38.26577385912565,0
21117,38.26577385912565,0
21118,38.26577385912565,0
21119,38.26577385912565,0
21120,38.26577385912565,0
21121,38.26577385912565,0
21122,38.26577385912565,0
21123,38.26577385912565,0
21124,38.26577385912565,0
21125,38.26577385912565,0
21126,38.26577385912565,0
21127,38.26577385912565,0
21128,38.26577385912565,0
21129,38.26577385912565,0
21130,38.26577385912565,0
21131,38.26577385912565,0
21132,38.26577385912565,0
21133,38.26577385912565,0
21134,38.26577385912565,0
21135,38.26577385912565,0
21136,38.26577385912565,0
21137,38.26577385912565,0
21138,38.26577385912565,0
21139,38.26577385912565,0
21140,70.47332420184962,0
21141,70.47332420184962,0
21142,70.47332420184962,1
21143,70.47332420184962,0
21144,70.47332420184962,0
21145,70.47332420184962,0
21146,70.47332420184962,0
21147,70.47332420184962,0
21148,70.47332420184962,0
21149,70.47332420184962,0
21150,70.47332420184962,0
21151,70.47332420184962,0
21152,70.47332420184962,0
21153,70.47332420184962,0
21154,70.47332420184962,0
21155,70.47332420184962,0
21156,70.47332420184962,0
21157,70.47332420184962,0
21158,70.47332420184962,0
21159,70.47332420184962,0
21160,70.47332420184962,0
21161,70.47332420184962,0
21162,70.47332420184962,0
21163,70.47332420184962,0
21164,70.47332420184962,0
21165,70.47332420184962,0
21166,70.47332420184962,0
21167,70.47332420184962,0
21168,70.47332420184962,0
21169,70.47332420184962,0
21170,70.47332420184962,0
21171,70.47332420184962,0
21172,70.47332420184962,0
21173,70.47332420184962,1
21174,70.47332420184962,0
21175,2.481957659566659,0
21176,2.481957659566659,0
21177,2.481957659566659,0
21178,2.481957659566659,0
21179,2.481957659566659,0
21180,2.481957659566659,1
21181,2.481957659566659,0
21182,2.481957659566659,0
21183,2.481957659566659,0
21184,2.481957659566659,0
21185,2.481957659566659,0
21186,2.481957659566659,0
21187,2.481957659566659,0
21188,2.481957659566659,0
21189,2.481957659566659,0
21190,2.481957659566659,0
21191,2.481957659566659,0
21192,2.481957659566659,0
21193,2.481957659566659,0
21194,2.481957659566659,0
21195,2.481957659566659,0
21196,2.481957659566659,0
21197,2.481957659566659,0
21198,2.481957659566659,0
21199,2.481957659566659,0
21200,2.481957659566659,0
21201,2.481957659566659,0
21202,2.481957659566659,0
21203,2.481957659566659,0
21204,2.481957659566659,0
21205,2.481957659566659,0
21206,2.481957659566659,1
21207,2.481957659566659,0
21208,2.481957659566659,0
21209,2.481957659566659,0
21210,2.481957659566659,0
21211,2.481957659566659,0
21212,2.481957659566659,1
21213,2.481957659566659,1
21214,10.228003414450358,0
21215,10.228003414450358,0
21216,10.228003414450358,0
21217,10.228003414450358,0
21218,10.228003414450358,0
21219,10.228003414450358,0
21220,10.228003414450358,0
21221,10.228003414450358,0
21222,10.228003414450358,0
21223,10.228003414450358,0
21224,10.228003414450358,0
21225,10.228003414450358,0
21226,10.228003414450358,0
21227,10.228003414450358,0
21228,10.228003414450358,0
21229,10.228003414450358,1
21230,10.228003414450358,0
21231,10.228003414450358,0
21232,10.228003414450358,0
21233,10.228003414450358,1
21234,10.228003414450358,0
21235,10.228003414450358,0
21236,10.228003414450358,0
21237,10.228003414450358,0
21238,10.228003414450358,0
21239,0.6630858086166929,0
21240,0.6630858086166929,0
21241,0.6630858086166929,0
21242,0.6630858086166929,0
21243,0.6630858086166929,1
21244,0.6630858086166929,0
21245,0.6630858086166929,0
21246,0.6630858086166929,1
21247,0.6630858086166929,1
21248,0.6630858086166929,0
21249,0.6630858086166929,1
21250,0.6630858086166929,1
21251,0.6630858086166929,0
21252,0.6630858086166929,0
21253,0.6630858086166929,0
21254,0.6630858086166929,0
21255,0.6630858086166929,0
21256,0.6630858086166929,0
21257,0.6630858086166929,1
21258,0.6630858086166929,0
21259,0.6630858086166929,0
21260,0.6630858086166929,1
21261,0.6630858086166929,1
21262,0.6630858086166929,0
21263,0.6630858086166929,0
21264,0.6630858086166929,1
21265,0.6630858086166929,1
21266,0.6630858086166929,0
21267,0.6630858086166929,0
21268,0.6630858086166929,0
21269,0.6630858086166929,1
21270,0.6630858086166929,1
21271,0.6630858086166929,1
21272,0.6630858086166929,0
21273,0.6630858086166929,0
21274,0.6630858086166929,0
21275,0.6630858086166929,0
21276,0.6630858086166929,0
21277,0.6630858086166929,1
21278,23.691534444063198,0
21279,23.691534444063198,0
21280,23.691534444063198,0
21281,23.691534444063198,0
21282,23.691534444063198,0
21283,23.691534444063198,0
21284,23.691534444063198,0
21285,23.691534444063198,0
21286,23.691534444063198,0
21287,23.691534444063198,0
21288,23.691534444063198,0
21289,23.691534444063198,0
21290,23.691534444063198,0
21291,23.691534444063198,0
21292,23.691534444063198,0
21293,23.691534444063198,0
21294,23.691534444063198,0
21295,23.691534444063198,0
21296,23.691534444063198,1
21297,23.691534444063198,0
21298,23.691534444063198,0
21299,23.691534444063198,0
21300,23.691534444063198,0
21301,23.691534444063198,0
21302,23.691534444063198,0
21303,23.691534444063198,0
21304,23.691534444063198,0
21305,23.691534444063198,0
21306,23.691534444063198,0
21307,23.691534444063198,0
21308,58.71148997151002,0
21309,58.71148997151002,0
21310,58.71148997151002,0
21311,58.71148997151002,1
21312,58.71148997151002,0
21313,58.71148997151002,0
21314,58.71148997151002,0
21315,58.71148997151002,0
21316,58.71148997151002,0
21317,58.71148997151002,0
21318,58.71148997151002,0
21319,58.71148997151002,0
21320,58.71148997151002,0
21321,58.71148997151002,0
21322,58.71148997151002,0
21323,58.71148997151002,0
21324,58.71148997151002,0
21325,58.71148997151002,0
21326,58.71148997151002,0
21327,58.71148997151002,0
21328,58.71148997151002,0
21329,58.71148997151002,0
21330,58.71148997151002,0
21331,58.71148997151002,0
21332,58.71148997151002,0
21333,58.71148997151002,0
21334,58.71148997151002,0
21335,4.360064187847528,0
21336,4.360064187847528,0
21337,4.360064187847528,0
21338,4.360064187847528,0
21339,4.360064187847528,0
21340,4.360064187847528,0
21341,4.360064187847528,0
21342,4.360064187847528,0
21343,4.360064187847528,0
21344,4.360064187847528,1
21345,4.360064187847528,0
21346,4.360064187847528,0
21347,4.360064187847528,1
21348,4.360064187847528,0
21349,4.360064187847528,0
21350,4.360064187847528,1
21351,4.360064187847528,1
21352,4.360064187847528,0
21353,4.360064187847528,0
21354,4.360064187847528,0
21355,4.360064187847528,0
21356,4.360064187847528,0
21357,4.360064187847528,0
21358,4.360064187847528,0
21359,4.360064187847528,0
21360,4.360064187847528,1
21361,4.360064187847528,0
21362,4.360064187847528,0
21363,4.360064187847528,0
21364,4.360064187847528,0
21365,4.360064187847528,0
21366,4.360064187847528,0
21367,4.360064187847528,0
21368,4.360064187847528,0
21369,4.360064187847528,0
21370,4.360064187847528,1
21371,4.360064187847528,0
21372,4.360064187847528,0
21373,4.360064187847528,0
21374,4.360064187847528,0
21375,4.360064187847528,0
21376,4.360064187847528,1
21377,4.360064187847528,1
21378,4.360064187847528,0
21379,4.360064187847528,0
21380,4.360064187847528,0
21381,4.360064187847528,0
21382,15.911716491956346,0
21383,15.911716491956346,0
21384,15.911716491956346,0
21385,15.911716491956346,0
21386,15.911716491956346,0
21387,15.911716491956346,0
21388,15.911716491956346,0
21389,15.911716491956346,0
21390,15.911716491956346,0
21391,15.911716491956346,0
21392,15.911716491956346,0
21393,15.911716491956346,0
21394,15.911716491956346,0
21395,15.911716491956346,0
21396,15.911716491956346,0
21397,15.911716491956346,0
21398,15.911716491956346,0
21399,15.911716491956346,0
21400,1.0410913649589146,0
21401,1.0410913649589146,1
21402,1.0410913649589146,0
21403,1.0410913649589146,0
21404,1.0410913649589146,0
21405,1.0410913649589146,0
21406,1.0410913649589146,0
21407,1.0410913649589146,0
21408,1.0410913649589146,0
21409,1.0410913649589146,0
21410,1.0410913649589146,0
21411,1.0410913649589146,0
21412,1.0410913649589146,0
21413,1.0410913649589146,0
21414,1.0410913649589146,1
21415,1.0410913649589146,0
21416,1.0410913649589146,0
21417,1.0410913649589146,0
21418,1.0410913649589146,0
21419,1.0410913649589146,0
21420,1.0410913649589146,0
21421,1.0410913649589146,1
21422,1.0410913649589146,1
21423,1.0410913649589146,0
21424,1.0410913649589146,0
21425,1.0410913649589146,1
21426,1.0410913649589146,0
21427,1.0410913649589146,0
21428,1.0410913649589146,0
21429,1.0410913649589146,1
21430,1.0410913649589146,0
21431,1.0410913649589146,1
21432,1.0410913649589146,0
21433,1.0410913649589146,0
21434,1.0410913649589146,0
21435,1.0410913649589146,0
21436,1.0410913649589146,0
21437,1.0410913649589146,0
21438,1.0410913649589146,0
21439,1.0410913649589146,0
21440,1.0410913649589146,0
21441,1.0410913649589146,0
21442,1.0410913649589146,0
21443,1.0410913649589146,0
21444,1.0410913649589146,0
21445,1.0410913649589146,1
21446,29.577548993463285,0
21447,29.577548993463285,0
21448,29.577548993463285,0
21449,29.577548993463285,0
21450,29.577548993463285,0
21451,29.577548993463285,0
21452,29.577548993463285,0
21453,29.577548993463285,0
21454,29.577548993463285,0
21455,29.577548993463285,0
21456,29.577548993463285,0
21457,29.577548993463285,0
21458,29.577548993463285,0
21459,29.577548993463285,0
21460,29.577548993463285,0
21461,29.577548993463285,0
21462,29.577548993463285,0
21463,29.577548993463285,0
21464,29.577548993463285,0
21465,29.577548993463285,0
21466,29.577548993463285,0
21467,29.577548993463285,0
21468,29.577548993463285,0
21469,29.577548993463285,0
21470,29.577548993463285,0
21471,29.577548993463285,0
21472,29.577548993463285,0
21473,29.577548993463285,0
21474,29.577548993463285,0
21475,29.577548993463285,0
21476,29.577548993463285,0
21477,29.577548993463285,0
21478,29.577548993463285,0
21479,29.577548993463285,0
21480,29.577548993463285,0
21481,29.577548993463285,0
21482,29.577548993463285,1
21483,29.577548993463285,0
21484,29.577548993463285,0
21485,29.577548993463285,0
21486,29.577548993463285,0
21487,29.577548993463285,0
21488,0.4612866688373948,0
21489,0.4612866688373948,0
21490,0.4612866688373948,0
21491,0.4612866688373948,0
21492,0.4612866688373948,0
21493,0.4612866688373948,0
21494,0.4612866688373948,0
21495,0.4612866688373948,0
21496,0.4612866688373948,0
21497,0.4612866688373948,0
21498,0.4612866688373948,0
21499,0.4612866688373948,1
21500,0.4612866688373948,0
21501,0.4612866688373948,0
21502,0.4612866688373948,0
21503,0.4612866688373948,1
21504,0.4612866688373948,0
21505,0.4612866688373948,0
21506,0.4612866688373948,0
21507,0.4612866688373948,0
21508,0.4612866688373948,0
21509,0.4612866688373948,0
21510,0.4612866688373948,0
21511,0.4612866688373948,1
21512,0.4612866688373948,0
21513,0.4612866688373948,0
21514,0.4612866688373948,0
21515,0.4612866688373948,0
21516,0.4612866688373948,0
21517,0.4612866688373948,0
21518,0.4612866688373948,0
21519,0.4612866688373948,0
21520,0.4612866688373948,1
21521,0.4612866688373948,0
21522,0.4612866688373948,0
21523,0.4612866688373948,0
21524,0.4612866688373948,0
21525,0.4612866688373948,0
21526,0.4612866688373948,0
21527,0.4612866688373948,0
21528,0.4612866688373948,0
21529,0.4612866688373948,0
21530,0.4612866688373948,0
21531,29.535625230724882,0
21532,29.535625230724882,0
21533,29.535625230724882,0
21534,29.535625230724882,0
21535,29.535625230724882,0
21536,29.535625230724882,0
21537,29.535625230724882,0
21538,29.535625230724882,0
21539,29.535625230724882,0
21540,29.535625230724882,1
21541,29.535625230724882,0
21542,29.535625230724882,0
21543,29.535625230724882,0
21544,29.535625230724882,0
21545,29.535625230724882,1
21546,29.535625230724882,0
21547,29.535625230724882,0
21548,29.535625230724882,0
21549,29.535625230724882,0
21550,29.535625230724882,0
21551,29.535625230724882,0
21552,29.535625230724882,0
21553,29.535625230724882,0
21554,29.535625230724882,0
21555,29.535625230724882,0
21556,29.535625230724882,0
21557,29.535625230724882,0
21558,29.535625230724882,0
21559,29.535625230724882,0
21560,29.535625230724882,0
21561,29.535625230724882,0
21562,29.535625230724882,0
21563,29.535625230724882,0
21564,29.535625230724882,0
21565,29.535625230724882,0
21566,29.535625230724882,0
21567,29.535625230724882,0
21568,29.535625230724882,0
21569,29.535625230724882,0
21570,29.535625230724882,0
21571,68.59160987601544,0
21572,68.59160987601544,0
21573,68.59160987601544,0
21574,68.59160987601544,0
21575,68.59160987601544,0
21576,68.59160987601544,0
21577,68.59160987601544,0
21578,68.59160987601544,0
21579,68.59160987601544,0
21580,68.59160987601544,0
21581,68.59160987601544,0
21582,68.59160987601544,0
21583,68.59160987601544,0
21584,68.59160987601544,0
21585,68.59160987601544,0
21586,68.59160987601544,0
21587,68.59160987601544,0
21588,68.59160987601544,0
21589,68.59160987601544,0
21590,68.59160987601544,0
21591,68.59160987601544,0
21592,68.59160987601544,0
21593,68.59160987601544,0
21594,68.59160987601544,0
21595,68.59160987601544,0
21596,68.59160987601544,0
21597,68.59160987601544,0
21598,68.59160987601544,0
21599,68.59160987601544,0
21600,68.59160987601544,0
21601,68.59160987601544,0
21602,68.59160987601544,0
21603,34.51707147681823,1
21604,34.51707147681823,0
21605,34.51707147681823,0
21606,34.51707147681823,0
21607,34.51707147681823,0
21608,34.51707147681823,0
21609,34.51707147681823,0
21610,34.51707147681823,0
21611,34.51707147681823,1
21612,34.51707147681823,0
21613,34.51707147681823,0
21614,34.51707147681823,1
21615,34.51707147681823,0
21616,34.51707147681823,0
21617,34.51707147681823,0
21618,34.51707147681823,0
21619,34.51707147681823,0
21620,34.51707147681823,0
21621,34.51707147681823,0
21622,34.51707147681823,0
21623,34.51707147681823,0
21624,34.51707147681823,0
21625,34.51707147681823,0
21626,4.96013307965161,0
21627,4.96013307965161,0
21628,4.96013307965161,0
21629,4.96013307965161,1
21630,4.96013307965161,0
21631,4.96013307965161,0
21632,4.96013307965161,0
21633,4.96013307965161,0
21634,4.96013307965161,0
21635,4.96013307965161,0
21636,4.96013307965161,0
21637,4.96013307965161,0
21638,4.96013307965161,0
21639,4.96013307965161,0
21640,4.96013307965161,0
21641,4.96013307965161,0
21642,4.96013307965161,0
21643,4.96013307965161,0
21644,4.96013307965161,0
21645,4.96013307965161,0
21646,4.96013307965161,1
21647,4.96013307965161,0
21648,4.96013307965161,0
21649,4.96013307965161,1
21650,4.96013307965161,0
21651,4.96013307965161,0
21652,4.96013307965161,1
21653,4.96013307965161,0
21654,4.96013307965161,0
21655,4.96013307965161,0
21656,4.96013307965161,0
21657,4.96013307965161,1
21658,4.96013307965161,1
21659,4.96013307965161,0
21660,4.96013307965161,0
21661,4.96013307965161,0
21662,4.96013307965161,0
21663,5.9254455711599885,0
21664,5.9254455711599885,0
21665,5.9254455711599885,0
21666,5.9254455711599885,0
21667,5.9254455711599885,0
21668,5.9254455711599885,0
21669,5.9254455711599885,0
21670,5.9254455711599885,0
21671,5.9254455711599885,0
21672,5.9254455711599885,0
21673,5.9254455711599885,0
21674,5.9254455711599885,0
21675,5.9254455711599885,0
21676,5.9254455711599885,0
21677,5.9254455711599885,0
21678,5.9254455711599885,0
21679,5.9254455711599885,0
21680,5.9254455711599885,0
21681,5.9254455711599885,0
21682,5.9254455711599885,0
21683,5.9254455711599885,0
21684,5.9254455711599885,0
21685,5.9254455711599885,0
21686,5.9254455711599885,0
21687,5.9254455711599885,0
21688,5.9254455711599885,0
21689,5.9254455711599885,0
21690,5.9254455711599885,0
21691,5.9254455711599885,0
21692,43.40795172728054,0
21693,43.40795172728054,0
21694,43.40795172728054,0
21695,43.40795172728054,0
21696,43.40795172728054,0
21697,43.40795172728054,0
21698,43.40795172728054,0
21699,43.40795172728054,0
21700,43.40795172728054,0
21701,43.40795172728054,0
21702,43.40795172728054,0
21703,43.40795172728054,0
21704,43.40795172728054,0
21705,43.40795172728054,0
21706,43.40795172728054,0
21707,43.40795172728054,0
21708,43.40795172728054,0
21709,43.40795172728054,0
21710,43.40795172728054,0
21711,43.40795172728054,0
21712,43.40795172728054,0
21713,43.40795172728054,0
21714,43.40795172728054,1
21715,43.40795172728054,1
21716,43.40795172728054,0
21717,43.40795172728054,0
21718,43.40795172728054,0
21719,43.40795172728054,0
21720,43.40795172728054,0
21721,43.40795172728054,0
21722,43.40795172728054,0
21723,43.40795172728054,0
21724,43.40795172728054,0
21725,43.40795172728054,0
21726,43.40795172728054,0
21727,43.40795172728054,0
21728,43.40795172728054,0
21729,43.40795172728054,0
21730,43.40795172728054,0
21731,5.34807844030713,0
21732,5.34807844030713,0
21733,5.34807844030713,0
21734,5.34807844030713,0
21735,5.34807844030713,0
21736,5.34807844030713,1
21737,5.34807844030713,0
21738,5.34807844030713,0
21739,5.34807844030713,0
21740,5.34807844030713,0
21741,5.34807844030713,0
21742,5.34807844030713,0
21743,5.34807844030713,0
21744,5.34807844030713,0
21745,5.34807844030713,0
21746,5.34807844030713,0
21747,5.34807844030713,0
21748,5.34807844030713,0
21749,5.34807844030713,0
21750,5.34807844030713,0
21751,5.34807844030713,0
21752,5.34807844030713,0
21753,5.34807844030713,0
21754,5.34807844030713,1
21755,5.34807844030713,0
21756,5.34807844030713,0
21757,5.34807844030713,0
21758,5.34807844030713,0
21759,5.34807844030713,0
21760,5.34807844030713,0
21761,5.34807844030713,0
21762,5.34807844030713,0
21763,5.34807844030713,0
21764,5.34807844030713,0
21765,5.34807844030713,0
21766,5.34807844030713,0
21767,5.34807844030713,0
21768,5.34807844030713,0
21769,5.34807844030713,0
21770,5.34807844030713,0
21771,5.34807844030713,0
21772,5.34807844030713,0
21773,5.34807844030713,0
21774,24.522021271101384,0
21775,24.522021271101384,0
21776,24.522021271101384,0
21777,24.522021271101384,0
21778,24.522021271101384,0
21779,24.522021271101384,0
21780,24.522021271101384,0
21781,24.522021271101384,0
21782,24.522021271101384,0
21783,24.522021271101384,0
21784,24.522021271101384,0
21785,24.522021271101384,0
21786,24.522021271101384,0
21787,24.522021271101384,0
21788,24.522021271101384,0
21789,24.522021271101384,0
21790,24.522021271101384,0
21791,24.522021271101384,0
21792,24.522021271101384,0
21793,24.522021271101384,0
21794,24.522021271101384,0
21795,24.522021271101384,0
21796,24.522021271101384,0
21797,24.522021271101384,0
21798,24.522021271101384,0
21799,24.522021271101384,0
21800,24.522021271101384,0
21801,24.522021271101384,0
21802,24.522021271101384,0
21803,32.25014071011183,0
21804,32.25014071011183,0
21805,32.25014071011183,0
21806,32.25014071011183,0
21807,32.25014071011183,0
21808,32.25014071011183,0
21809,32.25014071011183,0
21810,32.25014071011183,0
21811,32.25014071011183,0
21812,32.25014071011183,0
21813,32.25014071011183,0
21814,32.25014071011183,0
21815,32.25014071011183,0
21816,32.25014071011183,0
21817,32.25014071011183,0
21818,32.25014071011183,0
21819,32.25014071011183,0
21820,32.25014071011183,0
21821,32.25014071011183,1
21822,32.25014071011183,0
21823,32.25014071011183,1
21824,32.25014071011183,0
21825,32.25014071011183,0
21826,32.25014071011183,0
21827,32.25014071011183,0
21828,32.25014071011183,0
21829,32.25014071011183,0
21830,32.25014071011183,0
21831,1.3701119367572836,0
21832,1.3701119367572836,0
21833,1.3701119367572836,0
21834,1.3701119367572836,0
21835,1.3701119367572836,0
21836,1.3701119367572836,0
21837,1.3701119367572836,0
21838,1.3701119367572836,0
21839,1.3701119367572836,0
21840,1.3701119367572836,0
21841,1.3701119367572836,0
21842,1.3701119367572836,0
21843,1.3701119367572836,0
21844,1.3701119367572836,0
21845,1.3701119367572836,0
21846,1.3701119367572836,0
21847,1.3701119367572836,0
21848,1.3701119367572836,0
21849,1.6127692818064594,0
21850,1.6127692818064594,0
21851,1.6127692818064594,0
21852,1.6127692818064594,1
21853,1.6127692818064594,0
21854,1.6127692818064594,1
21855,1.6127692818064594,0
21856,1.6127692818064594,0
21857,1.6127692818064594,0
21858,1.6127692818064594,1
21859,1.6127692818064594,0
21860,1.6127692818064594,0
21861,1.6127692818064594,0
21862,1.6127692818064594,0
21863,1.6127692818064594,0
21864,1.6127692818064594,0
21865,1.6127692818064594,0
21866,1.6127692818064594,0
21867,1.6127692818064594,0
21868,1.6127692818064594,1
21869,1.6127692818064594,0
21870,1.6127692818064594,0
21871,1.6127692818064594,1
21872,1.6127692818064594,0
21873,1.6127692818064594,0
21874,1.6127692818064594,0
21875,1.6127692818064594,1
21876,32.10339489859783,0
21877,32.10339489859783,0
21878,32.10339489859783,0
21879,32.10339489859783,0
21880,32.10339489859783,0
21881,32.10339489859783,0
21882,32.10339489859783,0
21883,32.10339489859783,0
21884,32.10339489859783,0
21885,32.10339489859783,0
21886,32.10339489859783,0
21887,32.10339489859783,0
21888,32.10339489859783,0
21889,32.10339489859783,0
21890,32.10339489859783,0
21891,32.10339489859783,0
21892,32.10339489859783,0
21893,32.10339489859783,0
21894,32.10339489859783,0
21895,32.10339489859783,0
21896,32.10339489859783,0
21897,32.10339489859783,0
21898,32.10339489859783,0
21899,32.10339489859783,0
21900,32.10339489859783,0
21901,32.10339489859783,0
21902,32.10339489859783,0
21903,32.10339489859783,0
21904,48.736589923436355,0
21905,48.736589923436355,0
21906,48.736589923436355,0
21907,48.736589923436355,0
21908,48.736589923436355,0
21909,48.736589923436355,0
21910,48.736589923436355,1
21911,48.736589923436355,0
21912,48.736589923436355,0
21913,48.736589923436355,0
21914,48.736589923436355,0
21915,48.736589923436355,0
21916,48.736589923436355,0
21917,48.736589923436355,0
21918,48.736589923436355,0
21919,48.736589923436355,0
21920,48.736589923436355,0
21921,48.736589923436355,0
21922,48.736589923436355,0
21923,48.736589923436355,0
21924,48.736589923436355,0
21925,48.736589923436355,0
21926,48.736589923436355,0
21927,48.736589923436355,0
21928,48.736589923436355,0
21929,48.736589923436355,0
21930,48.736589923436355,0
21931,48.736589923436355,0
21932,48.736589923436355,0
21933,48.736589923436355,0
21934,48.736589923436355,0
21935,48.736589923436355,0
21936,48.736589923436355,0
21937,48.736589923436355,0
21938,48.736589923436355,0
21939,48.736589923436355,0
21940,48.736589923436355,0
21941,48.736589923436355,0
21942,48.736589923436355,0
21943,48.736589923436355,0
21944,48.736589923436355,0
21945,48.736589923436355,0
21946,48.736589923436355,0
21947,48.736589923436355,0
21948,48.736589923436355,1
21949,48.736589923436355,1
21950,48.736589923436355,0
21951,48.736589923436355,0
21952,48.736589923436355,0
21953,48.736589923436355,0
21954,48.736589923436355,0
21955,48.736589923436355,0
21956,48.736589923436355,0
21957,21.7747561673966,0
21958,21.7747561673966,1
21959,21.7747561673966,0
21960,21.7747561673966,0
21961,21.7747561673966,0
21962,21.7747561673966,0
21963,21.7747561673966,0
21964,21.7747561673966,0
21965,21.7747561673966,0
21966,21.7747561673966,0
21967,21.7747561673966,0
21968,21.7747561673966,0
21969,21.7747561673966,0
21970,21.7747561673966,1
21971,21.7747561673966,1
21972,21.7747561673966,1
21973,21.7747561673966,0
21974,21.7747561673966,0
21975,21.7747561673966,1
21976,21.7747561673966,1
21977,21.7747561673966,0
21978,21.7747561673966,1
21979,21.7747561673966,1
21980,21.7747561673966,1
21981,21.7747561673966,0
21982,60.63532361147131,0
21983,60.63532361147131,0
21984,60.63532361147131,0
21985,60.63532361147131,0
21986,60.63532361147131,0
21987,60.63532361147131,0
21988,60.63532361147131,0
21989,60.63532361147131,0
21990,60.63532361147131,0
21991,60.63532361147131,0
21992,60.63532361147131,0
21993,60.63532361147131,0
21994,60.63532361147131,0
21995,60.63532361147131,0
21996,60.63532361147131,0
21997,60.63532361147131,0
21998,60.63532361147131,0
21999,60.63532361147131,0
22000,60.63532361147131,0
22001,60.63532361147131,0
22002,60.63532361147131,0
22003,60.63532361147131,0
22004,60.63532361147131,0
22005,60.63532361147131,0
22006,60.63532361147131,0
22007,60.63532361147131,0
22008,60.63532361147131,0
22009,60.63532361147131,0
22010,60.63532361147131,0
22011,60.63532361147131,0
22012,60.63532361147131,0
22013,60.63532361147131,0
22014,60.63532361147131,0
22015,60.63532361147131,0
22016,60.63532361147131,0
22017,60.63532361147131,0
22018,60.63532361147131,0
22019,60.63532361147131,0
22020,60.63532361147131,0
22021,1.528244798396643,1
22022,1.528244798396643,0
22023,1.528244798396643,0
22024,1.528244798396643,0
22025,1.528244798396643,0
22026,1.528244798396643,0
22027,1.528244798396643,0
22028,1.528244798396643,0
22029,1.528244798396643,1
22030,1.528244798396643,0
22031,1.528244798396643,0
22032,1.528244798396643,0
22033,1.528244798396643,1
22034,1.528244798396643,0
22035,1.528244798396643,0
22036,1.528244798396643,0
22037,1.528244798396643,0
22038,1.528244798396643,0
22039,1.528244798396643,0
22040,1.528244798396643,0
22041,1.528244798396643,1
22042,1.528244798396643,1
22043,1.528244798396643,0
22044,1.528244798396643,0
22045,1.528244798396643,0
22046,1.528244798396643,0
22047,1.528244798396643,1
22048,1.528244798396643,0
22049,1.528244798396643,0
22050,1.528244798396643,0
22051,1.528244798396643,0
22052,1.528244798396643,0
22053,1.528244798396643,0
22054,1.528244798396643,0
22055,1.528244798396643,1
22056,1.528244798396643,0
22057,1.528244798396643,1
22058,1.528244798396643,0
22059,1.528244798396643,1
22060,1.528244798396643,0
22061,1.528244798396643,0
22062,1.528244798396643,0
22063,1.528244798396643,0
22064,1.528244798396643,0
22065,1.528244798396643,0
22066,1.528244798396643,0
22067,1.528244798396643,0
22068,24.549503330373714,0
22069,24.549503330373714,0
22070,24.549503330373714,0
22071,24.549503330373714,0
22072,24.549503330373714,0
22073,24.549503330373714,0
22074,24.549503330373714,0
22075,24.549503330373714,0
22076,24.549503330373714,1
22077,24.549503330373714,0
22078,24.549503330373714,1
22079,24.549503330373714,0
22080,24.549503330373714,0
22081,24.549503330373714,0
22082,24.549503330373714,1
22083,24.549503330373714,0
22084,24.549503330373714,0
22085,24.549503330373714,0
22086,24.549503330373714,0
22087,24.549503330373714,0
22088,24.549503330373714,0
22089,24.549503330373714,0
22090,24.549503330373714,0
22091,24.549503330373714,0
22092,24.549503330373714,1
22093,24.549503330373714,0
22094,24.549503330373714,0
22095,24.549503330373714,0
22096,24.549503330373714,0
22097,24.549503330373714,0
22098,24.549503330373714,0
22099,24.549503330373714,0
22100,24.549503330373714,0
22101,24.549503330373714,0
22102,24.549503330373714,0
22103,24.549503330373714,0
22104,24.549503330373714,0
22105,24.549503330373714,0
22106,24.549503330373714,0
22107,24.549503330373714,0
22108,24.549503330373714,0
22109,24.549503330373714,0
22110,24.549503330373714,0
22111,24.549503330373714,0
22112,24.549503330373714,0
22113,24.549503330373714,0
22114,24.549503330373714,0
22115,24.549503330373714,0
22116,24.549503330373714,0
22117,24.549503330373714,0
22118,36.846582118517226,0
22119,36.846582118517226,0
22120,36.846582118517226,0
22121,36.846582118517226,1
22122,36.846582118517226,0
22123,36.846582118517226,0
22124,36.846582118517226,0
22125,36.846582118517226,0
22126,36.846582118517226,0
22127,36.846582118517226,0
22128,36.846582118517226,0
22129,36.846582118517226,0
22130,36.846582118517226,0
22131,36.846582118517226,0
22132,36.846582118517226,0
22133,36.846582118517226,0
22134,36.846582118517226,1
22135,36.846582118517226,0
22136,36.846582118517226,0
22137,36.846582118517226,0
22138,36.846582118517226,0
22139,36.846582118517226,0
22140,36.846582118517226,0
22141,36.846582118517226,0
22142,36.846582118517226,0
22143,36.846582118517226,1
22144,36.846582118517226,0
22145,36.846582118517226,0
22146,36.846582118517226,1
22147,36.846582118517226,0
22148,36.846582118517226,0
22149,36.846582118517226,0
22150,57.72320035194904,0
22151,57.72320035194904,0
22152,57.72320035194904,0
22153,57.72320035194904,0
22154,57.72320035194904,0
22155,57.72320035194904,0
22156,57.72320035194904,0
22157,57.72320035194904,0
22158,57.72320035194904,0
22159,57.72320035194904,0
22160,57.72320035194904,0
22161,57.72320035194904,0
22162,57.72320035194904,0
22163,57.72320035194904,0
22164,57.72320035194904,0
22165,57.72320035194904,0
22166,57.72320035194904,1
22167,57.72320035194904,0
22168,57.72320035194904,1
22169,57.72320035194904,0
22170,57.72320035194904,0
22171,86.88532970009236,0
22172,86.88532970009236,0
22173,86.88532970009236,0
22174,86.88532970009236,1
22175,86.88532970009236,0
22176,86.88532970009236,0
22177,86.88532970009236,0
22178,86.88532970009236,1
22179,86.88532970009236,0
22180,86.88532970009236,0
22181,86.88532970009236,0
22182,86.88532970009236,1
22183,86.88532970009236,0
22184,86.88532970009236,0
22185,86.88532970009236,0
22186,86.88532970009236,0
22187,86.88532970009236,0
22188,86.88532970009236,0
22189,86.88532970009236,0
22190,86.88532970009236,0
22191,86.88532970009236,0
22192,86.88532970009236,0
22193,86.88532970009236,0
22194,86.88532970009236,0
22195,86.88532970009236,0
22196,86.88532970009236,0
22197,86.88532970009236,0
22198,86.88532970009236,0
22199,86.88532970009236,0
22200,86.88532970009236,1
22201,86.88532970009236,0
22202,86.88532970009236,0
22203,86.88532970009236,0
22204,31.26832606134107,0
22205,31.26832606134107,0
22206,31.26832606134107,0
22207,31.26832606134107,1
22208,31.26832606134107,0
22209,31.26832606134107,0
22210,31.26832606134107,0
22211,31.26832606134107,0
22212,31.26832606134107,0
22213,31.26832606134107,0
22214,31.26832606134107,1
22215,31.26832606134107,0
22216,31.26832606134107,0
22217,31.26832606134107,0
22218,31.26832606134107,0
22219,31.26832606134107,0
22220,31.26832606134107,0
22221,31.26832606134107,0
22222,31.26832606134107,0
22223,31.26832606134107,0
22224,31.26832606134107,0
22225,31.26832606134107,1
22226,31.26832606134107,0
22227,31.26832606134107,0
22228,31.26832606134107,0
22229,31.26832606134107,0
22230,31.26832606134107,0
22231,31.26832606134107,0
22232,31.26832606134107,0
22233,31.26832606134107,0
22234,31.26832606134107,0
22235,31.26832606134107,0
22236,31.26832606134107,0
22237,24.408242532099354,0
22238,24.408242532099354,0
22239,24.408242532099354,0
22240,24.408242532099354,0
22241,24.408242532099354,0
22242,24.408242532099354,0
22243,24.408242532099354,0
22244,24.408242532099354,0
22245,24.408242532099354,0
22246,24.408242532099354,0
22247,24.408242532099354,0
22248,24.408242532099354,0
22249,24.408242532099354,0
22250,24.408242532099354,0
22251,24.408242532099354,0
22252,24.408242532099354,1
22253,24.408242532099354,0
22254,24.408242532099354,0
22255,24.408242532099354,0
22256,24.408242532099354,1
22257,24.408242532099354,0
22258,24.408242532099354,0
22259,24.408242532099354,0
22260,24.408242532099354,0
22261,24.408242532099354,1
22262,24.408242532099354,0
22263,24.408242532099354,0
22264,24.408242532099354,0
22265,24.408242532099354,0
22266,24.408242532099354,0
22267,24.408242532099354,0
22268,91.18973986478079,0
22269,91.18973986478079,0
22270,91.18973986478079,0
22271,91.18973986478079,0
22272,91.18973986478079,0
22273,91.18973986478079,0
22274,91.18973986478079,0
22275,91.18973986478079,0
22276,91.18973986478079,0
22277,91.18973986478079,0
22278,91.18973986478079,0
22279,91.18973986478079,0
22280,91.18973986478079,0
22281,91.18973986478079,0
22282,91.18973986478079,0
22283,91.18973986478079,0
22284,73.09938265191529,0
22285,73.09938265191529,0
22286,73.09938265191529,0
22287,73.09938265191529,0
22288,73.09938265191529,0
22289,73.09938265191529,0
22290,73.09938265191529,0
22291,73.09938265191529,0
22292,73.09938265191529,0
22293,73.09938265191529,0
22294,73.09938265191529,1
22295,73.09938265191529,0
22296,73.09938265191529,0
22297,73.09938265191529,0
22298,73.09938265191529,0
22299,73.09938265191529,0
22300,73.09938265191529,0
22301,73.09938265191529,0
22302,73.09938265191529,0
22303,73.09938265191529,0
22304,73.09938265191529,0
22305,73.09938265191529,0
22306,73.09938265191529,0
22307,73.09938265191529,0
22308,0.8412328671536954,0
22309,0.8412328671536954,0
22310,0.8412328671536954,1
22311,0.8412328671536954,0
22312,0.8412328671536954,0
22313,0.8412328671536954,0
22314,0.8412328671536954,0
22315,0.8412328671536954,0
22316,0.8412328671536954,0
22317,0.8412328671536954,1
22318,0.8412328671536954,0
22319,0.8412328671536954,0
22320,0.8412328671536954,0
22321,0.8412328671536954,0
22322,0.8412328671536954,1
22323,0.8412328671536954,0
22324,0.8412328671536954,1
22325,0.8412328671536954,0
22326,0.8412328671536954,0
22327,0.8412328671536954,0
22328,0.8412328671536954,0
22329,0.8412328671536954,0
22330,0.8412328671536954,0
22331,0.8412328671536954,1
22332,0.8412328671536954,0
22333,0.8412328671536954,0
22334,0.8412328671536954,0
22335,0.8412328671536954,0
22336,0.8412328671536954,0
22337,0.8412328671536954,0
22338,0.8412328671536954,0
22339,0.8412328671536954,0
22340,0.8412328671536954,0
22341,0.8412328671536954,0
22342,0.8412328671536954,1
22343,0.8412328671536954,0
22344,0.8412328671536954,1
22345,0.8412328671536954,1
22346,0.8412328671536954,1
22347,0.8412328671536954,1
22348,0.8412328671536954,1
22349,0.8412328671536954,0
22350,0.8412328671536954,0
22351,0.8412328671536954,0
22352,0.8412328671536954,0
22353,0.8412328671536954,1
22354,0.8412328671536954,0
22355,0.8412328671536954,0
22356,0.8412328671536954,0
22357,0.8412328671536954,0
22358,0.8412328671536954,0
22359,0.8412328671536954,0
22360,12.690039885246367,0
22361,12.690039885246367,0
22362,12.690039885246367,0
22363,12.690039885246367,0
22364,12.690039885246367,0
22365,12.690039885246367,0
22366,12.690039885246367,0
22367,12.690039885246367,0
22368,12.690039885246367,0
22369,12.690039885246367,0
22370,12.690039885246367,0
22371,12.690039885246367,0
22372,12.690039885246367,0
22373,12.690039885246367,0
22374,12.690039885246367,0
22375,12.690039885246367,0
22376,12.690039885246367,0
22377,12.690039885246367,0
22378,12.690039885246367,0
22379,12.690039885246367,0
22380,12.690039885246367,0
22381,12.690039885246367,0
22382,12.690039885246367,0
22383,12.690039885246367,0
22384,12.690039885246367,0
22385,12.690039885246367,0
22386,12.690039885246367,0
22387,12.690039885246367,0
22388,12.690039885246367,0
22389,12.690039885246367,0
22390,12.690039885246367,0
22391,12.690039885246367,0
22392,12.690039885246367,0
22393,12.690039885246367,0
22394,12.690039885246367,0
22395,43.39731121915011,0
22396,43.39731121915011,0
22397,43.39731121915011,0
22398,43.39731121915011,0
22399,43.39731121915011,0
22400,43.39731121915011,0
22401,43.39731121915011,0
22402,43.39731121915011,0
22403,43.39731121915011,0
22404,43.39731121915011,0
22405,43.39731121915011,0
22406,43.39731121915011,0
22407,43.39731121915011,0
22408,43.39731121915011,0
22409,43.39731121915011,0
22410,43.39731121915011,0
22411,43.39731121915011,0
22412,43.39731121915011,0
22413,43.39731121915011,0
22414,43.39731121915011,0
22415,43.39731121915011,0
22416,43.39731121915011,0
22417,43.39731121915011,0
22418,43.39731121915011,0
22419,43.39731121915011,0
22420,43.39731121915011,0
22421,43.39731121915011,0
22422,43.39731121915011,0
22423,0.9066761376051702,0
22424,0.9066761376051702,0
22425,0.9066761376051702,0
22426,0.9066761376051702,0
22427,0.9066761376051702,1
22428,0.9066761376051702,1
22429,0.9066761376051702,0
22430,0.9066761376051702,0
22431,0.9066761376051702,0
22432,0.9066761376051702,1
22433,0.9066761376051702,0
22434,0.9066761376051702,0
22435,0.9066761376051702,0
22436,0.9066761376051702,0
22437,0.9066761376051702,0
22438,0.9066761376051702,0
22439,0.9066761376051702,1
22440,0.9066761376051702,0
22441,0.9066761376051702,1
22442,0.9066761376051702,0
22443,0.9066761376051702,0
22444,0.9066761376051702,0
22445,0.9066761376051702,0
22446,0.9066761376051702,0
22447,0.9066761376051702,1
22448,0.9066761376051702,0
22449,0.9066761376051702,0
22450,0.9066761376051702,0
22451,0.9066761376051702,0
22452,0.9066761376051702,1
22453,0.9066761376051702,0
22454,0.9066761376051702,0
22455,0.9066761376051702,0
22456,0.9066761376051702,0
22457,0.9066761376051702,0
22458,0.9066761376051702,0
22459,41.94402675817857,0
22460,41.94402675817857,0
22461,41.94402675817857,0
22462,41.94402675817857,0
22463,41.94402675817857,0
22464,41.94402675817857,0
22465,41.94402675817857,0
22466,41.94402675817857,0
22467,41.94402675817857,0
22468,41.94402675817857,0
22469,41.94402675817857,0
22470,41.94402675817857,0
22471,41.94402675817857,0
22472,41.94402675817857,0
22473,41.94402675817857,0
22474,41.94402675817857,0
22475,41.94402675817857,0
22476,41.94402675817857,0
22477,41.94402675817857,0
22478,41.94402675817857,0
22479,41.94402675817857,0
22480,41.94402675817857,0
22481,41.94402675817857,0
22482,41.94402675817857,0
22483,41.94402675817857,0
22484,41.94402675817857,0
22485,41.94402675817857,0
22486,41.94402675817857,0
22487,41.94402675817857,0
22488,41.94402675817857,0
22489,41.94402675817857,0
22490,41.94402675817857,0
22491,41.94402675817857,0
22492,41.94402675817857,0
22493,41.94402675817857,0
22494,41.94402675817857,0
22495,41.94402675817857,0
22496,41.94402675817857,0
22497,76.08122506725572,0
22498,76.08122506725572,0
22499,76.08122506725572,0
22500,76.08122506725572,0
22501,76.08122506725572,1
22502,76.08122506725572,1
22503,76.08122506725572,1
22504,76.08122506725572,1
22505,76.08122506725572,1
22506,76.08122506725572,0
22507,76.08122506725572,0
22508,76.08122506725572,0
22509,76.08122506725572,1
22510,76.08122506725572,0
22511,76.08122506725572,1
22512,76.08122506725572,0
22513,76.08122506725572,0
22514,76.08122506725572,1
22515,76.08122506725572,0
22516,76.08122506725572,0
22517,76.08122506725572,0
22518,76.08122506725572,0
22519,76.08122506725572,0
22520,76.08122506725572,0
22521,76.08122506725572,0
22522,76.08122506725572,1
22523,76.08122506725572,0
22524,76.08122506725572,0
22525,41.03935156044912,0
22526,41.03935156044912,1
22527,41.03935156044912,0
22528,41.03935156044912,0
22529,41.03935156044912,0
22530,41.03935156044912,0
22531,41.03935156044912,1
22532,41.03935156044912,0
22533,41.03935156044912,0
22534,41.03935156044912,0
22535,41.03935156044912,0
22536,41.03935156044912,1
22537,41.03935156044912,1
22538,41.03935156044912,0
22539,41.03935156044912,0
22540,41.03935156044912,0
22541,41.03935156044912,0
22542,41.03935156044912,0
22543,41.03935156044912,0
22544,41.03935156044912,0
22545,41.03935156044912,0
22546,41.03935156044912,0
22547,41.03935156044912,0
22548,41.03935156044912,0
22549,41.03935156044912,0
22550,41.03935156044912,0
22551,41.03935156044912,0
22552,41.03935156044912,0
22553,41.03935156044912,1
22554,41.03935156044912,1
22555,41.03935156044912,1
22556,41.03935156044912,0
22557,11.149360211882867,0
22558,11.149360211882867,0
22559,11.149360211882867,0
22560,11.149360211882867,0
22561,11.149360211882867,1
22562,11.149360211882867,0
22563,11.149360211882867,0
22564,11.149360211882867,0
22565,11.149360211882867,0
22566,11.149360211882867,0
22567,11.149360211882867,0
22568,11.149360211882867,0
22569,11.149360211882867,0
22570,11.149360211882867,0
22571,11.149360211882867,0
22572,11.149360211882867,0
22573,11.149360211882867,0
22574,11.149360211882867,0
22575,11.149360211882867,0
22576,11.149360211882867,0
22577,11.149360211882867,0
22578,11.149360211882867,0
22579,11.149360211882867,0
22580,11.149360211882867,0
22581,11.149360211882867,0
22582,11.149360211882867,0
22583,11.149360211882867,0
22584,11.149360211882867,0
22585,11.149360211882867,0
22586,11.149360211882867,0
22587,11.149360211882867,0
22588,11.149360211882867,0
22589,11.149360211882867,0
22590,11.149360211882867,0
22591,11.149360211882867,0
22592,11.149360211882867,0
22593,11.149360211882867,0
22594,11.149360211882867,0
22595,9.808430317710924,0
22596,9.808430317710924,0
22597,9.808430317710924,1
22598,9.808430317710924,0
22599,9.808430317710924,0
22600,9.808430317710924,0
22601,9.808430317710924,0
22602,9.808430317710924,0
22603,9.808430317710924,0
22604,9.808430317710924,0
22605,9.808430317710924,0
22606,9.808430317710924,0
22607,9.808430317710924,0
22608,9.808430317710924,0
22609,9.808430317710924,0
22610,9.808430317710924,0
22611,9.808430317710924,0
22612,9.808430317710924,0
22613,9.808430317710924,0
22614,9.808430317710924,0
22615,9.808430317710924,0
22616,9.808430317710924,0
22617,9.808430317710924,0
22618,9.808430317710924,0
22619,9.808430317710924,0
22620,9.808430317710924,0
22621,9.808430317710924,0
22622,9.808430317710924,0
22623,9.808430317710924,0
22624,9.808430317710924,0
22625,9.808430317710924,0
22626,9.808430317710924,0
22627,9.808430317710924,0
22628,9.808430317710924,0
22629,9.808430317710924,0
22630,9.808430317710924,0
22631,9.808430317710924,0
22632,9.808430317710924,0
22633,9.808430317710924,0
22634,9.808430317710924,0
22635,9.808430317710924,0
22636,9.808430317710924,0
22637,9.808430317710924,0
22638,9.808430317710924,0
22639,54.14823248407589,1
22640,54.14823248407589,0
22641,54.14823248407589,0
22642,54.14823248407589,0
22643,54.14823248407589,0
22644,54.14823248407589,0
22645,54.14823248407589,0
22646,54.14823248407589,0
22647,54.14823248407589,0
22648,54.14823248407589,0
22649,54.14823248407589,0
22650,54.14823248407589,0
22651,54.14823248407589,0
22652,54.14823248407589,0
22653,54.14823248407589,0
22654,54.14823248407589,0
22655,54.14823248407589,0
22656,54.14823248407589,0
22657,54.14823248407589,0
22658,54.14823248407589,0
22659,54.14823248407589,0
22660,54.14823248407589,1
22661,54.14823248407589,0
22662,54.14823248407589,0
22663,54.14823248407589,0
22664,54.14823248407589,0
22665,54.14823248407589,1
22666,54.14823248407589,0
22667,54.14823248407589,1
22668,54.14823248407589,0
22669,54.14823248407589,0
22670,54.14823248407589,0
22671,54.14823248407589,0
22672,54.14823248407589,0
22673,125.49419509634546,0
22674,125.49419509634546,0
22675,125.49419509634546,0
22676,125.49419509634546,0
22677,125.49419509634546,0
22678,125.49419509634546,0
22679,125.49419509634546,0
22680,125.49419509634546,0
22681,125.49419509634546,0
22682,125.49419509634546,0
22683,125.49419509634546,0
22684,125.49419509634546,0
22685,125.49419509634546,0
22686,125.49419509634546,0
22687,125.49419509634546,0
22688,125.49419509634546,0
22689,125.49419509634546,0
22690,125.49419509634546,0
22691,125.49419509634546,0
22692,125.49419509634546,0
22693,125.49419509634546,0
22694,125.49419509634546,0
22695,125.49419509634546,0
22696,125.49419509634546,1
22697,125.49419509634546,0
22698,125.49419509634546,0
22699,125.49419509634546,0
22700,125.49419509634546,0
22701,125.49419509634546,0
22702,125.49419509634546,0
22703,125.49419509634546,0
22704,125.49419509634546,0
22705,125.49419509634546,0
22706,125.49419509634546,0
22707,125.49419509634546,0
22708,125.49419509634546,0
22709,125.49419509634546,0
22710,125.49419509634546,0
22711,125.49419509634546,0
22712,125.49419509634546,0
22713,125.49419509634546,0
22714,0.7352419569250281,0
22715,0.7352419569250281,0
22716,0.7352419569250281,0
22717,0.7352419569250281,0
22718,0.7352419569250281,0
22719,0.7352419569250281,0
22720,0.7352419569250281,0
22721,0.7352419569250281,0
22722,0.7352419569250281,0
22723,0.7352419569250281,0
22724,0.7352419569250281,0
22725,0.7352419569250281,0
22726,0.7352419569250281,0
22727,0.7352419569250281,0
22728,0.7352419569250281,0
22729,0.7352419569250281,0
22730,0.7352419569250281,0
22731,0.7352419569250281,0
22732,0.7352419569250281,0
22733,0.7352419569250281,0
22734,0.7352419569250281,0
22735,0.7352419569250281,0
22736,0.7352419569250281,0
22737,0.7352419569250281,0
22738,0.7352419569250281,0
22739,0.7352419569250281,0
22740,0.7352419569250281,0
22741,0.7352419569250281,0
22742,0.7352419569250281,0
22743,0.7352419569250281,0
22744,0.7352419569250281,0
22745,0.7352419569250281,0
22746,0.7352419569250281,0
22747,0.7352419569250281,0
22748,3.8753327129154584,0
22749,3.8753327129154584,0
22750,3.8753327129154584,0
22751,3.8753327129154584,0
22752,3.8753327129154584,0
22753,3.8753327129154584,0
22754,3.8753327129154584,0
22755,3.8753327129154584,0
22756,3.8753327129154584,0
22757,3.8753327129154584,0
22758,3.8753327129154584,0
22759,3.8753327129154584,0
22760,3.8753327129154584,0
22761,3.8753327129154584,0
22762,3.8753327129154584,0
22763,3.8753327129154584,0
22764,3.8753327129154584,0
22765,3.8753327129154584,0
22766,3.8753327129154584,0
22767,3.8753327129154584,0
22768,3.8753327129154584,0
22769,3.8753327129154584,0
22770,3.8753327129154584,0
22771,3.8753327129154584,0
22772,3.8753327129154584,0
22773,3.8753327129154584,0
22774,3.8753327129154584,0
22775,32.129744567751594,0
22776,32.129744567751594,0
22777,32.129744567751594,0
22778,32.129744567751594,0
22779,32.129744567751594,0
22780,32.129744567751594,0
22781,32.129744567751594,0
22782,32.129744567751594,0
22783,32.129744567751594,0
22784,32.129744567751594,0
22785,32.129744567751594,0
22786,32.129744567751594,0
22787,32.129744567751594,0
22788,32.129744567751594,0
22789,32.129744567751594,0
22790,32.129744567751594,0
22791,32.129744567751594,0
22792,32.129744567751594,0
22793,32.129744567751594,0
22794,32.129744567751594,0
22795,32.129744567751594,0
22796,32.129744567751594,0
22797,32.129744567751594,0
22798,32.129744567751594,0
22799,32.129744567751594,0
22800,32.129744567751594,0
22801,32.129744567751594,0
22802,32.129744567751594,0
22803,32.129744567751594,0
22804,32.129744567751594,0
22805,32.129744567751594,0
22806,32.129744567751594,0
22807,32.129744567751594,0
22808,0.9988589831415394,0
22809,0.9988589831415394,0
22810,0.9988589831415394,0
22811,0.9988589831415394,0
22812,0.9988589831415394,0
22813,0.9988589831415394,0
22814,0.9988589831415394,0
22815,0.9988589831415394,0
22816,0.9988589831415394,0
22817,0.9988589831415394,0
22818,0.9988589831415394,0
22819,0.9988589831415394,0
22820,0.9988589831415394,0
22821,0.9988589831415394,0
22822,0.9988589831415394,0
22823,0.9988589831415394,0
22824,0.9988589831415394,0
22825,0.9988589831415394,0
22826,0.9988589831415394,0
22827,0.9988589831415394,1
22828,0.9988589831415394,0
22829,0.9988589831415394,0
22830,0.9988589831415394,0
22831,0.9988589831415394,0
22832,0.9988589831415394,0
22833,0.9988589831415394,0
22834,0.9988589831415394,0
22835,0.9988589831415394,0
22836,0.9988589831415394,0
22837,0.9988589831415394,0
22838,1.599998656268379,0
22839,1.599998656268379,0
22840,1.599998656268379,0
22841,1.599998656268379,0
22842,1.599998656268379,1
22843,1.599998656268379,0
22844,1.599998656268379,0
22845,1.599998656268379,0
22846,1.599998656268379,0
22847,1.599998656268379,0
22848,1.599998656268379,0
22849,1.599998656268379,0
22850,1.599998656268379,0
22851,1.599998656268379,0
22852,1.599998656268379,0
22853,1.599998656268379,0
22854,1.599998656268379,0
22855,1.599998656268379,0
22856,1.599998656268379,0
22857,1.599998656268379,0
22858,1.599998656268379,0
22859,1.599998656268379,0
22860,1.599998656268379,0
22861,1.599998656268379,0
22862,1.599998656268379,0
22863,1.599998656268379,1
22864,1.599998656268379,0
22865,1.599998656268379,0
22866,1.599998656268379,0
22867,1.599998656268379,1
22868,1.599998656268379,0
22869,1.599998656268379,1
22870,1.599998656268379,0
22871,1.599998656268379,0
22872,10.176991620811016,0
22873,10.176991620811016,0
22874,10.176991620811016,0
22875,10.176991620811016,0
22876,10.176991620811016,0
22877,10.176991620811016,0
22878,10.176991620811016,0
22879,10.176991620811016,0
22880,10.176991620811016,0
22881,10.176991620811016,0
22882,10.176991620811016,0
22883,10.176991620811016,0
22884,10.176991620811016,0
22885,10.176991620811016,0
22886,10.176991620811016,0
22887,10.176991620811016,0
22888,10.176991620811016,0
22889,10.176991620811016,0
22890,10.176991620811016,0
22891,10.176991620811016,0
22892,10.176991620811016,0
22893,10.176991620811016,0
22894,10.176991620811016,0
22895,10.176991620811016,0
22896,10.176991620811016,0
22897,10.176991620811016,0
22898,10.176991620811016,0
22899,10.176991620811016,0
22900,10.176991620811016,0
22901,10.176991620811016,0
22902,0.5409112593743198,1
22903,0.5409112593743198,0
22904,0.5409112593743198,0
22905,0.5409112593743198,0
22906,0.5409112593743198,0
22907,0.5409112593743198,0
22908,0.5409112593743198,1
22909,0.5409112593743198,0
22910,0.5409112593743198,0
22911,0.5409112593743198,0
22912,0.5409112593743198,0
22913,0.5409112593743198,0
22914,0.5409112593743198,0
22915,0.5409112593743198,0
22916,0.5409112593743198,0
22917,0.5409112593743198,0
22918,0.5409112593743198,0
22919,0.5409112593743198,0
22920,0.5409112593743198,1
22921,0.5409112593743198,0
22922,0.5409112593743198,0
22923,0.5409112593743198,0
22924,0.5409112593743198,0
22925,0.5409112593743198,0
22926,0.5409112593743198,0
22927,0.5409112593743198,0
22928,0.5409112593743198,1
22929,0.5409112593743198,0
22930,0.5409112593743198,0
22931,0.5409112593743198,0
22932,0.5409112593743198,0
22933,0.5409112593743198,0
22934,0.5409112593743198,0
22935,0.5409112593743198,1
22936,0.5409112593743198,0
22937,0.5409112593743198,1
22938,0.5409112593743198,1
22939,0.5409112593743198,0
22940,7.672127682877921,0
22941,7.672127682877921,1
22942,7.672127682877921,0
22943,7.672127682877921,0
22944,7.672127682877921,0
22945,7.672127682877921,0
22946,7.672127682877921,0
22947,7.672127682877921,0
22948,7.672127682877921,0
22949,7.672127682877921,0
22950,7.672127682877921,0
22951,7.672127682877921,0
22952,7.672127682877921,1
22953,7.672127682877921,0
22954,7.672127682877921,0
22955,7.672127682877921,0
22956,7.672127682877921,0
22957,7.672127682877921,0
22958,7.672127682877921,0
22959,7.672127682877921,0
22960,7.672127682877921,0
22961,7.672127682877921,0
22962,7.672127682877921,0
22963,7.672127682877921,0
22964,7.672127682877921,0
22965,7.672127682877921,0
22966,7.672127682877921,0
22967,7.672127682877921,0
22968,7.672127682877921,0
22969,7.672127682877921,0
22970,7.672127682877921,0
22971,7.672127682877921,0
22972,7.672127682877921,0
22973,7.672127682877921,0
22974,7.672127682877921,0
22975,7.672127682877921,0
22976,2.0941672130074918,1
22977,2.0941672130074918,0
22978,2.0941672130074918,0
22979,2.0941672130074918,0
22980,2.0941672130074918,0
22981,2.0941672130074918,0
22982,2.0941672130074918,1
22983,2.0941672130074918,0
22984,2.0941672130074918,0
22985,2.0941672130074918,0
22986,2.0941672130074918,0
22987,2.0941672130074918,0
22988,2.0941672130074918,1
22989,2.0941672130074918,1
22990,2.0941672130074918,1
22991,2.0941672130074918,0
22992,2.0941672130074918,0
22993,2.0941672130074918,0
22994,2.0941672130074918,0
22995,2.0941672130074918,0
22996,2.0941672130074918,1
22997,2.0941672130074918,0
22998,2.0941672130074918,0
22999,2.0941672130074918,0
23000,2.0941672130074918,1
23001,2.0941672130074918,0
23002,2.0941672130074918,0
23003,2.0941672130074918,0
23004,2.0941672130074918,0
23005,2.0941672130074918,0
23006,2.0941672130074918,1
23007,2.0941672130074918,1
23008,2.0941672130074918,1
23009,2.0941672130074918,0
23010,2.0941672130074918,0
23011,2.0941672130074918,0
23012,2.0941672130074918,1
23013,2.0941672130074918,0
23014,2.0941672130074918,0
23015,2.0941672130074918,0
23016,2.0941672130074918,0
23017,2.0941672130074918,0
23018,2.0941672130074918,0
23019,23.590070914279753,0
23020,23.590070914279753,0
23021,23.590070914279753,0
23022,23.590070914279753,1
23023,23.590070914279753,0
23024,23.590070914279753,0
23025,23.590070914279753,0
23026,23.590070914279753,1
23027,23.590070914279753,0
23028,23.590070914279753,0
23029,23.590070914279753,0
23030,23.590070914279753,0
23031,23.590070914279753,0
23032,23.590070914279753,0
23033,23.590070914279753,0
23034,23.590070914279753,0
23035,23.590070914279753,0
23036,23.590070914279753,0
23037,23.590070914279753,0
23038,23.590070914279753,0
23039,23.590070914279753,0
23040,23.590070914279753,0
23041,23.590070914279753,0
23042,1.8076055193534357,0
23043,1.8076055193534357,0
23044,1.8076055193534357,0
23045,1.8076055193534357,1
23046,1.8076055193534357,0
23047,1.8076055193534357,0
23048,1.8076055193534357,0
23049,1.8076055193534357,0
23050,1.8076055193534357,0
23051,1.8076055193534357,0
23052,1.8076055193534357,0
23053,1.8076055193534357,0
23054,1.8076055193534357,0
23055,1.8076055193534357,0
23056,1.8076055193534357,1
23057,1.8076055193534357,0
23058,1.8076055193534357,0
23059,1.8076055193534357,0
23060,1.8076055193534357,0
23061,1.8076055193534357,1
23062,1.8076055193534357,0
23063,1.8076055193534357,0
23064,1.8076055193534357,0
23065,1.8076055193534357,0
23066,1.8076055193534357,0
23067,1.8076055193534357,0
23068,1.8076055193534357,1
23069,1.8076055193534357,0
23070,1.8076055193534357,0
23071,1.8076055193534357,0
23072,1.8076055193534357,0
23073,1.8076055193534357,0
23074,1.8076055193534357,0
23075,1.8076055193534357,0
23076,90.90841694820115,0
23077,90.90841694820115,0
23078,90.90841694820115,0
23079,90.90841694820115,0
23080,90.90841694820115,0
23081,90.90841694820115,0
23082,90.90841694820115,0
23083,90.90841694820115,0
23084,90.90841694820115,0
23085,90.90841694820115,0
23086,90.90841694820115,0
23087,90.90841694820115,0
23088,90.90841694820115,1
23089,90.90841694820115,0
23090,90.90841694820115,0
23091,90.90841694820115,0
23092,90.90841694820115,0
23093,90.90841694820115,0
23094,90.90841694820115,0
23095,90.90841694820115,0
23096,90.90841694820115,0
23097,90.90841694820115,0
23098,90.90841694820115,0
23099,90.90841694820115,0
23100,90.90841694820115,0
23101,90.90841694820115,0
23102,90.90841694820115,0
23103,90.90841694820115,0
23104,90.90841694820115,0
23105,90.90841694820115,0
23106,90.90841694820115,0
23107,90.90841694820115,0
23108,90.90841694820115,1
23109,90.90841694820115,0
23110,90.90841694820115,0
23111,90.90841694820115,0
23112,90.90841694820115,0
23113,2.8320521344287157,0
23114,2.8320521344287157,0
23115,2.8320521344287157,0
23116,2.8320521344287157,0
23117,2.8320521344287157,0
23118,2.8320521344287157,0
23119,2.8320521344287157,0
23120,2.8320521344287157,0
23121,2.8320521344287157,0
23122,2.8320521344287157,0
23123,2.8320521344287157,0
23124,2.8320521344287157,0
23125,2.8320521344287157,0
23126,2.8320521344287157,0
23127,2.8320521344287157,0
23128,2.8320521344287157,0
23129,2.8320521344287157,0
23130,2.8320521344287157,0
23131,2.8320521344287157,0
23132,2.8320521344287157,0
23133,2.8320521344287157,0
23134,2.8320521344287157,0
23135,2.8320521344287157,0
23136,2.8320521344287157,0
23137,2.8320521344287157,0
23138,2.8320521344287157,0
23139,2.8320521344287157,0
23140,2.8320521344287157,0
23141,2.8320521344287157,0
23142,2.8320521344287157,0
23143,2.8320521344287157,0
23144,2.8320521344287157,0
23145,2.8320521344287157,0
23146,2.8320521344287157,0
23147,2.8320521344287157,0
23148,2.8320521344287157,1
23149,2.8320521344287157,0
23150,2.8320521344287157,0
23151,2.8320521344287157,1
23152,2.8320521344287157,0
23153,2.8320521344287157,0
23154,2.8320521344287157,0
23155,2.8320521344287157,0
23156,2.8320521344287157,0
23157,2.8320521344287157,0
23158,2.8320521344287157,0
23159,2.8320521344287157,0
23160,2.8320521344287157,0
23161,2.8320521344287157,0
23162,2.8320521344287157,0
23163,2.8320521344287157,0
23164,14.1962597012811,0
23165,14.1962597012811,0
23166,14.1962597012811,0
23167,14.1962597012811,0
23168,14.1962597012811,0
23169,14.1962597012811,0
23170,14.1962597012811,0
23171,14.1962597012811,0
23172,14.1962597012811,0
23173,14.1962597012811,0
23174,14.1962597012811,1
23175,14.1962597012811,0
23176,14.1962597012811,0
23177,14.1962597012811,0
23178,14.1962597012811,0
23179,14.1962597012811,0
23180,14.1962597012811,0
23181,14.1962597012811,0
23182,14.1962597012811,0
23183,14.1962597012811,0
23184,14.1962597012811,0
23185,14.1962597012811,0
23186,14.1962597012811,0
23187,14.1962597012811,0
23188,14.1962597012811,0
23189,14.1962597012811,0
23190,14.1962597012811,0
23191,14.1962597012811,0
23192,14.1962597012811,0
23193,14.1962597012811,0
23194,14.1962597012811,0
23195,14.1962597012811,0
23196,14.1962597012811,0
23197,14.1962597012811,0
23198,14.1962597012811,0
23199,14.1962597012811,0
23200,10.319982749305181,1
23201,10.319982749305181,0
23202,10.319982749305181,0
23203,10.319982749305181,0
23204,10.319982749305181,0
23205,10.319982749305181,0
23206,10.319982749305181,0
23207,10.319982749305181,0
23208,10.319982749305181,0
23209,10.319982749305181,0
23210,10.319982749305181,0
23211,10.319982749305181,0
23212,10.319982749305181,0
23213,10.319982749305181,0
23214,10.319982749305181,0
23215,10.319982749305181,0
23216,10.319982749305181,0
23217,10.319982749305181,0
23218,10.319982749305181,0
23219,10.319982749305181,0
23220,10.319982749305181,1
23221,10.319982749305181,0
23222,10.319982749305181,0
23223,10.319982749305181,0
23224,46.605766159519355,0
23225,46.605766159519355,0
23226,46.605766159519355,0
23227,46.605766159519355,0
23228,46.605766159519355,0
23229,46.605766159519355,0
23230,46.605766159519355,0
23231,46.605766159519355,0
23232,46.605766159519355,0
23233,46.605766159519355,1
23234,46.605766159519355,0
23235,46.605766159519355,0
23236,46.605766159519355,0
23237,46.605766159519355,0
23238,46.605766159519355,0
23239,46.605766159519355,0
23240,46.605766159519355,0
23241,46.605766159519355,0
23242,46.605766159519355,0
23243,46.605766159519355,0
23244,46.605766159519355,0
23245,46.605766159519355,0
23246,46.605766159519355,0
23247,46.605766159519355,1
23248,46.605766159519355,0
23249,46.605766159519355,0
23250,46.605766159519355,0
23251,46.605766159519355,0
23252,46.605766159519355,0
23253,46.605766159519355,0
23254,46.605766159519355,0
23255,46.605766159519355,0
23256,46.605766159519355,0
23257,0.8921324867387994,0
23258,0.8921324867387994,0
23259,0.8921324867387994,0
23260,0.8921324867387994,0
23261,0.8921324867387994,1
23262,0.8921324867387994,0
23263,0.8921324867387994,0
23264,0.8921324867387994,0
23265,0.8921324867387994,1
23266,0.8921324867387994,0
23267,0.8921324867387994,0
23268,0.8921324867387994,0
23269,0.8921324867387994,0
23270,0.8921324867387994,1
23271,0.8921324867387994,0
23272,0.8921324867387994,0
23273,0.8921324867387994,0
23274,0.8921324867387994,0
23275,0.8921324867387994,0
23276,0.8921324867387994,0
23277,0.8921324867387994,0
23278,0.8921324867387994,0
23279,0.8921324867387994,0
23280,0.8921324867387994,0
23281,0.8921324867387994,0
23282,0.8921324867387994,0
23283,0.8921324867387994,0
23284,0.8921324867387994,1
23285,0.8921324867387994,0
23286,0.8921324867387994,0
23287,0.8921324867387994,0
23288,0.8921324867387994,0
23289,0.8921324867387994,0
23290,56.471537403081534,0
23291,56.471537403081534,0
23292,56.471537403081534,0
23293,56.471537403081534,0
23294,56.471537403081534,0
23295,56.471537403081534,0
23296,56.471537403081534,0
23297,56.471537403081534,0
23298,56.471537403081534,0
23299,56.471537403081534,0
23300,56.471537403081534,0
23301,56.471537403081534,0
23302,56.471537403081534,0
23303,56.471537403081534,0
23304,56.471537403081534,0
23305,56.471537403081534,0
23306,56.471537403081534,0
23307,56.471537403081534,0
23308,56.471537403081534,0
23309,56.471537403081534,0
23310,56.471537403081534,0
23311,56.471537403081534,0
23312,56.471537403081534,0
23313,56.471537403081534,0
23314,56.471537403081534,0
23315,56.471537403081534,0
23316,56.471537403081534,0
23317,56.471537403081534,0
23318,56.471537403081534,0
23319,56.471537403081534,0
23320,56.471537403081534,0
23321,56.471537403081534,0
23322,56.471537403081534,0
23323,56.471537403081534,0
23324,56.471537403081534,0
23325,56.471537403081534,0
23326,56.471537403081534,0
23327,56.471537403081534,0
23328,56.471537403081534,0
23329,56.471537403081534,0
23330,56.471537403081534,0
23331,56.471537403081534,0
23332,56.471537403081534,0
23333,56.471537403081534,0
23334,56.471537403081534,0
23335,56.471537403081534,0
23336,56.471537403081534,0
23337,56.471537403081534,0
23338,56.471537403081534,0
23339,56.471537403081534,0
23340,104.26237111046792,0
23341,104.26237111046792,0
23342,104.26237111046792,0
23343,104.26237111046792,0
23344,104.26237111046792,0
23345,104.26237111046792,0
23346,104.26237111046792,0
23347,104.26237111046792,0
23348,104.26237111046792,0
23349,104.26237111046792,1
23350,104.26237111046792,0
23351,104.26237111046792,0
23352,104.26237111046792,0
23353,104.26237111046792,0
23354,104.26237111046792,0
23355,104.26237111046792,0
23356,104.26237111046792,0
23357,104.26237111046792,0
23358,104.26237111046792,0
23359,104.26237111046792,0
23360,104.26237111046792,0
23361,104.26237111046792,0
23362,104.26237111046792,0
23363,104.26237111046792,0
23364,104.26237111046792,0
23365,104.26237111046792,0
23366,104.26237111046792,1
23367,104.26237111046792,0
23368,6.496238261740919,0
23369,6.496238261740919,0
23370,6.496238261740919,0
23371,6.496238261740919,0
23372,6.496238261740919,0
23373,6.496238261740919,0
23374,6.496238261740919,0
23375,6.496238261740919,0
23376,6.496238261740919,1
23377,6.496238261740919,0
23378,6.496238261740919,0
23379,6.496238261740919,0
23380,6.496238261740919,0
23381,6.496238261740919,0
23382,6.496238261740919,0
23383,6.496238261740919,1
23384,6.496238261740919,0
23385,6.496238261740919,0
23386,6.496238261740919,1
23387,6.496238261740919,0
23388,6.496238261740919,0
23389,6.496238261740919,0
23390,6.496238261740919,0
23391,6.496238261740919,0
23392,6.496238261740919,0
23393,6.496238261740919,0
23394,6.496238261740919,0
23395,6.496238261740919,0
23396,6.496238261740919,0
23397,6.496238261740919,0
23398,6.496238261740919,0
23399,6.496238261740919,0
23400,6.496238261740919,0
23401,6.496238261740919,0
23402,6.496238261740919,0
23403,6.496238261740919,0
23404,182.10711557561473,1
23405,182.10711557561473,1
23406,182.10711557561473,0
23407,182.10711557561473,0
23408,182.10711557561473,0
23409,182.10711557561473,1
23410,182.10711557561473,0
23411,182.10711557561473,0
23412,182.10711557561473,0
23413,182.10711557561473,0
23414,182.10711557561473,0
23415,182.10711557561473,0
23416,182.10711557561473,0
23417,182.10711557561473,0
23418,182.10711557561473,0
23419,182.10711557561473,1
23420,182.10711557561473,0
23421,182.10711557561473,1
23422,182.10711557561473,0
23423,182.10711557561473,1
23424,182.10711557561473,1
23425,182.10711557561473,1
23426,182.10711557561473,0
23427,182.10711557561473,0
23428,182.10711557561473,0
23429,182.10711557561473,1
23430,182.10711557561473,0
23431,182.10711557561473,0
23432,84.18087622693274,0
23433,84.18087622693274,0
23434,84.18087622693274,0
23435,84.18087622693274,0
23436,84.18087622693274,1
23437,84.18087622693274,0
23438,84.18087622693274,0
23439,84.18087622693274,0
23440,84.18087622693274,0
23441,84.18087622693274,0
23442,84.18087622693274,0
23443,84.18087622693274,0
23444,84.18087622693274,0
23445,84.18087622693274,1
23446,84.18087622693274,0
23447,84.18087622693274,0
23448,84.18087622693274,0
23449,84.18087622693274,0
23450,84.18087622693274,0
23451,84.18087622693274,0
23452,84.18087622693274,0
23453,84.18087622693274,0
23454,84.18087622693274,0
23455,84.18087622693274,0
23456,84.18087622693274,0
23457,84.18087622693274,0
23458,84.18087622693274,0
23459,84.18087622693274,0
23460,84.18087622693274,0
23461,20.937267935009647,0
23462,20.937267935009647,0
23463,20.937267935009647,0
23464,20.937267935009647,0
23465,20.937267935009647,0
23466,20.937267935009647,0
23467,20.937267935009647,0
23468,20.937267935009647,0
23469,20.937267935009647,0
23470,20.937267935009647,0
23471,20.937267935009647,0
23472,20.937267935009647,0
23473,20.937267935009647,0
23474,20.937267935009647,0
23475,20.937267935009647,0
23476,20.937267935009647,0
23477,20.937267935009647,0
23478,20.937267935009647,0
23479,20.937267935009647,1
23480,20.937267935009647,1
23481,20.937267935009647,0
23482,20.937267935009647,0
23483,20.937267935009647,0
23484,20.937267935009647,0
23485,20.937267935009647,0
23486,20.937267935009647,0
23487,20.937267935009647,0
23488,20.937267935009647,0
23489,20.937267935009647,0
23490,20.937267935009647,0
23491,20.937267935009647,0
23492,20.937267935009647,0
23493,20.937267935009647,0
23494,20.937267935009647,1
23495,20.937267935009647,1
23496,20.937267935009647,0
23497,20.937267935009647,0
23498,20.937267935009647,0
23499,20.937267935009647,0
23500,20.937267935009647,0
23501,20.937267935009647,0
23502,20.937267935009647,0
23503,20.937267935009647,0
23504,20.937267935009647,0
23505,1.0573918830143467,0
23506,1.0573918830143467,0
23507,1.0573918830143467,0
23508,1.0573918830143467,0
23509,1.0573918830143467,0
23510,1.0573918830143467,0
23511,1.0573918830143467,0
23512,1.0573918830143467,0
23513,1.0573918830143467,0
23514,1.0573918830143467,0
23515,1.0573918830143467,0
23516,1.0573918830143467,0
23517,1.0573918830143467,1
23518,1.0573918830143467,0
23519,1.0573918830143467,0
23520,1.0573918830143467,0
23521,1.0573918830143467,0
23522,1.0573918830143467,0
23523,1.0573918830143467,0
23524,1.0573918830143467,0
23525,1.0573918830143467,0
23526,1.0573918830143467,0
23527,1.0573918830143467,0
23528,1.0573918830143467,1
23529,1.0573918830143467,0
23530,1.0573918830143467,0
23531,1.0573918830143467,0
23532,1.0573918830143467,0
23533,1.0573918830143467,1
23534,1.0573918830143467,0
23535,1.0573918830143467,0
23536,1.0573918830143467,0
23537,1.0573918830143467,0
23538,1.0573918830143467,0
23539,1.0573918830143467,0
23540,1.0573918830143467,0
23541,1.0573918830143467,0
23542,1.0573918830143467,0
23543,1.0573918830143467,0
23544,1.0573918830143467,0
23545,1.0573918830143467,0
23546,1.0573918830143467,1
23547,1.0573918830143467,0
23548,1.0573918830143467,0
23549,1.0573918830143467,0
23550,1.0573918830143467,0
23551,1.0573918830143467,0
23552,1.0573918830143467,1
23553,1.0573918830143467,0
23554,1.0573918830143467,0
23555,1.0573918830143467,1
23556,1.0573918830143467,0
23557,1.0573918830143467,0
23558,1.0573918830143467,0
23559,1.0573918830143467,0
23560,1.0573918830143467,0
23561,1.0573918830143467,1
23562,1.0573918830143467,0
23563,1.0573918830143467,0
23564,1.0573918830143467,0
23565,1.0573918830143467,1
23566,82.91093625432752,0
23567,82.91093625432752,0
23568,82.91093625432752,0
23569,82.91093625432752,1
23570,82.91093625432752,1
23571,82.91093625432752,0
23572,82.91093625432752,1
23573,82.91093625432752,0
23574,82.91093625432752,0
23575,82.91093625432752,0
23576,82.91093625432752,0
23577,82.91093625432752,0
23578,82.91093625432752,1
23579,82.91093625432752,0
23580,82.91093625432752,0
23581,82.91093625432752,0
23582,82.91093625432752,0
23583,82.91093625432752,1
23584,82.91093625432752,0
23585,82.91093625432752,0
23586,82.91093625432752,0
23587,82.91093625432752,0
23588,82.91093625432752,0
23589,82.91093625432752,1
23590,82.91093625432752,1
23591,82.91093625432752,1
23592,82.91093625432752,0
23593,82.91093625432752,0
23594,82.91093625432752,0
23595,82.91093625432752,1
23596,82.91093625432752,0
23597,82.91093625432752,0
23598,82.91093625432752,1
23599,82.91093625432752,0
23600,82.91093625432752,1
23601,82.91093625432752,0
23602,82.91093625432752,0
23603,82.91093625432752,0
23604,82.91093625432752,0
23605,82.91093625432752,0
23606,82.91093625432752,1
23607,82.91093625432752,0
23608,82.91093625432752,0
23609,82.91093625432752,0
23610,82.91093625432752,0
23611,82.91093625432752,0
23612,82.91093625432752,0
23613,82.91093625432752,1
23614,82.91093625432752,0
23615,5.172102374225271,1
23616,5.172102374225271,0
23617,5.172102374225271,0
23618,5.172102374225271,0
23619,5.172102374225271,0
23620,5.172102374225271,0
23621,5.172102374225271,0
23622,5.172102374225271,0
23623,5.172102374225271,0
23624,5.172102374225271,0
23625,5.172102374225271,0
23626,5.172102374225271,0
23627,5.172102374225271,0
23628,5.172102374225271,0
23629,5.172102374225271,0
23630,5.172102374225271,0
23631,5.172102374225271,0
23632,5.172102374225271,0
23633,5.172102374225271,0
23634,5.172102374225271,0
23635,5.172102374225271,1
23636,5.172102374225271,0
23637,5.172102374225271,0
23638,5.172102374225271,0
23639,5.172102374225271,0
23640,5.172102374225271,0
23641,5.172102374225271,0
23642,5.172102374225271,0
23643,5.172102374225271,0
23644,5.172102374225271,0
23645,5.172102374225271,0
23646,5.172102374225271,0
23647,5.172102374225271,0
23648,5.172102374225271,0
23649,5.172102374225271,0
23650,5.172102374225271,0
23651,0.39002452194980586,0
23652,0.39002452194980586,0
23653,0.39002452194980586,0
23654,0.39002452194980586,0
23655,0.39002452194980586,1
23656,0.39002452194980586,1
23657,0.39002452194980586,0
23658,0.39002452194980586,0
23659,0.39002452194980586,0
23660,0.39002452194980586,0
23661,0.39002452194980586,0
23662,0.39002452194980586,0
23663,0.39002452194980586,0
23664,0.39002452194980586,0
23665,0.39002452194980586,0
23666,0.39002452194980586,0
23667,0.39002452194980586,0
23668,0.39002452194980586,1
23669,0.39002452194980586,1
23670,0.39002452194980586,0
23671,0.39002452194980586,0
23672,0.39002452194980586,1
23673,0.39002452194980586,0
23674,0.39002452194980586,1
23675,0.39002452194980586,1
23676,0.39002452194980586,0
23677,0.39002452194980586,0
23678,0.39002452194980586,0
23679,0.39002452194980586,0
23680,0.39002452194980586,0
23681,0.39002452194980586,0
23682,0.39002452194980586,1
23683,0.39002452194980586,0
23684,0.39002452194980586,0
23685,0.39002452194980586,0
23686,0.39002452194980586,1
23687,0.39002452194980586,1
23688,0.39002452194980586,1
23689,0.39002452194980586,0
23690,0.39002452194980586,0
23691,0.39002452194980586,0
23692,0.39002452194980586,0
23693,0.39002452194980586,0
23694,0.39002452194980586,0
23695,0.39002452194980586,0
23696,0.39002452194980586,0
23697,0.39002452194980586,0
23698,1.252704203311613,0
23699,1.252704203311613,0
23700,1.252704203311613,0
23701,1.252704203311613,0
23702,1.252704203311613,0
23703,1.252704203311613,0
23704,1.252704203311613,0
23705,1.252704203311613,0
23706,1.252704203311613,0
23707,1.252704203311613,0
23708,1.252704203311613,0
23709,1.252704203311613,0
23710,1.252704203311613,0
23711,1.252704203311613,0
23712,1.252704203311613,0
23713,1.252704203311613,0
23714,1.252704203311613,0
23715,1.252704203311613,0
23716,1.252704203311613,1
23717,1.252704203311613,0
23718,1.252704203311613,1
23719,1.252704203311613,0
23720,1.252704203311613,0
23721,1.252704203311613,0
23722,1.252704203311613,0
23723,1.252704203311613,0
23724,1.252704203311613,0
23725,1.252704203311613,0
23726,1.252704203311613,0
23727,13.527037624074952,0
23728,13.527037624074952,0
23729,13.527037624074952,0
23730,13.527037624074952,0
23731,13.527037624074952,1
23732,13.527037624074952,0
23733,13.527037624074952,0
23734,13.527037624074952,0
23735,13.527037624074952,0
23736,13.527037624074952,0
23737,13.527037624074952,0
23738,13.527037624074952,0
23739,13.527037624074952,0
23740,13.527037624074952,0
23741,13.527037624074952,0
23742,13.527037624074952,0
23743,13.527037624074952,0
23744,13.527037624074952,0
23745,13.527037624074952,0
23746,13.527037624074952,0
23747,13.527037624074952,0
23748,13.527037624074952,0
23749,2.62512604430978,0
23750,2.62512604430978,0
23751,2.62512604430978,0
23752,2.62512604430978,1
23753,2.62512604430978,0
23754,2.62512604430978,0
23755,2.62512604430978,0
23756,2.62512604430978,0
23757,2.62512604430978,0
23758,2.62512604430978,0
23759,2.62512604430978,1
23760,2.62512604430978,0
23761,2.62512604430978,0
23762,2.62512604430978,0
23763,2.62512604430978,1
23764,2.62512604430978,0
23765,2.62512604430978,0
23766,2.62512604430978,0
23767,2.62512604430978,1
23768,2.62512604430978,0
23769,2.62512604430978,0
23770,2.62512604430978,0
23771,2.62512604430978,0
23772,2.62512604430978,0
23773,2.62512604430978,0
23774,2.62512604430978,0
23775,2.62512604430978,0
23776,2.62512604430978,0
23777,2.62512604430978,0
23778,2.62512604430978,0
23779,43.52162383275303,0
23780,43.52162383275303,0
23781,43.52162383275303,0
23782,43.52162383275303,0
23783,43.52162383275303,0
23784,43.52162383275303,0
23785,43.52162383275303,0
23786,43.52162383275303,0
23787,43.52162383275303,0
23788,43.52162383275303,0
23789,43.52162383275303,0
23790,43.52162383275303,0
23791,43.52162383275303,0
23792,43.52162383275303,0
23793,43.52162383275303,0
23794,43.52162383275303,0
23795,43.52162383275303,0
23796,43.52162383275303,0
23797,43.52162383275303,0
23798,43.52162383275303,0
23799,43.52162383275303,0
23800,43.52162383275303,0
23801,43.52162383275303,0
23802,43.52162383275303,0
23803,43.52162383275303,0
23804,43.52162383275303,0
23805,43.52162383275303,0
23806,43.52162383275303,0
23807,43.52162383275303,1
23808,43.52162383275303,0
23809,43.52162383275303,0
23810,43.52162383275303,0
23811,43.52162383275303,0
23812,43.52162383275303,0
23813,43.52162383275303,0
23814,43.52162383275303,0
23815,43.52162383275303,0
23816,43.52162383275303,0
23817,43.52162383275303,0
23818,21.725711714786605,0
23819,21.725711714786605,0
23820,21.725711714786605,0
23821,21.725711714786605,0
23822,21.725711714786605,0
23823,21.725711714786605,0
23824,21.725711714786605,0
23825,21.725711714786605,0
23826,21.725711714786605,0
23827,21.725711714786605,0
23828,21.725711714786605,0
23829,21.725711714786605,0
23830,21.725711714786605,0
23831,21.725711714786605,0
23832,21.725711714786605,0
23833,21.725711714786605,0
23834,21.725711714786605,0
23835,21.725711714786605,0
23836,21.725711714786605,0
23837,21.725711714786605,0
23838,21.725711714786605,1
23839,21.725711714786605,0
23840,21.725711714786605,0
23841,21.725711714786605,0
23842,21.725711714786605,0
23843,21.725711714786605,0
23844,21.725711714786605,0
23845,21.725711714786605,0
23846,21.725711714786605,0
23847,21.725711714786605,0
23848,21.725711714786605,0
23849,21.725711714786605,0
23850,21.725711714786605,0
23851,21.725711714786605,0
23852,21.725711714786605,0
23853,21.725711714786605,0
23854,7.330801254047865,0
23855,7.330801254047865,0
23856,7.330801254047865,0
23857,7.330801254047865,0
23858,7.330801254047865,0
23859,7.330801254047865,0
23860,7.330801254047865,0
23861,7.330801254047865,0
23862,7.330801254047865,0
23863,7.330801254047865,0
23864,7.330801254047865,0
23865,7.330801254047865,0
23866,7.330801254047865,0
23867,7.330801254047865,0
23868,7.330801254047865,0
23869,7.330801254047865,0
23870,7.330801254047865,0
23871,7.330801254047865,0
23872,7.330801254047865,0
23873,7.330801254047865,0
23874,7.330801254047865,0
23875,7.330801254047865,0
23876,7.330801254047865,0
23877,7.330801254047865,0
23878,51.44414190616833,0
23879,51.44414190616833,0
23880,51.44414190616833,0
23881,51.44414190616833,0
23882,51.44414190616833,0
23883,51.44414190616833,0
23884,51.44414190616833,0
23885,51.44414190616833,0
23886,51.44414190616833,0
23887,51.44414190616833,0
23888,51.44414190616833,0
23889,51.44414190616833,0
23890,51.44414190616833,0
23891,51.44414190616833,0
23892,51.44414190616833,0
23893,51.44414190616833,1
23894,51.44414190616833,0
23895,51.44414190616833,0
23896,51.44414190616833,0
23897,51.44414190616833,1
23898,14.922498432109172,0
23899,14.922498432109172,0
23900,14.922498432109172,0
23901,14.922498432109172,0
23902,14.922498432109172,0
23903,14.922498432109172,1
23904,14.922498432109172,0
23905,14.922498432109172,0
23906,14.922498432109172,0
23907,14.922498432109172,0
23908,14.922498432109172,0
23909,14.922498432109172,0
23910,14.922498432109172,0
23911,14.922498432109172,0
23912,14.922498432109172,0
23913,14.922498432109172,0
23914,14.922498432109172,0
23915,14.922498432109172,0
23916,14.922498432109172,0
23917,14.922498432109172,0
23918,14.922498432109172,0
23919,14.922498432109172,0
23920,14.922498432109172,0
23921,14.922498432109172,0
23922,14.922498432109172,0
23923,14.922498432109172,0
23924,14.922498432109172,0
23925,14.922498432109172,0
23926,14.922498432109172,0
23927,14.922498432109172,0
23928,14.922498432109172,0
23929,14.922498432109172,0
23930,14.922498432109172,0
23931,14.922498432109172,0
23932,14.922498432109172,0
23933,14.922498432109172,0
23934,14.922498432109172,0
23935,14.922498432109172,0
23936,14.922498432109172,0
23937,14.922498432109172,0
23938,14.922498432109172,0
23939,14.922498432109172,0
23940,14.922498432109172,0
23941,14.922498432109172,0
23942,14.922498432109172,0
23943,23.897774891215555,0
23944,23.897774891215555,0
23945,23.897774891215555,1
23946,23.897774891215555,0
23947,23.897774891215555,0
23948,23.897774891215555,1
23949,23.897774891215555,0
23950,23.897774891215555,0
23951,23.897774891215555,0
23952,23.897774891215555,0
23953,23.897774891215555,0
23954,23.897774891215555,0
23955,23.897774891215555,0
23956,23.897774891215555,1
23957,23.897774891215555,1
23958,23.897774891215555,0
23959,23.897774891215555,0
23960,23.897774891215555,0
23961,23.897774891215555,1
23962,23.897774891215555,0
23963,23.897774891215555,1
23964,23.897774891215555,0
23965,23.897774891215555,0
23966,23.897774891215555,0
23967,23.897774891215555,0
23968,23.897774891215555,0
23969,23.897774891215555,0
23970,23.897774891215555,1
23971,23.897774891215555,0
23972,23.897774891215555,0
23973,23.897774891215555,0
23974,36.76607726838001,0
23975,36.76607726838001,0
23976,36.76607726838001,1
23977,36.76607726838001,0
23978,36.76607726838001,0
23979,36.76607726838001,1
23980,36.76607726838001,0
23981,36.76607726838001,0
23982,36.76607726838001,1
23983,36.76607726838001,0
23984,36.76607726838001,0
23985,36.76607726838001,0
23986,36.76607726838001,0
23987,36.76607726838001,0
23988,36.76607726838001,0
23989,36.76607726838001,0
23990,36.76607726838001,0
23991,36.76607726838001,0
23992,36.76607726838001,0
23993,36.76607726838001,1
23994,36.76607726838001,0
23995,36.76607726838001,0
23996,36.76607726838001,0
23997,36.76607726838001,0
23998,36.76607726838001,0
23999,36.76607726838001,0
24000,36.76607726838001,0
24001,13.554434763612745,0
24002,13.554434763612745,0
24003,13.554434763612745,0
24004,13.554434763612745,0
24005,13.554434763612745,0
24006,13.554434763612745,0
24007,13.554434763612745,0
24008,13.554434763612745,0
24009,13.554434763612745,0
24010,13.554434763612745,0
24011,13.554434763612745,0
24012,13.554434763612745,0
24013,13.554434763612745,0
24014,13.554434763612745,0
24015,13.554434763612745,0
24016,13.554434763612745,0
24017,13.554434763612745,0
24018,13.554434763612745,0
24019,13.554434763612745,0
24020,13.554434763612745,0
24021,13.554434763612745,0
24022,13.554434763612745,0
24023,13.554434763612745,0
24024,13.554434763612745,0
24025,13.554434763612745,0
24026,13.554434763612745,0
24027,13.554434763612745,0
24028,13.554434763612745,0
24029,13.554434763612745,0
24030,13.554434763612745,0
24031,13.554434763612745,0
24032,13.554434763612745,0
24033,13.554434763612745,0
24034,13.554434763612745,0
24035,13.554434763612745,0
24036,13.554434763612745,0
24037,13.554434763612745,0
24038,13.554434763612745,0
24039,69.32361768627295,0
24040,69.32361768627295,0
24041,69.32361768627295,0
24042,69.32361768627295,0
24043,69.32361768627295,0
24044,69.32361768627295,0
24045,69.32361768627295,0
24046,69.32361768627295,0
24047,69.32361768627295,0
24048,69.32361768627295,0
24049,69.32361768627295,0
24050,69.32361768627295,0
24051,69.32361768627295,0
24052,69.32361768627295,0
24053,69.32361768627295,0
24054,69.32361768627295,0
24055,69.32361768627295,0
24056,69.32361768627295,0
24057,69.32361768627295,0
24058,69.32361768627295,0
24059,69.32361768627295,0
24060,69.32361768627295,0
24061,69.32361768627295,0
24062,69.32361768627295,0
24063,69.32361768627295,0
24064,69.32361768627295,0
24065,69.32361768627295,0
24066,69.32361768627295,0
24067,69.32361768627295,0
24068,69.32361768627295,0
24069,69.32361768627295,0
24070,69.32361768627295,0
24071,69.32361768627295,0
24072,69.32361768627295,0
24073,69.32361768627295,0
24074,1.8741456933948226,0
24075,1.8741456933948226,1
24076,1.8741456933948226,0
24077,1.8741456933948226,0
24078,1.8741456933948226,0
24079,1.8741456933948226,0
24080,1.8741456933948226,0
24081,1.8741456933948226,0
24082,1.8741456933948226,0
24083,1.8741456933948226,0
24084,1.8741456933948226,0
24085,1.8741456933948226,0
24086,1.8741456933948226,0
24087,1.8741456933948226,0
24088,1.8741456933948226,0
24089,1.8741456933948226,0
24090,1.8741456933948226,0
24091,1.8741456933948226,0
24092,1.8741456933948226,0
24093,1.8741456933948226,1
24094,1.8741456933948226,0
24095,1.8741456933948226,0
24096,1.8741456933948226,0
24097,1.8741456933948226,0
24098,1.8741456933948226,1
24099,1.8741456933948226,0
24100,1.8741456933948226,0
24101,1.8741456933948226,0
24102,1.8741456933948226,0
24103,1.8741456933948226,0
24104,1.8741456933948226,0
24105,1.8741456933948226,0
24106,1.8741456933948226,0
24107,1.8741456933948226,0
24108,1.8741456933948226,0
24109,1.8741456933948226,0
24110,1.8741456933948226,0
24111,1.8741456933948226,0
24112,1.8741456933948226,0
24113,1.8741456933948226,0
24114,1.8741456933948226,0
24115,1.8741456933948226,0
24116,1.8741456933948226,0
24117,1.8741456933948226,0
24118,1.8741456933948226,0
24119,1.8741456933948226,0
24120,1.8741456933948226,0
24121,1.8741456933948226,0
24122,1.8741456933948226,0
24123,1.8741456933948226,0
24124,1.8741456933948226,0
24125,1.8741456933948226,0
24126,1.8741456933948226,0
24127,1.8741456933948226,0
24128,1.8741456933948226,0
24129,1.8741456933948226,0
24130,1.8741456933948226,0
24131,1.8741456933948226,0
24132,1.8741456933948226,0
24133,1.8741456933948226,0
24134,1.8741456933948226,0
24135,1.8741456933948226,0
24136,1.8741456933948226,0
24137,1.8741456933948226,0
24138,1.8741456933948226,0
24139,1.8741456933948226,0
24140,1.8741456933948226,0
24141,1.8741456933948226,0
24142,1.8741456933948226,0
24143,9.492315730520595,0
24144,9.492315730520595,0
24145,9.492315730520595,0
24146,9.492315730520595,0
24147,9.492315730520595,0
24148,9.492315730520595,0
24149,9.492315730520595,0
24150,9.492315730520595,0
24151,9.492315730520595,0
24152,9.492315730520595,0
24153,9.492315730520595,0
24154,9.492315730520595,0
24155,9.492315730520595,0
24156,9.492315730520595,0
24157,9.492315730520595,1
24158,9.492315730520595,1
24159,9.492315730520595,0
24160,9.492315730520595,0
24161,9.492315730520595,0
24162,9.492315730520595,0
24163,9.492315730520595,0
24164,9.492315730520595,0
24165,9.492315730520595,0
24166,9.492315730520595,1
24167,9.492315730520595,0
24168,9.492315730520595,0
24169,9.492315730520595,0
24170,9.492315730520595,0
24171,9.492315730520595,0
24172,9.492315730520595,0
24173,9.492315730520595,0
24174,9.492315730520595,0
24175,9.492315730520595,0
24176,148.24772292376858,0
24177,148.24772292376858,1
24178,148.24772292376858,0
24179,148.24772292376858,0
24180,148.24772292376858,1
24181,148.24772292376858,0
24182,148.24772292376858,0
24183,148.24772292376858,0
24184,148.24772292376858,0
24185,148.24772292376858,0
24186,148.24772292376858,1
24187,148.24772292376858,1
24188,148.24772292376858,0
24189,148.24772292376858,0
24190,148.24772292376858,1
24191,148.24772292376858,0
24192,148.24772292376858,0
24193,148.24772292376858,0
24194,148.24772292376858,0
24195,148.24772292376858,1
24196,148.24772292376858,0
24197,148.24772292376858,0
24198,148.24772292376858,1
24199,148.24772292376858,0
24200,148.24772292376858,0
24201,148.24772292376858,1
24202,148.24772292376858,0
24203,148.24772292376858,0
24204,148.24772292376858,0
24205,148.24772292376858,0
24206,148.24772292376858,0
24207,148.24772292376858,0
24208,148.24772292376858,0
24209,148.24772292376858,0
24210,148.24772292376858,0
24211,148.24772292376858,0
24212,148.24772292376858,1
24213,148.24772292376858,0
24214,148.24772292376858,0
24215,148.24772292376858,0
24216,148.24772292376858,0
24217,21.48083973438197,0
24218,21.48083973438197,0
24219,21.48083973438197,0
24220,21.48083973438197,0
24221,21.48083973438197,0
24222,21.48083973438197,0
24223,21.48083973438197,0
24224,21.48083973438197,0
24225,21.48083973438197,0
24226,21.48083973438197,0
24227,21.48083973438197,0
24228,21.48083973438197,0
24229,21.48083973438197,0
24230,21.48083973438197,1
24231,21.48083973438197,0
24232,21.48083973438197,0
24233,21.48083973438197,0
24234,21.48083973438197,0
24235,21.48083973438197,0
24236,21.48083973438197,0
24237,21.48083973438197,0
24238,21.48083973438197,0
24239,21.48083973438197,0
24240,21.48083973438197,1
24241,21.48083973438197,0
24242,21.48083973438197,0
24243,21.48083973438197,0
24244,21.48083973438197,0
24245,21.48083973438197,0
24246,21.48083973438197,0
24247,21.48083973438197,0
24248,21.48083973438197,0
24249,21.48083973438197,0
24250,21.48083973438197,0
24251,21.48083973438197,0
24252,21.48083973438197,0
24253,21.48083973438197,0
24254,21.48083973438197,0
24255,21.48083973438197,0
24256,84.26211368994993,0
24257,84.26211368994993,0
24258,84.26211368994993,0
24259,84.26211368994993,0
24260,84.26211368994993,0
24261,84.26211368994993,0
24262,84.26211368994993,0
24263,84.26211368994993,0
24264,84.26211368994993,0
24265,84.26211368994993,0
24266,84.26211368994993,0
24267,84.26211368994993,0
24268,84.26211368994993,0
24269,84.26211368994993,0
24270,84.26211368994993,0
24271,84.26211368994993,0
24272,84.26211368994993,0
24273,84.26211368994993,0
24274,84.26211368994993,0
24275,84.26211368994993,0
24276,84.26211368994993,0
24277,84.26211368994993,0
24278,84.26211368994993,0
24279,84.26211368994993,1
24280,84.26211368994993,0
24281,84.26211368994993,0
24282,84.26211368994993,0
24283,84.26211368994993,0
24284,84.26211368994993,0
24285,84.26211368994993,0
24286,84.26211368994993,0
24287,84.26211368994993,0
24288,84.26211368994993,0
24289,84.26211368994993,0
24290,84.26211368994993,0
24291,84.26211368994993,0
24292,84.26211368994993,0
24293,84.26211368994993,0
24294,84.26211368994993,1
24295,21.899495998126707,0
24296,21.899495998126707,0
24297,21.899495998126707,0
24298,21.899495998126707,0
24299,21.899495998126707,0
24300,21.899495998126707,0
24301,21.899495998126707,0
24302,21.899495998126707,0
24303,21.899495998126707,0
24304,21.899495998126707,0
24305,21.899495998126707,0
24306,21.899495998126707,0
24307,21.899495998126707,0
24308,21.899495998126707,0
24309,21.899495998126707,0
24310,21.899495998126707,0
24311,21.899495998126707,0
24312,21.899495998126707,0
24313,21.899495998126707,0
24314,21.899495998126707,0
24315,21.899495998126707,0
24316,21.899495998126707,0
24317,21.899495998126707,0
24318,21.899495998126707,0
24319,21.899495998126707,0
24320,21.899495998126707,0
24321,21.899495998126707,0
24322,21.899495998126707,0
24323,21.899495998126707,0
24324,21.899495998126707,0
24325,21.899495998126707,0
24326,2.2554826384743154,0
24327,2.2554826384743154,0
24328,2.2554826384743154,0
24329,2.2554826384743154,0
24330,2.2554826384743154,0
24331,2.2554826384743154,0
24332,2.2554826384743154,0
24333,2.2554826384743154,0
24334,2.2554826384743154,0
24335,2.2554826384743154,0
24336,2.2554826384743154,0
24337,2.2554826384743154,1
24338,2.2554826384743154,0
24339,2.2554826384743154,0
24340,2.2554826384743154,0
24341,2.2554826384743154,0
24342,2.2554826384743154,1
24343,2.2554826384743154,0
24344,2.2554826384743154,0
24345,2.2554826384743154,0
24346,2.2554826384743154,0
24347,2.2554826384743154,0
24348,2.2554826384743154,0
24349,2.2554826384743154,0
24350,2.2554826384743154,0
24351,2.2554826384743154,0
24352,2.2554826384743154,0
24353,2.2554826384743154,0
24354,2.2554826384743154,0
24355,2.2554826384743154,0
24356,2.2554826384743154,0
24357,2.2554826384743154,1
24358,2.2554826384743154,0
24359,2.2554826384743154,0
24360,2.2554826384743154,0
24361,2.2554826384743154,0
24362,2.2554826384743154,0
24363,2.2554826384743154,0
24364,2.2554826384743154,0
24365,2.2554826384743154,0
24366,2.2554826384743154,0
24367,2.2554826384743154,0
24368,35.22320134516929,0
24369,35.22320134516929,0
24370,35.22320134516929,0
24371,35.22320134516929,0
24372,35.22320134516929,0
24373,35.22320134516929,0
24374,35.22320134516929,0
24375,35.22320134516929,0
24376,35.22320134516929,0
24377,35.22320134516929,0
24378,35.22320134516929,1
24379,35.22320134516929,0
24380,35.22320134516929,0
24381,35.22320134516929,0
24382,35.22320134516929,0
24383,35.22320134516929,0
24384,35.22320134516929,0
24385,35.22320134516929,0
24386,35.22320134516929,0
24387,35.22320134516929,0
24388,35.22320134516929,0
24389,35.22320134516929,0
24390,35.22320134516929,0
24391,35.22320134516929,0
24392,35.22320134516929,0
24393,35.22320134516929,0
24394,35.22320134516929,0
24395,35.22320134516929,0
24396,35.22320134516929,0
24397,35.22320134516929,0
24398,35.22320134516929,0
24399,35.22320134516929,0
24400,35.22320134516929,0
24401,35.22320134516929,0
24402,35.22320134516929,0
24403,35.22320134516929,0
24404,28.307600686385467,0
24405,28.307600686385467,0
24406,28.307600686385467,0
24407,28.307600686385467,0
24408,28.307600686385467,0
24409,28.307600686385467,0
24410,28.307600686385467,0
24411,28.307600686385467,0
24412,28.307600686385467,0
24413,28.307600686385467,0
24414,28.307600686385467,0
24415,28.307600686385467,0
24416,28.307600686385467,0
24417,28.307600686385467,0
24418,28.307600686385467,0
24419,28.307600686385467,0
24420,28.307600686385467,0
24421,28.307600686385467,0
24422,28.307600686385467,0
24423,28.307600686385467,0
24424,28.307600686385467,0
24425,28.307600686385467,0
24426,65.50400666446812,0
24427,65.50400666446812,0
24428,65.50400666446812,0
24429,65.50400666446812,0
24430,65.50400666446812,0
24431,65.50400666446812,0
24432,65.50400666446812,0
24433,65.50400666446812,0
24434,65.50400666446812,1
24435,65.50400666446812,0
24436,65.50400666446812,0
24437,65.50400666446812,0
24438,65.50400666446812,0
24439,65.50400666446812,1
24440,65.50400666446812,0
24441,65.50400666446812,0
24442,65.50400666446812,0
24443,65.50400666446812,0
24444,65.50400666446812,0
24445,65.50400666446812,0
24446,65.50400666446812,0
24447,65.50400666446812,0
24448,65.50400666446812,0
24449,65.50400666446812,0
24450,65.50400666446812,0
24451,65.50400666446812,0
24452,65.50400666446812,0
24453,65.50400666446812,0
24454,65.50400666446812,0
24455,65.50400666446812,0
24456,65.50400666446812,0
24457,65.50400666446812,0
24458,81.99961056887841,1
24459,81.99961056887841,0
24460,81.99961056887841,0
24461,81.99961056887841,0
24462,81.99961056887841,0
24463,81.99961056887841,0
24464,81.99961056887841,1
24465,81.99961056887841,1
24466,81.99961056887841,0
24467,81.99961056887841,1
24468,81.99961056887841,0
24469,81.99961056887841,1
24470,81.99961056887841,0
24471,81.99961056887841,0
24472,81.99961056887841,1
24473,81.99961056887841,0
24474,81.99961056887841,0
24475,81.99961056887841,1
24476,81.99961056887841,0
24477,81.99961056887841,0
24478,81.99961056887841,0
24479,81.99961056887841,0
24480,81.99961056887841,0
24481,81.99961056887841,0
24482,81.99961056887841,1
24483,81.99961056887841,1
24484,81.99961056887841,0
24485,81.99961056887841,0
24486,81.99961056887841,0
24487,81.99961056887841,1
24488,81.99961056887841,0
24489,27.7096511651977,0
24490,27.7096511651977,0
24491,27.7096511651977,0
24492,27.7096511651977,0
24493,27.7096511651977,0
24494,27.7096511651977,0
24495,27.7096511651977,0
24496,27.7096511651977,0
24497,27.7096511651977,0
24498,27.7096511651977,0
24499,27.7096511651977,0
24500,27.7096511651977,0
24501,27.7096511651977,0
24502,27.7096511651977,0
24503,27.7096511651977,0
24504,27.7096511651977,0
24505,27.7096511651977,0
24506,27.7096511651977,0
24507,27.7096511651977,0
24508,27.7096511651977,0
24509,27.7096511651977,0
24510,27.7096511651977,0
24511,27.7096511651977,0
24512,27.7096511651977,0
24513,27.7096511651977,0
24514,27.7096511651977,0
24515,27.7096511651977,0
24516,27.7096511651977,0
24517,27.7096511651977,0
24518,27.7096511651977,0
24519,27.7096511651977,0
24520,1.3162222646848805,0
24521,1.3162222646848805,0
24522,1.3162222646848805,0
24523,1.3162222646848805,1
24524,1.3162222646848805,0
24525,1.3162222646848805,1
24526,1.3162222646848805,0
24527,1.3162222646848805,1
24528,1.3162222646848805,1
24529,1.3162222646848805,0
24530,1.3162222646848805,0
24531,1.3162222646848805,0
24532,1.3162222646848805,0
24533,1.3162222646848805,1
24534,1.3162222646848805,0
24535,1.3162222646848805,0
24536,1.3162222646848805,1
24537,1.3162222646848805,0
24538,1.3162222646848805,0
24539,1.3162222646848805,0
24540,1.3162222646848805,0
24541,1.3162222646848805,0
24542,1.3162222646848805,1
24543,1.3162222646848805,0
24544,1.3162222646848805,0
24545,1.3162222646848805,1
24546,1.3162222646848805,1
24547,1.3162222646848805,1
24548,1.3162222646848805,0
24549,1.3162222646848805,0
24550,1.3162222646848805,0
24551,1.3162222646848805,0
24552,1.3162222646848805,0
24553,1.3162222646848805,1
24554,1.3162222646848805,0
24555,1.3162222646848805,0
24556,1.3162222646848805,1
24557,1.3162222646848805,0
24558,1.3162222646848805,0
24559,1.3162222646848805,0
24560,1.3162222646848805,0
24561,1.3162222646848805,1
24562,1.3162222646848805,0
24563,3.161531580506141,1
24564,3.161531580506141,0
24565,3.161531580506141,0
24566,3.161531580506141,0
24567,3.161531580506141,0
24568,3.161531580506141,0
24569,3.161531580506141,0
24570,3.161531580506141,0
24571,3.161531580506141,0
24572,3.161531580506141,0
24573,3.161531580506141,0
24574,3.161531580506141,0
24575,3.161531580506141,0
24576,3.161531580506141,0
24577,3.161531580506141,0
24578,3.161531580506141,0
24579,3.161531580506141,0
24580,3.161531580506141,0
24581,3.161531580506141,0
24582,3.161531580506141,0
24583,3.161531580506141,0
24584,3.161531580506141,0
24585,3.161531580506141,0
24586,3.161531580506141,0
24587,3.161531580506141,0
24588,3.161531580506141,0
24589,3.161531580506141,0
24590,3.161531580506141,0
24591,3.161531580506141,0
24592,3.161531580506141,0
24593,3.161531580506141,0
24594,3.161531580506141,0
24595,3.161531580506141,0
24596,3.161531580506141,0
24597,3.161531580506141,0
24598,3.161531580506141,0
24599,3.161531580506141,0
24600,3.161531580506141,0
24601,3.161531580506141,0
24602,3.161531580506141,0
24603,3.161531580506141,0
24604,3.161531580506141,0
24605,3.161531580506141,0
24606,3.161531580506141,0
24607,18.120794761896263,0
24608,18.120794761896263,0
24609,18.120794761896263,1
24610,18.120794761896263,0
24611,18.120794761896263,0
24612,18.120794761896263,0
24613,18.120794761896263,0
24614,18.120794761896263,0
24615,18.120794761896263,0
24616,18.120794761896263,0
24617,18.120794761896263,0
24618,18.120794761896263,0
24619,18.120794761896263,0
24620,18.120794761896263,0
24621,18.120794761896263,0
24622,18.120794761896263,0
24623,18.120794761896263,0
24624,18.120794761896263,1
24625,18.120794761896263,0
24626,18.120794761896263,0
24627,18.120794761896263,0
24628,18.120794761896263,0
24629,18.120794761896263,0
24630,18.120794761896263,0
24631,18.120794761896263,0
24632,18.120794761896263,0
24633,18.120794761896263,0
24634,18.120794761896263,0
24635,18.120794761896263,0
24636,18.120794761896263,0
24637,18.120794761896263,0
24638,18.120794761896263,0
24639,18.120794761896263,0
24640,18.120794761896263,1
24641,18.120794761896263,0
24642,18.120794761896263,0
24643,50.88044186636238,0
24644,50.88044186636238,0
24645,50.88044186636238,1
24646,50.88044186636238,0
24647,50.88044186636238,0
24648,50.88044186636238,0
24649,50.88044186636238,1
24650,50.88044186636238,0
24651,50.88044186636238,0
24652,50.88044186636238,0
24653,50.88044186636238,0
24654,50.88044186636238,0
24655,50.88044186636238,0
24656,50.88044186636238,0
24657,50.88044186636238,0
24658,50.88044186636238,0
24659,50.88044186636238,0
24660,50.88044186636238,0
24661,50.88044186636238,0
24662,50.88044186636238,0
24663,50.88044186636238,0
24664,50.88044186636238,0
24665,50.88044186636238,0
24666,50.88044186636238,1
24667,50.88044186636238,1
24668,50.88044186636238,0
24669,50.88044186636238,0
24670,50.88044186636238,0
24671,50.88044186636238,1
24672,50.88044186636238,1
24673,50.88044186636238,0
24674,50.88044186636238,0
24675,50.88044186636238,0
24676,50.88044186636238,0
24677,50.88044186636238,0
24678,50.88044186636238,0
24679,50.88044186636238,0
24680,50.88044186636238,0
24681,50.88044186636238,0
24682,50.88044186636238,0
24683,50.88044186636238,1
24684,50.88044186636238,0
24685,50.88044186636238,0
24686,50.88044186636238,0
24687,50.88044186636238,0
24688,61.612956070290146,0
24689,61.612956070290146,0
24690,61.612956070290146,0
24691,61.612956070290146,0
24692,61.612956070290146,0
24693,61.612956070290146,0
24694,61.612956070290146,0
24695,61.612956070290146,0
24696,61.612956070290146,0
24697,61.612956070290146,0
24698,61.612956070290146,0
24699,61.612956070290146,0
24700,61.612956070290146,0
24701,61.612956070290146,0
24702,61.612956070290146,0
24703,61.612956070290146,0
24704,61.612956070290146,0
24705,61.612956070290146,0
24706,61.612956070290146,0
24707,61.612956070290146,0
24708,61.612956070290146,0
24709,61.612956070290146,0
24710,61.612956070290146,0
24711,61.612956070290146,0
24712,61.612956070290146,0
24713,61.612956070290146,0
24714,61.612956070290146,0
24715,61.612956070290146,0
24716,61.612956070290146,0
24717,61.612956070290146,0
24718,61.612956070290146,0
24719,61.612956070290146,0
24720,61.612956070290146,0
24721,61.612956070290146,0
24722,61.612956070290146,0
24723,61.612956070290146,0
24724,61.612956070290146,0
24725,61.612956070290146,0
24726,61.612956070290146,0
24727,61.612956070290146,0
24728,61.612956070290146,0
24729,61.612956070290146,0
24730,2.8221852667952687,0
24731,2.8221852667952687,0
24732,2.8221852667952687,0
24733,2.8221852667952687,0
24734,2.8221852667952687,0
24735,2.8221852667952687,0
24736,2.8221852667952687,0
24737,2.8221852667952687,0
24738,2.8221852667952687,0
24739,2.8221852667952687,0
24740,2.8221852667952687,0
24741,2.8221852667952687,0
24742,2.8221852667952687,0
24743,2.8221852667952687,0
24744,2.8221852667952687,0
24745,2.8221852667952687,0
24746,2.8221852667952687,0
24747,2.8221852667952687,0
24748,2.8221852667952687,0
24749,2.8221852667952687,0
24750,2.8221852667952687,0
24751,2.8221852667952687,0
24752,2.8221852667952687,0
24753,2.8221852667952687,0
24754,2.8362778324842792,1
24755,2.8362778324842792,0
24756,2.8362778324842792,0
24757,2.8362778324842792,1
24758,2.8362778324842792,0
24759,2.8362778324842792,0
24760,2.8362778324842792,0
24761,2.8362778324842792,0
24762,2.8362778324842792,1
24763,2.8362778324842792,0
24764,2.8362778324842792,0
24765,2.8362778324842792,1
24766,2.8362778324842792,0
24767,2.8362778324842792,0
24768,2.8362778324842792,1
24769,2.8362778324842792,1
24770,2.8362778324842792,0
24771,2.8362778324842792,0
24772,2.8362778324842792,0
24773,2.8362778324842792,1
24774,2.8362778324842792,1
24775,2.8362778324842792,1
24776,2.8362778324842792,0
24777,2.8362778324842792,1
24778,2.8362778324842792,0
24779,2.8362778324842792,1
24780,2.8362778324842792,0
24781,2.8362778324842792,1
24782,2.8362778324842792,0
24783,2.8362778324842792,0
24784,2.8362778324842792,0
24785,2.8362778324842792,0
24786,2.8362778324842792,0
24787,2.8362778324842792,0
24788,2.8362778324842792,0
24789,2.8362778324842792,0
24790,32.01776196803313,0
24791,32.01776196803313,0
24792,32.01776196803313,0
24793,32.01776196803313,0
24794,32.01776196803313,0
24795,32.01776196803313,0
24796,32.01776196803313,0
24797,32.01776196803313,0
24798,32.01776196803313,0
24799,32.01776196803313,0
24800,32.01776196803313,0
24801,32.01776196803313,0
24802,32.01776196803313,0
24803,32.01776196803313,0
24804,32.01776196803313,0
24805,32.01776196803313,0
24806,32.01776196803313,0
24807,32.01776196803313,0
24808,32.01776196803313,0
24809,32.01776196803313,1
24810,32.01776196803313,1
24811,32.01776196803313,0
24812,32.01776196803313,0
24813,32.01776196803313,0
24814,32.01776196803313,0
24815,32.01776196803313,0
24816,32.01776196803313,0
24817,32.01776196803313,0
24818,32.01776196803313,0
24819,32.01776196803313,0
24820,32.01776196803313,0
24821,32.01776196803313,0
24822,32.01776196803313,0
24823,32.01776196803313,0
24824,32.01776196803313,0
24825,32.01776196803313,0
24826,32.01776196803313,0
24827,32.01776196803313,0
24828,32.01776196803313,0
24829,32.01776196803313,0
24830,32.01776196803313,0
24831,32.01776196803313,0
24832,66.06458874200761,0
24833,66.06458874200761,0
24834,66.06458874200761,0
24835,66.06458874200761,0
24836,66.06458874200761,0
24837,66.06458874200761,0
24838,66.06458874200761,0
24839,66.06458874200761,0
24840,66.06458874200761,0
24841,66.06458874200761,0
24842,66.06458874200761,0
24843,66.06458874200761,0
24844,66.06458874200761,0
24845,66.06458874200761,0
24846,66.06458874200761,0
24847,66.06458874200761,0
24848,66.06458874200761,0
24849,66.06458874200761,0
24850,66.06458874200761,1
24851,66.06458874200761,0
24852,66.06458874200761,0
24853,66.06458874200761,0
24854,66.06458874200761,0
24855,66.06458874200761,0
24856,66.06458874200761,0
24857,66.06458874200761,0
24858,66.06458874200761,0
24859,66.06458874200761,0
24860,66.06458874200761,0
24861,66.06458874200761,0
24862,66.06458874200761,0
24863,66.06458874200761,0
24864,54.52979936846939,0
24865,54.52979936846939,0
24866,54.52979936846939,0
24867,54.52979936846939,1
24868,54.52979936846939,0
24869,54.52979936846939,0
24870,54.52979936846939,0
24871,54.52979936846939,0
24872,54.52979936846939,0
24873,54.52979936846939,0
24874,54.52979936846939,0
24875,54.52979936846939,0
24876,54.52979936846939,0
24877,54.52979936846939,0
24878,54.52979936846939,0
24879,54.52979936846939,0
24880,54.52979936846939,0
24881,54.52979936846939,0
24882,54.52979936846939,0
24883,54.52979936846939,0
24884,54.52979936846939,0
24885,54.52979936846939,0
24886,54.52979936846939,0
24887,54.52979936846939,0
24888,54.52979936846939,0
24889,54.52979936846939,0
24890,47.11189692332126,0
24891,47.11189692332126,0
24892,47.11189692332126,0
24893,47.11189692332126,0
24894,47.11189692332126,0
24895,47.11189692332126,0
24896,47.11189692332126,0
24897,47.11189692332126,0
24898,47.11189692332126,0
24899,47.11189692332126,0
24900,47.11189692332126,1
24901,47.11189692332126,0
24902,47.11189692332126,0
24903,47.11189692332126,0
24904,47.11189692332126,0
24905,47.11189692332126,0
24906,47.11189692332126,0
24907,47.11189692332126,0
24908,47.11189692332126,0
24909,47.11189692332126,0
24910,47.11189692332126,0
24911,47.11189692332126,0
24912,47.11189692332126,0
24913,47.11189692332126,0
24914,47.11189692332126,0
24915,47.11189692332126,0
24916,47.11189692332126,0
24917,47.11189692332126,0
24918,1.990140327950446,0
24919,1.990140327950446,0
24920,1.990140327950446,0
24921,1.990140327950446,0
24922,1.990140327950446,0
24923,1.990140327950446,0
24924,1.990140327950446,1
24925,1.990140327950446,0
24926,1.990140327950446,0
24927,1.990140327950446,0
24928,1.990140327950446,0
24929,1.990140327950446,0
24930,1.990140327950446,0
24931,1.990140327950446,0
24932,1.990140327950446,0
24933,1.990140327950446,0
24934,1.990140327950446,0
24935,1.990140327950446,0
24936,1.990140327950446,0
24937,1.990140327950446,0
24938,1.990140327950446,0
24939,1.990140327950446,0
24940,1.990140327950446,0
24941,1.990140327950446,0
24942,1.990140327950446,0
24943,1.990140327950446,0
24944,1.990140327950446,0
24945,1.990140327950446,0
24946,1.990140327950446,1
24947,1.990140327950446,0
24948,1.990140327950446,0
24949,1.990140327950446,0
24950,1.990140327950446,0
24951,1.990140327950446,0
24952,1.990140327950446,0
24953,1.990140327950446,0
24954,1.990140327950446,0
24955,1.990140327950446,0
24956,1.990140327950446,0
24957,1.990140327950446,0
24958,1.990140327950446,0
24959,1.990140327950446,0
24960,1.990140327950446,0
24961,1.990140327950446,0
24962,1.990140327950446,0
24963,1.990140327950446,0
24964,1.990140327950446,0
24965,1.990140327950446,0
24966,1.990140327950446,0
24967,1.990140327950446,0
24968,1.990140327950446,0
24969,1.990140327950446,0
24970,1.990140327950446,0
24971,1.990140327950446,0
24972,1.990140327950446,0
24973,1.990140327950446,0
24974,1.990140327950446,0
24975,1.990140327950446,0
24976,1.990140327950446,0
24977,1.990140327950446,0
24978,1.990140327950446,0
24979,1.990140327950446,1
24980,1.990140327950446,0
24981,1.990140327950446,0
24982,1.990140327950446,0
24983,1.990140327950446,0
24984,1.990140327950446,0
24985,26.86837824145547,0
24986,26.86837824145547,0
24987,26.86837824145547,0
24988,26.86837824145547,0
24989,26.86837824145547,0
24990,26.86837824145547,0
24991,26.86837824145547,0
24992,26.86837824145547,1
24993,26.86837824145547,0
24994,26.86837824145547,0
24995,26.86837824145547,0
24996,26.86837824145547,0
24997,26.86837824145547,0
24998,26.86837824145547,0
24999,26.86837824145547,0
25000,26.86837824145547,0
25001,26.86837824145547,0
25002,26.86837824145547,0
25003,26.86837824145547,0
25004,26.86837824145547,0
25005,26.86837824145547,0
25006,26.86837824145547,0
25007,26.86837824145547,1
25008,26.86837824145547,0
25009,26.86837824145547,0
25010,26.86837824145547,0
25011,26.86837824145547,0
25012,26.86837824145547,0
25013,26.86837824145547,0
25014,26.86837824145547,0
25015,26.86837824145547,0
25016,26.86837824145547,0
25017,26.86837824145547,0
25018,26.86837824145547,0
25019,56.75246384927848,0
25020,56.75246384927848,0
25021,56.75246384927848,0
25022,56.75246384927848,0
25023,56.75246384927848,0
25024,56.75246384927848,0
25025,56.75246384927848,0
25026,56.75246384927848,0
25027,56.75246384927848,0
25028,56.75246384927848,0
25029,56.75246384927848,0
25030,56.75246384927848,1
25031,56.75246384927848,0
25032,56.75246384927848,0
25033,56.75246384927848,0
25034,56.75246384927848,0
25035,56.75246384927848,0
25036,56.75246384927848,0
25037,56.75246384927848,0
25038,56.75246384927848,1
25039,56.75246384927848,0
25040,56.75246384927848,1
25041,56.75246384927848,0
25042,56.75246384927848,1
25043,9.090997644592713,0
25044,9.090997644592713,0
25045,9.090997644592713,0
25046,9.090997644592713,0
25047,9.090997644592713,0
25048,9.090997644592713,0
25049,9.090997644592713,0
25050,9.090997644592713,0
25051,9.090997644592713,0
25052,9.090997644592713,0
25053,9.090997644592713,0
25054,9.090997644592713,0
25055,9.090997644592713,0
25056,9.090997644592713,0
25057,9.090997644592713,0
25058,9.090997644592713,0
25059,9.090997644592713,0
25060,9.090997644592713,0
25061,9.090997644592713,0
25062,9.090997644592713,0
25063,9.090997644592713,0
25064,9.090997644592713,0
25065,9.090997644592713,0
25066,9.090997644592713,0
25067,9.090997644592713,0
25068,9.090997644592713,0
25069,9.090997644592713,0
25070,9.090997644592713,0
25071,9.090997644592713,0
25072,9.090997644592713,0
25073,9.090997644592713,0
25074,9.090997644592713,0
25075,9.090997644592713,0
25076,9.090997644592713,0
25077,9.090997644592713,0
25078,9.090997644592713,0
25079,9.090997644592713,0
25080,9.090997644592713,1
25081,9.090997644592713,0
25082,9.090997644592713,0
25083,0.3956093331952072,0
25084,0.3956093331952072,0
25085,0.3956093331952072,0
25086,0.3956093331952072,0
25087,0.3956093331952072,0
25088,0.3956093331952072,0
25089,0.3956093331952072,0
25090,0.3956093331952072,0
25091,0.3956093331952072,0
25092,0.3956093331952072,0
25093,0.3956093331952072,0
25094,0.3956093331952072,0
25095,0.3956093331952072,0
25096,0.3956093331952072,1
25097,0.3956093331952072,0
25098,0.3956093331952072,0
25099,0.3956093331952072,0
25100,0.3956093331952072,0
25101,0.3956093331952072,0
25102,0.3956093331952072,0
25103,0.3956093331952072,0
25104,0.3956093331952072,0
25105,0.3956093331952072,0
25106,0.3956093331952072,0
25107,0.3956093331952072,0
25108,0.3956093331952072,0
25109,0.3956093331952072,0
25110,0.3956093331952072,0
25111,0.3956093331952072,0
25112,0.3956093331952072,0
25113,0.3956093331952072,0
25114,0.3956093331952072,1
25115,0.3956093331952072,0
25116,0.3956093331952072,0
25117,0.3956093331952072,0
25118,0.3956093331952072,0
25119,0.3956093331952072,0
25120,0.3956093331952072,0
25121,0.3956093331952072,0
25122,0.3956093331952072,0
25123,0.3956093331952072,0
25124,0.3956093331952072,0
25125,80.19007689739857,0
25126,80.19007689739857,0
25127,80.19007689739857,0
25128,80.19007689739857,0
25129,80.19007689739857,1
25130,80.19007689739857,1
25131,80.19007689739857,0
25132,80.19007689739857,0
25133,80.19007689739857,0
25134,80.19007689739857,1
25135,80.19007689739857,0
25136,80.19007689739857,0
25137,80.19007689739857,0
25138,80.19007689739857,0
25139,80.19007689739857,0
25140,80.19007689739857,0
25141,80.19007689739857,0
25142,80.19007689739857,0
25143,80.19007689739857,0
25144,80.19007689739857,0
25145,80.19007689739857,0
25146,80.19007689739857,0
25147,80.19007689739857,0
25148,20.57664669397445,0
25149,20.57664669397445,0
25150,20.57664669397445,0
25151,20.57664669397445,0
25152,20.57664669397445,0
25153,20.57664669397445,0
25154,20.57664669397445,0
25155,20.57664669397445,0
25156,20.57664669397445,0
25157,20.57664669397445,0
25158,20.57664669397445,0
25159,20.57664669397445,0
25160,20.57664669397445,0
25161,20.57664669397445,0
25162,20.57664669397445,0
25163,20.57664669397445,0
25164,20.57664669397445,0
25165,20.57664669397445,0
25166,20.57664669397445,0
25167,20.57664669397445,0
25168,20.57664669397445,0
25169,20.57664669397445,0
25170,20.57664669397445,0
25171,20.57664669397445,0
25172,20.57664669397445,0
25173,20.57664669397445,0
25174,20.57664669397445,0
25175,20.57664669397445,0
25176,20.57664669397445,0
25177,20.57664669397445,0
25178,20.57664669397445,0
25179,20.57664669397445,0
25180,20.57664669397445,0
25181,6.221289463028354,0
25182,6.221289463028354,0
25183,6.221289463028354,0
25184,6.221289463028354,0
25185,6.221289463028354,0
25186,6.221289463028354,0
25187,6.221289463028354,0
25188,6.221289463028354,0
25189,6.221289463028354,0
25190,6.221289463028354,0
25191,6.221289463028354,0
25192,6.221289463028354,0
25193,6.221289463028354,0
25194,6.221289463028354,0
25195,6.221289463028354,0
25196,6.221289463028354,0
25197,6.221289463028354,0
25198,78.8718960022669,0
25199,78.8718960022669,0
25200,78.8718960022669,0
25201,78.8718960022669,0
25202,78.8718960022669,0
25203,78.8718960022669,0
25204,78.8718960022669,0
25205,78.8718960022669,0
25206,78.8718960022669,0
25207,78.8718960022669,0
25208,78.8718960022669,0
25209,78.8718960022669,0
25210,78.8718960022669,0
25211,78.8718960022669,0
25212,78.8718960022669,0
25213,78.8718960022669,0
25214,78.8718960022669,0
25215,78.8718960022669,0
25216,78.8718960022669,0
25217,78.8718960022669,0
25218,78.8718960022669,0
25219,78.8718960022669,0
25220,78.8718960022669,0
25221,78.8718960022669,0
25222,78.8718960022669,0
25223,86.8243780967667,0
25224,86.8243780967667,0
25225,86.8243780967667,0
25226,86.8243780967667,0
25227,86.8243780967667,0
25228,86.8243780967667,0
25229,86.8243780967667,0
25230,86.8243780967667,0
25231,86.8243780967667,0
25232,86.8243780967667,0
25233,86.8243780967667,0
25234,86.8243780967667,0
25235,86.8243780967667,0
25236,86.8243780967667,0
25237,86.8243780967667,1
25238,86.8243780967667,0
25239,86.8243780967667,0
25240,86.8243780967667,0
25241,86.8243780967667,0
25242,86.8243780967667,0
25243,86.8243780967667,0
25244,86.8243780967667,0
25245,86.8243780967667,0
25246,86.8243780967667,0
25247,86.8243780967667,0
25248,86.8243780967667,0
25249,86.8243780967667,0
25250,86.8243780967667,0
25251,86.8243780967667,0
25252,86.8243780967667,0
25253,86.8243780967667,1
25254,86.8243780967667,0
25255,86.8243780967667,1
25256,86.8243780967667,0
25257,86.8243780967667,0
25258,86.8243780967667,0
25259,86.8243780967667,0
25260,2.9446586343690124,0
25261,2.9446586343690124,0
25262,2.9446586343690124,0
25263,2.9446586343690124,0
25264,2.9446586343690124,0
25265,2.9446586343690124,0
25266,2.9446586343690124,0
25267,2.9446586343690124,0
25268,2.9446586343690124,0
25269,2.9446586343690124,0
25270,2.9446586343690124,0
25271,2.9446586343690124,0
25272,2.9446586343690124,0
25273,2.9446586343690124,0
25274,2.9446586343690124,0
25275,2.9446586343690124,1
25276,2.9446586343690124,0
25277,2.9446586343690124,0
25278,2.9446586343690124,0
25279,2.9446586343690124,0
25280,2.9446586343690124,0
25281,2.9446586343690124,0
25282,2.9446586343690124,0
25283,2.9446586343690124,0
25284,2.9446586343690124,0
25285,2.9446586343690124,0
25286,2.9446586343690124,0
25287,2.9446586343690124,0
25288,2.9446586343690124,0
25289,2.9446586343690124,0
25290,2.9446586343690124,0
25291,2.9446586343690124,0
25292,2.9446586343690124,0
25293,35.75416314815419,0
25294,35.75416314815419,0
25295,35.75416314815419,0
25296,35.75416314815419,0
25297,35.75416314815419,0
25298,35.75416314815419,1
25299,35.75416314815419,0
25300,35.75416314815419,0
25301,35.75416314815419,0
25302,35.75416314815419,0
25303,35.75416314815419,0
25304,35.75416314815419,1
25305,35.75416314815419,0
25306,35.75416314815419,0
25307,35.75416314815419,0
25308,35.75416314815419,0
25309,35.75416314815419,0
25310,35.75416314815419,0
25311,35.75416314815419,0
25312,35.75416314815419,1
25313,35.75416314815419,0
25314,35.75416314815419,0
25315,35.75416314815419,0
25316,35.75416314815419,0
25317,35.75416314815419,0
25318,35.75416314815419,0
25319,35.75416314815419,0
25320,35.75416314815419,1
25321,35.75416314815419,0
25322,35.75416314815419,0
25323,35.75416314815419,0
25324,35.75416314815419,0
25325,35.75416314815419,0
25326,0.43307772097117253,0
25327,0.43307772097117253,0
25328,0.43307772097117253,0
25329,0.43307772097117253,0
25330,0.43307772097117253,0
25331,0.43307772097117253,0
25332,0.43307772097117253,0
25333,0.43307772097117253,0
25334,0.43307772097117253,0
25335,0.43307772097117253,0
25336,0.43307772097117253,0
25337,0.43307772097117253,0
25338,0.43307772097117253,0
25339,0.43307772097117253,0
25340,0.43307772097117253,0
25341,0.43307772097117253,0
25342,0.43307772097117253,0
25343,0.43307772097117253,0
25344,0.43307772097117253,0
25345,0.43307772097117253,0
25346,0.43307772097117253,0
25347,0.43307772097117253,0
25348,0.43307772097117253,0
25349,0.43307772097117253,0
25350,0.43307772097117253,0
25351,0.43307772097117253,0
25352,0.43307772097117253,0
25353,0.43307772097117253,0
25354,0.43307772097117253,0
25355,0.43307772097117253,0
25356,0.43307772097117253,0
25357,0.43307772097117253,0
25358,0.43307772097117253,0
25359,0.43307772097117253,0
25360,0.43307772097117253,0
25361,0.43307772097117253,0
25362,0.43307772097117253,1
25363,0.43307772097117253,0
25364,0.43307772097117253,0
25365,0.43307772097117253,0
25366,0.43307772097117253,0
25367,0.43307772097117253,0
25368,0.43307772097117253,0
25369,0.43307772097117253,0
25370,0.43307772097117253,0
25371,0.43307772097117253,0
25372,0.43307772097117253,0
25373,0.43307772097117253,0
25374,0.43307772097117253,0
25375,0.43307772097117253,0
25376,0.43307772097117253,0
25377,0.43307772097117253,0
25378,0.43307772097117253,0
25379,0.43307772097117253,0
25380,0.43307772097117253,0
25381,0.43307772097117253,0
25382,0.43307772097117253,0
25383,0.43307772097117253,0
25384,0.43307772097117253,0
25385,0.43307772097117253,0
25386,0.43307772097117253,0
25387,0.43307772097117253,0
25388,0.43307772097117253,0
25389,16.896253680525703,0
25390,16.896253680525703,0
25391,16.896253680525703,1
25392,16.896253680525703,0
25393,16.896253680525703,0
25394,16.896253680525703,0
25395,16.896253680525703,0
25396,16.896253680525703,0
25397,16.896253680525703,0
25398,16.896253680525703,0
25399,16.896253680525703,0
25400,16.896253680525703,0
25401,16.896253680525703,0
25402,16.896253680525703,0
25403,16.896253680525703,0
25404,16.896253680525703,0
25405,16.896253680525703,1
25406,16.896253680525703,0
25407,16.896253680525703,0
25408,16.896253680525703,0
25409,16.896253680525703,0
25410,16.896253680525703,0
25411,16.896253680525703,0
25412,16.896253680525703,0
25413,22.43938157221363,0
25414,22.43938157221363,0
25415,22.43938157221363,0
25416,22.43938157221363,0
25417,22.43938157221363,0
25418,22.43938157221363,0
25419,22.43938157221363,0
25420,22.43938157221363,0
25421,22.43938157221363,0
25422,22.43938157221363,0
25423,22.43938157221363,0
25424,22.43938157221363,0
25425,22.43938157221363,0
25426,22.43938157221363,0
25427,22.43938157221363,0
25428,22.43938157221363,0
25429,22.43938157221363,0
25430,22.43938157221363,0
25431,22.43938157221363,0
25432,22.43938157221363,0
25433,22.43938157221363,0
25434,22.43938157221363,0
25435,22.43938157221363,0
25436,22.43938157221363,0
25437,22.43938157221363,0
25438,22.43938157221363,1
25439,22.43938157221363,0
25440,22.43938157221363,0
25441,22.43938157221363,1
25442,22.43938157221363,0
25443,22.43938157221363,0
25444,22.43938157221363,0
25445,22.43938157221363,0
25446,2.6300100726982434,0
25447,2.6300100726982434,0
25448,2.6300100726982434,0
25449,2.6300100726982434,0
25450,2.6300100726982434,0
25451,2.6300100726982434,0
25452,2.6300100726982434,0
25453,2.6300100726982434,0
25454,2.6300100726982434,0
25455,2.6300100726982434,0
25456,2.6300100726982434,0
25457,2.6300100726982434,0
25458,2.6300100726982434,0
25459,2.6300100726982434,0
25460,2.6300100726982434,0
25461,2.6300100726982434,0
25462,2.6300100726982434,0
25463,2.6300100726982434,0
25464,2.6300100726982434,0
25465,2.6300100726982434,0
25466,2.6300100726982434,0
25467,2.6300100726982434,0
25468,2.6300100726982434,0
25469,2.6300100726982434,0
25470,2.6300100726982434,0
25471,2.6300100726982434,0
25472,2.6300100726982434,0
25473,2.6300100726982434,0
25474,2.6300100726982434,0
25475,2.6300100726982434,0
25476,2.6300100726982434,0
25477,2.6300100726982434,0
25478,2.6300100726982434,0
25479,2.6300100726982434,0
25480,2.6300100726982434,0
25481,2.6300100726982434,0
25482,2.6300100726982434,0
25483,2.6300100726982434,0
25484,2.6300100726982434,1
25485,2.6300100726982434,0
25486,2.6300100726982434,0
25487,2.6300100726982434,0
25488,2.6300100726982434,0
25489,2.6300100726982434,0
25490,1.4540998064124586,0
25491,1.4540998064124586,0
25492,1.4540998064124586,0
25493,1.4540998064124586,0
25494,1.4540998064124586,0
25495,1.4540998064124586,0
25496,1.4540998064124586,0
25497,1.4540998064124586,0
25498,1.4540998064124586,0
25499,1.4540998064124586,0
25500,1.4540998064124586,0
25501,1.4540998064124586,0
25502,1.4540998064124586,0
25503,1.4540998064124586,0
25504,1.4540998064124586,1
25505,1.4540998064124586,0
25506,1.4540998064124586,0
25507,1.4540998064124586,0
25508,1.4540998064124586,0
25509,1.4540998064124586,0
25510,1.4540998064124586,0
25511,1.4540998064124586,0
25512,1.4540998064124586,0
25513,1.4540998064124586,0
25514,1.4540998064124586,1
25515,1.4540998064124586,0
25516,1.4540998064124586,1
25517,1.4540998064124586,1
25518,1.4540998064124586,0
25519,1.4540998064124586,0
25520,1.4540998064124586,0
25521,1.4540998064124586,0
25522,1.4540998064124586,0
25523,1.4540998064124586,0
25524,1.4540998064124586,0
25525,1.3493352580324982,0
25526,1.3493352580324982,1
25527,1.3493352580324982,0
25528,1.3493352580324982,0
25529,1.3493352580324982,1
25530,1.3493352580324982,0
25531,1.3493352580324982,1
25532,1.3493352580324982,0
25533,1.3493352580324982,1
25534,1.3493352580324982,0
25535,1.3493352580324982,0
25536,1.3493352580324982,0
25537,1.3493352580324982,0
25538,1.3493352580324982,0
25539,1.3493352580324982,0
25540,1.3493352580324982,0
25541,1.3493352580324982,0
25542,1.3493352580324982,1
25543,1.3493352580324982,1
25544,1.3493352580324982,0
25545,1.3493352580324982,1
25546,1.3493352580324982,0
25547,1.3493352580324982,0
25548,1.3493352580324982,0
25549,1.3493352580324982,1
25550,1.3493352580324982,0
25551,1.3493352580324982,0
25552,1.3493352580324982,0
25553,1.3493352580324982,0
25554,1.3493352580324982,1
25555,1.3493352580324982,0
25556,1.3493352580324982,0
25557,1.3493352580324982,0
25558,1.3493352580324982,0
25559,1.3493352580324982,0
25560,1.3493352580324982,1
25561,1.3493352580324982,0
25562,1.3493352580324982,1
25563,1.3493352580324982,1
25564,1.3493352580324982,1
25565,1.3493352580324982,1
25566,1.3493352580324982,0
25567,1.3493352580324982,0
25568,1.3493352580324982,1
25569,1.3493352580324982,1
25570,2.008858236822691,0
25571,2.008858236822691,0
25572,2.008858236822691,0
25573,2.008858236822691,0
25574,2.008858236822691,0
25575,2.008858236822691,0
25576,2.008858236822691,0
25577,2.008858236822691,0
25578,2.008858236822691,0
25579,2.008858236822691,0
25580,2.008858236822691,0
25581,2.008858236822691,0
25582,2.008858236822691,0
25583,2.008858236822691,0
25584,2.008858236822691,0
25585,2.008858236822691,0
25586,2.008858236822691,0
25587,2.008858236822691,0
25588,2.008858236822691,0
25589,2.008858236822691,0
25590,2.008858236822691,0
25591,2.008858236822691,0
25592,2.008858236822691,0
25593,2.008858236822691,0
25594,2.008858236822691,0
25595,2.008858236822691,0
25596,2.008858236822691,0
25597,2.008858236822691,0
25598,2.008858236822691,0
25599,2.008858236822691,0
25600,2.008858236822691,0
25601,2.008858236822691,0
25602,2.008858236822691,0
25603,2.008858236822691,0
25604,2.008858236822691,0
25605,69.79262441419931,0
25606,69.79262441419931,0
25607,69.79262441419931,0
25608,69.79262441419931,0
25609,69.79262441419931,0
25610,69.79262441419931,0
25611,69.79262441419931,0
25612,69.79262441419931,0
25613,69.79262441419931,0
25614,69.79262441419931,0
25615,69.79262441419931,0
25616,69.79262441419931,0
25617,69.79262441419931,0
25618,69.79262441419931,0
25619,69.79262441419931,0
25620,69.79262441419931,0
25621,69.79262441419931,0
25622,69.79262441419931,0
25623,69.79262441419931,0
25624,69.79262441419931,0
25625,69.79262441419931,0
25626,69.79262441419931,0
25627,69.79262441419931,0
25628,69.79262441419931,0
25629,69.79262441419931,0
25630,69.79262441419931,0
25631,69.79262441419931,0
25632,69.79262441419931,0
25633,47.8161851777188,0
25634,47.8161851777188,0
25635,47.8161851777188,0
25636,47.8161851777188,0
25637,47.8161851777188,0
25638,47.8161851777188,0
25639,47.8161851777188,0
25640,47.8161851777188,0
25641,47.8161851777188,0
25642,47.8161851777188,0
25643,47.8161851777188,0
25644,47.8161851777188,0
25645,47.8161851777188,0
25646,47.8161851777188,0
25647,47.8161851777188,0
25648,47.8161851777188,0
25649,47.8161851777188,0
25650,47.8161851777188,0
25651,47.8161851777188,0
25652,47.8161851777188,0
25653,47.8161851777188,0
25654,47.8161851777188,0
25655,47.8161851777188,0
25656,47.8161851777188,0
25657,47.8161851777188,0
25658,47.8161851777188,0
25659,47.8161851777188,0
25660,47.8161851777188,0
25661,47.8161851777188,0
25662,47.8161851777188,0
25663,47.8161851777188,0
25664,47.8161851777188,0
25665,47.8161851777188,0
25666,47.8161851777188,0
25667,47.8161851777188,0
25668,47.8161851777188,0
25669,47.8161851777188,0
25670,47.8161851777188,0
25671,47.8161851777188,0
25672,47.8161851777188,0
25673,47.8161851777188,0
25674,47.8161851777188,0
25675,0.42572071765203434,0
25676,0.42572071765203434,0
25677,0.42572071765203434,0
25678,0.42572071765203434,1
25679,0.42572071765203434,0
25680,0.42572071765203434,0
25681,0.42572071765203434,1
25682,0.42572071765203434,0
25683,0.42572071765203434,0
25684,0.42572071765203434,0
25685,0.42572071765203434,0
25686,0.42572071765203434,0
25687,0.42572071765203434,0
25688,0.42572071765203434,0
25689,0.42572071765203434,0
25690,0.42572071765203434,0
25691,0.42572071765203434,0
25692,0.42572071765203434,0
25693,0.42572071765203434,1
25694,0.42572071765203434,0
25695,0.42572071765203434,1
25696,0.42572071765203434,0
25697,0.42572071765203434,0
25698,0.42572071765203434,0
25699,0.42572071765203434,0
25700,0.42572071765203434,0
25701,0.42572071765203434,0
25702,0.42572071765203434,0
25703,0.42572071765203434,0
25704,0.42572071765203434,0
25705,0.42572071765203434,0
25706,0.42572071765203434,0
25707,0.42572071765203434,0
25708,0.42572071765203434,0
25709,0.42572071765203434,0
25710,0.42572071765203434,0
25711,0.42572071765203434,0
25712,0.42572071765203434,0
25713,0.42572071765203434,0
25714,0.42572071765203434,0
25715,0.42572071765203434,0
25716,0.42572071765203434,0
25717,0.42572071765203434,0
25718,0.42572071765203434,0
25719,0.42572071765203434,0
25720,0.42572071765203434,0
25721,52.48967897813807,0
25722,52.48967897813807,0
25723,52.48967897813807,0
25724,52.48967897813807,0
25725,52.48967897813807,1
25726,52.48967897813807,0
25727,52.48967897813807,0
25728,52.48967897813807,0
25729,52.48967897813807,0
25730,52.48967897813807,0
25731,52.48967897813807,0
25732,52.48967897813807,0
25733,52.48967897813807,0
25734,52.48967897813807,1
25735,52.48967897813807,0
25736,52.48967897813807,0
25737,52.48967897813807,0
25738,52.48967897813807,1
25739,52.48967897813807,0
25740,52.48967897813807,0
25741,52.48967897813807,0
25742,52.48967897813807,0
25743,52.48967897813807,0
25744,52.48967897813807,0
25745,52.48967897813807,0
25746,0.12249600121169095,0
25747,0.12249600121169095,0
25748,0.12249600121169095,0
25749,0.12249600121169095,0
25750,0.12249600121169095,0
25751,0.12249600121169095,0
25752,0.12249600121169095,0
25753,0.12249600121169095,0
25754,0.12249600121169095,1
25755,0.12249600121169095,0
25756,0.12249600121169095,0
25757,0.12249600121169095,0
25758,0.12249600121169095,0
25759,0.12249600121169095,0
25760,0.12249600121169095,0
25761,0.12249600121169095,0
25762,0.12249600121169095,0
25763,0.12249600121169095,1
25764,0.12249600121169095,0
25765,0.12249600121169095,0
25766,0.12249600121169095,0
25767,0.12249600121169095,0
25768,0.12249600121169095,0
25769,0.12249600121169095,0
25770,0.12249600121169095,0
25771,0.12249600121169095,0
25772,0.12249600121169095,1
25773,0.12249600121169095,0
25774,0.12249600121169095,0
25775,0.12249600121169095,0
25776,0.12249600121169095,0
25777,0.12249600121169095,0
25778,0.12249600121169095,0
25779,0.12249600121169095,0
25780,0.12249600121169095,0
25781,0.12249600121169095,0
25782,0.12249600121169095,0
25783,0.12249600121169095,0
25784,0.12249600121169095,0
25785,0.12249600121169095,1
25786,0.12249600121169095,0
25787,0.12249600121169095,0
25788,0.12249600121169095,0
25789,0.12249600121169095,0
25790,0.12249600121169095,0
25791,5.309118701284887,0
25792,5.309118701284887,0
25793,5.309118701284887,0
25794,5.309118701284887,0
25795,5.309118701284887,0
25796,5.309118701284887,0
25797,5.309118701284887,0
25798,5.309118701284887,0
25799,5.309118701284887,0
25800,5.309118701284887,1
25801,5.309118701284887,0
25802,5.309118701284887,0
25803,5.309118701284887,0
25804,5.309118701284887,0
25805,5.309118701284887,0
25806,5.309118701284887,0
25807,5.309118701284887,0
25808,5.309118701284887,0
25809,5.309118701284887,0
25810,5.309118701284887,0
25811,5.309118701284887,0
25812,5.309118701284887,0
25813,5.309118701284887,0
25814,5.309118701284887,0
25815,5.309118701284887,0
25816,5.309118701284887,0
25817,5.309118701284887,0
25818,5.309118701284887,0
25819,5.309118701284887,0
25820,5.309118701284887,0
25821,5.309118701284887,0
25822,5.309118701284887,0
25823,5.309118701284887,0
25824,0.3530062729191364,0
25825,0.3530062729191364,0
25826,0.3530062729191364,0
25827,0.3530062729191364,0
25828,0.3530062729191364,0
25829,0.3530062729191364,0
25830,0.3530062729191364,0
25831,0.3530062729191364,0
25832,0.3530062729191364,0
25833,0.3530062729191364,0
25834,0.3530062729191364,0
25835,0.3530062729191364,1
25836,0.3530062729191364,1
25837,0.3530062729191364,0
25838,0.3530062729191364,0
25839,0.3530062729191364,0
25840,0.3530062729191364,0
25841,0.3530062729191364,0
25842,0.3530062729191364,0
25843,0.3530062729191364,1
25844,0.3530062729191364,0
25845,0.3530062729191364,0
25846,0.3530062729191364,0
25847,0.3530062729191364,0
25848,0.3530062729191364,0
25849,0.3530062729191364,0
25850,0.3530062729191364,0
25851,0.3530062729191364,0
25852,0.3530062729191364,0
25853,0.3530062729191364,0
25854,0.3530062729191364,0
25855,0.3530062729191364,0
25856,0.3530062729191364,0
25857,0.3530062729191364,1
25858,0.3530062729191364,0
25859,43.946568890553905,0
25860,43.946568890553905,0
25861,43.946568890553905,0
25862,43.946568890553905,0
25863,43.946568890553905,0
25864,43.946568890553905,0
25865,43.946568890553905,0
25866,43.946568890553905,0
25867,43.946568890553905,0
25868,43.946568890553905,0
25869,43.946568890553905,0
25870,43.946568890553905,0
25871,43.946568890553905,0
25872,43.946568890553905,0
25873,43.946568890553905,0
25874,43.946568890553905,0
25875,43.946568890553905,0
25876,43.946568890553905,0
25877,43.946568890553905,0
25878,43.946568890553905,0
25879,43.946568890553905,0
25880,43.946568890553905,1
25881,43.946568890553905,0
25882,43.946568890553905,0
25883,43.946568890553905,0
25884,43.946568890553905,0
25885,43.946568890553905,0
25886,43.946568890553905,0
25887,43.946568890553905,1
25888,43.946568890553905,0
25889,43.946568890553905,0
25890,30.51841336276217,0
25891,30.51841336276217,0
25892,30.51841336276217,0
25893,30.51841336276217,0
25894,30.51841336276217,0
25895,30.51841336276217,0
25896,30.51841336276217,0
25897,30.51841336276217,0
25898,30.51841336276217,0
25899,30.51841336276217,0
25900,30.51841336276217,0
25901,30.51841336276217,0
25902,30.51841336276217,0
25903,30.51841336276217,0
25904,30.51841336276217,0
25905,30.51841336276217,0
25906,30.51841336276217,0
25907,30.51841336276217,0
25908,30.51841336276217,0
25909,30.51841336276217,0
25910,30.51841336276217,0
25911,30.51841336276217,0
25912,30.51841336276217,0
25913,30.51841336276217,0
25914,30.51841336276217,0
25915,30.51841336276217,0
25916,30.51841336276217,0
25917,30.51841336276217,0
25918,30.51841336276217,0
25919,30.51841336276217,0
25920,30.51841336276217,0
25921,10.15543716849773,0
25922,10.15543716849773,0
25923,10.15543716849773,0
25924,10.15543716849773,0
25925,10.15543716849773,0
25926,10.15543716849773,0
25927,10.15543716849773,0
25928,10.15543716849773,0
25929,10.15543716849773,0
25930,10.15543716849773,0
25931,10.15543716849773,0
25932,10.15543716849773,0
25933,10.15543716849773,0
25934,10.15543716849773,0
25935,10.15543716849773,0
25936,10.15543716849773,0
25937,10.15543716849773,0
25938,10.15543716849773,0
25939,10.15543716849773,0
25940,10.15543716849773,0
25941,10.15543716849773,0
25942,10.15543716849773,0
25943,10.15543716849773,0
25944,10.15543716849773,0
25945,10.15543716849773,0
25946,10.15543716849773,0
25947,4.536715465628468,0
25948,4.536715465628468,0
25949,4.536715465628468,0
25950,4.536715465628468,0
25951,4.536715465628468,0
25952,4.536715465628468,0
25953,4.536715465628468,0
25954,4.536715465628468,0
25955,4.536715465628468,0
25956,4.536715465628468,0
25957,4.536715465628468,0
25958,4.536715465628468,1
25959,4.536715465628468,0
25960,4.536715465628468,0
25961,4.536715465628468,0
25962,4.536715465628468,0
25963,4.536715465628468,0
25964,4.536715465628468,0
25965,4.536715465628468,0
25966,4.536715465628468,0
25967,4.536715465628468,0
25968,4.536715465628468,0
25969,4.536715465628468,0
25970,4.536715465628468,0
25971,4.536715465628468,1
25972,4.536715465628468,1
25973,4.536715465628468,0
25974,4.536715465628468,0
25975,4.536715465628468,0
25976,4.536715465628468,0
25977,4.536715465628468,0
25978,4.536715465628468,0
25979,4.536715465628468,0
25980,4.536715465628468,0
25981,4.536715465628468,0
25982,4.536715465628468,0
25983,4.536715465628468,0
25984,4.536715465628468,0
25985,4.536715465628468,0
25986,4.536715465628468,0
25987,4.536715465628468,0
25988,4.536715465628468,0
25989,4.536715465628468,0
25990,22.38271658778042,0
25991,22.38271658778042,0
25992,22.38271658778042,0
25993,22.38271658778042,0
25994,22.38271658778042,0
25995,22.38271658778042,0
25996,22.38271658778042,0
25997,22.38271658778042,0
25998,22.38271658778042,0
25999,22.38271658778042,0
26000,22.38271658778042,0
26001,22.38271658778042,0
26002,22.38271658778042,0
26003,22.38271658778042,1
26004,22.38271658778042,0
26005,22.38271658778042,0
26006,22.38271658778042,0
26007,22.38271658778042,0
26008,22.38271658778042,0
26009,22.38271658778042,0
26010,22.38271658778042,0
26011,22.38271658778042,1
26012,22.38271658778042,0
26013,22.38271658778042,0
26014,22.38271658778042,0
26015,22.38271658778042,0
26016,22.38271658778042,0
26017,22.38271658778042,0
26018,22.38271658778042,0
26019,22.38271658778042,0
26020,22.38271658778042,0
26021,22.38271658778042,0
26022,22.38271658778042,0
26023,22.38271658778042,0
26024,22.38271658778042,0
26025,22.38271658778042,0
26026,61.996466708545654,0
26027,61.996466708545654,0
26028,61.996466708545654,0
26029,61.996466708545654,0
26030,61.996466708545654,0
26031,61.996466708545654,0
26032,61.996466708545654,0
26033,61.996466708545654,0
26034,61.996466708545654,1
26035,61.996466708545654,1
26036,61.996466708545654,1
26037,61.996466708545654,0
26038,61.996466708545654,0
26039,61.996466708545654,1
26040,61.996466708545654,1
26041,61.996466708545654,1
26042,61.996466708545654,0
26043,61.996466708545654,0
26044,61.996466708545654,0
26045,61.996466708545654,0
26046,61.996466708545654,0
26047,61.996466708545654,1
26048,61.996466708545654,0
26049,61.996466708545654,0
26050,61.996466708545654,1
26051,61.996466708545654,0
26052,61.996466708545654,0
26053,61.996466708545654,0
26054,61.996466708545654,1
26055,61.996466708545654,0
26056,61.996466708545654,0
26057,61.996466708545654,0
26058,61.996466708545654,0
26059,61.996466708545654,0
26060,61.996466708545654,1
26061,61.996466708545654,0
26062,61.996466708545654,0
26063,49.04805532904815,0
26064,49.04805532904815,0
26065,49.04805532904815,0
26066,49.04805532904815,0
26067,49.04805532904815,0
26068,49.04805532904815,0
26069,49.04805532904815,0
26070,49.04805532904815,0
26071,49.04805532904815,0
26072,49.04805532904815,0
26073,49.04805532904815,0
26074,49.04805532904815,0
26075,49.04805532904815,0
26076,49.04805532904815,0
26077,49.04805532904815,0
26078,49.04805532904815,0
26079,49.04805532904815,0
26080,49.04805532904815,0
26081,49.04805532904815,0
26082,49.04805532904815,0
26083,49.04805532904815,0
26084,49.04805532904815,0
26085,49.04805532904815,0
26086,49.04805532904815,0
26087,49.04805532904815,0
26088,49.04805532904815,0
26089,49.04805532904815,0
26090,49.04805532904815,0
26091,49.04805532904815,0
26092,49.04805532904815,0
26093,49.04805532904815,0
26094,49.04805532904815,0
26095,2.3014029559082436,0
26096,2.3014029559082436,0
26097,2.3014029559082436,0
26098,2.3014029559082436,0
26099,2.3014029559082436,0
26100,2.3014029559082436,0
26101,2.3014029559082436,0
26102,2.3014029559082436,0
26103,2.3014029559082436,0
26104,2.3014029559082436,0
26105,2.3014029559082436,0
26106,2.3014029559082436,0
26107,2.3014029559082436,0
26108,2.3014029559082436,0
26109,2.3014029559082436,1
26110,2.3014029559082436,0
26111,2.3014029559082436,0
26112,2.3014029559082436,0
26113,2.3014029559082436,0
26114,2.3014029559082436,0
26115,2.3014029559082436,0
26116,2.3014029559082436,0
26117,2.3014029559082436,0
26118,2.3014029559082436,0
26119,2.3014029559082436,0
26120,2.3014029559082436,0
26121,2.3014029559082436,0
26122,2.3014029559082436,0
26123,2.3014029559082436,0
26124,2.3014029559082436,0
26125,2.3014029559082436,0
26126,2.3014029559082436,0
26127,2.3014029559082436,0
26128,2.3014029559082436,0
26129,2.3014029559082436,0
26130,2.3014029559082436,0
26131,2.3014029559082436,0
26132,23.562428249457053,0
26133,23.562428249457053,0
26134,23.562428249457053,0
26135,23.562428249457053,0
26136,23.562428249457053,0
26137,23.562428249457053,0
26138,23.562428249457053,0
26139,23.562428249457053,0
26140,23.562428249457053,0
26141,23.562428249457053,0
26142,23.562428249457053,0
26143,23.562428249457053,0
26144,23.562428249457053,0
26145,23.562428249457053,0
26146,23.562428249457053,0
26147,23.562428249457053,0
26148,23.562428249457053,0
26149,23.562428249457053,0
26150,23.562428249457053,0
26151,23.562428249457053,0
26152,23.562428249457053,0
26153,23.562428249457053,0
26154,23.562428249457053,0
26155,23.562428249457053,0
26156,23.562428249457053,0
26157,23.562428249457053,0
26158,23.562428249457053,0
26159,23.562428249457053,0
26160,7.774330969843689,0
26161,7.774330969843689,0
26162,7.774330969843689,0
26163,7.774330969843689,0
26164,7.774330969843689,0
26165,7.774330969843689,0
26166,7.774330969843689,0
26167,7.774330969843689,0
26168,7.774330969843689,0
26169,7.774330969843689,0
26170,7.774330969843689,0
26171,7.774330969843689,0
26172,7.774330969843689,0
26173,7.774330969843689,0
26174,7.774330969843689,0
26175,7.774330969843689,0
26176,7.774330969843689,0
26177,7.774330969843689,0
26178,7.774330969843689,0
26179,7.774330969843689,0
26180,7.774330969843689,0
26181,7.774330969843689,0
26182,7.774330969843689,0
26183,7.774330969843689,0
26184,7.774330969843689,0
26185,7.774330969843689,0
26186,7.774330969843689,0
26187,7.774330969843689,0
26188,7.774330969843689,0
26189,7.774330969843689,0
26190,0.5658189942856369,1
26191,0.5658189942856369,0
26192,0.5658189942856369,0
26193,0.5658189942856369,0
26194,0.5658189942856369,1
26195,0.5658189942856369,1
26196,0.5658189942856369,0
26197,0.5658189942856369,0
26198,0.5658189942856369,1
26199,0.5658189942856369,0
26200,0.5658189942856369,0
26201,0.5658189942856369,0
26202,0.5658189942856369,0
26203,0.5658189942856369,0
26204,0.5658189942856369,0
26205,0.5658189942856369,0
26206,0.5658189942856369,0
26207,0.5658189942856369,0
26208,0.5658189942856369,0
26209,0.5658189942856369,0
26210,0.5658189942856369,0
26211,0.5658189942856369,0
26212,0.5658189942856369,0
26213,0.5658189942856369,0
26214,0.5658189942856369,0
26215,0.5658189942856369,0
26216,0.5658189942856369,0
26217,0.5658189942856369,0
26218,0.5658189942856369,0
26219,0.5658189942856369,0
26220,0.5658189942856369,1
26221,0.5658189942856369,0
26222,0.5658189942856369,1
26223,0.5658189942856369,0
26224,0.5658189942856369,0
26225,0.5658189942856369,0
26226,0.5658189942856369,0
26227,1.7402571715638973,0
26228,1.7402571715638973,0
26229,1.7402571715638973,0
26230,1.7402571715638973,0
26231,1.7402571715638973,0
26232,1.7402571715638973,0
26233,1.7402571715638973,0
26234,1.7402571715638973,0
26235,1.7402571715638973,1
26236,1.7402571715638973,0
26237,1.7402571715638973,1
26238,1.7402571715638973,0
26239,1.7402571715638973,0
26240,1.7402571715638973,0
26241,1.7402571715638973,0
26242,1.7402571715638973,0
26243,1.7402571715638973,0
26244,1.7402571715638973,0
26245,1.7402571715638973,1
26246,1.7402571715638973,0
26247,1.7402571715638973,0
26248,1.7402571715638973,0
26249,1.7402571715638973,0
26250,1.7402571715638973,1
26251,1.7402571715638973,0
26252,1.7402571715638973,1
26253,1.7402571715638973,0
26254,35.497206195499544,0
26255,35.497206195499544,0
26256,35.497206195499544,0
26257,35.497206195499544,0
26258,35.497206195499544,0
26259,35.497206195499544,1
26260,35.497206195499544,0
26261,35.497206195499544,0
26262,35.497206195499544,0
26263,35.497206195499544,0
26264,35.497206195499544,0
26265,35.497206195499544,0
26266,35.497206195499544,0
26267,35.497206195499544,0
26268,35.497206195499544,0
26269,35.497206195499544,0
26270,35.497206195499544,0
26271,35.497206195499544,0
26272,35.497206195499544,1
26273,35.497206195499544,0
26274,35.497206195499544,0
26275,35.497206195499544,0
26276,35.497206195499544,0
26277,35.497206195499544,0
26278,35.497206195499544,0
26279,35.497206195499544,0
26280,35.497206195499544,0
26281,35.497206195499544,0
26282,35.497206195499544,0
26283,35.497206195499544,0
26284,35.497206195499544,0
26285,35.497206195499544,0
26286,35.497206195499544,0
26287,35.497206195499544,0
26288,28.051911685227033,0
26289,28.051911685227033,0
26290,28.051911685227033,0
26291,28.051911685227033,0
26292,28.051911685227033,0
26293,28.051911685227033,0
26294,28.051911685227033,0
26295,28.051911685227033,0
26296,28.051911685227033,0
26297,28.051911685227033,0
26298,28.051911685227033,0
26299,28.051911685227033,0
26300,28.051911685227033,0
26301,28.051911685227033,0
26302,28.051911685227033,0
26303,28.051911685227033,0
26304,28.051911685227033,0
26305,28.051911685227033,0
26306,28.051911685227033,1
26307,28.051911685227033,0
26308,28.051911685227033,0
26309,28.051911685227033,0
26310,28.051911685227033,0
26311,28.051911685227033,0
26312,41.40688717116577,0
26313,41.40688717116577,0
26314,41.40688717116577,0
26315,41.40688717116577,0
26316,41.40688717116577,0
26317,41.40688717116577,0
26318,41.40688717116577,1
26319,41.40688717116577,0
26320,41.40688717116577,0
26321,41.40688717116577,0
26322,41.40688717116577,0
26323,41.40688717116577,0
26324,41.40688717116577,0
26325,41.40688717116577,0
26326,41.40688717116577,1
26327,41.40688717116577,0
26328,41.40688717116577,0
26329,41.40688717116577,0
26330,41.40688717116577,0
26331,41.40688717116577,0
26332,41.40688717116577,0
26333,41.40688717116577,0
26334,41.40688717116577,0
26335,41.40688717116577,0
26336,41.40688717116577,0
26337,41.40688717116577,0
26338,41.40688717116577,0
26339,41.40688717116577,0
26340,41.40688717116577,0
26341,41.40688717116577,0
26342,41.40688717116577,0
26343,41.40688717116577,0
26344,41.40688717116577,0
26345,41.40688717116577,0
26346,41.40688717116577,1
26347,41.40688717116577,0
26348,41.40688717116577,0
26349,41.40688717116577,0
26350,41.40688717116577,0
26351,41.40688717116577,0
26352,41.40688717116577,0
26353,41.40688717116577,0
26354,41.40688717116577,0
26355,41.40688717116577,0
26356,41.40688717116577,0
26357,41.40688717116577,1
26358,41.40688717116577,1
26359,41.40688717116577,0
26360,41.40688717116577,0
26361,41.40688717116577,0
26362,41.40688717116577,0
26363,41.40688717116577,0
26364,41.40688717116577,0
26365,41.40688717116577,0
26366,41.40688717116577,0
26367,41.40688717116577,0
26368,41.40688717116577,0
26369,41.40688717116577,0
26370,41.40688717116577,0
26371,41.40688717116577,1
26372,41.40688717116577,0
26373,41.40688717116577,0
26374,41.40688717116577,0
26375,41.40688717116577,0
26376,41.40688717116577,0
26377,1.493987882537881,0
26378,1.493987882537881,0
26379,1.493987882537881,0
26380,1.493987882537881,0
26381,1.493987882537881,0
26382,1.493987882537881,0
26383,1.493987882537881,0
26384,1.493987882537881,0
26385,1.493987882537881,0
26386,1.493987882537881,0
26387,1.493987882537881,0
26388,1.493987882537881,0
26389,1.493987882537881,0
26390,1.493987882537881,0
26391,1.493987882537881,0
26392,1.493987882537881,0
26393,1.493987882537881,0
26394,1.493987882537881,0
26395,1.493987882537881,0
26396,1.493987882537881,0
26397,1.493987882537881,0
26398,1.493987882537881,0
26399,1.493987882537881,0
26400,1.493987882537881,0
26401,1.493987882537881,0
26402,1.493987882537881,0
26403,1.493987882537881,0
26404,1.493987882537881,0
26405,1.493987882537881,0
26406,1.493987882537881,0
26407,1.493987882537881,0
26408,1.493987882537881,0
26409,1.493987882537881,0
26410,1.493987882537881,1
26411,1.493987882537881,0
26412,1.493987882537881,0
26413,1.493987882537881,0
26414,1.493987882537881,0
26415,1.493987882537881,0
26416,1.493987882537881,0
26417,1.493987882537881,0
26418,1.493987882537881,0
26419,1.493987882537881,0
26420,1.493987882537881,0
26421,1.493987882537881,0
26422,1.493987882537881,0
26423,12.815252478849752,0
26424,12.815252478849752,0
26425,12.815252478849752,0
26426,12.815252478849752,0
26427,12.815252478849752,0
26428,12.815252478849752,0
26429,12.815252478849752,0
26430,12.815252478849752,0
26431,12.815252478849752,0
26432,12.815252478849752,0
26433,12.815252478849752,0
26434,12.815252478849752,0
26435,12.815252478849752,0
26436,12.815252478849752,0
26437,12.815252478849752,0
26438,12.815252478849752,0
26439,12.815252478849752,0
26440,12.815252478849752,0
26441,12.815252478849752,0
26442,12.815252478849752,0
26443,12.815252478849752,0
26444,12.815252478849752,0
26445,12.815252478849752,1
26446,12.815252478849752,0
26447,12.815252478849752,0
26448,12.815252478849752,0
26449,12.815252478849752,0
26450,12.815252478849752,0
26451,12.815252478849752,0
26452,12.815252478849752,0
26453,12.815252478849752,0
26454,12.815252478849752,0
26455,12.815252478849752,0
26456,12.815252478849752,0
26457,12.815252478849752,0
26458,12.815252478849752,0
26459,12.815252478849752,0
26460,12.815252478849752,0
26461,12.815252478849752,0
26462,12.815252478849752,0
26463,12.815252478849752,0
26464,12.815252478849752,0
26465,106.33795414729813,0
26466,106.33795414729813,0
26467,106.33795414729813,0
26468,106.33795414729813,0
26469,106.33795414729813,0
26470,106.33795414729813,0
26471,106.33795414729813,0
26472,106.33795414729813,1
26473,106.33795414729813,1
26474,106.33795414729813,0
26475,106.33795414729813,0
26476,106.33795414729813,0
26477,106.33795414729813,0
26478,106.33795414729813,0
26479,106.33795414729813,0
26480,106.33795414729813,0
26481,106.33795414729813,0
26482,106.33795414729813,0
26483,106.33795414729813,0
26484,106.33795414729813,0
26485,106.33795414729813,0
26486,106.33795414729813,0
26487,106.33795414729813,0
26488,106.33795414729813,0
26489,106.33795414729813,1
26490,106.33795414729813,0
26491,106.33795414729813,0
26492,106.33795414729813,1
26493,106.33795414729813,0
26494,106.33795414729813,0
26495,106.33795414729813,0
26496,106.33795414729813,0
26497,106.33795414729813,0
26498,106.33795414729813,0
26499,106.33795414729813,0
26500,106.33795414729813,1
26501,106.33795414729813,0
26502,106.33795414729813,0
26503,106.33795414729813,0
26504,106.33795414729813,0
26505,106.33795414729813,1
26506,106.33795414729813,0
26507,106.33795414729813,0
26508,106.33795414729813,0
26509,106.33795414729813,0
26510,106.33795414729813,0
26511,106.33795414729813,1
26512,106.33795414729813,0
26513,106.33795414729813,1
26514,106.33795414729813,0
26515,106.33795414729813,0
26516,106.33795414729813,0
26517,106.33795414729813,0
26518,2.5434581126740676,0
26519,2.5434581126740676,0
26520,2.5434581126740676,0
26521,2.5434581126740676,1
26522,2.5434581126740676,0
26523,2.5434581126740676,0
26524,2.5434581126740676,0
26525,2.5434581126740676,0
26526,2.5434581126740676,0
26527,2.5434581126740676,0
26528,2.5434581126740676,0
26529,2.5434581126740676,0
26530,2.5434581126740676,0
26531,2.5434581126740676,0
26532,2.5434581126740676,0
26533,2.5434581126740676,0
26534,2.5434581126740676,0
26535,2.5434581126740676,0
26536,2.5434581126740676,0
26537,2.5434581126740676,0
26538,2.5434581126740676,0
26539,2.5434581126740676,0
26540,2.5434581126740676,0
26541,2.5434581126740676,0
26542,2.5434581126740676,0
26543,2.5434581126740676,0
26544,2.5434581126740676,0
26545,2.5434581126740676,0
26546,2.5434581126740676,0
26547,2.5434581126740676,0
26548,2.5434581126740676,0
26549,2.5434581126740676,0
26550,2.5434581126740676,0
26551,2.5434581126740676,0
26552,2.5434581126740676,0
26553,2.5434581126740676,0
26554,2.5434581126740676,0
26555,2.5434581126740676,0
26556,2.5434581126740676,0
26557,2.5434581126740676,0
26558,2.5434581126740676,0
26559,2.5434581126740676,0
26560,2.5434581126740676,0
26561,2.5434581126740676,0
26562,2.5434581126740676,0
26563,2.5434581126740676,0
26564,2.713230026661738,0
26565,2.713230026661738,0
26566,2.713230026661738,0
26567,2.713230026661738,1
26568,2.713230026661738,0
26569,2.713230026661738,0
26570,2.713230026661738,0
26571,2.713230026661738,0
26572,2.713230026661738,0
26573,2.713230026661738,0
26574,2.713230026661738,0
26575,2.713230026661738,0
26576,2.713230026661738,0
26577,2.713230026661738,0
26578,2.713230026661738,0
26579,2.713230026661738,1
26580,2.713230026661738,0
26581,2.713230026661738,0
26582,2.713230026661738,1
26583,2.713230026661738,1
26584,2.713230026661738,0
26585,2.713230026661738,0
26586,2.713230026661738,0
26587,2.713230026661738,0
26588,2.713230026661738,1
26589,2.713230026661738,0
26590,2.713230026661738,0
26591,2.713230026661738,0
26592,2.713230026661738,0
26593,2.713230026661738,0
26594,2.713230026661738,0
26595,2.713230026661738,0
26596,2.713230026661738,0
26597,2.713230026661738,0
26598,2.713230026661738,0
26599,2.713230026661738,0
26600,2.713230026661738,1
26601,2.713230026661738,0
26602,2.713230026661738,0
26603,2.713230026661738,0
26604,2.713230026661738,0
26605,2.713230026661738,0
26606,2.713230026661738,0
26607,2.713230026661738,0
26608,2.713230026661738,0
26609,2.713230026661738,0
26610,2.713230026661738,0
26611,2.713230026661738,0
26612,2.713230026661738,0
26613,2.713230026661738,0
26614,2.713230026661738,0
26615,2.713230026661738,0
26616,2.713230026661738,0
26617,2.713230026661738,0
26618,2.713230026661738,0
26619,2.713230026661738,0
26620,2.713230026661738,0
26621,2.713230026661738,0
26622,2.713230026661738,0
26623,2.713230026661738,0
26624,2.713230026661738,0
26625,2.713230026661738,0
26626,2.713230026661738,0
26627,2.713230026661738,0
26628,2.713230026661738,0
26629,2.713230026661738,0
26630,2.713230026661738,0
26631,2.713230026661738,0
26632,31.969687764731336,0
26633,31.969687764731336,0
26634,31.969687764731336,0
26635,31.969687764731336,0
26636,31.969687764731336,0
26637,31.969687764731336,0
26638,31.969687764731336,0
26639,31.969687764731336,0
26640,31.969687764731336,0
26641,31.969687764731336,0
26642,31.969687764731336,0
26643,31.969687764731336,0
26644,31.969687764731336,0
26645,31.969687764731336,0
26646,31.969687764731336,0
26647,31.969687764731336,0
26648,31.969687764731336,0
26649,31.969687764731336,0
26650,31.969687764731336,0
26651,31.969687764731336,0
26652,31.969687764731336,0
26653,31.969687764731336,0
26654,31.969687764731336,0
26655,31.969687764731336,0
26656,31.969687764731336,0
26657,31.969687764731336,0
26658,31.969687764731336,0
26659,31.969687764731336,0
26660,31.969687764731336,0
26661,31.969687764731336,0
26662,31.969687764731336,0
26663,31.969687764731336,0
26664,31.969687764731336,0
26665,31.969687764731336,0
26666,31.969687764731336,0
26667,13.099203420255401,0
26668,13.099203420255401,0
26669,13.099203420255401,0
26670,13.099203420255401,0
26671,13.099203420255401,0
26672,13.099203420255401,0
26673,13.099203420255401,0
26674,13.099203420255401,0
26675,13.099203420255401,0
26676,13.099203420255401,0
26677,13.099203420255401,1
26678,13.099203420255401,0
26679,13.099203420255401,0
26680,13.099203420255401,0
26681,13.099203420255401,0
26682,13.099203420255401,0
26683,13.099203420255401,0
26684,13.099203420255401,0
26685,13.099203420255401,0
26686,13.099203420255401,0
26687,13.099203420255401,0
26688,13.099203420255401,0
26689,13.099203420255401,0
26690,13.099203420255401,0
26691,13.099203420255401,0
26692,13.099203420255401,0
26693,13.099203420255401,0
26694,13.099203420255401,0
26695,13.099203420255401,0
26696,13.099203420255401,0
26697,13.099203420255401,0
26698,13.099203420255401,0
26699,13.099203420255401,0
26700,13.099203420255401,0
26701,42.745549916662426,0
26702,42.745549916662426,0
26703,42.745549916662426,0
26704,42.745549916662426,0
26705,42.745549916662426,0
26706,42.745549916662426,0
26707,42.745549916662426,0
26708,42.745549916662426,0
26709,42.745549916662426,0
26710,42.745549916662426,0
26711,42.745549916662426,0
26712,42.745549916662426,0
26713,42.745549916662426,0
26714,42.745549916662426,0
26715,42.745549916662426,0
26716,42.745549916662426,0
26717,42.745549916662426,0
26718,42.745549916662426,0
26719,42.745549916662426,0
26720,42.745549916662426,0
26721,42.745549916662426,0
26722,42.745549916662426,0
26723,42.745549916662426,0
26724,42.745549916662426,0
26725,42.745549916662426,0
26726,42.745549916662426,0
26727,42.745549916662426,0
26728,42.745549916662426,0
26729,42.745549916662426,0
26730,42.745549916662426,0
26731,42.745549916662426,0
26732,42.745549916662426,0
26733,42.745549916662426,0
26734,42.745549916662426,0
26735,42.745549916662426,0
26736,42.745549916662426,0
26737,42.745549916662426,0
26738,42.745549916662426,0
26739,42.745549916662426,0
26740,42.745549916662426,0
26741,42.745549916662426,0
26742,42.745549916662426,0
26743,42.745549916662426,0
26744,42.745549916662426,0
26745,61.15502875192151,0
26746,61.15502875192151,1
26747,61.15502875192151,0
26748,61.15502875192151,0
26749,61.15502875192151,0
26750,61.15502875192151,0
26751,61.15502875192151,0
26752,61.15502875192151,0
26753,61.15502875192151,0
26754,61.15502875192151,0
26755,61.15502875192151,0
26756,61.15502875192151,0
26757,61.15502875192151,0
26758,61.15502875192151,1
26759,61.15502875192151,0
26760,61.15502875192151,0
26761,61.15502875192151,1
26762,61.15502875192151,0
26763,61.15502875192151,0
26764,61.15502875192151,0
26765,61.15502875192151,1
26766,61.15502875192151,0
26767,61.15502875192151,0
26768,61.15502875192151,0
26769,61.15502875192151,1
26770,61.15502875192151,0
26771,61.15502875192151,1
26772,61.15502875192151,0
26773,61.15502875192151,0
26774,61.15502875192151,0
26775,61.15502875192151,0
26776,61.15502875192151,0
26777,61.15502875192151,0
26778,61.15502875192151,1
26779,44.658151773427875,0
26780,44.658151773427875,0
26781,44.658151773427875,0
26782,44.658151773427875,0
26783,44.658151773427875,0
26784,44.658151773427875,0
26785,44.658151773427875,0
26786,44.658151773427875,0
26787,44.658151773427875,0
26788,44.658151773427875,0
26789,44.658151773427875,0
26790,44.658151773427875,0
26791,44.658151773427875,0
26792,44.658151773427875,0
26793,44.658151773427875,0
26794,44.658151773427875,0
26795,44.658151773427875,0
26796,44.658151773427875,0
26797,44.658151773427875,0
26798,44.658151773427875,0
26799,44.658151773427875,0
26800,44.658151773427875,0
26801,44.658151773427875,0
26802,44.658151773427875,0
26803,44.658151773427875,0
26804,44.658151773427875,0
26805,44.658151773427875,0
26806,44.658151773427875,0
26807,44.658151773427875,0
26808,44.658151773427875,0
26809,44.658151773427875,0
26810,9.575713528407043,0
26811,9.575713528407043,0
26812,9.575713528407043,0
26813,9.575713528407043,0
26814,9.575713528407043,0
26815,9.575713528407043,0
26816,9.575713528407043,0
26817,9.575713528407043,0
26818,9.575713528407043,0
26819,9.575713528407043,0
26820,9.575713528407043,0
26821,9.575713528407043,0
26822,9.575713528407043,0
26823,9.575713528407043,0
26824,9.575713528407043,0
26825,9.575713528407043,0
26826,9.575713528407043,1
26827,9.575713528407043,0
26828,9.575713528407043,0
26829,9.575713528407043,0
26830,9.575713528407043,0
26831,9.575713528407043,0
26832,9.575713528407043,1
26833,9.575713528407043,0
26834,9.575713528407043,0
26835,9.575713528407043,0
26836,9.575713528407043,1
26837,9.575713528407043,0
26838,9.575713528407043,0
26839,9.575713528407043,0
26840,9.575713528407043,0
26841,9.575713528407043,0
26842,9.575713528407043,1
26843,9.575713528407043,0
26844,9.575713528407043,0
26845,9.575713528407043,0
26846,9.575713528407043,0
26847,9.575713528407043,0
26848,9.575713528407043,0
26849,9.575713528407043,1
26850,9.575713528407043,0
26851,9.575713528407043,0
26852,1.2377891899687485,0
26853,1.2377891899687485,0
26854,1.2377891899687485,0
26855,1.2377891899687485,0
26856,1.2377891899687485,0
26857,1.2377891899687485,1
26858,1.2377891899687485,0
26859,1.2377891899687485,0
26860,1.2377891899687485,0
26861,1.2377891899687485,0
26862,1.2377891899687485,0
26863,1.2377891899687485,0
26864,1.2377891899687485,0
26865,1.2377891899687485,0
26866,1.2377891899687485,0
26867,1.2377891899687485,0
26868,1.2377891899687485,0
26869,1.2377891899687485,1
26870,1.2377891899687485,0
26871,1.2377891899687485,0
26872,1.2377891899687485,0
26873,1.2377891899687485,0
26874,1.2377891899687485,0
26875,1.2377891899687485,0
26876,1.2377891899687485,0
26877,1.2377891899687485,1
26878,1.2377891899687485,0
26879,1.2377891899687485,0
26880,1.2377891899687485,0
26881,1.2377891899687485,0
26882,1.2377891899687485,0
26883,1.2377891899687485,0
26884,1.2377891899687485,0
26885,1.2377891899687485,0
26886,1.2377891899687485,0
26887,1.2377891899687485,0
26888,1.2377891899687485,0
26889,1.2377891899687485,0
26890,4.816589066079462,1
26891,4.816589066079462,0
26892,4.816589066079462,0
26893,4.816589066079462,0
26894,4.816589066079462,0
26895,4.816589066079462,0
26896,4.816589066079462,0
26897,4.816589066079462,1
26898,4.816589066079462,0
26899,4.816589066079462,0
26900,4.816589066079462,0
26901,4.816589066079462,0
26902,4.816589066079462,0
26903,4.816589066079462,0
26904,4.816589066079462,0
26905,4.816589066079462,0
26906,4.816589066079462,0
26907,4.816589066079462,0
26908,4.816589066079462,0
26909,4.816589066079462,0
26910,4.816589066079462,0
26911,4.816589066079462,0
26912,4.816589066079462,0
26913,4.816589066079462,0
26914,4.816589066079462,0
26915,4.816589066079462,0
26916,4.816589066079462,0
26917,4.816589066079462,1
26918,4.816589066079462,0
26919,4.816589066079462,0
26920,4.816589066079462,0
26921,4.816589066079462,0
26922,4.816589066079462,0
26923,4.816589066079462,0
26924,4.816589066079462,0
26925,4.816589066079462,0
26926,4.816589066079462,1
26927,4.816589066079462,0
26928,74.70415333024634,1
26929,74.70415333024634,0
26930,74.70415333024634,0
26931,74.70415333024634,0
26932,74.70415333024634,0
26933,74.70415333024634,0
26934,74.70415333024634,0
26935,74.70415333024634,0
26936,74.70415333024634,0
26937,74.70415333024634,1
26938,74.70415333024634,1
26939,74.70415333024634,0
26940,74.70415333024634,1
26941,74.70415333024634,0
26942,74.70415333024634,0
26943,74.70415333024634,0
26944,74.70415333024634,0
26945,74.70415333024634,0
26946,74.70415333024634,0
26947,74.70415333024634,1
26948,74.70415333024634,0
26949,74.70415333024634,0
26950,74.70415333024634,0
26951,74.70415333024634,0
26952,74.70415333024634,0
26953,74.70415333024634,0
26954,74.70415333024634,1
26955,74.70415333024634,0
26956,74.70415333024634,0
26957,74.70415333024634,0
26958,74.70415333024634,0
26959,74.70415333024634,0
26960,74.70415333024634,0
26961,74.70415333024634,1
26962,74.70415333024634,0
26963,74.70415333024634,0
26964,74.70415333024634,1
26965,74.70415333024634,1
26966,74.70415333024634,0
26967,74.70415333024634,0
26968,1.344393957685655,0
26969,1.344393957685655,0
26970,1.344393957685655,1
26971,1.344393957685655,0
26972,1.344393957685655,1
26973,1.344393957685655,0
26974,1.344393957685655,1
26975,1.344393957685655,0
26976,1.344393957685655,0
26977,1.344393957685655,0
26978,1.344393957685655,0
26979,1.344393957685655,0
26980,1.344393957685655,0
26981,1.344393957685655,0
26982,1.344393957685655,0
26983,1.344393957685655,0
26984,1.344393957685655,0
26985,1.344393957685655,0
26986,1.344393957685655,0
26987,1.344393957685655,0
26988,1.344393957685655,0
26989,1.344393957685655,0
26990,1.344393957685655,1
26991,1.344393957685655,0
26992,1.344393957685655,1
26993,1.344393957685655,1
26994,1.344393957685655,0
26995,1.344393957685655,0
26996,1.344393957685655,0
26997,1.344393957685655,0
26998,1.344393957685655,0
26999,1.344393957685655,0
27000,1.344393957685655,0
27001,1.344393957685655,1
27002,1.344393957685655,1
27003,1.344393957685655,0
27004,0.14898002463444202,0
27005,0.14898002463444202,0
27006,0.14898002463444202,0
27007,0.14898002463444202,0
27008,0.14898002463444202,1
27009,0.14898002463444202,0
27010,0.14898002463444202,0
27011,0.14898002463444202,0
27012,0.14898002463444202,0
27013,0.14898002463444202,1
27014,0.14898002463444202,0
27015,0.14898002463444202,0
27016,0.14898002463444202,1
27017,0.14898002463444202,0
27018,0.14898002463444202,0
27019,0.14898002463444202,0
27020,0.14898002463444202,1
27021,0.14898002463444202,0
27022,0.14898002463444202,0
27023,0.14898002463444202,0
27024,0.14898002463444202,1
27025,0.14898002463444202,0
27026,0.14898002463444202,0
27027,0.14898002463444202,0
27028,0.14898002463444202,0
27029,0.14898002463444202,0
27030,0.14898002463444202,0
27031,0.14898002463444202,0
27032,0.14898002463444202,0
27033,0.14898002463444202,0
27034,0.14898002463444202,1
27035,0.14898002463444202,0
27036,0.14898002463444202,0
27037,0.14898002463444202,0
27038,0.14898002463444202,0
27039,23.677053666844945,1
27040,23.677053666844945,0
27041,23.677053666844945,0
27042,23.677053666844945,0
27043,23.677053666844945,1
27044,23.677053666844945,0
27045,23.677053666844945,0
27046,23.677053666844945,0
27047,23.677053666844945,0
27048,23.677053666844945,0
27049,23.677053666844945,0
27050,23.677053666844945,0
27051,23.677053666844945,0
27052,23.677053666844945,0
27053,23.677053666844945,0
27054,23.677053666844945,0
27055,23.677053666844945,0
27056,23.677053666844945,0
27057,23.677053666844945,0
27058,45.09951098713228,0
27059,45.09951098713228,0
27060,45.09951098713228,0
27061,45.09951098713228,0
27062,45.09951098713228,0
27063,45.09951098713228,0
27064,45.09951098713228,0
27065,45.09951098713228,0
27066,45.09951098713228,0
27067,45.09951098713228,0
27068,45.09951098713228,0
27069,45.09951098713228,0
27070,45.09951098713228,0
27071,45.09951098713228,0
27072,45.09951098713228,0
27073,45.09951098713228,0
27074,45.09951098713228,0
27075,45.09951098713228,0
27076,45.09951098713228,0
27077,45.09951098713228,0
27078,45.09951098713228,0
27079,45.09951098713228,0
27080,45.09951098713228,0
27081,45.09951098713228,0
27082,45.09951098713228,0
27083,45.09951098713228,1
27084,45.09951098713228,0
27085,45.09951098713228,0
27086,45.09951098713228,0
27087,45.09951098713228,0
27088,45.09951098713228,0
27089,45.09951098713228,0
27090,45.09951098713228,0
27091,45.09951098713228,0
27092,45.09951098713228,0
27093,45.09951098713228,0
27094,45.09951098713228,0
27095,15.03585527016665,0
27096,15.03585527016665,0
27097,15.03585527016665,0
27098,15.03585527016665,0
27099,15.03585527016665,0
27100,15.03585527016665,0
27101,15.03585527016665,0
27102,15.03585527016665,0
27103,15.03585527016665,0
27104,15.03585527016665,0
27105,15.03585527016665,1
27106,15.03585527016665,0
27107,15.03585527016665,0
27108,15.03585527016665,0
27109,15.03585527016665,0
27110,15.03585527016665,0
27111,15.03585527016665,0
27112,15.03585527016665,0
27113,15.03585527016665,0
27114,15.03585527016665,0
27115,15.03585527016665,0
27116,15.03585527016665,0
27117,15.03585527016665,0
27118,15.03585527016665,0
27119,15.03585527016665,0
27120,15.03585527016665,0
27121,15.03585527016665,0
27122,15.03585527016665,0
27123,15.03585527016665,0
27124,15.03585527016665,0
27125,15.03585527016665,1
27126,15.03585527016665,0
27127,15.03585527016665,0
27128,15.03585527016665,0
27129,15.03585527016665,0
27130,15.03585527016665,0
27131,15.03585527016665,0
27132,3.136298338189383,1
27133,3.136298338189383,0
27134,3.136298338189383,0
27135,3.136298338189383,0
27136,3.136298338189383,0
27137,3.136298338189383,0
27138,3.136298338189383,0
27139,3.136298338189383,0
27140,3.136298338189383,0
27141,3.136298338189383,0
27142,3.136298338189383,0
27143,3.136298338189383,0
27144,3.136298338189383,0
27145,3.136298338189383,0
27146,3.136298338189383,0
27147,3.136298338189383,0
27148,3.136298338189383,0
27149,3.136298338189383,0
27150,3.136298338189383,0
27151,3.136298338189383,1
27152,3.136298338189383,0
27153,3.136298338189383,1
27154,3.136298338189383,0
27155,3.136298338189383,0
27156,3.136298338189383,0
27157,3.136298338189383,1
27158,3.136298338189383,1
27159,3.136298338189383,0
27160,3.136298338189383,0
27161,3.136298338189383,0
27162,3.136298338189383,0
27163,3.136298338189383,0
27164,1.615677908116758,0
27165,1.615677908116758,1
27166,1.615677908116758,0
27167,1.615677908116758,0
27168,1.615677908116758,0
27169,1.615677908116758,0
27170,1.615677908116758,0
27171,1.615677908116758,0
27172,1.615677908116758,0
27173,1.615677908116758,0
27174,1.615677908116758,0
27175,1.615677908116758,0
27176,1.615677908116758,0
27177,1.615677908116758,0
27178,1.615677908116758,0
27179,1.615677908116758,0
27180,1.615677908116758,0
27181,1.615677908116758,0
27182,1.615677908116758,0
27183,1.615677908116758,0
27184,1.615677908116758,0
27185,1.615677908116758,0
27186,1.615677908116758,0
27187,1.615677908116758,0
27188,1.615677908116758,0
27189,1.615677908116758,0
27190,1.615677908116758,0
27191,1.615677908116758,1
27192,1.615677908116758,0
27193,1.615677908116758,0
27194,1.615677908116758,0
27195,1.615677908116758,0
27196,1.615677908116758,0
27197,1.615677908116758,0
27198,1.615677908116758,0
27199,1.615677908116758,0
27200,1.615677908116758,0
27201,1.615677908116758,0
27202,1.615677908116758,0
27203,1.615677908116758,0
27204,1.615677908116758,0
27205,1.615677908116758,0
27206,1.615677908116758,0
27207,1.615677908116758,0
27208,1.615677908116758,1
27209,1.615677908116758,0
27210,1.615677908116758,0
27211,1.615677908116758,0
27212,1.615677908116758,0
27213,1.615677908116758,0
27214,1.615677908116758,0
27215,19.676945148435816,1
27216,19.676945148435816,0
27217,19.676945148435816,0
27218,19.676945148435816,0
27219,19.676945148435816,0
27220,19.676945148435816,0
27221,19.676945148435816,0
27222,19.676945148435816,0
27223,19.676945148435816,0
27224,19.676945148435816,0
27225,19.676945148435816,0
27226,19.676945148435816,0
27227,19.676945148435816,0
27228,19.676945148435816,0
27229,19.676945148435816,0
27230,19.676945148435816,0
27231,19.676945148435816,0
27232,19.676945148435816,0
27233,19.676945148435816,0
27234,19.676945148435816,0
27235,19.676945148435816,0
27236,19.676945148435816,0
27237,19.676945148435816,0
27238,19.676945148435816,0
27239,19.676945148435816,0
27240,19.676945148435816,0
27241,19.676945148435816,0
27242,19.676945148435816,0
27243,19.676945148435816,0
27244,19.676945148435816,0
27245,19.676945148435816,0
27246,19.676945148435816,0
27247,19.676945148435816,0
27248,19.676945148435816,0
27249,19.676945148435816,0
27250,19.676945148435816,0
27251,19.676945148435816,0
27252,19.676945148435816,0
27253,19.676945148435816,0
27254,19.676945148435816,0
27255,19.676945148435816,0
27256,19.676945148435816,0
27257,19.676945148435816,0
27258,19.676945148435816,0
27259,19.676945148435816,0
27260,1.432328919467641,0
27261,1.432328919467641,0
27262,1.432328919467641,0
27263,1.432328919467641,0
27264,1.432328919467641,0
27265,1.432328919467641,0
27266,1.432328919467641,0
27267,1.432328919467641,0
27268,1.432328919467641,0
27269,1.432328919467641,0
27270,1.432328919467641,0
27271,1.432328919467641,0
27272,1.432328919467641,0
27273,1.432328919467641,0
27274,1.432328919467641,0
27275,1.432328919467641,0
27276,1.432328919467641,0
27277,1.432328919467641,0
27278,1.432328919467641,0
27279,1.432328919467641,0
27280,1.432328919467641,0
27281,1.432328919467641,0
27282,1.432328919467641,0
27283,1.432328919467641,0
27284,1.432328919467641,0
27285,1.432328919467641,0
27286,1.432328919467641,0
27287,1.432328919467641,0
27288,1.432328919467641,0
27289,1.432328919467641,0
27290,1.432328919467641,0
27291,1.432328919467641,0
27292,1.432328919467641,0
27293,8.252727553671772,0
27294,8.252727553671772,0
27295,8.252727553671772,0
27296,8.252727553671772,0
27297,8.252727553671772,0
27298,8.252727553671772,0
27299,8.252727553671772,0
27300,8.252727553671772,0
27301,8.252727553671772,0
27302,8.252727553671772,0
27303,8.252727553671772,0
27304,8.252727553671772,0
27305,8.252727553671772,0
27306,8.252727553671772,0
27307,8.252727553671772,0
27308,8.252727553671772,0
27309,8.252727553671772,0
27310,8.252727553671772,0
27311,8.252727553671772,0
27312,8.252727553671772,0
27313,8.252727553671772,0
27314,8.252727553671772,0
27315,8.252727553671772,0
27316,8.252727553671772,0
27317,8.252727553671772,0
27318,8.252727553671772,0
27319,8.252727553671772,0
27320,8.252727553671772,0
27321,8.252727553671772,0
27322,8.252727553671772,0
27323,8.252727553671772,0
27324,8.252727553671772,0
27325,8.252727553671772,0
27326,8.252727553671772,0
27327,8.252727553671772,0
27328,8.252727553671772,0
27329,8.252727553671772,0
27330,8.252727553671772,0
27331,8.252727553671772,0
27332,8.252727553671772,0
27333,8.252727553671772,0
27334,8.252727553671772,0
27335,59.330496858769614,0
27336,59.330496858769614,0
27337,59.330496858769614,1
27338,59.330496858769614,0
27339,59.330496858769614,1
27340,59.330496858769614,0
27341,59.330496858769614,0
27342,59.330496858769614,0
27343,59.330496858769614,0
27344,59.330496858769614,0
27345,59.330496858769614,0
27346,59.330496858769614,0
27347,59.330496858769614,0
27348,59.330496858769614,0
27349,59.330496858769614,0
27350,59.330496858769614,0
27351,59.330496858769614,0
27352,59.330496858769614,0
27353,59.330496858769614,0
27354,59.330496858769614,0
27355,59.330496858769614,0
27356,59.330496858769614,0
27357,59.330496858769614,0
27358,59.330496858769614,0
27359,59.330496858769614,0
27360,59.330496858769614,0
27361,59.330496858769614,0
27362,59.330496858769614,0
27363,59.330496858769614,0
27364,59.330496858769614,0
27365,59.330496858769614,0
27366,59.330496858769614,0
27367,59.330496858769614,0
27368,59.330496858769614,0
27369,59.330496858769614,0
27370,59.330496858769614,0
27371,59.330496858769614,0
27372,59.330496858769614,0
27373,59.330496858769614,0
27374,59.330496858769614,0
27375,59.330496858769614,0
27376,59.330496858769614,1
27377,59.330496858769614,0
27378,59.330496858769614,0
27379,59.330496858769614,0
27380,59.330496858769614,0
27381,59.330496858769614,0
27382,0.9642188602328708,0
27383,0.9642188602328708,0
27384,0.9642188602328708,0
27385,0.9642188602328708,0
27386,0.9642188602328708,1
27387,0.9642188602328708,0
27388,0.9642188602328708,0
27389,0.9642188602328708,0
27390,0.9642188602328708,1
27391,0.9642188602328708,0
27392,0.9642188602328708,1
27393,0.9642188602328708,1
27394,0.9642188602328708,0
27395,0.9642188602328708,0
27396,0.9642188602328708,0
27397,0.9642188602328708,0
27398,0.9642188602328708,1
27399,0.9642188602328708,0
27400,0.9642188602328708,0
27401,0.9642188602328708,0
27402,0.9642188602328708,0
27403,0.9642188602328708,0
27404,0.9642188602328708,1
27405,0.9642188602328708,0
27406,0.9642188602328708,0
27407,0.9642188602328708,0
27408,0.9642188602328708,0
27409,0.9642188602328708,0
27410,0.9642188602328708,0
27411,0.9642188602328708,0
27412,0.9642188602328708,0
27413,0.9642188602328708,0
27414,0.9642188602328708,0
27415,0.9642188602328708,0
27416,0.9642188602328708,0
27417,0.9642188602328708,0
27418,0.9642188602328708,0
27419,0.9642188602328708,0
27420,0.9642188602328708,0
27421,0.9642188602328708,1
27422,0.9642188602328708,0
27423,0.9642188602328708,0
27424,0.9642188602328708,0
27425,0.9642188602328708,1
27426,0.9642188602328708,0
27427,0.9642188602328708,0
27428,0.9642188602328708,0
27429,0.9642188602328708,0
27430,1.3735351026061788,0
27431,1.3735351026061788,0
27432,1.3735351026061788,0
27433,1.3735351026061788,0
27434,1.3735351026061788,0
27435,1.3735351026061788,0
27436,1.3735351026061788,0
27437,1.3735351026061788,0
27438,1.3735351026061788,0
27439,1.3735351026061788,0
27440,1.3735351026061788,0
27441,1.3735351026061788,0
27442,1.3735351026061788,0
27443,1.3735351026061788,1
27444,1.3735351026061788,0
27445,1.3735351026061788,0
27446,1.3735351026061788,0
27447,1.3735351026061788,0
27448,1.3735351026061788,0
27449,1.3735351026061788,0
27450,1.3735351026061788,0
27451,1.3735351026061788,0
27452,1.3735351026061788,0
27453,1.3735351026061788,0
27454,1.3735351026061788,0
27455,1.3735351026061788,0
27456,1.3735351026061788,0
27457,1.3735351026061788,0
27458,1.3735351026061788,0
27459,1.3735351026061788,0
27460,1.3735351026061788,0
27461,1.3735351026061788,0
27462,1.3735351026061788,0
27463,1.3735351026061788,0
27464,1.3735351026061788,0
27465,1.3735351026061788,0
27466,1.3735351026061788,0
27467,1.3735351026061788,0
27468,1.3735351026061788,0
27469,1.3735351026061788,0
27470,1.3735351026061788,0
27471,1.3735351026061788,0
27472,1.3735351026061788,0
27473,1.3735351026061788,0
27474,5.887264612380456,0
27475,5.887264612380456,0
27476,5.887264612380456,0
27477,5.887264612380456,0
27478,5.887264612380456,0
27479,5.887264612380456,0
27480,5.887264612380456,0
27481,5.887264612380456,0
27482,5.887264612380456,0
27483,5.887264612380456,0
27484,5.887264612380456,0
27485,5.887264612380456,0
27486,5.887264612380456,1
27487,5.887264612380456,0
27488,5.887264612380456,0
27489,5.887264612380456,0
27490,5.887264612380456,0
27491,5.887264612380456,0
27492,5.887264612380456,0
27493,5.887264612380456,0
27494,5.887264612380456,0
27495,5.887264612380456,0
27496,5.887264612380456,1
27497,5.887264612380456,0
27498,5.887264612380456,0
27499,5.887264612380456,0
27500,5.887264612380456,0
27501,5.887264612380456,0
27502,5.887264612380456,0
27503,5.887264612380456,0
27504,5.887264612380456,0
27505,5.887264612380456,0
27506,5.887264612380456,0
27507,5.887264612380456,0
27508,5.887264612380456,0
27509,5.887264612380456,0
27510,5.887264612380456,0
27511,5.887264612380456,0
27512,5.887264612380456,0
27513,5.887264612380456,0
27514,5.887264612380456,0
27515,5.887264612380456,0
27516,5.887264612380456,0
27517,4.0819642888718555,0
27518,4.0819642888718555,0
27519,4.0819642888718555,0
27520,4.0819642888718555,0
27521,4.0819642888718555,1
27522,4.0819642888718555,0
27523,4.0819642888718555,0
27524,4.0819642888718555,0
27525,4.0819642888718555,0
27526,4.0819642888718555,0
27527,4.0819642888718555,0
27528,4.0819642888718555,0
27529,4.0819642888718555,0
27530,4.0819642888718555,0
27531,4.0819642888718555,0
27532,4.0819642888718555,0
27533,4.0819642888718555,0
27534,4.0819642888718555,0
27535,4.0819642888718555,0
27536,4.0819642888718555,0
27537,4.0819642888718555,0
27538,4.0819642888718555,0
27539,4.0819642888718555,0
27540,4.0819642888718555,0
27541,4.0819642888718555,0
27542,4.0819642888718555,0
27543,4.0819642888718555,0
27544,4.0819642888718555,0
27545,4.0819642888718555,0
27546,4.0819642888718555,0
27547,4.0819642888718555,0
27548,4.0819642888718555,0
27549,4.0819642888718555,0
